school_id,name,careers_link,platform,verdict,n_links,note
1,Alaska Pacific University,https://www.alaskapacific.edu/about/employment/#openings,own website,ok,3,
2,University of Alaska Anchorage,https://careers.alaska.edu/jobs/search/faculty-jobs?page=1&cities%5B%5D=Anchorage&query=,own website,ok,26,rendered
3,University of Alaska Fairbanks,https://careers.alaska.edu/jobs/search/faculty-jobs?page=1&cities%5B%5D=Fairbanks&query=,own website,ok,23,rendered
4,Athens State University,https://www.athens.edu/about/offices/human-resources/employment-opportunities/,own website,ok,23,
5,Auburn University,https://jobs.auburn.edu/auburn-careers-home/jobs?tags2=Faculty&page=1,own website,ok,8,
7,Samford University,https://www.samford.edu/employee/faculty-employment-opportunities/default,own website,ok,7,
11,University of North Alabama,https://www.schooljobs.com/careers/una?jobType[0]=Faculty&sort=PositionTitle%7CAscending,own website,ok,14,
13,University of Alabama in Huntsville,https://www.uah.edu/hr/careers/faculty-careers,own website,ok,4,
14,Jacksonville State University,https://careers.jsu.edu/jobs/search?page=1&category_uids%5B%5D=6221c7f16b88a1e8462b2d492ce7977f&query=,own website,ok,27,rendered
15,University of West Alabama,https://www.uwa.edu/employment/,own website,review,2,rendered few job-shaped links
18,University of South Alabama,https://www.southalabama.edu/departments/academicaffairs/facultyposition.html,own website,ok,23,
19,University of Montevallo,https://jobs.montevallo.edu/postings/search?utf8=%E2%9C%93&query=&query_v0_posted_at_date=&query_organizational_tier_3_id%5B%5D=any&440=&query_position_type_id%5B%5D=2&commit=Search,own website,ok,16,
21,Amridge University,http://www.amridgeuniversity.edu/about/employment/,own website,review,2,rendered few job-shaped links
22,Auburn University at Montgomery,https://jobs.aum.edu/aum-careers-home/jobs?tags2=Faculty,own website,ok,11,
28,Troy University,https://www.troyuniversityjobs.com/postings/search?utf8=%E2%9C%93&query=&query_v0_posted_at_date=&3481%5B%5D=3&225=&435=&commit=Search,own website,ok,66,
30,The University of Alabama,https://careers.ua.edu/faculty,own website,ok,8,rendered
32,Henderson State University,https://phe.tbe.taleo.net/phe02/ats/careers/v2/jobSearch?act=redirectCwsV2&cws=48&org=ARKASTAT2,taleo,ok,5,taleo
34,Lyon College,http://www.lyon.edu/employment,own website,ok,8,
35,University of the Ozarks,https://ozarks.edu/about/employment/,own website,ok,3,
37,Hendrix College,https://www.hendrix.edu/humanresources/jobs.aspx,own website,review,0,rendered no job-shaped links found
38,University of Central Arkansas,https://jobs.uca.edu/postings/search?utf8=%E2%9C%93&query=&query_v0_posted_at_date=&435=&225=&query_position_type_id%5B%5D=1&commit=Search,own website,ok,21,
39,University of Arkansas,https://uasys.wd5.myworkdayjobs.com/UAF_External_Career_Site?jobFamilyGroup=eaddfab9343f0113688d32d525e70000,workday,ok,29,workday
40,University of Arkansas-Fort Smith,https://uasys.wd5.myworkdayjobs.com/UASYS?locations=764b2d014314010f624ed3006e08cec1,workday,ok,20,workday
41,Arkansas State University,https://phe.tbe.taleo.net/phe02/ats/careers/v2/searchResults?org=ARKASTAT2&cws=56&act=sort&sortColumn=1&sortOrder=A,taleo,ok,26,taleo
42,University of Arkansas Grantham,https://uasys.wd5.myworkdayjobs.com/UASYS?q=grantham,workday,ok,758,workday
46,University of Arkansas at Little Rock,https://uasys.wd5.myworkdayjobs.com/UASYS?hiringCompany=720b21cbdf2401e26b5b1759c4019006&locations=17a66cdad982014d322b8c49ca003c4a&timeType=8676082fcc89011e20fa6c2e71495700,workday,ok,43,workday
47,Southern Arkansas University Main Campus,https://www.saumag.edu/human-resources/category/employment-opportunities/faculty-positions/,own website,ok,5,
54,Northern Arizona University,https://careers.nau.edu/jobs/search?page=1&category_uids%5B%5D=16877518cdbd46262a1b4a995c2a65c2&query=,own website,ok,3,rendered
61,Embry-Riddle Aeronautical University-Prescott,https://embryriddle.wd1.myworkdayjobs.com/External?workerSubType=ac0092a9a0de01b90ceaa516fb097e1d,workday,ok,25,workday
62,Arizona State University Digital Immersion,https://facultypositions.asu.edu/#/api/Home/_InterfolioPostings,own website,review,2,rendered few job-shaped links [shared URL]
63,Arizona State University Campus Immersion,https://facultypositions.asu.edu/#/api/Home/_InterfolioPostings,own website,review,2,rendered few job-shaped links
65,University of Arizona,https://arizona.csod.com/ux/ats/careersite/4/home?c=arizona&cfdd[0][id]=227&cfdd[0][options][0]=306,cornerstone,ok,318,cornerstone
67,Pacific Union College,https://www.puc.edu/campus-services/human-resources/faculty-job-postings,own website,broken,0,HTTP 403
68,California State Polytechnic University-Humboldt,https://careers.humboldt.edu/hm/en-us/filter/?work-type=faculty,own website,ok,3,rendered
69,Menlo College,https://www.menlo.edu/employment-opportunities/,own website,ok,3,
72,California State University-Bakersfield,https://careers.csub.edu/en-us/filter/?search-keyword=&work-type=instructional%20faculty%20-%20temporary%2flecturer&work-type=instructional%20faculty%20%e2%80%93%20tenured%2ftenure-track&work-type=instructional%20student%20assistant&work-type=non-instructional%20faculty%20(coach%2fcounselor%2flibrarian)&work-type=teaching%20associate&job-mail-subscribe-privacy=agree,own website,ok,23,rendered
73,Notre Dame de Namur University,https://workforcenow.adp.com/mascsr/default/mdf/recruitment/recruitment.html?cid=fde135bd-bf6a-4ebd-965f-43a1d08a2241&ccId=19000101_000001&source=CC2&lang=en_US&selectedMenuKey=CurrentOpenings,adp,ok,1,adp
74,University of California-Berkeley,https://aprecruit.berkeley.edu/apply,own website,review,0,rendered no job-shaped links found
75,Woodbury University,https://woodbury.edu/about/people/employment-opportunities/,own website,ok,3,
76,California State University-Channel Islands,https://jobs.csuci.edu/en-us/listing/,own website,ok,24,rendered
77,California State University-Dominguez Hills,https://careers.csudh.edu/en-us/filter/?ie=utf-8&q=&search-keyword=&work-type=instructional%20faculty%20-%20temporary%2flecturer&work-type=instructional%20faculty%20%e2%80%93%20tenured%2ftenure-track&work-type=non-instructional%20faculty%20(coach%2fcounselor%2flibrarian)&category=unit%203%20-%20cfa%20-%20california%20faculty%20association&category=faculty&job-mail-subscribe-privacy=agree,own website,ok,26,rendered
78,California State University-Chico,https://jobs.csuchico.edu/en-us/filter/?search-keyword=&work-type=instructional%20faculty%20-%20temporary%2flecturer&work-type=instructional%20faculty%20%E2%80%93%20tenured%2ftenure-track&work-type=visiting%20faculty&work-type=non-instructional%20faculty%20(coach/Counselor/librarian)&job-mail-subscribe-privacy=agree&_gl=1*nuuf33*global_ga*Nzc4ODA3ODIwLjE3ODc4NzUwODE.*global_ga_VM2YX7L78G*czE3ODc4NzUwODAkbzEkZzEkdDE3ODc4NzUwOTAkajUwJGwwJGgw,own website,ok,24,rendered
79,Claremont McKenna College,https://webapps.cmc.edu/jobs/faculty/faculty_opening.php,own website,ok,8,
80,Harvey Mudd College,https://www.hmc.edu/dean-of-faculty/available-faculty-positions/,own website,ok,3,rendered
81,Pitzer College,https://academicjobsonline.org/ajo/Pitzer%20College/Office%20of%20the%20Dean%20of%20Faculty,academicjobsonline,ok,8,academicjobsonline
82,Pomona College,https://www.pomona.edu/administration/academic-dean/faculty-jobs,own website,ok,8,
83,Scripps College,http://www.scrippscollege.edu/hr/faculty,own website,ok,4,
84,Vanguard University of Southern California,https://www.vanguard.edu/resources/human-resources/vu-careers?post_category_id=165,own website,ok,14,
85,University of California-Davis,https://recruit.ucdavis.edu/apply?_gl=1*1802h74*_gcl_au*MTUyNDgyMzMzMy4xNzg3ODc1NDE4*_ga*MTE2MzE3NjkzLjE3ODc4NzU0MTg.*_ga_2N9JP0W2PC*czE3ODc4NzU0MTgkbzEkZzAkdDE3ODc4NzU0MjAkajU4JGwwJGgw,own website,review,0,rendered no job-shaped links found
87,California State University-Fresno,https://careers.fresnostate.edu/en-us/filter/?search-keyword=&job-mail-subscribe-privacy=agree&work-type=instructional%20faculty%20-%20temporary%2flecturer&work-type=instructional%20faculty%20%e2%80%93%20tenured%2ftenure-track&work-type=non-instructional%20faculty%20(coach%2fcounselor%2flibrarian)&work-type=teaching%20associate&location=&category=,own website,ok,23,rendered
88,Fresno Pacific University,https://www.schooljobs.com/careers/fresnoedu,own website,ok,16,
89,California State University-Fullerton,https://careers.pageuppeople.com/873/fl/en-us/filter/?search-keyword=&work-type=instructional%20faculty%20%e2%80%93%20tenured%2ftenure-track&job-mail-subscribe-privacy=agree,own website,ok,26,
91,California State University-East Bay,https://careers.pageuppeople.com/873/eb/en-us/filter/?job-mail-subscribe-privacy=agree&search-keyword=&work-type=instructional%20faculty%20-%20temporary%2flecturer&work-type=instructional%20faculty%20%e2%80%93%20tenured%2ftenure-track,own website,ok,24,
93,University of California-Irvine,https://recruit.ap.uci.edu/apply,own website,review,0,rendered no job-shaped links found
94,University of Massachusetts Global,https://umassglobal.wd5.myworkdayjobs.com/UMassGlobalCareers,workday,ok,5,workday
95,University of California-San Diego,https://apol-recruit.ucsd.edu/apply,own website,review,0,rendered no job-shaped links found
97,University of La Verne,https://laverne.peopleadmin.com/postings/search?utf8=%E2%9C%93&query=&query_v0_posted_at_date=&341=&query_position_type_id%5B%5D=2&343=&commit=Search,peopleadmin,ok,68,peopleadmin
98,California State University-Long Beach,https://csucareers.calstate.edu/en-us/filter/?=&leftNavSearchFormQuery=&=&search=&search-keyword=&job-mail-subscribe-privacy=agree&work-type=instructional%20faculty%20-%20temporary%2flecturer&work-type=instructional%20faculty%20%e2%80%93%20tenured%2ftenure-track&location=long%20beach&job-mail-subscribe-privacy=agree,own website,broken,0,fetch failed
100,California State University-Los Angeles,https://csucareers.calstate.edu/en-us/filter/?=&leftNavSearchFormQuery=&=&search=&search-keyword=&job-mail-subscribe-privacy=agree&work-type=instructional%20faculty%20-%20temporary%2flecturer&work-type=instructional%20faculty%20%e2%80%93%20tenured%2ftenure-track&location=los%20angeles&job-mail-subscribe-privacy=agree,own website,broken,0,fetch failed
102,Mount Saint Mary's University,https://www.msmu.edu/about-the-mount/university-offices/administration--finance/human-resources/employment-opportunities/,own website,ok,5,
103,Occidental College,https://www.oxy.edu/working-oxy/faculty-positions,own website,review,2,rendered few job-shaped links
104,Pacific States University,https://psuca.edu/jobs-opportunities/,own website,broken,0,HTTP 403
105,University of California-Los Angeles,https://recruit.apo.ucla.edu/apply,own website,review,0,rendered no job-shaped links found
106,University of Southern California,https://usccareers.usc.edu/search-jobs,own website,ok,30,
107,Pepperdine University,https://jobs.pepperdine.edu/jobs/search/temporary-opportunities?page=1&dropdown_field_3_uids%5B%5D=dcaa7a03ab89b8b42952f428d59046b3&query=,own website,ok,34,
108,University of California-Merced,https://aprecruit.ucmerced.edu/apply,own website,review,0,rendered no job-shaped links found
109,Saint Mary's College of California,https://www.stmarys-ca.edu/offices-services/academic-affairs/faculty-openings,own website,ok,4,
110,California State University-Northridge,https://careers.pageuppeople.com/873/nr/en-us/filter/?search-keyword=&work-type=instructional%20faculty%20%e2%80%93%20tenured%2ftenure-track&job-mail-subscribe-privacy=agree,own website,ok,12,
114,Chapman University,https://apply.interfolio.com/44328/positions,own website,review,1,rendered few job-shaped links
115,California Institute of Technology,https://phf.tbe.taleo.net/phf03/ats/careers/v2/jobSearch?act=redirectCwsV2&cws=37&org=CALTECH,taleo,ok,89,taleo
116,California State Polytechnic University-Pomona,https://careers.cpp.edu/po/en-us/filter/?search-keyword=&work-type=instructional%20faculty%20-%20temporary%2flecturer&work-type=instructional%20faculty%20%e2%80%93%20tenured%2ftenure-track&job-mail-subscribe-privacy=agree,own website,ok,23,rendered
117,Simpson University,https://secure.onehcm.com/ta/Simpson.careers?CareersSearch&InFrameset=1&HostedBy=simpsonu.edu,own website,review,1,rendered few job-shaped links
118,University of Redlands,https://recruiting2.ultipro.com/UNI1089UOR/JobBoard/6af23b67-9dd3-4a6a-bda1-676b92a4fcb4/?q=&o=postedDateDesc&w=&wc=&we=&wpst=&f5=2751WKaSbU2nBtQmI-bCAA,ultipro,ok,32,ultipro
121,University of California-Riverside,https://aprecruit.ucr.edu/apply,own website,review,0,rendered no job-shaped links found
123,Sonoma State University,https://employment.sonoma.edu/en-us/filter/?search-keyword=&work-type=instructional%20faculty%20-%20temporary%2flecturer&job-mail-subscribe-privacy=agree,own website,ok,9,rendered
124,University of the West,https://workforcenow.adp.com/mascsr/default/mdf/recruitment/recruitment.html?cid=31cd0b73-92c3-4ed2-84f8-5a6de61f8f2c&ccId=19000101_000001&lang=en_US&source=CC2&selectedMenuKey=CurrentOpenings,adp,ok,1,adp
125,California State University-Sacramento,https://careers.csus.edu/en-us/filter/?job-mail-subscribe-privacy=agree&search-keyword=&work-type=instructional%20faculty%20-%20temporary%2flecturer&work-type=instructional%20faculty%20%e2%80%93%20tenured%2ftenure-track,own website,ok,22,rendered
126,California State University-San Bernardino,https://careers.csusb.edu/sb/en-us/filter/?job-mail-subscribe-privacy=agree&search-keyword=&work-type=instructional%20faculty%20-%20temporary%2flecturer&work-type=instructional%20faculty%20%e2%80%93%20tenured%2ftenure-track,own website,ok,27,rendered
129,National University,https://nus.wd1.myworkdayjobs.com/en-US/Careers,workday,ok,48,workday
131,Northcentral University,https://www.northcentral.edu/about/employment/current-job-openings/,own website,ok,11,rendered
133,San Diego State University,https://careers.sdsu.edu/en-us/filter/?search-keyword=&work-type=instructional%20faculty%20-%20temporary%2flecturer&work-type=instructional%20faculty%20%e2%80%93%20tenured%2ftenure-track&job-mail-subscribe-privacy=agree,own website,ok,25,rendered
135,University of San Diego,https://www.sandiego.edu/outcomes/careers/,own website,ok,9,rendered
138,Golden Gate University,https://www.paycomonline.net/v4/ats/web.php/jobs?clientkey=1A449B35167BB40706C055A54E4FB0DA,own website,ok,10,rendered
139,San Francisco State University,https://careers.pageuppeople.com/873/sf/en-us/filter/?search-keyword=&job-mail-subscribe-privacy=agree,own website,ok,23,
140,University of San Francisco,https://usfca.wd5.myworkdayjobs.com/USF_Full-Time_Faculty,workday,ok,6,workday
141,San Jose State University,https://jobs.sjsu.edu/en-us/filter/?search-keyword=&work-type=instructional%20faculty%20-%20temporary%2flecturer&work-type=instructional%20faculty%20%e2%80%93%20tenured%2ftenure-track&job-mail-subscribe-privacy=agree,own website,ok,24,rendered
143,California Polytechnic State University-San Luis Obispo,https://jobs.calpoly.edu/sl/en-us/filter/?search-keyword=&work-type=instructional%20faculty%20-%20temporary%2flecturer&work-type=instructional%20faculty%20%e2%80%93%20tenured%2ftenure-track&job-mail-subscribe-privacy=agree,own website,ok,28,rendered
144,California State University-San Marcos,https://careersmanager.pageuppeople.com/873/sm/en-us/filter/?job-mail-subscribe-privacy=agree&search-keyword=&work-type=instructional%20faculty%20-%20temporary%2flecturer&work-type=instructional%20faculty%20%e2%80%93%20tenured%2ftenure-track,own website,ok,26,
145,Dominican University of California,https://www.paycomonline.net/v4/ats/web.php/portal/379D25BEB04D4E67539308A7BD902D82/career-page,own website,ok,7,rendered
146,University of California-Santa Barbara,http://recruit.ap.ucsb.edu/apply,own website,review,0,rendered no job-shaped links found
147,Westmont College,https://www.westmont.edu/office-provost/open-positions,own website,review,1,rendered few job-shaped links
148,Santa Clara University,https://wd1.myworkdaysite.com/recruiting/scu/scu?jobFamilyGroup=e834aa15daf9010b7a0b3994871b132d,workday,ok,50,workday
150,University of California-Santa Cruz,https://recruit.ucsc.edu/apply,own website,review,0,rendered no job-shaped links found
152,California State University-Monterey Bay,https://careers.csumb.edu/en-us/filter/?search-keyword=&job-mail-subscribe-privacy=agree,own website,ok,24,rendered
153,Stanford University,https://facultypositions.stanford.edu/jobs/search?page=1&query=,own website,ok,36,rendered
154,Humphreys University-Stockton and Modesto Campuses,https://www.humphreys.edu/career-opportunities/,own website,review,2,rendered few job-shaped links
155,University of the Pacific,https://pacific.peopleadmin.com/postings/search?utf8=‚úì&query=&query_v0_posted_at_date=&1195%5B%5D=any&query_position_type_id%5B%5D=6&commit=Search,peopleadmin,ok,117,peopleadmin
156,California Lutheran University,https://careers.callutheran.edu/postings/search?utf8=%E2%9C%93&query=&query_v0_posted_at_date=&435=&517=3&query_organizational_tier_3_id=any&225=&commit=Search,own website,ok,27,
157,California State University-Stanislaus,https://careers.csustan.edu/st/en-us/filter/?job-mail-subscribe-privacy=agree&search-keyword=&work-type=instructional%20faculty%20-%20temporary%2flecturer&work-type=instructional%20faculty%20%E2%80%93%20tenured%2ftenure-track&work-type=non-instructional%20faculty%20(coach%2fcounselor%2flibrarian)&category=unit%203%20-%20cfa%20-%20california%20faculty%20association,own website,ok,25,rendered
158,California State University Maritime Academy,https://jobs.csum.edu/en-us/filter/?job-mail-subscribe-privacy=agree&search-keyword=&location=maritime%20academy,own website,ok,12,rendered
159,Whittier College,https://www.whittier.edu/humanresources/faculty,own website,review,2,rendered few job-shaped links
160,Adams State University,https://adams.wd1.myworkdayjobs.com/ASU?jobFamilyGroup=17a14ea6887710013425d08f0be90001,workday,ok,3,workday
161,Colorado State University Global,https://faculty-csuglobal.icims.com/,icims,ok,1,icims
162,University of Colorado Boulder,https://jobs.colorado.edu/jobs/SearchJobs/?6110=13216702&6110_format=2267&listFilterMode=1,own website,ok,48,
163,Colorado College,https://jobs.coloradocollege.edu/jobs/search?page=1&employment_type_uids%5B%5D=af4b3dfad1990996aeb4c3915f93088f&query=,own website,ok,8,rendered
165,University of Colorado Colorado Springs,https://cu.taleo.net/careersection/2/moresearch.ftl?lang=en&location=6300103016&portal=101430233&radius=1&radiusType=K&searchExpanded=true,taleo,empty,0,taleo returned 0
166,Metropolitan State University of Denver,https://msudenver.wd1.myworkdayjobs.com/MSUDenver?jobFamilyGroup=8d65815eea0f1001bc3bbe0cff1b0000,workday,ok,88,workday
167,Regis University,https://regis.wd501.myworkdayjobs.com/en-US/RegisUniversity?workerSubType=fc38a5df8390014dab5ec5517918b909,workday,ok,5,workday
168,University of Colorado Denver/Anschutz Medical Campus,https://cu.taleo.net/careersection/2/moresearch.ftl?lang=en,taleo,empty,0,taleo returned 0
169,University of Denver,https://jobs.du.edu/en-us/filter/?search=&search-keyword=&work-type=adjunct%20faculty&work-type=faculty%20full-time&job-mail-subscribe-privacy=agree,own website,ok,25,rendered
170,Fort Lewis College,https://fortlewiscollege.wd1.myworkdayjobs.com/FLC,workday,ok,6,workday
171,Colorado State University-Fort Collins,https://csusystem.wd12.myworkdayjobs.com/fortcollins_careers?jobFamilyGroup=c42207b011c11000d2dd549d70320000&locations=c42207b011c11000e4a225433e0b0000,workday,ok,42,workday
172,Colorado School of Mines,https://mines.wd1.myworkdayjobs.com/Mines_Careers?jobFamilyGroup=85a299df18611045ecca88cb10a70000,workday,ok,8,workday
173,Colorado Mesa University,https://coloradomesa.wd501.myworkdayjobs.com/CMUCareers?jobFamilyGroup=b27d1ee81d9410015e55e09cd01e0000,workday,ok,10,workday
174,University of Northern Colorado,https://unco.csod.com/ux/ats/careersite/1/home?c=unco,cornerstone,ok,92,cornerstone
175,Western Colorado University,https://western.wd1.myworkdayjobs.com/WESTERN?locations=f0acdfc60ce81008f9018ce54da70000&jobFamilyGroup=f0acdfc60ce81008d439787fbb740000,workday,empty,0,workday returned 0
178,Colorado State University Pueblo,https://csusystem.wd12.myworkdayjobs.com/en-US/pueblo_careers?locations=c42207b011c11000e4a22ee1cf1e0000&jobFamilyGroup=c42207b011c11000d2dd549d70320000,workday,ok,1,workday
179,University of Bridgeport,https://www.paycomonline.net/v4/ats/web.php/portal/A1640D81A59AFDAFC5501F5B06EF1B08/career-page,own website,ok,10,rendered
180,Western Connecticut State University,http://wcsu.edu/hr/employment/current-opportunities/,own website,ok,7,
181,Fairfield University,https://ffd.wd1.myworkdayjobs.com/EmploymentOpportunities?jobFamilyGroup=744fdc6270fe01eb4c7fbb71b6825329,workday,ok,19,workday
182,Sacred Heart University,https://jobs.dayforcehcm.com/shu/CANDIDATEPORTAL,own website,ok,27,rendered
183,University of Connecticut-Avery Point,https://jobs.hr.uconn.edu/cw/en-us/filter/?search-keyword=&job-mail-subscribe-privacy=agree,own website,ok,55,rendered
184,Quinnipiac University,https://career.qu.edu/en-us/filter/?job-mail-subscribe-privacy=agree&search-keyword=&category=faculty,own website,ok,26,rendered
185,Trinity College,https://trincore-ibvxjb.fa.ocs.oraclecloud.com/hcmUI/CandidateExperience/en/sites/CX_1/jobs,oracle,ok,23,oracle
186,Wesleyan University,https://wesleyan.wd5.myworkdayjobs.com/careers?jobFamilyGroup=2f94686d89e0100a36c029ae4aa50000,workday,ok,6,workday
187,Central Connecticut State University,https://www.ccsu.edu/hr/administrative/faculty/management,own website,ok,5,
188,Charter Oak State College,https://www.charteroak.edu/aboutus/employment.php,own website,review,2,rendered few job-shaped links
189,Albertus Magnus College,https://www.albertus.edu/employment/,own website,ok,10,
190,Southern Connecticut State University,https://inside.southernct.edu/human-resources/jobs,own website,ok,26,
191,Yale University,https://academicpositions.yale.edu/,own website,ok,16,
192,Connecticut College,https://conncoll.peopleadmin.com/postings/search?utf8=%E2%9C%93&query=&query_v0_posted_at_date=&query_position_type_id%5B%5D=2&435=&query_organizational_tier_3_id%5B%5D=any&commit=Search,peopleadmin,ok,30,peopleadmin
193,Mitchell College,https://mitchell.edu/careers/,own website,ok,4,
194,University of Connecticut-Stamford,https://jobs.hr.uconn.edu/mob/en-us/listing/,own website,ok,7,rendered
195,University of Connecticut,https://jobs.uconn.edu/,own website,ok,9,
197,University of Connecticut-Waterbury Campus,https://jobs.hr.uconn.edu/mob/en-us/listing/,own website,ok,7,rendered [shared URL]
198,University of Hartford,https://hartford.peopleadmin.com/,peopleadmin,ok,14,peopleadmin
199,University of Saint Joseph,https://www.usj.edu/academics/health-care-careers/,own website,broken,0,HTTP 403
200,University of New Haven,https://www.newhaven.edu:443/about/employment/job-opportunities/index.php,own website,ok,3,
201,Eastern Connecticut State University,https://easternctstateuniversity.applytojob.com/apply/Zz4qJq9Kac/Assistant-Professor-Of-Nursing-Tenure-Track,own website,ok,6,
202,American University,https://www.american.edu/hr/,own website,broken,0,HTTP 403
203,Gallaudet University,https://gallaudet.edu/academic-career-success/,own website,broken,0,HTTP 403
204,George Washington University,https://careers.gwu.edu/,own website,ok,5,
205,Georgetown University,https://georgetown.wd1.myworkdayjobs.com/Georgetown_Admin_Careers,workday,ok,133,workday
209,Trinity Washington University,https://www2.trinitydc.edu/hr/employment-openings/,own website,ok,6,
213,Wilmington University,https://phh.tbe.taleo.net/phh02/ats/careers/v2/searchResults?org=WILMU&cws=60,taleo,ok,14,taleo
214,University of Delaware,https://www.udel.edu/apply/career-outcomes/,own website,ok,3,
215,Goldey-Beacom College,https://www.paycomonline.net/v4/ats/web.php/portal/019DF7F6E271614BAB2785B88C6A379F/career-page,own website,review,2,rendered few job-shaped links
217,Ave Maria University,https://workforcenow.adp.com/mascsr/default/mdf/recruitment/recruitment.html?cid=70cb71c1-96f8-4956-8cce-ce625b0b2943&ccId=19000101_000001&type=JS&lang=en_US,adp,ok,1,adp
218,Webber International University,https://www.webber.edu/jobs-at-webber/,own website,ok,6,
219,Everglades University,https://www.evergladesuniversity.edu/employment-opportunities/,own website,broken,0,HTTP 403
220,Florida Atlantic University,https://www.fau.edu/jobs/,own website,ok,7,
221,Lynn University,https://www.lynn.edu/employment,own website,broken,0,HTTP 403
222,University of Miami,https://careers.miami.edu/,own website,ok,22,rendered
224,Embry-Riddle Aeronautical University-Daytona Beach,https://embryriddle.wd1.myworkdayjobs.com/External,workday,ok,128,workday
225,Stetson University,https://www.stetson.edu/administration/human-resources/job-opportunities.php,own website,broken,0,HTTP 403
228,Nova Southeastern University,https://www.nova.edu/resources/employment.html,own website,ok,4,
229,Florida Gulf Coast University,https://jobs.fgcu.edu/jobs/search/search-page-faculty,own website,ok,21,rendered
231,University of Florida,https://jobs.ufl.edu/career-growth/professional-development/,own website,ok,22,
235,Jacksonville University,https://workforcenow.adp.com/mascsr/default/mdf/recruitment/recruitment.html?cid=77bf9053-07ed-47ba-b601-d78b61854199&ccId=9200563802212_2&lang=en_US,adp,ok,1,adp
236,University of North Florida,https://unf.wd5.myworkdayjobs.com/unfjobs,workday,ok,98,workday
237,Warner University,https://warner.edu/offices/human-resources/careers/,own website,review,2,rendered few job-shaped links
238,Florida Southern College,http://www.guestservices.com/our-people/careers/,own website,ok,3,
240,University of Fort Lauderdale,https://uftlathletics.com/sports/2021/6/23/recruiting-questionnaire.aspx,own website,review,0,rendered no job-shaped links found
241,Beacon College,https://www.beaconcollege.edu/career-opportunities/,own website,ok,3,
242,Florida Institute of Technology,https://floridatech.wd5.myworkdayjobs.com/FloridaTechCareers,workday,ok,41,workday
244,Albizu University-Miami,https://workforcenow.adp.com/mascsr/default/mdf/recruitment/recruitment.html?cid=89df2234-abda-481d-9d9f-d75161691110&ccId=19000101_000001&type=JS&lang=en_US,adp,ok,1,adp
246,Barry University,https://www.barry.edu/en/human-resources/,own website,ok,5,rendered
247,Florida International University,https://search.careers.fiu.edu/?role=employee&sort=newest,own website,ok,13,rendered
248,Polytechnic University of Puerto Rico-Miami,https://pupr.edu/hr/,own website,ok,5,
249,Trinity International University-Florida,https://www.tiu.edu/human-resources/,own website,review,1,rendered few job-shaped links
251,St. Thomas University,https://www.stu.edu/jobs,own website,ok,10,rendered
253,Polytechnic University of Puerto Rico-Orlando,https://workforcenow.adp.com/mascsr/default/mdf/recruitment/recruitment.html?cid=5388a0c5-18fe-449e-b500-098740269275&ccId=19000101_000001&type=JS&lang=en_US,adp,ok,1,adp
254,University of Central Florida,https://ucf.wd1.myworkdayjobs.com/athletics,workday,ok,12,workday
255,University of West Florida,https://uwf.edu/careers,own website,ok,10,rendered
257,Flagler College,https://fa-ewbi-saasfaprod1.fa.ocs.oraclecloud.com/hcmUI/CandidateExperience/en/sites/CX_1,oracle,empty,0,oracle returned 0
258,Saint Leo University,https://saintleo.wd503.myworkdayjobs.com/en-US/SLU,workday,ok,84,workday
259,Eckerd College,https://eckerd.exacthire.com/,own website,ok,10,rendered
261,Florida State University,https://hr.fsu.edu/working-fsu/prospective-employees/faculty-careers,own website,ok,5,
265,The University of Tampa,https://utampa.wd1.myworkdayjobs.com/Faculty,workday,ok,71,workday
266,University of South Florida,https://jobs.usf.edu/,own website,ok,21,rendered
267,Trinity College of Florida,https://www.trinitycollege.edu/gainful-employment/,own website,review,1,rendered few job-shaped links
270,Rollins College,https://jobs.rollins.edu/jobs/search?page=1&employment_type_uids%5B%5D=d91743ca44174bbd090511f6296aee4a&employment_type_uids%5B%5D=84166d8d43b4a50451c61120f9f39415&query=,own website,ok,14,rendered
271,Georgia Southwestern State University,https://www.gsw.edu/human-resources/careers,own website,review,2,rendered few job-shaped links
272,University of Georgia,https://www.ugajobsearch.com/postings/search?utf8=%E2%9C%93&query=&query_v0_posted_at_date=&225=&436=&query_position_type_id%5B%5D=7&query_position_type_id%5B%5D=8&commit=Search,own website,ok,69,
275,Emory University,http://www.hr.emory.edu/careers/index.html,own website,ok,8,
276,Georgia Institute of Technology-Main Campus,https://hr.gatech.edu/employment/careers,own website,ok,9,
277,Georgia State University,https://gsu.taleo.net/,taleo,empty,0,taleo returned 0
279,Oglethorpe University,https://oglethorpe.edu/about/offices-departments/human-resources/jobs/,own website,ok,3,
282,Augusta University,https://www.augusta.edu/hr/jobs/university/index.php,own website,ok,10,rendered
284,College of Coastal Georgia,https://careers.hprod.onehcm.usg.edu/psc/careers/CAREERS/HRMS/c/HRS_HRAM_FL.HRS_CG_SEARCH_FL.GBL?FOCUS=Applicant&SiteId=63000,own website,review,0,rendered no job-shaped links found
285,University of West Georgia,https://careers.hprod.onehcm.usg.edu/psc/careers/CAREERS/HRMS/c/HRS_HRAM_FL.HRS_CG_SEARCH_FL.GBL?FOCUS=Applicant&SiteId=54000,own website,review,0,rendered no job-shaped links found
288,Columbus State University,https://careers.hprod.onehcm.usg.edu/psc/careers/CAREERS/HRMS/c/HRS_HRAM_FL.HRS_CG_SEARCH_FL.GBL?FOCUS=Applicant&SiteId=30000,own website,review,0,rendered no job-shaped links found
289,University of North Georgia,https://careers.hprod.onehcm.usg.edu/psc/careers/CAREERS/HRMS/c/HRS_HRAM_FL.HRS_CG_SEARCH_FL.GBL?FOCUS=Applicant&SiteId=53000,own website,review,0,rendered no job-shaped links found
290,Dalton State College,https://www.daltonstate.edu/about/marketing-communications-workforce/career-and-professional-development/,own website,ok,7,
291,Agnes Scott College,https://www.agnesscott.edu/careers/faculty-openings/index.html,own website,review,2,rendered few job-shaped links
293,Piedmont University,https://www.piedmont.edu/employment/,own website,review,2,rendered few job-shaped links
296,Brenau University,https://workforcenow.adp.com/mascsr/default/mdf/recruitment/recruitment.html?cid=3f4d8b79-e717-4293-ae26-578741f6ef88&ccId=19000101_000001&lang=en_US,adp,ok,1,adp
297,Kennesaw State University,https://campus.kennesaw.edu/offices-services/careers/campus-community/faculty-career-champions.php,own website,ok,22,
298,LaGrange College,https://lagrangecollege.applicantstack.com/x/openings,own website,review,0,rendered no job-shaped links found
299,Georgia Gwinnett College,https://careers.hprod.onehcm.usg.edu/psc/careers/CAREERS/HRMS/c/HRS_HRAM_FL.HRS_CG_SEARCH_FL.GBL?FOCUS=Applicant&SiteId=40000&,own website,review,1,rendered few job-shaped links
301,Mercer University,https://hr.mercer.edu/prospective-employees/career-opportunities/,own website,ok,4,
302,Middle Georgia State University,https://www.mga.edu/human-resources/jobs/index.php,own website,ok,4,
303,Wesleyan College,https://workforcenow.adp.com/mascsr/default/mdf/recruitment/recruitment.html?cid=acafb953-757f-4fc8-b0ee-c3d3b317c413&ccId=19000101_000001&lang=en_US,adp,ok,1,adp
304,Life University,https://life-csm.symplicity.com/employers/?signin_tab=0,own website,broken,0,HTTP 404
305,Georgia College & State University,https://careers.hprod.onehcm.usg.edu/psc/careers/CAREERS/HRMS/c/HRS_HRAM_FL.HRS_CG_SEARCH_FL.GBL?FOCUS=Applicant&SiteId=36000,own website,review,0,rendered no job-shaped links found
306,Clayton  State University,https://www.clayton.edu/human-resources/employment-opportunities,own website,ok,4,
307,Berry College,https://www.berry.edu/employment/,own website,broken,0,HTTP 403
312,Georgia Southern University,https://careers.hprod.onehcm.usg.edu/psc/careers/CAREERS/HRMS/c/HRS_HRAM_FL.HRS_CG_SEARCH_FL.GBL?FOCUS=Applicant&SiteId=39000,own website,review,0,rendered no job-shaped links found
313,Thomas University,https://www.thomasu.edu/about/employment/,own website,ok,3,
314,Abraham Baldwin Agricultural College,https://www.abac.edu/about/administration/human-resources.html,own website,review,2,rendered few job-shaped links
316,Valdosta State University,http://www.valdosta.edu/administration/finance-admin/human-resources/employment-opportunities.php,own website,ok,7,
317,Reinhardt University,https://www.reinhardt.edu/careers/,own website,broken,0,HTTP 403
319,Young Harris College,https://www.yhc.edu/careers/,own website,ok,8,
320,University of Guam,https://uog.peopleadmin.com/,peopleadmin,ok,31,peopleadmin
321,University of Hawaii at Hilo,https://www.schooljobs.com/careers/hawaiiedu?jobType[0]=Faculty&sort=PositionTitle%7CAscending,own website,ok,15,
322,Chaminade University of Honolulu,https://workforcenow.adp.com/mascsr/default/mdf/recruitment/recruitment.html?cid=052b3ffb-78d8-40ac-bd43-f6ee902354e2&ccId=2543893806_3653&lang=en_US,adp,ok,1,adp
323,Hawaii Pacific University,https://www.schooljobs.com/careers/hpu?jobType[0]=Faculty&sort=PositionTitle%7CAscending,own website,ok,12,
324,University of Hawaii at Manoa,https://www.schooljobs.com/careers/hawaiiedu?jobType[0]=Faculty&sort=PositionTitle%7CAscending,own website,ok,15,
325,University of Hawaii-West Oahu,https://www.governmentjobs.com/careers/hawaiiedu?jobType[0]=Faculty&sort=PositionTitle%7CAscending,own website,ok,15,
328,Iowa State University,https://isu.wd1.myworkdayjobs.com/IowaStateJobs,workday,ok,71,workday
330,University of Northern Iowa,https://uni.wd5.myworkdayjobs.com/UNI,workday,ok,24,workday
331,Coe College,https://www.coe.edu/why-coe/discover-coe/human-resources/careers,own website,ok,4,
332,Mount Mercy University,https://www.mtmercy.edu/careers/index.php,own website,ok,4,
333,Saint Ambrose University,https://sau.edu/about-sau/employment/,own website,ok,3,
334,Luther College,https://www.luther.edu/offices/hr/careers?utm_source=website&utm_medium=footer&utm_campaign=marketing&utm_content=careers,own website,ok,3,
335,Drake University,https://jobs.drake.edu/jobs/search,own website,ok,33,rendered
336,Grand View University,https://www.grandview.edu/about/directory/careers-at-gv,own website,ok,5,
337,Clarke University,https://clarke.applicantpool.com/jobs/,own website,ok,11,rendered
338,Loras College,https://loras.applicantpool.com/jobs/,own website,ok,11,rendered
339,University of Dubuque,https://www.dbq.edu/AboutUD/Employment/Jobs/,own website,ok,3,
340,Maharishi International University,https://services.miu.edu/human-resources/faculty-positions-available/,own website,review,0,rendered no job-shaped links found
341,Upper Iowa University,https://my.uiu.edu/ICS/Employment_Opportunities.jnz,own website,review,1,rendered few job-shaped links
343,Grinnell College,https://apply.interfolio.com/11893/positions,own website,review,1,rendered few job-shaped links
344,Simpson College,https://apply.interfolio.com/191426,own website,review,1,rendered few job-shaped links
345,University of Iowa,https://jobs.uiowa.edu/,own website,ok,3,
346,Graceland University-Lamoni,https://sfp.ocs.oraclecloud.com/graceland/portal/saml),oracle,broken,0,RuntimeError: oracle session capture failed: Timeout 15000ms exceeded while waiting 
348,Cornell College,https://www.cornellcollege.edu/human-resources/employment/,own website,ok,5,rendered
349,Northwestern College,https://www.nwciowa.edu/employment,own website,ok,10,
350,William Penn University,https://www.wmpenn.edu/adjunct-instructor-in-english-adjunct-faculty-position/,own website,review,1,rendered few job-shaped links
351,Central College,https://central.edu/job-seekers/,own website,ok,7,
352,Dordt University,https://ibmxjb.fa.ocs.oraclecloud.com/hcmUI/CandidateExperience/en/sites/CX_2/requisitions?lastSelectedFacet=CATEGORIES&selectedCategoriesFacet=300000008610535,oracle,empty,0,oracle returned 0
353,Briar Cliff University,https://Briarcliff.elluciancrmrecruit.com/Apply/Account/ProspectInquiry?f=9b05884a-c1c6-4c53-a445-22ac49ba3594&o=538fedc1-2f8d-4f30-89b1-d13415d0429c,own website,broken,0,HTTP 404
354,Morningside University,https://www.morningside.edu/about/employment/adjunct-instructors-rosen-school-of-business,own website,review,2,rendered few job-shaped links
355,Buena Vista University,https://www.bvu.edu/en/undergraduate-on-campus/careers--outcomes/,own website,ok,6,
356,Wartburg College,https://www.wartburg.edu/carson-research-opportunities-focused-my-career-goals/,own website,ok,5,
357,Boise State University,https://www.boisestate.edu/jobs/boise-state-faculty-careers/,own website,ok,9,
358,The College of Idaho,https://collegeofidaho.edu/academics/undergrad/career-sectors/health-scientific-research,own website,ok,6,
359,Lewis-Clark State College,https://www.lcsc.edu/career-technical-education,own website,ok,11,
360,University of Idaho,https://uidaho.peopleadmin.com/,peopleadmin,ok,125,peopleadmin
362,Idaho State University,https://isu.csod.com/ux/ats/careersite/5/home?c=isu,cornerstone,ok,51,cornerstone
364,Aurora University,https://www.schooljobs.com/careers/aurorauniversity?jobType[0]=Full-Time%20Faculty&sort=PositionTitle%7CAscending,own website,ok,13,
365,Illinois Wesleyan University,https://www.iwu.edu/human-resources/job-openings/,own website,ok,13,
367,Southern Illinois University-Carbondale,https://www.schooljobs.com/careers/siu?jobType[0]=Faculty&sort=PositionTitle%7CAscending,own website,ok,12,
368,Blackburn College,https://blackburn.edu/jobs/,own website,ok,3,
369,University of Illinois Urbana-Champaign,https://humanresources.illinois.edu/job-seekers/?utm_source=illinois_homepage&utm_medium=referral&utm_campaign=footer,own website,ok,15,
370,Eastern Illinois University,https://apply.interfolio.com/190519,own website,review,1,rendered few job-shaped links
371,Chicago State University,https://chicagostate.peopleadmin.com/,peopleadmin,ok,88,peopleadmin
372,Columbia College Chicago,https://about.colum.edu/provost/faculty-careers/index,own website,ok,11,
373,DePaul University,https://ekze.fa.us2.oraclecloud.com/hcmUI/faces/FndOverview?fnd=%3B%3B%3B%3Bfalse%3B256%3B%3B%3B&fndGlobalItemNodeId=PER_HCMPEOPLETOP_FUSE_DIRECTORY,oracle,broken,0,RuntimeError: oracle session capture failed: Timeout 15000ms exceeded while waiting 
374,East-West University,,own website,broken,0,no careers_link recorded
375,Illinois Institute of Technology,https://www.iit.edu/hr/about/employment-verification,own website,review,2,rendered few job-shaped links
376,Loyola University Chicago,https://www.careers.luc.edu/postings/search?&query=&query_v0_posted_at_date=&855%5B%5D=5&440=&436=&commit=Search,own website,ok,45,
377,National Louis University,https://nl.edu/employment/,own website,ok,4,
378,North Park University,https://apply.workable.com/north-park-university/,own website,review,2,rendered few job-shaped links
379,Northeastern Illinois University,https://www.neiu.edu/about/working-here/employment-opportunities/faculty-employment-opportunities,own website,ok,8,
380,Roosevelt University,https://jobs.roosevelt.edu:443/postings/search,own website,ok,68,
381,Saint Xavier University,https://www.schooljobs.com/careers/sxuedu?jobType[0]=Faculty&sort=PositionTitle%7CAscending,own website,ok,13,
382,University of Chicago,https://voices.uchicago.edu/interfolio/academic-jobs/,own website,ok,4,
383,University of Illinois Chicago,https://www.uic.edu/about/job-opportunities/,own website,review,0,rendered no job-shaped links found
384,Millikin University,https://www.schooljobs.com/careers/millikin?jobType[0]=Faculty&sort=PositionTitle%7CAscending,own website,ok,12,
385,Trinity International University-Illinois,https://www.tiu.edu/human-resources/,own website,review,1,rendered few job-shaped links [shared URL]
386,Northern Illinois University,https://employment.niu.edu/,own website,ok,8,
387,Southern Illinois University-Edwardsville,https://apply.interfolio.com/69563/positions,own website,review,1,rendered few job-shaped links
389,Elmhurst University,https://apply.workable.com/elmhurst-edu/,own website,review,2,rendered few job-shaped links
390,Eureka College,https://www.eureka.edu/employment,own website,ok,14,
391,Northwestern University,https://careers.northwestern.edu,own website,review,0,rendered no job-shaped links found
392,Knox College,https://www.knox.edu/employment-at-knox/faculty,own website,ok,3,
393,Greenville University,https://recruiting.paylocity.com/Recruiting/Jobs/All/d5acfd2f-a668-4134-9285-d94527cdadde/Greenville-University?location=Greenville%20University&department=Faculty,own website,ok,6,rendered
394,Illinois College,https://www.ic.edu/employment,own website,ok,6,
395,University of St Francis,https://stfrancis.edu/career-success-center/,own website,ok,4,
396,Lake Forest College,https://www.lakeforest.edu/offices-and-departments/human-resources/lake-forest-college-employment,own website,ok,57,
397,McKendree University,https://www.schooljobs.com/careers/mckendree?jobType[0]=Faculty&sort=PositionTitle%7CAscending,own website,ok,13,
399,Benedictine University,https://benu.csod.com/ux/ats/careersite/5/home?c=benu,cornerstone,empty,0,cornerstone returned 0
400,Western Illinois University,https://sso.interviewexchange.com/wiu/sso.jsp,own website,broken,0,HTTP 403
401,Monmouth College,https://www.monmouthcollege.edu/offices/hr/employment-opportunities/,own website,review,0,rendered no job-shaped links found
402,North Central College,https://www.northcentralcollege.edu/academic-affairs/staff-openings,own website,broken,0,HTTP 403
403,Illinois State University,https://isu.dc4.pageuppeople.com/default.aspx,own website,review,0,rendered no job-shaped links found
405,Bradley University,https://workforcenow.adp.com/mascsr/default/mdf/recruitment/recruitment.html?cid=df6f93d4-2277-4999-ac63-88a55668ffd3&ccId=9200110706773_2&type=JS&lang=en_US,adp,ok,1,adp
406,Quincy University,https://www.quincy.edu/about/work-at-qu/job-openings/,own website,review,2,rendered few job-shaped links
408,Dominican University,https://jobs.dom.edu,own website,ok,42,
409,Augustana College,https://www.augustana.edu/about-us/offices/hr/employment/opportunities,own website,ok,3,
410,Rockford University,https://www.rockford.edu/community/humanresources/faculty/,own website,review,2,rendered few job-shaped links
411,Lewis University,https://jobs.lewisu.edu,own website,ok,5,
412,University of Illinois Springfield,https://uis.csod.com/ux/ats/careersite/1/home?c=uis,cornerstone,ok,14,cornerstone
413,Governors State University,https://www.schooljobs.com/careers/govst/?jobType[0]=Faculty&sort=PositionTitle%7CAscending,own website,ok,12,
416,Trine University,https://www.trine.edu/human-resources/careers/,own website,ok,64,
417,Trine University-Regional/Non-Traditional Campuses,https://www.trine.edu/human-resources/careers/index.aspx,own website,ok,64,
418,Indiana University-Bloomington,https://bloomington.iu.edu/academics/experiential-learning/research-opportunities/,own website,ok,4,
419,Wabash College,https://www.wabash.edu/employment,own website,ok,6,
420,University of Evansville,https://www.altogethergreat.com/careers/job-opportunities-compassgroupusa/,own website,ok,9,
421,University of Southern Indiana,https://careers.usi.edu/jobs/search?page=1&employment_type_uids%5B%5D=2870671dfb7b1b2953f9187844ba74a2&query=,own website,ok,9,rendered
422,Indiana Institute of Technology,https://www.paycomonline.net/v4/ats/web.php/jobs?clientkey=9B7DD7DDF4B46DE388E0D590C86BBE1D,own website,ok,10,rendered
423,Purdue University Fort Wayne,https://purdueuniversity.valhalla.stage.jobs2web.com/FW,own website,ok,5,
424,University of Saint Francis-Fort Wayne,https://www.sf.edu/about/offices-and-departments/careers/,own website,ok,6,
425,Franklin College,https://franklincollege.edu/about/key-offices/office-of-human-resources/employment-opportunities/,own website,broken,0,HTTP 403
426,Indiana University-Northwest,https://indiana.peopleadmin.com/postings/search?&query=&query_v0_posted_at_date=&query_organizational_tier_2_id=any&query_organizational_tier_3_id=any&query_organizational_tier_1_id=441&query_position_type_id=&commit=Search,peopleadmin,ok,240,peopleadmin
427,Goshen College,https://www.goshen.edu/employment/director-of-human-resources/,own website,review,0,rendered no job-shaped links found
428,DePauw University,https://www.depauw.edu/offices/human-resources/employment/,own website,review,2,rendered few job-shaped links
429,Hanover College,https://www.hanover.edu/about/employment/,own website,ok,4,
430,Huntington University,https://workforcenow.adp.com/mascsr/default/mdf/recruitment/recruitment.html?cid=7353b4b0-47be-41c8-bcb3-dc2ae3843581&ccId=19000101_000001&lang=en_US,adp,ok,1,adp
431,Butler University,https://fa-exer-saasfaprod1.fa.ocs.oraclecloud.com/hcmUI/CandidateExperience/en/sites/CX_1,oracle,empty,0,oracle returned 0
432,Horizon University,,own website,broken,0,no careers_link recorded
433,Indiana University-Indianapolis,https://indianapolis.iu.edu/academics/hands-on-learning/profiles-of-learning.html,own website,ok,6,
434,Marian University,https://marian.elluciancrmrecruit.com/Apply/Account/Create?f=a0ee650e-16a5-4b95-b901-c5b3f4d00dd4&o=a3e67df5-dead-4937-a82d-f42c212e56d1&IsInquiry=True,own website,review,0,rendered no job-shaped links found
435,Martin University,https://www.martin.edu/jobreadyindy,own website,ok,4,
436,University of Indianapolis,https://hrjobs.uindy.edu,own website,ok,20,rendered
437,Indiana University-Kokomo,https://indiana.peopleadmin.com/postings/search,peopleadmin,ok,240,peopleadmin
440,Ball State University,https://wd12.myworkday.com/bsu/d/task/2998$42366.htmld#backheader=true,own website,review,0,rendered no job-shaped links found
441,Indiana University-Southeast,https://southeast.iu.edu/academics/explore-careers/index.html,own website,ok,8,
442,Manchester University,https://www.manchester.edu/employment-opportunities/,own website,ok,4,
443,Holy Cross College,https://www.hcc-nd.edu/career-opportunities/,own website,ok,3,
444,Saint Mary's College,https://www.saintmarys.edu/hr,own website,ok,3,
445,University of Notre Dame,https://jobs.smartrecruiters.com/my-applications/UniversityOfNotreDame?dcr_ci=UniversityOfNotreDame,smartrecruiters,empty,0,smartrecruiters returned 0
446,Oakland City University,https://www.oak.edu/academics/career-pathways-program/,own website,ok,3,
447,Earlham College,https://hr.earlham.edu/careers,own website,review,0,rendered no job-shaped links found
448,Indiana University-East,https://east.iu.edu/red-wolf-central/academic-career/index.html,own website,ok,8,
449,Saint Mary-of-the-Woods College,https://www.smwc.edu/offices-resources/offices/office-of-people-success-and-opportunity/employment-opportunities/,own website,ok,4,
450,Indiana University-South Bend,https://indiana.peopleadmin.com/postings/search,peopleadmin,ok,240,peopleadmin [shared URL]
451,Indiana State University,https://jobs.indstate.edu/,own website,ok,9,
452,Rose-Hulman Institute of Technology,https://rosehulman.csod.com/ux/ats/careersite/9/home?c=rosehulman,cornerstone,empty,0,cornerstone returned 0
454,Valparaiso University,https://apply.interfolio.com/16338/positions,own website,review,1,rendered few job-shaped links
455,Purdue University-Main Campus,https://careers.purdue.edu/content/Job-Seeker/,own website,ok,9,
456,Calumet College of Saint Joseph,https://recruiting.paylocity.com/recruiting/jobs/All/d3b73b32-f518-47ab-82f7-ac57a8a45ce4/Calumet-College,own website,review,1,rendered few job-shaped links
458,Benedictine College,https://recruiting.paylocity.com/recruiting/jobs/Details/3764624/Benedictine-College/AssistantAssociate-Professor-of-Psychology,own website,ok,3,
459,Baker University,https://www.bakeru.edu/about-baker/careers-baker,own website,ok,3,
460,Emporia State University,https://hr.hornet365.com/open-positions,own website,review,1,rendered few job-shaped links
461,Barclay College,https://www.barclaycollege.edu/jobs/,own website,ok,5,rendered
462,Fort Hays State University,https://www.fhsu.edu/humanresourceoffice/positions,own website,ok,6,
463,Tabor College,https://tabor.edu/about/employment/,own website,review,2,rendered few job-shaped links
464,University of Kansas,https://employment.ku.edu,own website,ok,11,
465,University of Saint Mary,https://workforcenow.adp.com/mascsr/default/mdf/recruitment/recruitment.html?cid=e2fb3536-f8be-437c-9f7d-7fc0a8bdb42a&ccId=9200479212914_2&lang=en_US,adp,ok,1,adp
466,Bethany College,https://workforcenow.adp.com/mascsr/default/mdf/recruitment/recruitment.html?cid=06849628-1ff9-4555-9b68-cb637d20bae8&ccId=19000101_000001&type=JS&lang=en_US,adp,ok,1,adp
467,Kansas State University,https://www.k-state.edu/employment/,own website,ok,18,rendered
470,McPherson College,https://my.mcpherson.edu/ICS/Employment/Employment_Landing_Page.jnz?portlet=Employment_Position_Application,own website,review,2,rendered few job-shaped links
471,Bethel College-North Newton,https://jobs.bethelks.edu/,own website,ok,4,
473,Ottawa University-Ottawa,https://www.paycomonline.net/v4/ats/web.php/jobs?clientkey=AB201C499D53A5D603D5BE296513B383,own website,ok,10,rendered
474,Ottawa University-Kansas City,https://www.paycomonline.net/v4/ats/web.php/jobs?clientkey=AB201C499D53A5D603D5BE296513B383,own website,ok,10,rendered [shared URL]
475,Pittsburg State University,https://ebyf.fa.us2.oraclecloud.com/hcmUI/CandidateExperience/en/sites/CX_1001/jobs/preview/76/?mode=location,oracle,ok,2,oracle
476,Kansas Wesleyan University,https://www.kwu.edu/about/careers/,own website,ok,4,
477,Sterling College,https://www.sterling.edu/about/employment,own website,ok,5,
478,Washburn University,https://careers.washburn.edu/jobs/search,own website,ok,35,rendered
480,Newman University,https://newmanu.edu/administration/human-resources/job-openings,own website,ok,22,
481,Wichita State University,https://wichita-state-university-careers.career-pages.com/jobs/search?query=,own website,ok,43,rendered
482,Southwestern College,https://www.sckans.edu/about/employment/,own website,review,1,rendered few job-shaped links
483,Union College,https://www.unionky.edu/about/human-resources/employment-opportunities/faculty-positions,own website,ok,3,
484,Berea College,https://www.schooljobs.com/careers/berea?jobType[0]=Faculty&sort=PositionTitle%7CAscending,own website,ok,13,
485,Western Kentucky University,https://sso.interviewexchange.com/wku/sso.jsp,own website,broken,0,HTTP 403
487,Lindsey Wilson College,https://lindsey.elluciancrmrecruit.com/Apply/Account/Create,own website,review,0,rendered no job-shaped links found
488,Thomas More University,https://workforcenow.adp.com/mascsr/default/mdf/recruitment/recruitment.html?cid=4f8993d7-7486-4f03-a125-59b813eb0331&ccId=19000101_000001&lang=en_US,adp,ok,1,adp
489,Centre College,https://careers.centre.edu/channels/search-for-a-job/,own website,ok,80,
491,Georgetown College,https://www.georgetowncollege.edu/careers-georgetown-college,own website,ok,3,
493,Northern Kentucky University,https://nku.wd108.myworkdayjobs.com/NKU_External,workday,ok,71,workday
494,Transylvania University,https://www.transy.edu/employment-opportunities/,own website,review,1,rendered few job-shaped links
495,University of Kentucky,https://careers.uky.edu/careers/hr,own website,ok,3,
496,Bellarmine University,https://bellarmine.interviewexchange.com/static/clients/459BMM1/index.jsp,own website,broken,0,HTTP 403
497,Spalding University,https://spalding.edu/careers/,own website,review,1,rendered few job-shaped links
498,University of Louisville,https://cardinalcareers-csm.symplicity.com/,own website,review,1,rendered few job-shaped links
499,Midway University,https://www.paycomonline.net/v4/ats/web.php/jobs?clientkey=0360F3B5A2EC741788B51C99C6E17513&jpt=,own website,ok,7,rendered
500,Morehead State University,https://www.moreheadstate.edu/about-msu/leadership/administration/human-resources/careers,own website,ok,7,
501,Murray State University,https://www.murraystatejobs.com/postings/search,own website,ok,47,
502,Brescia University,https://www.brescia.edu/employment/,own website,broken,0,HTTP 403
503,Kentucky Wesleyan College,https://kwc.edu/about-wesleyan/employment-opportunities/,own website,broken,0,HTTP 403
504,University of Pikeville,https://www.upike.edu/offices/human-resources/careers/,own website,review,1,rendered few job-shaped links
505,Alice Lloyd College,https://alc.edu/special-learning-opportunities/,own website,review,1,rendered few job-shaped links
506,Eastern Kentucky University,https://careers.eku.edu/jobs/search,own website,ok,38,rendered
507,University of the Cumberlands,https://www.myworkday.com/ucumberlands/,own website,review,0,rendered no job-shaped links found
508,Asbury University,https://jobs.asbury.edu/,own website,review,1,rendered few job-shaped links
509,Louisiana State University-Alexandria,https://lsu.wd1.myworkdayjobs.com/LSU,workday,ok,279,workday
510,Louisiana State University and Agricultural & Mechanical College,https://lsu.wd1.myworkdayjobs.com/LSU,workday,ok,279,workday [shared URL]
513,Southeastern Louisiana University,https://wd503.myworkday.com/ulsselu/,own website,review,0,rendered no job-shaped links found
514,University of Louisiana at Lafayette,https://louisiana.csod.com/ats/careersite/search.aspx?site=1&c=louisiana,cornerstone,ok,14,cornerstone
515,McNeese State University,https://www.mcneese.edu/financial-aid/gainful-employment-disclosure-information/,own website,review,0,rendered no job-shaped links found
516,University of Louisiana at Monroe,https://agency.governmentjobs.com/louisiana/default.cfm?&promotionaljobs=0&transfer=0&jobType[0]=Faculty&sort=PositionTitle%7CAscending,own website,ok,18,
517,Northwestern State University of Louisiana,https://www.governmentjobs.com/careers/louisiana/northwesternstate?jobType[0]=Faculty&sort=PositionTitle%7CAscending,own website,ok,13,
519,Loyola University New Orleans,https://www.governmentjobs.com/careers/loyno?jobType[0]=Faculty&sort=PositionTitle%7CAscending,own website,ok,13,
521,Tulane University of Louisiana,https://tulane-ibqejb.fa.ocs.oraclecloud.com/hcmUI/CandidateExperience/en/sites/CX_1001,oracle,empty,0,oracle returned 0
522,University of Holy Cross,https://uhcno.edu/hr/jobs/index.php,own website,ok,6,
523,University of New Orleans,https://www.uno.edu/careers,own website,ok,5,
526,Louisiana Tech University,https://ulsltu.wd1.myworkdayjobs.com/LATECHCareers,workday,empty,0,workday returned 0
527,Centenary College of Louisiana,https://www.centenary.edu/directories/offices-services-directory/human-resources/job-opportunities/,own website,ok,4,
528,Louisiana State University-Shreveport,https://lsus.edu2.com/topic/programsteps,own website,review,0,rendered no job-shaped links found
529,Nicholls State University,https://jobs.nicholls.edu,own website,ok,4,
530,Amherst College,https://wd5.myworkday.com/amherst/d/home.htmld,own website,review,0,rendered no job-shaped links found
531,Hampshire College,https://www.hampshire.edu/offices/human-resources/employment-opportunities,own website,review,0,rendered no job-shaped links found
532,University of Massachusetts-Amherst,https://umassamherst.dc4.pageuppeople.com/,own website,review,0,rendered no job-shaped links found
533,Endicott College,https://endicott.wd1.myworkdayjobs.com/Endicott,workday,ok,25,workday
534,Boston University,https://jobs.silkroad.com/BU/External,own website,ok,11,
535,Cambridge College,https://www.cambridgecollege.edu/es/life-at-cc/career-life-planning-center,own website,ok,3,
536,Emerson College,https://emerson.wd5.myworkdayjobs.com/en-US/Emerson_College_ft_faculty,workday,empty,0,workday returned 0
537,Emmanuel College,https://emmanuel.interviewexchange.com/static/clients/13EM1/listJobs.jsp;jsessionid=47B469F5FF02B2ECA11624165C411A0F,own website,broken,0,HTTP 403
538,Fisher College,https://www.fisher.edu/careers,own website,review,2,rendered few job-shaped links
539,Northeastern University,https://hr.northeastern.edu/careers/job-listings/,own website,ok,7,
540,Simmons University,https://simmons.wd504.myworkdayjobs.com/Simmons-Careers,workday,ok,38,workday
541,Suffolk University,https://suffolk.wd1.myworkdayjobs.com/External,workday,ok,25,workday
542,University of Massachusetts-Boston,https://hr.umb.edu/employees/payroll/job-aids/,own website,ok,17,
543,Wentworth Institute of Technology,https://wit.wd1.myworkdayjobs.com/en-US/WIT/,workday,ok,37,workday
544,Bridgewater State University,https://careers.bridgew.edu/blog/2024/02/16/how-transparency-in-job-postings-improves-recruiting-outcomes/,own website,ok,77,
546,Massachusetts Maritime Academy,https://www.maritime.edu/human-resources/employment-opportunities,own website,ok,3,
547,Harvard University,https://hr.harvard.edu/careers,own website,broken,0,HTTP 403
548,Lesley University,https://lesley.edu/my-organizations-goals/recruit-talent/priority-job-matching-program,own website,ok,8,
549,Massachusetts Institute of Technology,https://hr.mit.edu/jobs,own website,ok,22,
550,Boston College,https://www.bc.edu/jobs,own website,ok,31,rendered
551,College of Our Lady of the Elms,https://www.elms.edu/about-elms/administrative-offices/human-resources/employment/,own website,ok,3,
552,Nichols College,https://www.nichols.edu/offices/human-resources/,own website,ok,14,
553,Stonehill College,https://jobs.stonehill.edu/hr/sessions/new,own website,broken,0,fetch failed
554,Fitchburg State University,https://jobs.fitchburgstate.edu,own website,broken,0,HTTP 403
555,Framingham State University,https://www.framingham.edu/about-fsu/careers-fsu,own website,ok,9,
556,Dean College,https://dean.interviewexchange.com/static/clients/546DCM1/index.jsp;jsessionid=B99AF4CBF8F48028C4C2A57CA7B22854;jsessionid=49F38EB85CB1939CD931C68B308F08D5;jsessionid=574D474F3F83E48CEF82024F83FD533A,own website,broken,0,HTTP 403
557,Bay Path University,https://www.paycomonline.net/v4/ats/web.php/portal/3A2948EF284B8722FEE42E01FB156C27/career-page,own website,ok,10,rendered
558,University of Massachusetts-Lowell,https://www.uml.edu/academics/programs/?career=undergraduate&utm_source=home,own website,ok,3,rendered
559,Tufts University,https://jobs.tufts.edu/jobs,own website,ok,5,
560,Curry College,https://www.curry.edu/about-us/community-resources/human-resources-and-employment/job-opportunities,own website,ok,3,
561,Lasell University,https://www.lasell.edu/discover-lasell/employment/about-human-resources.html#nav,own website,ok,4,
562,Massachusetts College of Liberal Arts,http://mcla.interviewexchange.com/,own website,broken,0,HTTP 403
563,Merrimack College,https://merrimack-advocate.symplicity.com/care_report/index.php/pid854103,own website,review,0,rendered no job-shaped links found
564,University of Massachusetts-Dartmouth,https://careers.umassd.edu,own website,ok,26,rendered
565,Smith College,https://smithcollege.wd5.myworkdayjobs.com/smithcollege?q=dining,workday,ok,30,workday
566,Wheaton College (Massachusetts),https://www.wheatoncollege.edu/academics/life-and-career-design-institute/,own website,ok,21,
567,Anna Maria College,https://annamaria.edu/work-at-anna-maria/,own website,review,1,rendered few job-shaped links
569,Salem State University,https://salem-state-university.career-pages.com/jobs/search,own website,ok,33,rendered
570,Mount Holyoke College,https://mtholyoke.wd504.myworkdayjobs.com/External,workday,ok,20,workday
571,American International College,https://workforcenow.adp.com/mascsr/default/mdf/recruitment/recruitment.html?cid=4f7bf2c8-4d1c-459f-99e3-bc1939cfa417&ccId=9201445022114_2&lang=en_US,adp,empty,0,adp returned 0
572,Springfield College,https://www.schooljobs.com/careers/springfieldcollege?jobType[0]=Faculty&sort=PositionTitle%7CAscending,own website,ok,15,
573,Western New England University,https://www.paycomonline.net/v4/ats/web.php/jobs?clientkey=3C67A483237F6A324625AB95D568B0C1&fromClientSide=true,own website,ok,10,rendered
574,Bentley University,https://bentley.wd503.myworkdayjobs.com/faculty,workday,ok,27,workday
575,Brandeis University,https://www.brandeis.edu/human-resources/careers/faculty-positions.html,own website,ok,7,
576,Babson College,https://entrepreneurship.babson.edu/career-outcomes-mba-class-2025/?share=linkedin,own website,review,1,rendered few job-shaped links
577,Wellesley College,https://careereducation.wellesley.edu/career_exploration,own website,ok,42,
579,Westfield State University,https://careers.westfield.ma.edu/labor-market-insights/,own website,ok,40,
580,Regis College,https://www.regiscollege.edu/about-regis/administrative-offices/department-human-resources/working-regis,own website,review,2,rendered few job-shaped links
581,Williams College,https://employment.williams.edu/,own website,broken,0,HTTP 403
582,Assumption University,https://recruiting.paylocity.com/recruiting/jobs/All/0ceaa085-bdf4-42db-8905-07c4a3c989e1/Assumption-University-Staff,own website,ok,30,rendered
583,Clark University,https://clarku.interviewexchange.com/static/clients/569CUM1/index.jsp,own website,broken,0,HTTP 403
584,College of the Holy Cross,https://holycross.wd12.myworkdayjobs.com/en-US/Careers/,workday,ok,53,workday
585,Worcester Polytechnic Institute,https://wpi.wd5.myworkdayjobs.com/WPI_External_Career_Site,workday,ok,83,workday
586,Worcester State University,https://worcester.interviewexchange.com/,own website,broken,0,HTTP 403
587,University of Maryland Global Campus,https://careers.umgc.edu/faculty.html,own website,ok,255,
589,Goucher College,https://goucher.wd1.myworkdayjobs.com/Goucher_Careers,workday,ok,11,workday
590,Johns Hopkins University,https://facultyjobs.jhu.edu,own website,ok,5,rendered
591,Loyola University Maryland,https://loyola.wd5.myworkdayjobs.com/External,workday,ok,52,workday
593,Notre Dame of Maryland University,https://workforcenow.adp.com/mascsr/default/mdf/recruitment/recruitment.html?cid=ac3ea3a3-1795-4ceb-80c1-668296dbec35&ccId=19000101_000001&lang=en_US,adp,ok,1,adp
594,University of Baltimore,https://marylandconnect.wd1.myworkdayjobs.com/UBaltCareers,workday,ok,13,workday
595,University of Maryland-Baltimore County,https://facultyjobs.umbc.edu/cwfac/en-us/listing/,own website,ok,9,rendered
597,Washington College,https://www.washcoll.edu/people_departments/offices/human-resources/employment/index.php,own website,ok,10,rendered
598,University of Maryland-College Park,https://umd.wd1.myworkdayjobs.com/UMCP,workday,ok,192,workday
599,Mount St. Mary's University,https://inside.msmary.edu/more/human-resources/employment-opportunities/index.html#faculty-jobs,own website,broken,0,HTTP 403
600,Hood College,https://recruiting.ultipro.com/HOO1003HOODC/JobBoard/58a51caa-edd5-4489-a43e-478413a6c821/?q=&o=postedDateDesc This new address will ne,ultipro,ok,18,ultipro
601,Frostburg State University,https://marylandconnect.wd1.myworkdayjobs.com/FSU_Careers,workday,ok,25,workday
602,Capitol Technology University,https://captechu-csm.symplicity.com/,own website,review,2,rendered few job-shaped links
603,Stevenson University,https://stevenson.peopleadmin.com/,peopleadmin,ok,105,peopleadmin
605,Salisbury University,https://marylandconnect.wd1.myworkdayjobs.com/SU_Careers,workday,ok,30,workday
606,St. Mary's College of Maryland,https://apply.interfolio.com/190337,own website,review,1,rendered few job-shaped links
609,Towson University,https://towson.taleo.net/careersection/ex/jobsearch.ftl,taleo,empty,0,taleo returned 0
610,McDaniel College,https://mcdaniel.interviewexchange.com/static/clients/561MCM1/index.jsp,own website,broken,0,HTTP 403
611,University of Maine at Augusta,https://uma.careers.maine.edu/,own website,ok,4,rendered
612,Husson University,https://www.husson.edu/about/human-resources/index.html,own website,ok,3,
613,University of New England,https://une.peopleadmin.com/,peopleadmin,ok,1,peopleadmin
614,Bowdoin College,https://careers.bowdoin.edu/postings/search?utf8=%E2%9C%93&query=&query_v0_posted_at_date=&435=&query_position_type_id%5B%5D=2&commit=Search,own website,ok,40,
615,Maine Maritime Academy,https://mainemaritime.edu/employment-at-mma/faculty-positions/,own website,ok,3,
616,University of Maine at Farmington,#VALUE!,own website,broken,0,fetch failed
617,University of Maine at Fort Kent,https://www.maine.edu/careers/,own website,review,2,rendered few job-shaped links
618,Bates College,https://www.bates.edu/career/,own website,ok,6,
619,University of Maine,https://fa-ewca-saasfaprod1.fa.ocs.oraclecloud.com/hcmUI/CandidateExperience/en/sites/CX_1/requisitions?lastSelectedFacet=ORGANIZATIONS&mode=location&selectedOrganizationsFacet=300000014113612,oracle,ok,77,oracle
620,University of Southern Maine,https://usm.careers.maine.edu/,own website,ok,26,rendered
621,University of Maine at Presque Isle,https://www.umpi.edu/human-resources/jobs-at-umpi/,own website,review,2,rendered few job-shaped links
622,Saint Joseph's College of Maine,https://workforcenow.adp.com/mascsr/default/mdf/recruitment/recruitment.html?cid=f2ec343d-85b4-4d7e-8b95-cb8f7884af77&ccId=1046385866_1069&type=JS&lang=en_US,adp,ok,1,adp
623,Colby College,https://www.colby.edu/people/offices-directory/human-resources/employment/academic-positions-available/,own website,broken,0,HTTP 403
624,Thomas College,https://recruiting.paylocity.com/recruiting/jobs/All/8755daac-bdc4-49b9-9a03-9f77f304512b/Thomas-College,own website,ok,16,rendered
625,Adrian College,https://www.adrian.edu/academics/academics/career-planning/job-search,own website,broken,0,HTTP 404
626,Siena Heights University,https://www.sienaheights.edu/past-syllabi-employment-and-financial-aid/,own website,review,0,rendered no job-shaped links found
627,Albion College,https://apply.interfolio.com/9409/positions,own website,review,1,rendered few job-shaped links
628,Grand Valley State University,https://gvsu.wd1.myworkdayjobs.com/careers,workday,ok,19,workday
629,Alma College,https://www.schooljobs.com/careers/alma/promotionaljobs?jobType[0]=Faculty&sort=PositionTitle%7CAscending,own website,ok,13,
631,University of Michigan-Ann Arbor,https://careers.umich.edu/search-jobs,own website,ok,8,
632,Andrews University,https://andrewsu-advocate.symplicity.com/care_report/index.php/pid627169,own website,review,0,rendered no job-shaped links found
633,Ferris State University,https://jobs.ferris.edu/en-us/listing/,own website,ok,24,rendered
634,University of Michigan-Dearborn,https://careers.umich.edu/search-jobs,own website,ok,8,
635,University of Detroit Mercy,https://www.udmercy.edu/faculty-staff/hr/jobs.php,own website,ok,4,
636,Wayne State University,https://waynetalent.csod.com/ux/ats/careersite/2/home?c=waynetalent,cornerstone,ok,158,cornerstone
637,Michigan State University,https://careers.msu.edu/homepage,own website,ok,6,rendered
638,Kettering University,https://www.kettering.edu/co-op-career-design,own website,ok,3,
639,University of Michigan-Flint,https://careers.umich.edu/search-jobs,own website,ok,8,[shared URL]
640,Aquinas College,https://workforcenow.adp.com/mascsr/default/mdf/recruitment/recruitment.html?cid=0d6a119c-4b29-473d-aa54-b44806014631&ccId=19000101_000001&lang=en_US,adp,ok,1,adp
642,Cornerstone University,https://www.cornerstone.edu/about/employment/employment-applications/,own website,ok,5,
643,Davenport University,https://post.davenport.edu/category/careers/,own website,ok,11,
644,Kuyper College,https://www.kuyper.edu/employment/,own website,ok,8,
646,Hope College,https://hope.edu/offices/boerigter-center/,own website,ok,8,
647,Michigan Technological University,https://www.mtu.edu/career/on-campus-jobs/index.html,own website,ok,34,
648,Cleary University,https://recruitingbypaycor.com/career/CareerHome.action?clientId=8a7883d096d0d55a019731393c7f56d9,own website,ok,15,
649,Kalamazoo College,https://provost.kzoo.edu/faculty-information/facultyjobs/?_gl=1*bwrqnp*_ga*Mjg4OTI5Nzk5LjE2MDk5ODgxODg.*_ga_2XRJV6H0DR*MTcwNzY4NzYyNi4yOC4xLjE3MDc2OTMzNzQuMC4wLjA.,own website,ok,7,
650,Western Michigan University,https://wmich.edu/career/jobfairprep,own website,ok,38,
651,Madonna University,https://www.madonna.edu/resources/human-resources/,own website,review,2,rendered few job-shaped links
652,Northern Michigan University,https://jobs.nmu.edu,own website,ok,9,rendered
653,Northwood University,https://www.schooljobs.com/careers/northwoodu?jobType[0]=Faculty&sort=PositionTitle%7CAscending,own website,ok,12,
654,Central Michigan University,https://www.jobs.cmich.edu/postings/search,own website,ok,86,
655,The University of Olivet,https://workforcenow.adp.com/mascsr/default/mdf/recruitment/recruitment.html?cid=1e5bff11-ae4c-4b3c-a51f-a1212f1c4119&ccId=19000101_000001&type=MP&lang=en_US,adp,ok,1,adp
656,Baker College,https://www.baker.edu/about/get-to-know-us/careers/,own website,ok,3,
657,Oakland University,https://jobs.oakland.edu/postings/search,own website,ok,72,
658,Rochester University,https://workforcenow.adp.com/mascsr/default/mdf/recruitment/recruitment.html?cid=4ec54663-0058-4347-9828-d4720a7524f4&ccId=19000101_000001&lang=en_US&selectedMenuKey=CareerCenter,adp,ok,1,adp
659,Lake Superior State University,https://lssu.elluciancrmrecruit.com/Apply/Account/Create?f=74d097fd-e977-4014-8c74-57ea15a7d036&o=c32620df-99a6-4d73-825b-e072a3556b81&s=35d02c13-f240-e811-80d9-0a19abd13584&IsInquiry=True,own website,review,0,rendered no job-shaped links found
660,Lawrence Technological University,https://ltu.edu/about/human-resources/job-openings/,own website,ok,6,
661,Spring Arbor University,https://springarbor.edu/about/offices-and-schools/human-resources/careers.php,own website,review,2,rendered few job-shaped links
662,Walsh College,https://www.paycomonline.net/v4/ats/web.php/jobs?clientkey=8B50A1FFE490890FFF138330679CB02A&fromClientSide=true,own website,review,1,rendered few job-shaped links
663,Saginaw Valley State University,https://wd503.myworkday.com/svsu/d/home.htmld,own website,review,0,rendered no job-shaped links found
665,Eastern Michigan University,https://secure.dc4.pageuppeople.com/apply/1092/aw/applicationForm/default.asp,own website,review,0,rendered no job-shaped links found
666,Bemidji State University,https://minnstate.wd115.myworkdayjobs.com/Minnesota_State_Careers?Institution=a7c1912089511000d545d2b3d8c70002,workday,ok,3,workday
669,Saint Johns University,https://www.schooljobs.com/careers/osb?jobType[0]=Faculty&sort=PositionTitle%7CAscending,own website,ok,13,
670,University of Minnesota-Crookston,https://crk.umn.edu/human-resources/employment,own website,ok,44,
671,The College of Saint Scholastica,https://workforcenow.adp.com/mascsr/default/mdf/recruitment/recruitment.html?cid=f49f191a-7524-465b-8442-e0768f85867a&ccId=31713375_2&lang=en_US,adp,ok,1,adp
672,University of Minnesota-Duluth,https://hr.umn.edu/jobs/Applicant-Support/Veteran-Employment-Guidance,own website,ok,28,
674,Minnesota State University-Mankato,https://minnstate.wd115.myworkdayjobs.com/Minnesota_State_Careers?Institution=a7c1912089511000d545e0844e430004,workday,ok,10,workday
675,Southwest Minnesota State University,https://minnstate.wd115.myworkdayjobs.com/Minnesota_State_Careers?Institution=a7c1912089511000d545c27b54900000,workday,ok,3,workday
676,Augsburg University,https://careers.smartrecruiters.com/AugsburgUniversity-MinneapolisMN/faculty,smartrecruiters,ok,46,smartrecruiters
679,North Central University,https://www.northcentral.edu/about/employment/current-job-openings/,own website,ok,11,rendered [shared URL]
680,University of Minnesota-Twin Cities,https://hr.umn.edu/jobs/Applicant-Support/Veteran-Employment-Guidance,own website,ok,28,
683,Minnesota State University Moorhead,https://minnstate.wd115.myworkdayjobs.com/Minnesota_State_Careers?Institution=a7c1912089511000d545deb6e32a0001,workday,ok,1,workday
684,University of Minnesota-Morris,https://hr.umn.edu/jobs/Applicant-Support/Veteran-Employment-Guidance,own website,ok,28,
685,Carleton College,https://www.myworkday.com/carleton/d/home.htmld,own website,review,0,rendered no job-shaped links found
686,St Olaf College,https://fa-ewur-saasfaprod1.fa.ocs.oraclecloud.com/hcmUI/CandidateExperience/en/sites/CX_3,oracle,empty,0,oracle returned 0
687,Crown College,https://secure5.entertimeonline.com/ta/CBIZ20706.careers?CareersSearch,own website,review,1,rendered few job-shaped links
688,Saint Cloud State University,https://minnstate.wd115.myworkdayjobs.com/Minnesota_State_Careers,workday,ok,132,workday
689,College of Saint Benedict,https://www.schooljobs.com/careers/osb?jobType[0]=Faculty&sort=PositionTitle%7CAscending,own website,ok,13,[shared URL]
692,Hamline University,https://hamline.wd5.myworkdayjobs.com/Faculty_Career_Site,workday,ok,1,workday
693,Macalester College,https://macalester.wd108.myworkdayjobs.com/humanresources-careers,workday,ok,13,workday
694,Metropolitan State University,https://minnstate.wd115.myworkdayjobs.com/Minnesota_State_Careers?Institution=a7c1912089511000d545c57bc0dd0001,workday,ok,4,workday
695,St Catherine University,https://stcatherine.peopleadmin.com/,peopleadmin,ok,10,peopleadmin
696,University of Northwestern-St Paul,https://jobs.unwsp.edu/jobs/search/search-page,own website,ok,19,rendered
697,University of St Thomas,https://staffemployment-stthomas.icims.com/,icims,ok,20,icims
698,Gustavus Adolphus College,https://gustavus.edu/about/administrative-offices/human-resources/employment-opportunities-human-resources,own website,ok,3,
699,Herzing University-Minneapolis,https://recruiting2.ultipro.com/HER1009HRZ/JobBoard/267d2e37-abff-4559-8a18-a754503d3749,ultipro,broken,0,RuntimeError: could not parse ultipro tenant/board path
700,Saint Mary's University of Minnesota,https://faculty-saintmarysuniversity.icims.com/jobs/search?ss=1&in_iframe=1&hashed=-625950295,icims,ok,4,icims
701,Winona State University,https://minnstate.wd115.myworkdayjobs.com/Minnesota_State_Careers?Institution=a7c1912089511000d545c9b0beeb0000,workday,ok,5,workday
703,Culver-Stockton College,https://culver.edu/gps-core/,own website,ok,5,
704,Southeast Missouri State University,https://www.governmentjobs.com/careers/semoedu/promotionaljobs?jobType[0]=Faculty&sort=PositionTitle%7CAscending,own website,ok,13,
705,Columbia College,https://www.ccis.edu/careers/jobs,own website,ok,4,rendered
706,Stephens College,https://recruiting.paylocity.com/recruiting/jobs/All/d53f2230-ae23-44c3-8a0e-3b1b9a0697a7/Stephens-College,own website,ok,39,rendered
707,University of Missouri-Columbia,https://www.umsystem.edu/ums/hr/income,own website,review,1,rendered few job-shaped links
708,Central Methodist University-College of Liberal Arts and Sciences,https://centralmethodist.edu/about/offices/human-resources/jobs-fayette/index.html,own website,ok,3,
709,Westminster College,https://recruiting.paylocity.com/recruiting/jobs/All/a5d7af06-7587-4fed-8c04-2df22f7d0e9b/Westminster-College?location=Westminster%20College%20-%20Fulton%2C%20MO&department=All%20Departments,own website,ok,8,rendered
710,William Woods University,https://www.williamwoods.edu/employment/adjunct-faculty-employment/,own website,review,2,rendered few job-shaped links
711,Hannibal-LaGrange University,https://www.hlg.edu/forms/adjunctfacultyapplication/,own website,broken,0,HTTP 403
713,Missouri Southern State University,https://www.mssu.edu/financial-services/human-resources/eeoc.php,own website,review,1,rendered few job-shaped links
714,Avila University,https://www.avila.edu/about/administrative-offices/human-resources/careers/,own website,ok,3,
715,Calvary University,https://www.calvary.edu/employment/work-at-calvary/,own website,ok,4,
716,City Vision University,https://cityvisionuniversity.applytojob.com,own website,ok,5,
717,Rockhurst University,https://www.rockhurst.edu/about/human-resources/equal-employment-opportunity,own website,ok,4,
718,University of Missouri-Kansas City,https://www.umkc.edu/hr/careers/index.html,own website,broken,0,HTTP 404
719,Truman State University,https://trumansu.peopleadmin.com/postings/search?utf8=‚úì&query=&query_v0_posted_at_date=&query_position_type_id%5B%5D=3&435=&commit=Search,peopleadmin,ok,8,peopleadmin
720,William Jewell College,https://www.jewell.edu/employment,own website,review,2,rendered few job-shaped links
721,Missouri Valley College,https://www.moval.edu/?post_type=page&p=524,own website,ok,5,
722,Northwest Missouri State University,https://nwmissouri.wd108.myworkdayjobs.com/External,workday,ok,23,workday
723,Cottey College,https://cottey.edu/employment/,own website,ok,7,
724,Park University,https://park.wd1.myworkdayjobs.com/ParkUniversityCareers,workday,ok,8,workday
725,College of the Ozarks,https://www.cofo.edu/jobs,own website,ok,5,
726,Missouri University of Science and Technology,https://jobs.mst.edu/,own website,ok,12,
727,Lindenwood University,https://lindenwood.wd1.myworkdayjobs.com/CareerOpportunities,workday,ok,69,workday
728,Missouri Western State University,https://mwsu.peopleadmin.com/,peopleadmin,ok,12,peopleadmin
731,Maryville University of Saint Louis,https://careers.maryville.edu/?_ga=2.65064999.867605969.1689610591-885137803.1623179314,own website,ok,4,
733,Saint Louis University,https://slu.wd5.myworkdayjobs.com/Careers,workday,ok,68,workday
734,University of Missouri-St Louis,https://www.umsl.edu/services/hrs/careers/index.html,own website,ok,5,
735,Washington University in St Louis,https://wustl.wd1.myworkdayjobs.com/External,workday,ok,671,workday
736,Webster University,https://recruiting.adp.com/srccar/public/RTI.home?c=1180715&d=ExternalCareerSite,own website,review,0,rendered no job-shaped links found
737,Drury University,https://www.drury.edu/hr/drury-university-jobs/,own website,ok,7,
739,Mission University,https://mission.edu/jobs/,own website,review,2,rendered few job-shaped links
740,Missouri State University-Springfield,https://jobs.missouristate.edu/,own website,ok,7,
741,University of Central Missouri,https://www.schooljobs.com/careers/ucmo?jobType[0]=Faculty&sort=PositionTitle%7CAscending,own website,ok,18,
744,Delta State University,https://deltastate.peopleadmin.com/,peopleadmin,ok,30,peopleadmin
746,Mississippi University for Women,https://muw.peopleadmin.com/,peopleadmin,ok,40,peopleadmin
747,University of Southern Mississippi,https://usm.csod.com/ats/careersite/search.aspx?site=1&c=usm,cornerstone,ok,131,cornerstone
748,William Carey University,https://www.paycomonline.net/v4/ats/web.php/jobs?clientkey=E66B3C1689D7CACD88837E5AD889588C,own website,ok,10,rendered
753,Millsaps College,https://millsaps.edu/work-at-millsaps/,own website,ok,9,
755,Mississippi State University,http://explore.msujobs.msstate.edu/,own website,ok,47,rendered
757,University of Mississippi,https://olemiss.wd12.myworkdayjobs.com/External__Faculty,workday,ok,21,workday
758,Montana State University Billings,http://www.mus.edu/hr/jobs.asp,own website,ok,10,
759,Rocky Mountain College,https://www.facebook.com/rockymountaincollege/,own website,broken,0,not a jobs site (www.facebook.com)
760,Montana State University,https://jobs.montana.edu/postings/search,own website,ok,74,
761,Montana Technological University,https://montanatechuniversity.applytojob.com/apply,own website,ok,16,
762,The University of Montana-Western,https://www.umwestern.edu/section/vacancy-procedure-documents/,own website,ok,4,
763,University of Providence,https://www.uprovidence.edu/employment/,own website,review,0,rendered wall/challenge page
764,Montana State University-Northern,https://jobs.msun.edu/postings/2686,own website,ok,6,
765,Carroll College,https://www.carroll.edu/about/work-carroll,own website,ok,5,
766,The University of Montana,https://apply.interfolio.com/53871/positions,own website,review,0,rendered no job-shaped links found
767,University of North Carolina Asheville,https://uncash-sb.peopleadmin.com/,peopleadmin,ok,23,peopleadmin
768,Lees-McRae College,https://leesmcrae.peopleadmin.com/,peopleadmin,ok,20,peopleadmin
769,Belmont Abbey College,https://belmontabbeycollege.edu/about-us/employment,own website,ok,4,
771,Appalachian State University,https://appstate.peopleadmin.com/postings/search?utf8=%E2%9C%93&query=&query_v0_posted_at_date=&query_position_type_id%5B%5D=3&commit=Search,peopleadmin,ok,116,peopleadmin
772,Brevard College,https://brevard.edu/employment-opportunities/,own website,ok,12,
773,Campbell University,https://phg.tbe.taleo.net/phg01/ats/careers/v2/jobSearch?act=redirectCwsV2&cws=37&org=CAMPUNIV,taleo,ok,49,taleo
774,University of North Carolina at Chapel Hill,https://unc.peopleadmin.com/postings/search,peopleadmin,ok,451,peopleadmin
777,Queens University of Charlotte,https://www.queens.edu/careers/why-work-at-queens/career-opportunities-at-queens/,own website,ok,8,
778,University of North Carolina at Charlotte,https://jobs.charlotte.edu/postings/search,own website,ok,70,
779,Western Carolina University,https://jobs.wcu.edu/postings/search,own website,ok,70,
780,Davidson College,https://fa-exci-saasfaprod1.fa.ocs.oraclecloud.com/hcmUI/CandidateExperience/en/sites/CX_2,oracle,empty,0,oracle returned 0
781,Duke University,https://hr.duke.edu/careers/new-duke/,own website,ok,10,
785,Elon University,https://jobs.elon.edu/jobs/search,own website,ok,34,rendered
787,Methodist University,https://www.methodist.edu/offices-services/human-resources/,own website,review,2,rendered few job-shaped links
789,Greensboro College,https://www.greensboro.edu/employment/,own website,ok,6,
790,Guilford College,https://guilford.wd1.myworkdayjobs.com/Guilford_Careers,workday,ok,15,workday
793,University of North Carolina at Greensboro,https://spartantalent.uncg.edu/postings/search,own website,ok,71,
794,East Carolina University,https://ecu.peopleadmin.com//postings/search?utf8=%E2%9C%93&query=&query_v0_posted_at_date=&query_position_type_id%5B%5D=3&435=&commit=Search,peopleadmin,ok,273,peopleadmin
795,Lenoir-Rhyne University,https://www.lr.edu/work-at-lr/human-resources,own website,ok,3,
796,High Point University,https://highpoint.wd503.myworkdayjobs.com/Highpoint-Faculty,workday,ok,72,workday
799,Mars Hill University,https://jobs.appone.com/marshilluniversity,own website,broken,0,HTTP 404
800,Pfeiffer University,https://www.pfeiffer.edu/career-success/,own website,ok,5,
802,University of Mount Olive,https://www.umo.edu/employment/,own website,broken,0,HTTP 403
803,Chowan University,https://www.chowan.edu/about/offices/human-resources/workstudyjobs/,own website,review,2,rendered few job-shaped links
804,University of North Carolina at Pembroke,https://jobs.uncp.edu/postings/search,own website,ok,68,
805,Meredith College,https://meredith.career-pages.com/jobs/search,own website,ok,24,rendered
806,North Carolina State University at Raleigh,https://jobs.ncsu.edu/postings/search,own website,ok,78,
809,William Peace University,https://peace.peopleadmin.com/postings/search?&query=&query_v0_posted_at_date=&1229%5B%5D=2&435=&commit=Search,peopleadmin,ok,23,peopleadmin
810,North Carolina Wesleyan University,https://ncwu.edu/community/careers/current-openings/faculty-teaching-positions/,own website,ok,7,
811,Catawba College,https://www.catawba.edu/jobs/,own website,ok,3,
813,Warren Wilson College,https://www.warren-wilson.edu/about/employment/,own website,review,1,rendered few job-shaped links
814,University of North Carolina Wilmington,https://jobs.uncw.edu/,own website,ok,6,
815,Barton College,https://www.barton.edu/academics/academic-career-planning/,own website,ok,3,
816,Wingate University,https://wingate.wd5.myworkdayjobs.com/WU,workday,ok,25,workday
817,Salem College,https://www.salem.edu/about/employment/limitedtermcustodian/,own website,review,1,rendered few job-shaped links
818,Wake Forest University,https://wfu.wd1.myworkdayjobs.com/Faculty_Career_Website_live,workday,ok,3,workday
820,University of Mary,https://universityofmary.applytojob.com/apply,own website,ok,28,
821,Dickinson State University,https://dickinsonstate.edu/about/employment/open-positions/index.html,own website,ok,5,
823,North Dakota State University-Main Campus,https://www.ndsu.edu/employment,own website,review,2,rendered few job-shaped links
824,University of North Dakota,https://careers.und.edu/jobs/search?page=1&employment_type_uids%5B%5D=afe7aeecda1cf319ef9b1e1319fcf960&query=,own website,ok,32,rendered
825,University of Jamestown,https://www.uj.edu/about/job-opportunities/,own website,ok,11,rendered
826,Mayville State University,https://www.mayvillestate.edu/campus-life/campus-employment/,own website,ok,3,
827,Minot State University,https://www.minotstateu.edu/hr,own website,review,2,rendered few job-shaped links
828,Valley City State University,https://www.vcsu.edu/jobs/,own website,ok,31,
829,Bellevue University,https://workforcenow.adp.com/mascsr/default/mdf/recruitment/recruitment.html?cid=191fb38a-3b70-4f49-b37f-cb2eda186474&ccId=9201943470232_2&lang=en_US,adp,empty,0,adp returned 0
830,Chadron State College,https://nscs.peopleadmin.com/postings/13006,peopleadmin,ok,41,peopleadmin
831,Doane University,https://doane.peopleadmin.com/postings/search,peopleadmin,ok,26,peopleadmin
832,Midland University,https://www.midlandu.edu/about/careers/,own website,ok,3,
833,Hastings College,https://www.hastings.edu/academics/academic-opportunities/,own website,ok,3,
834,University of Nebraska at Kearney,https://unknews.unk.edu/2026/08/25/vail-ziolkowski-beissel-heath-selected-for-endowed-faculty-positions-at-unk/,own website,review,2,rendered few job-shaped links
835,Nebraska Wesleyan University,https://www.nebrwesleyan.edu/about-nwu/employment/business-office-hr-associate,own website,ok,3,
837,University of Nebraska-Lincoln,https://employment.unl.edu/postings/search?utf8=%E2%9C%93&query=&query_v0_posted_at_date=&query_organizational_tier_3_id%5B%5D=any&1257=&1258%5B%5D=3&1258%5B%5D=7&commit=Search,own website,ok,39,
838,Clarkson College,https://nebraskamed.wd5.myworkdayjobs.com/en-US/Clarkson,workday,ok,10,workday
839,College of Saint Mary,https://www.csm.edu/academics/career-pathways/,own website,broken,0,HTTP 403
840,Creighton University,https://hcps.fa.us2.oraclecloud.com/hcmUI/CandidateExperience/en/sites/CX_1/jobs,oracle,ok,51,oracle
841,University of Nebraska at Omaha,https://unomaha.peopleadmin.com/,peopleadmin,ok,52,peopleadmin
842,Peru State College,https://nscs.peopleadmin.com/postings/search?utf8=%E2%9C%93&query=&query_v0_posted_at_date=&435=&query_organizational_tier_3_id%5B%5D=any&1349%5B%5D=2&commit=Search,peopleadmin,ok,41,peopleadmin
844,Wayne State College,https://www.wsc.edu/directory/16/employment-opportunities/category/300,own website,ok,4,rendered
845,York University,https://www.york.edu/about/employment.php#faculty,own website,ok,4,
846,University of New Hampshire-Main Campus,https://usnh.wd5.myworkdayjobs.com/Careers,workday,ok,254,workday
847,Dartmouth College,https://www.buzzfeed.com/about/jobs,own website,ok,8,rendered
848,New England College,https://nec.peopleadmin.com,peopleadmin,ok,22,peopleadmin
849,Keene State College,https://usnh.wd5.myworkdayjobs.com/Careers,workday,ok,254,workday [shared URL]
850,Saint Anselm College,https://anselm.wd1.myworkdayjobs.com/Anselm,workday,ok,6,workday
851,Southern New Hampshire University,https://jobs.snhu.edu/en/career-areas/online-teaching-jobs/,own website,ok,17,
852,University of New Hampshire College of Professional Studies Online,https://cps.unh.edu/online/why-unh-cps-online/career-support,own website,review,2,rendered few job-shaped links
853,University of New Hampshire at Manchester,https://manchester.unh.edu/careers,own website,ok,7,
854,Rivier University,https://www.schooljobs.com/careers/rivieredu?jobType[0]=Faculty&sort=PositionTitle%7CAscending,own website,ok,13,
855,Colby-Sawyer College,https://secure.entertimeonline.com/ta/ColbySawyer.careers?CareersSearch&ein_id=85020931&career_portal_id=1130757,own website,review,1,rendered few job-shaped links
856,Plymouth State University,https://usnh.wd5.myworkdayjobs.com/Careers,workday,ok,254,workday [shared URL]
857,Franklin Pierce University,https://franklinpierce.edu/paths,own website,ok,6,
858,Bloomfield College,https://montclair.wd1.myworkdayjobs.com/JobOpportunities,workday,ok,38,workday
859,Caldwell University,https://www.caldwell.edu/hr/employment-opportunities/faculty-full-time/,own website,ok,8,
860,Rutgers University-Camden,https://jobs.rutgers.edu/postings/search,own website,ok,81,
861,The College of New Jersey,https://tcnj.taleo.net/careersection/00_ex_faculty/jobsearch.ftl?lang=en,taleo,ok,2,taleo
862,Stockton University,https://employment.stockton.edu/jobs/search,own website,ok,33,rendered
863,Rowan University,https://jobs.rowan.edu/en-us/listing/,own website,ok,23,rendered
864,Centenary University,https://www.instagram.com/p/DcMh4Y-oP_M/,own website,broken,0,not a jobs site (www.instagram.com)
865,Stevens Institute of Technology,https://stevens.wd5.myworkdayjobs.com/External,workday,ok,45,workday
867,New Jersey City University,https://kean.wd503.myworkdayjobs.com/Kean,workday,ok,50,workday
868,Saint Peter's University,https://www.paycomonline.net/v4/ats/web.php/portal/055E28882001FE667534B0880CFCD275/career-page,own website,ok,10,rendered
869,Georgian Court University,https://workforcenow.adp.com/mascsr/default/mdf/recruitment/recruitment.html?cid=0674ba22-8f97-458a-80c0-91217826b19b&ccId=9151465763873_19553&lang=en_US,adp,ok,1,adp
870,Rider University,https://www.schooljobs.com/careers/rideru?jobType[0]=Faculty&sort=PositionTitle%7CAscending,own website,ok,12,
871,Felician University,https://felician.edu/about-felician-university/careers-at-felician/,own website,ok,65,
872,Drew University,https://drew.edu/about/human-resources/employment-opportunities/,own website,ok,31,
873,Fairleigh Dickinson University-Florham Campus,https://www.instagram.com/reel/Db53N_YDMHp/,own website,broken,0,not a jobs site (www.instagram.com)
874,Ramapo College of New Jersey,https://www.schooljobs.com/careers/ramapo/?jobType[0]=Faculty&sort=PositionTitle%7CAscending,own website,ok,15,
875,Montclair State University,https://montclair.wd1.myworkdayjobs.com/JobOpportunities,workday,ok,38,workday [shared URL]
876,Saint Elizabeth University,https://workforcenow.adp.com/mascsr/default/mdf/recruitment/recruitment.html?cid=08c27dfd-4a66-473e-ac0f-70b2d10bc070&ccId=19000101_000001&source=CC2&lang=en_US&selectedMenuKey=CurrentOpenings,adp,ok,1,adp
877,Rutgers University-New Brunswick,https://jobs.rutgers.edu/postings/search,own website,ok,81,
878,New Jersey Institute of Technology,https://jobs.njit.edu,own website,ok,22,rendered
879,Pillar College,https://www.pillar.edu/careers,own website,ok,4,
880,Rutgers University-Newark,https://careers.newark.rutgers.edu/channels/detecting-fraudulent-job-postings/,own website,ok,84,
882,Princeton University,http://dof.princeton.edu/academicjobs,own website,broken,0,HTTP 403
883,Seton Hall University,http://jobs.shu.edu/cw/en-us/search/?category=Faculty,own website,ok,24,rendered
884,Fairleigh Dickinson University-Metropolitan Campus,https://www.instagram.com/reel/Db53N_YDMHp/,own website,broken,0,not a jobs site (www.instagram.com)
885,Thomas Edison State University,https://tesu.elluciancrmrecruit.com/Apply/Account/ProspectInquiry?f=a5c390e3-cba0-4376-b596-8fba5466af6e&o=8a362f72-262c-48bc-a36d-c5d6e0f75af6&s=c1a80143-768e-e311-a614-00155d01181f,own website,review,0,rendered no job-shaped links found
886,Kean University,https://kean.wd503.myworkdayjobs.com/Kean,workday,ok,50,workday [shared URL]
887,William Paterson University of New Jersey,https://www.wpunj.edu/human-resources/jobs-careers-comp/employment-opportunities,own website,ok,10,
888,Monmouth University,https://jobs.monmouth.edu/,own website,ok,55,rendered
891,University of New Mexico-Main Campus,https://unmjobs.unm.edu/,own website,ok,7,
892,Northern New Mexico College,https://chess.wd1.myworkdayjobs.com/nnmcjobs,workday,ok,17,workday
893,University of the Southwest,https://www.usw.edu/faculty-openings,own website,ok,4,
894,New Mexico State University-Main Campus,https://careers.nmsu.edu/,own website,ok,36,rendered
895,New Mexico Highlands University,https://www.paycomonline.net/v4/ats/web.php/portal/2881FFE43C19E2921F626A9C2B366153/career-page,own website,ok,10,rendered
896,Eastern New Mexico University-Main Campus,https://www.schooljobs.com/careers/enmu?jobType[0]=Faculty&sort=PositionTitle%7CAscending,own website,ok,14,
897,Institute of American Indian and Alaska Native Culture and Arts Development,https://iaia.edu/about/employment/,own website,broken,0,HTTP 403
898,Western New Mexico University,https://wnmu.peopleadmin.com/,peopleadmin,ok,22,peopleadmin
899,New Mexico Institute of Mining and Technology,https://www.nmt.edu/hr/employment.php,own website,review,2,rendered few job-shaped links
901,Nevada State University,https://nshe.wd1.myworkdayjobs.com/NSU-external,workday,ok,63,workday
902,University of Nevada-Las Vegas,https://nshe.wd1.myworkdayjobs.com/UNLV-External,workday,ok,129,workday
904,University of Nevada-Reno,https://nshe.wd1.myworkdayjobs.com/UNR-external,workday,ok,127,workday
905,Excelsior University,https://www.excelsior.edu/career-training,own website,ok,6,
907,University at Albany,https://albany.interviewexchange.com/jobsearchfrm.jsp,own website,broken,0,HTTP 403
908,Alfred University,https://www.alfred.edu/jobs-at-alfred/index.cfm,own website,ok,44,rendered
909,Daemen University,https://www.daemen.edu/about/working-daemen/employment-opportunities,own website,review,1,rendered few job-shaped links
910,Bard College,https://www.bard.edu/humanresources/employment/,own website,review,2,rendered few job-shaped links
912,SUNY Brockport,https://www.brockport.edu/support/human-resources/careers/,own website,ok,4,
913,CUNY Lehman College,https://cuny.jobs/campus/lehman-college/job-category/faculty/jobs/,own website,ok,12,rendered
914,Fordham University,https://www.fordham.edu/info/30759/faculty_opportunities,own website,ok,3,
916,University of Mount Saint Vincent,https://mountsaintvincent.edu/employment-opportunities/,own website,review,2,rendered few job-shaped links
917,CUNY Brooklyn College,https://cuny.jobs/campus/brooklyn-college/job-category/faculty/jobs/,own website,review,2,rendered few job-shaped links
918,CUNY Medgar Evers College,https://cuny.jobs/campus/medgar-evers-college/job-category/faculty/jobs/,own website,ok,8,rendered
919,CUNY New York City College of Technology,https://cuny.jobs/campus/new-york-city-college-of-technology/job-category/faculty/jobs/,own website,ok,71,rendered
920,Pratt Institute-Main,https://www.pratt.edu/administrative-departments/human-resources/open-positions/faculty-positions/,own website,ok,13,
921,St. Francis College,https://www.sfc.edu/why-sfc/careers-at-sfc,own website,ok,6,
922,St. Joseph's University-New York,https://www.sjny.edu/employment,own website,broken,0,HTTP 403
923,Long Island University,https://jobs.liu.edu/job_details/4967,own website,review,1,rendered few job-shaped links
924,Canisius University,https://canisiusuniversity-puzzlehr.icims.com/,icims,ok,7,icims
925,D'Youville  University,https://dyouville-university.prismhr-hire.com/job/726161/college-of-osteopathic-medicine-chair-primary-care,own website,ok,3,
927,SUNY Buffalo State University,https://jobs.buffalostate.edu/,own website,ok,8,
928,University at Buffalo,https://www.buffalo.edu/administrative-services/careers-at-ub/ny-helps-program.html,own website,ok,64,
929,Villa Maria College,https://www.villa.edu/about-us/employment-opportunities/employment-application/,own website,review,1,rendered few job-shaped links
930,SUNY College of Technology at Canton,https://canton-accommodate.symplicity.com/,own website,review,0,rendered no job-shaped links found
931,St Lawrence University,https://careerhub-clarkson.icims.com/jobs/search?hashed=-625885781&mobile=false&width=1246&height=500&bga=true&needsRedirect=false&jan1offset=-300&jun1offset=-240,icims,empty,0,icims returned 0
933,Hamilton College,https://www.hamilton.edu/offices/human-resources/employment/job-opportunities,own website,ok,5,
934,SUNY College of Agriculture and Technology at Cobleskill,https://cobleskill.interviewexchange.com/static/clients/474SCM1/index.jsp,own website,broken,0,HTTP 403
935,State University of New York at Cortland,https://www2.cortland.edu/offices/hr/jobs,own website,ok,10,
936,SUNY College of Technology at Delhi,https://delhi.interviewexchange.com/static/clients/409SDM1/index.jsp,own website,broken,0,HTTP 403
938,Mercy University,https://www.mercy.edu/about/human-resources/employment-mercy,own website,ok,7,
939,Elmira College,https://www.elmira.edu/welcome-to-elmira/about-ec/careers/careers,own website,broken,0,HTTP 403
940,Farmingdale State College,https://farmingdale.interviewexchange.com/static/clients/383FAM1/index.jsp,own website,broken,0,HTTP 403
941,SUNY at Fredonia,https://www.fredonia.edu/about/offices/human-resources/jobs,own website,broken,0,HTTP 403
942,Adelphi University,https://phf.tbe.taleo.net/phf02/ats/careers/v2/searchResults?org=ADELPHI&cws=43,taleo,ok,11,taleo
943,SUNY College at Geneseo,https://www.geneseo.edu/provost/applying-for-faculty-positions,own website,ok,3,
944,Hobart William Smith Colleges,https://www.hws.edu/offices/hr/employment-opportunities/faculty.aspx,own website,ok,3,
945,Hilbert College,https://recruiting.myapps.paychex.com/appone/Branding/ReqTemplate/BrowseAllJobsbyCategory.asp?Type=REQ&FromID=1&ClientID=20341&B_ID=91&JobCode=0&CountryID=3&LanguageID=2&servervar=hilbertcollege.appone.com,own website,ok,10,
946,Colgate University,https://www.colgate.edu/success-after-colgate,own website,ok,5,
947,Hofstra University,https://hofstra.peopleadmin.com/,peopleadmin,ok,81,peopleadmin
949,Cornell University,https://jobs.hr.cornell.edu/us/en,own website,ok,8,
950,Ithaca College,https://www.ithaca.edu/center-career-exploration-and-development,own website,ok,54,
951,CUNY York College,https://cuny.jobs/campus/york-college/job-category/faculty/jobs/,own website,ok,8,rendered
952,Keuka College,https://www.keuka.edu/hr/employment-opportunities,own website,ok,4,
953,Siena College,https://siena.interviewexchange.com/jobsearchfrm.jsp,own website,broken,0,HTTP 403
954,State University of New York at New Paltz,https://www.newpaltz.edu/hr/displayjobs.php?type=Faculty,own website,ok,6,rendered
955,Iona University,https://www.paycomonline.net/v4/ats/web.php/jobs?clientkey=F28471DFA0F4183976163E181A695BE1,own website,ok,10,rendered
957,Barnard College,https://barnard.wd1.myworkdayjobs.com/Faculty,workday,ok,5,workday
959,Boricua College,https://www.boricuacollege.edu/careers,own website,review,2,rendered few job-shaped links
960,CUNY Bernard M Baruch College,https://cuny.jobs/campus/baruch-college/job-category/faculty/jobs/,own website,ok,24,rendered
961,CUNY City College,https://cuny.jobs/campus/city-college/job-category/faculty/jobs/,own website,ok,71,rendered
962,CUNY Graduate School and University Center,https://cuny.jobs/campus/graduate-center/job-category/faculty/jobs/,own website,ok,8,rendered
963,CUNY Hunter College,https://cuny.jobs/campus/hunter-college/job-category/faculty/jobs/,own website,ok,12,rendered
964,CUNY John Jay College of Criminal Justice,https://cuny.jobs/campus/john-jay-college-of-criminal-justice/job-category/faculty/jobs/,own website,ok,71,rendered
965,Columbia University in the City of New York,https://academic.careers.columbia.edu/,own website,broken,0,HTTP 403
968,Marymount Manhattan College,https://service.northeastern.edu/hr?id=kb_article_view&sysparm_article=KB000024399&sys_kb_id=0216c71c47168f10c5a12675d36d43c8&spa=1,own website,ok,25,rendered
969,Metropolitan College of New York,https://www.paycomonline.net/v4/ats/web.php/portal/0AFB6B93B59D609A2037FAB5547D9B02/career-page,own website,ok,5,rendered
970,New York University,https://www.nyu.edu/about/university-initiatives/nyu-irl.html,own website,review,0,rendered no job-shaped links found
971,Pace University,https://secure6.saashr.com/ta/6000630.careers?CareersSearch,own website,review,1,rendered few job-shaped links
973,The King's College,https://www.tkc.edu/?page_id=1006,own website,broken,0,HTTP 404
974,The New School,https://newschool.wd1.myworkdayjobs.com/External,workday,ok,184,workday
977,Mount Saint Mary College,https://workforcenow.adp.com/mdf/recruitment/recruitment.html?cid=9553338f-c93c-40ce-9a23-04b38f1294de&jobId=579084&lang=en_US,adp,ok,1,adp
978,Niagara University,https://niagara.applicantpro.com/jobs/,own website,ok,24,rendered
979,New York Institute of Technology,https://www.nyit.edu/human_resources/careers,own website,ok,3,rendered
980,SUNY Old Westbury,https://oldwestbury.interviewexchange.com/static/clients/519OWM1/index.jsp,own website,broken,0,HTTP 403
981,Hartwick College,https://hartwickcollege.applytojob.com/apply,own website,ok,21,
982,SUNY Oneonta,https://oneonta.interviewexchange.com/static/clients/336ONM1/index.jsp,own website,broken,0,HTTP 403
983,Dominican University New York,https://www.duny.edu/category/employment-opportunities/,own website,broken,0,HTTP 403
984,State University of New York at Oswego,https://oswego.interviewexchange.com/static/clients/313OSM1/index.jsp,own website,broken,0,HTTP 403
985,Paul Smiths College of Arts and Science,https://www.paulsmiths.edu/careers/,own website,ok,13,rendered
986,SUNY College at Plattsburgh,https://www.plattsburgh.edu/about/offices-divisions/administration-finance/human-resources/jobs/index.html,own website,ok,11,
987,Clarkson University,https://careerhub-clarkson.icims.com,icims,empty,0,icims returned 0
988,SUNY College at Potsdam,https://employment.potsdam.edu/postings/search,own website,ok,26,
989,Marist College,https://www.marist.edu/careers,own website,ok,11,
990,Vassar College,https://www.ey.com/en_us/careers/how-to-join-us,own website,ok,27,
991,Manhattanville College,https://mville.exacthire.com/All_Open_Jobs_at_All_Locations?jobs=[],own website,ok,16,rendered
992,SUNY at Purchase College,https://jobs.purchase.edu/,own website,ok,3,
993,CUNY Queens College,https://cuny.jobs/campus/queens-college/job-category/faculty/jobs/,own website,ok,8,rendered
994,St. John's University-New York,https://www.schooljobs.com/careers/stjohns?jobType[0]=Contract%20Faculty&jobType[1]=Full-Time%20Faculty&jobType[2]=Part-Time%20Faculty&sort=PositionTitle%7CAscending,own website,ok,12,
996,Nazareth University,https://jobs.naz.edu/postings/search?utf8=%E2%9C%93&query=&query_v0_posted_at_date=&273=&query_organizational_tier_3_id=any&493=&query_position_type_id=2&commit=Search,own website,ok,9,
998,Rochester Institute of Technology,https://rit.wd12.myworkdayjobs.com/careers,workday,ok,79,workday
999,St. John Fisher University,https://www.sjf.edu/services/human-resources/career-experience/,own website,ok,3,
1000,University of Rochester,https://www.rochester.edu/human-resources/careers/,own website,ok,23,
1001,Molloy College,https://workforcenow.adp.com/mascsr/default/mdf/recruitment/recruitment.html?cid=f1758074-bb0b-4d6b-8d46-3a90ce325365&ccId=19000101_000001&lang=en_US,adp,ok,1,adp
1002,St Bonaventure University,https://www.schooljobs.com/careers/sbuedu/?jobType[0]=Faculty&sort=PositionTitle%7CAscending,own website,ok,12,
1003,Empire State University,https://esc.interviewexchange.com/static/clients/397ESM1/index.jsp?catid=802,own website,broken,0,HTTP 403
1004,Skidmore College,https://www.skidmore.edu/advancement/giving-opportunities/index.php,own website,review,0,rendered no job-shaped links found
1005,Union College,https://unioncollege.wd5.myworkdayjobs.com/UnionCollegeCareers,workday,ok,40,workday
1006,St. Thomas Aquinas College,https://stac.edu/offices/human-resources/employment-opportunities/faculty-positions/,own website,ok,3,
1007,College of Staten Island CUNY,https://cuny.jobs/campus/college-of-staten-island/job-category/faculty/jobs/,own website,ok,8,rendered
1008,Wagner College,https://wagner.edu/hr/hr_openings/,own website,ok,7,rendered
1009,Stony Brook University,https://stonybrook-advocate.symplicity.com/collections/reportit/4a9adc9d6aa24c3cf581ea5daa46cd25,own website,review,0,rendered no job-shaped links found
1010,Le Moyne College,https://agilitas.wd503.myworkdayjobs.com/LMC,workday,ok,26,workday
1011,SUNY College of Environmental Science and Forestry,https://esf.interviewexchange.com/static/clients/444ESM1/index.jsp,own website,broken,0,HTTP 403
1012,Syracuse University,https://www.syracuse.edu/academics/career-paths/,own website,ok,18,
1013,SUNY Maritime College,https://maritime.interviewexchange.com/static/clients/373SMM1/index.jsp;jsessionid=107D5B11653B69221F22BF3DD4622539,own website,broken,0,HTTP 403
1014,Rensselaer Polytechnic Institute,https://rpi.dc4.pageuppeople.com/dashboard,own website,review,0,rendered no job-shaped links found
1015,Russell Sage College,https://sage.interviewexchange.com/,own website,broken,0,HTTP 403
1016,SUNY Polytechnic Institute,https://sunypoly.interviewexchange.com/static/clients/511SPM1/hiring.jsp,own website,broken,0,HTTP 403
1017,Utica University,https://www.utica.edu/hr/employment.cfm,own website,review,2,rendered few job-shaped links
1018,Binghamton University,https://www.binghamton.edu/offices/human-resources/jobs/,own website,ok,15,
1019,Ohio Northern University,https://onu.wd501.myworkdayjobs.com/ONU,workday,ok,22,workday
1020,University of Akron Main Campus,https://uakron.wd1.myworkdayjobs.com/en-US/UACareers,workday,ok,51,workday
1021,University of Mount Union,https://www.schooljobs.com/careers/mountunion/faculty?jobType[0]=Faculty&sort=PositionTitle%7CAscending,own website,ok,13,
1022,Ashland University,https://jobs.ashland.edu/postings/search?utf8=%E2%9C%93&query=&query_v0_posted_at_date=&query_position_type_id%5B%5D=3&435=&query_organizational_tier_3_id%5B%5D=any&1615=&commit=Search,own website,ok,15,
1023,Ohio University-Main Campus,https://www.ohiouniversityjobs.com/postings/search?utf8=%E2%9C%93&query=&query_v0_posted_at_date=&225=&query_position_type_id%5B%5D=2&commit=Search,own website,ok,72,
1024,Baldwin Wallace University,https://workforcenow.adp.com/mascsr/default/mdf/recruitment/recruitment.html?cid=4ca93b73-7ad8-4b7e-9865-fba9ae4e8e47&ccId=9200344927168_2&lang=en_US,adp,ok,1,adp
1025,Bluffton University,https://www.bluffton.edu/academiclife/career/index.aspx,own website,ok,6,
1026,Bowling Green State University-Main Campus,https://www.bgsu.edu/provost/resources/employment-recruitment/faculty-employment-opportunities.html,own website,ok,5,
1029,Wright State University-Lake Campus,https://jobs.wright.edu/,own website,ok,3,
1031,Mount St. Joseph University,https://www.msj.edu/employment-at-the-university/index.html,own website,ok,3,
1033,University of Cincinnati-Main Campus,https://jobs.uc.edu/go/Faculty/7912200/,own website,ok,3,
1034,Xavier University,https://xavier.wd108.myworkdayjobs.com/XavierCareers,workday,ok,27,workday
1036,Case Western Reserve University,https://apply.interfolio.com/31694/positions,own website,review,0,rendered no job-shaped links found
1037,Cleveland State University,https://www.csuohio.edu/hrd/hr-employment,own website,ok,5,
1039,Capital University,https://capital.applicantpro.com/jobs/,own website,ok,21,rendered
1041,Franklin University,https://www.franklin.edu/blog/careers,own website,ok,6,
1042,Ohio Dominican University,https://www.ohiodominican.edu/about/human-resources/index.html,own website,ok,4,
1043,Ohio State University-Main Campus,https://osu.wd1.myworkdayjobs.com/OSUCareers,workday,ok,1043,workday
1044,University of Dayton,https://careers.pageuppeople.com/875/cw/en-us/subscribe,own website,ok,3,
1045,Wright State University-Main Campus,#VALUE!,own website,broken,0,fetch failed [shared URL]
1046,Defiance College,https://www.defiance.edu/employment-opportunities/,own website,review,1,rendered few job-shaped links
1047,Ohio Wesleyan University,https://careers.owu.edu/ambassadors/,own website,ok,37,
1048,The University of Findlay,https://findlay.wd5.myworkdayjobs.com/careers,workday,ok,34,workday
1049,Kenyon College,https://www.kenyon.edu/offices-and-services/office-of-human-resources/job-opportunities/,own website,ok,13,
1050,Denison University,https://apply.interfolio.com/11076/positions,own website,review,1,rendered few job-shaped links
1051,Miami University-Hamilton,https://miamioh.wd5.myworkdayjobs.com/miamioh-faculty,workday,ok,35,workday
1052,Hiram College,https://www.hiram.edu/about-hiram-college/human-resources/careers-at-hiram/,own website,broken,0,HTTP 403
1053,Kent State University at Kent,https://jobs.kent.edu/,own website,ok,4,rendered
1055,Ohio State University-Lima Campus,https://lima.osu.edu/weserve/weserve-volunteer-opportunities,own website,review,1,rendered few job-shaped links
1056,Marietta College,https://marietta.interviewexchange.com/static/clients/465MCM1/index.jsp;jsessionid=4A76C959178576990FFE1A7A68DCDAB7,own website,broken,0,HTTP 403
1057,Ohio State University-Marion Campus,https://osumarion.osu.edu/engineering/career-opportunities-engineering,own website,ok,5,
1058,Miami University-Middletown,https://miamioh.wd5.myworkdayjobs.com/miamioh-faculty,workday,ok,35,workday [shared URL]
1060,Muskingum University,https://www.muskingum.edu/human-resources/careers,own website,ok,3,
1061,Walsh University,https://www.walsh.edu/careers.html,own website,ok,5,
1062,Oberlin College,https://jobs.oberlin.edu,own website,ok,8,
1063,Miami University-Oxford,https://miamioh.wd5.myworkdayjobs.com/miamioh-faculty,workday,ok,35,workday [shared URL]
1064,Lake Erie College,https://www.lec.edu/career-closet,own website,ok,5,
1065,Ursuline College,https://www.ursuline.edu/inside-ursuline/employment/inside-ursuline/employment/job-opportunities,own website,broken,0,HTTP 404
1066,Shawnee State University,https://www.schooljobs.com/careers/SSUOH?jobType[0]=Faculty&sort=PositionTitle%7CAscending,own website,ok,14,
1067,Wittenberg University,http://wittenberg.interviewexchange.com/jobofferdetails.jsp?JOBID=204109,own website,broken,0,HTTP 403
1068,Franciscan University of Steubenville,http://franciscan.edu/faculty-openings/,own website,ok,4,
1069,Lourdes University,https://recruiting.paylocity.com/recruiting/jobs/All/6800f223-2b60-47fe-ba0e-3602afc127d6/Lourdes-University,own website,review,0,rendered no job-shaped links found
1070,Heidelberg University,https://workforcenow.adp.com/mascsr/default/mdf/recruitment/recruitment.html?cid=e95d68be-1e4e-4259-96d9-6c28cf64c801&ccId=19000101_000001&lang=en_US,adp,ok,1,adp
1071,Tiffin University,https://recruiting.paylocity.com/recruiting/jobs/All/d48417f4-7a59-4e2c-b5f0-6f1677141828/Tiffin-University,own website,ok,16,rendered
1072,University of Toledo,https://university-of-toledo-careers.career-pages.com/jobs/search,own website,ok,51,rendered
1073,John Carroll University,https://jcu.peopleadmin.com/,peopleadmin,ok,13,peopleadmin
1074,Otterbein University,https://www.schooljobs.com/careers/otterbein?jobType[0]=Faculty&sort=PositionTitle%7CAscending,own website,ok,13,
1077,Wilmington College,https://www.wilmington.edu/about/employment,own website,review,2,rendered few job-shaped links
1078,The College of Wooster,https://wooster.edu/employment/jobs,own website,ok,12,
1079,Antioch University,https://www.antioch.edu/employment/,own website,ok,21,rendered
1080,Youngstown State University,http://www.governmentjobs.com/careers/ysu/Faculty?jobType[0]=Faculty&sort=PositionTitle%7CAscending,own website,ok,14,
1081,East Central University,https://ecokedu.bamboohr.com/careers,own website,ok,11,rendered
1082,Northwestern Oklahoma State University,https://nwosu.jotform.com/form/app-for-employment-non-exemt,own website,broken,0,HTTP 404
1086,University of Science and Arts of Oklahoma,https://usao.edu/about/human-resources/careers-at-usao.html,own website,ok,4,
1087,Rogers State University,https://my.rsu.edu/ICS/RSU_Jobs/RSU_Employment_Opportunities.jnz,own website,ok,4,
1088,Southeastern Oklahoma State University,https://seok.csod.com/ux/ats/careersite/1/home?c=seok,cornerstone,ok,19,cornerstone
1090,University of Central Oklahoma,https://www.uco.edu/offices/people-culture/hr/,own website,review,1,rendered few job-shaped links
1091,Oklahoma Panhandle State University,https://opsu.edu/job-opportunities/,own website,ok,7,
1093,Cameron University,https://jobs.silkroad.com/Cameron/Careers/jobs/1802,own website,ok,4,
1094,Randall University,https://ru.edu/about-randall/jobs/,own website,ok,3,
1095,Bacone College,https://www.bacone.edu/job-openings/,own website,broken,0,fetch failed
1096,University of Oklahoma-Norman Campus,https://jobs.ou.edu/,own website,ok,5,rendered
1098,Oklahoma City University,https://careers.okcu.edu/jobs/search,own website,ok,33,rendered
1100,Oklahoma State University-Main Campus,https://jobs.okstate.edu/jobs/search/search-page-oklahoma-state?page=1&employment_type_uids%5B%5D=369d5b24d91990b57f28e9ebbee41ffa&employment_type_uids%5B%5D=5c5da7ec2907fcbb8822ceda56aa53d0&query=,own website,ok,39,rendered
1101,Northeastern State University,https://nsuok.csod.com/ux/ats/careersite/4/home?c=nsuok,cornerstone,ok,20,cornerstone
1103,University of Tulsa,https://utulsa-ibvjjb.fa.ocs.oraclecloud.com/hcmUI/CandidateExperience/en/sites/CX_1,oracle,empty,0,oracle returned 0
1104,Southwestern Oklahoma State University,https://swosu.csod.com/ux/ats/careersite/4/home?c=swosu,cornerstone,ok,3,cornerstone
1105,Southern Oregon University,https://hrs.sou.edu/working-at-sou/search-jobs/,own website,ok,5,
1106,Oregon State University-Cascades Campus,https://oregonstate.wd501.myworkdayjobs.com/OSU_Careers_Site,workday,ok,174,workday
1107,Oregon State University,https://oregonstate.wd501.myworkdayjobs.com/OSU_Careers_Site,workday,ok,174,workday [shared URL]
1108,Bushnell University,https://recruitingbypaycor.com/career/CareerHome.action?clientId=8a7883d0821e1a630182266519e502b6,own website,ok,16,
1109,University of Oregon,https://careers.uoregon.edu/cw/en-us/job/536245/temporary-employment-pool-2026,own website,ok,8,rendered
1110,Pacific University,https://www.pacificu.edu/directory/finance-administration/human-resources/jobs-pacific,own website,ok,6,
1111,Oregon Institute of Technology,https://jobs.oit.edu/postings/search,own website,ok,72,
1112,Eastern Oregon University,http://eou.peopleadmin.com,peopleadmin,ok,34,peopleadmin
1113,Linfield University,https://www.linfield.edu/humanresources/employment.html,own website,review,1,rendered few job-shaped links
1114,Western Oregon University,https://wou.edu/hr/employment/jobs/,own website,ok,34,
1115,George Fox University,https://www.georgefox.edu/offices/hr/careers/index.html,own website,ok,8,
1116,Lewis & Clark College,https://www.lclark.edu/offices/human_resources/jobs/,own website,ok,9,
1118,Portland State University,https://jobs.hrc.pdx.edu/,own website,ok,7,
1119,Reed College,https://reed-college.breezy.hr/,own website,ok,6,
1120,University of Portland,https://uportland.peopleadmin.com/,peopleadmin,ok,20,peopleadmin
1121,Warner Pacific University,https://warnerpacific.catsone.com/careers/1611/jobs/16840743-Vice-President-for-Enrollment-Management-and-Marketing,own website,ok,3,
1122,Corban University,https://www.corban.edu/human-resources/,own website,review,1,rendered few job-shaped links
1123,Willamette University,https://willamette.wd501.myworkdayjobs.com/WillametteUniversityJobs,workday,ok,11,workday
1124,Pennsylvania State University-Penn State Abington,https://psu.wd1.myworkdayjobs.com/PSU_Academic?locations=b0858b72065c01db6fcc2c00c501ea12,workday,ok,9,workday
1125,Cedar Crest College,https://www.paycomonline.net/v4/ats/web.php/portal/62D4FBF25A09F3EBE58345A7B7B899F9/career-page,own website,ok,10,rendered
1126,Muhlenberg College,https://muhlenberg.wd1.myworkdayjobs.com/MuhlenbergCareers,workday,ok,13,workday
1127,Pennsylvania State University-Penn State Altoona,https://psu.wd1.myworkdayjobs.com/PSU_Academic?locations=ac1efd63d810019d9b1dec32c7010c1c,workday,ok,8,workday
1128,Lebanon Valley College,https://www.lvc.edu/breen-center/,own website,ok,6,
1129,Neumann University,https://www.neumann.edu/about/humanresources/employment#Faculty,own website,ok,9,
1131,Lehigh University,http://careers.pageuppeople.com/865/cw/en-us/listing,own website,ok,32,
1132,Moravian University,https://www.moravian.edu/career-success,own website,ok,23,
1133,University of Pittsburgh-Bradford,https://cfopitt.taleo.net/careersection/pitt_staff_external/jobdetail.ftl?job=26003465&tz=GMT-04%3A00&tzname=America%2FNew_York,taleo,empty,0,taleo returned 0
1134,Bryn Mawr College,https://brynmawr.wd12.myworkdayjobs.com/External,workday,ok,14,workday
1135,Dickinson College,https://jobs.dickinson.edu/,own website,ok,22,rendered
1136,DeSales University,https://recruitingbypaycor.com/career/CareerHome.action?clientId=8a7883d0930d0e990193232e613f0336,own website,ok,13,
1137,Pennsylvania State University-Penn State Lehigh Valley,https://psu.wd1.myworkdayjobs.com/PSU_Academic?locations=c80ecc155645012544a5405fc50190d3,workday,ok,6,workday
1138,Wilson College,https://www.paycomonline.net/v4/ats/web.php/jobs?clientkey=04C041120ED4B4CA39C09ACAC69625CF,own website,ok,10,rendered
1139,Widener University,https://www.widener.edu/academics/academic-resources-success/academic-career-support,own website,ok,10,
1142,Ursinus College,https://www.ursinus.edu/offices/human-resources/employment-opportunities/,own website,ok,4,
1143,Mount Aloysius College,https://recruitingbypaycor.com/career/CareerHome.action?clientId=8a7883d098156f9c01982e34a60801d2,own website,ok,76,
1144,Misericordia University,https://www.misericordia.edu/campus-community/other-offices/human-resources/employment-opportunities,own website,ok,11,
1145,Pennsylvania State University-Penn State Wilkes-Barre,https://psu.wd1.myworkdayjobs.com/PSU_Academic?locations=ac1efd63d81001c8b2334232c701021c,workday,ok,2,workday
1146,Delaware Valley University,https://delval.edu/careers-delval,own website,broken,0,HTTP 403
1147,Pennsylvania State University-Penn State Scranton,https://psu.wd1.myworkdayjobs.com/PSU_Academic?locations=12c4a9bad727016b853043abc5019111,workday,ok,7,workday
1148,East Stroudsburg University of Pennsylvania,https://ESU.csod.com/ux/ats/careersite/6/home?c=esu,cornerstone,ok,163,cornerstone
1149,Lafayette College,http://hr.lafayette.edu/employment/job-opportunities/,own website,ok,3,
1150,Elizabethtown College,https://www.etown.edu/offices/human-resources/careers.aspx,own website,ok,6,
1151,Gannon University,https://gannon.peopleadmin.com/,peopleadmin,ok,131,peopleadmin
1152,Mercyhurst University,https://www.mercyhurst.edu/human-resources/jobs,own website,review,2,rendered few job-shaped links
1153,Pennsylvania State University-Penn State Erie-Behrend College,https://psu.wd1.myworkdayjobs.com/PSU_Academic?locations=52f02272e496018b56ce3eacc501b417,workday,ok,14,workday
1154,Gettysburg College,https://www.gettysburg.edu/offices/provost/academic-positions/,own website,ok,3,
1155,Arcadia University,https://www.arcadia.edu/about-arcadia/offices-facilities-services/human-resources,own website,ok,4,
1156,Seton Hill University,https://www.setonhill.edu/success-after-seton-hill/your-career-team.html,own website,review,2,rendered few job-shaped links
1157,University of Pittsburgh-Greensburg,https://cfopitt.taleo.net/careersection/pitt_faculty_external/jobsearch.ftl?lang=en&portal=12100023232,taleo,ok,153,taleo
1158,Thiel College,https://www.thiel.edu/offices/human-resources/employment-opportunities,own website,review,1,rendered few job-shaped links
1159,Gwynedd Mercy University,https://workforcenow.adp.com/mascsr/default/mdf/recruitment/recruitment.html?cid=26d7eba1-7ff1-4642-a01e-31acc49de6f5&ccId=19000101_000001&lang=en_US,adp,ok,1,adp
1160,Harrisburg University of Science and Technology,https://workforcenow.adp.com/mascsr/default/mdf/recruitment/recruitment.html?lang=en_US&cid=d7d41d6e-e9f2-43e0-af0f-ac2146083d4f&ccId=19000101_000001,adp,ok,1,adp
1161,Haverford College,https://www.myworkday.com/haverford,own website,review,0,rendered no job-shaped links found
1162,Pennsylvania State University-Penn State Hazleton,https://psu.wd1.myworkdayjobs.com/PSU_Academic?locations=e0040d8047ed01d55af7b563c5015f14,workday,ok,10,workday
1163,Juniata College,https://juniata.peopleadmin.com/postings/search,peopleadmin,ok,15,peopleadmin
1164,Immaculata University,https://immaculata.interviewexchange.com/static/clients/534IMM1/index.jsp,own website,broken,0,HTTP 403
1165,Indiana University of Pennsylvania-Main Campus,https://www.iup.edu/career/about/index.html,own website,ok,3,
1166,University of Pittsburgh-Johnstown,https://www.johnstown.pitt.edu/node/384,own website,ok,9,
1167,Kutztown University of Pennsylvania,https://www.schooljobs.com/careers/kutztownedu/promotionaljobs?jobType[0]=Faculty&sort=PositionTitle%7CAscending,own website,ok,15,
1168,Keystone College,https://www.keystone.edu/jobs_at_keystone/,own website,review,2,rendered few job-shaped links
1169,Franklin and Marshall College,https://www.fandm.edu/career-and-professional-development/index.html,own website,ok,10,
1170,Cairn University-Langhorne,https://cairn.edu/hr/jobs/,own website,ok,3,
1171,Saint Vincent College,https://www.stvincent.edu/resources/careers.html,own website,review,1,rendered few job-shaped links
1172,Pennsylvania State University-Penn State Fayette- Eberly,https://psu.wd1.myworkdayjobs.com/PSU_Academic?locations=cbe735ea2e6d019fa0b439b4c5015712,workday,ok,2,workday
1173,Bucknell University,https://bucknell.wd1.myworkdayjobs.com/External?jobFamilyGroup=3ce5feabe53e01fb2262242fcb6e5c06,workday,ok,5,workday
1175,Saint Francis University,https://www.francis.edu/about-us/employment,own website,review,1,rendered few job-shaped links
1176,Pennsylvania State University-Penn State Greater Allegheny,https://psu.wd1.myworkdayjobs.com/PSU_Academic?locations=e0040d8047ed01e51b54ca63c5016914,workday,ok,1,workday
1177,Allegheny College,https://alleghenycollege-ibwwjb.fa.ocs.oraclecloud.com/hcmUI/CandidateExperience/en/sites/CX_1,oracle,empty,0,oracle returned 0
1179,Pennsylvania State University-Penn State Brandywine,https://psu.wd1.myworkdayjobs.com/PSU_Academic?locations=52f02272e496014b250d54acc501b917,workday,ok,3,workday
1180,Pennsylvania State University-Penn State Harrisburg,https://psu.wd1.myworkdayjobs.com/PSU_Academic?locations=e0040d8047ed016207d5bf63c5016414,workday,ok,23,workday
1181,Millersville University of Pennsylvania,https://jobs.millersville.edu/,own website,ok,8,
1182,Pennsylvania State University-Penn State Beaver,https://psu.wd1.myworkdayjobs.com/PSU_Academic?locations=52f02272e496018002c169acc501be17,workday,ok,6,workday
1183,Pennsylvania State University-Penn State Mont Alto,https://psu.wd1.myworkdayjobs.com/PSU_Academic?locations=b0858b72065c01f8a82a5102c5011c13,workday,ok,3,workday
1184,Robert Morris University,https://careers.pageuppeople.com/856/cw/en-us/filter/?search=&bgresponse=&search-keyword=&work-type=faculty%20part-time,own website,ok,11,
1185,Pennsylvania State University-Penn State New Kensington,https://psu.wd1.myworkdayjobs.com/PSU_Academic,workday,ok,395,workday
1186,Westminster College,https://my.westminster.edu/ics/Campus_Life/Campus_Groups/Human_Resources__Employment/Overview.jnz,own website,review,0,rendered no job-shaped links found
1187,Chestnut Hill College,https://www.chc.edu/careers-at-chc/employment-opportunities/,own website,ok,15,
1188,Drexel University,https://drexel.edu/hr/working-here/career-opportunities,own website,ok,20,
1189,Holy Family University,https://www.holyfamily.edu/about/administrative-services/human-resources/jobs,own website,ok,11,
1190,La Salle University,https://lasalle.peopleadmin.com/,peopleadmin,ok,96,peopleadmin
1191,Peirce College,https://www3.peirce.edu/about-peirce/additional-resources/careers-at-peirce,own website,broken,0,fetch failed
1192,Saint Joseph's University,https://sju.wd1.myworkdayjobs.com/sju,workday,ok,49,workday
1193,Temple University,https://careers.temple.edu/careers-temple/search-and-apply-jobs,own website,ok,10,
1194,University of Pennsylvania,https://facultyjobs.upenn.edu/,own website,ok,81,
1195,University of Valley Forge,https://valleyforge.edu/careers-at-uvf/adjunct-instructor-in-person-masters-of-business-administration/,own website,review,2,rendered few job-shaped links
1196,Carlow University,https://forms.office.com/r/pLvbzux3Wv,own website,review,0,rendered no job-shaped links found
1197,Carnegie Mellon University,https://www.cmu.edu/faculty-office/faculty-recruitment/faculty-careers.html,own website,ok,11,
1198,Chatham University,https://chatham.wd12.myworkdayjobs.com/ChathamUniversity,workday,ok,24,workday
1199,Duquesne University,https://www.duq.edu/work-at-du/index.php,own website,ok,4,
1200,La Roche University,https://laroche.edu/About/Employment_Opportunities/Faculty_Openings/,own website,ok,18,
1201,Point Park University,https://www.pointpark.edu/careerready/index,own website,ok,6,
1202,University of Pittsburgh-Pittsburgh Campus,https://cfopitt.taleo.net/careersection/pitt_internal/jobsearch.ftl?lang=en&portal=10100023232,taleo,empty,0,taleo returned 0
1204,Albright College,https://workforcenow.adp.com/mascsr/default/mdf/recruitment/recruitment.html?cid=c4e80d96-7749-44bb-aa20-2c7594475725&ccId=19000101_000001&source=CC2&lang=en_US&selectedMenuKey=CurrentOpenings,adp,ok,1,adp
1205,Alvernia University,https://www.alvernia.edu/community-engagement/holleran-center-community-and-global-engagement/holleran-center-community-service%C2%A0,own website,broken,0,HTTP 404
1206,Pennsylvania State University-Penn State Berks,https://psu.wd1.myworkdayjobs.com/PSU_Academic?locations=a85e9b4f6d2001e9e53607fbc4019110,workday,ok,6,workday
1207,Rosemont College,https://workforcenow.adp.com/mascsr/default/mdf/recruitment/recruitment.html?cid=73e335b6-c8b9-44c9-bb2d-c83d54941069&ccId=9200074416396_2&lang=en_US&selectedMenuKey=CurrentOpenings,adp,empty,0,adp returned 0
1209,Pennsylvania State University-Penn State Schuylkill,https://psu.wd1.myworkdayjobs.com/PSU_Academic?locations=b0858b72065c016f25d63c02c5011713,workday,ok,2,workday
1210,Marywood University,https://www.marywood.edu/depts/human-resources/employment-opportunities/,own website,ok,4,
1211,University of Scranton,https://www.follett.com/careerportal/find-career.cfm,own website,ok,5,
1212,Susquehanna University,https://www.governmentjobs.com/careers/susqu/faculty?jobType[0]=Faculty&sort=PositionTitle%7CAscending,own website,ok,14,
1213,Pennsylvania State University-Penn State Shenango,https://psu.wd1.myworkdayjobs.com/PSU_Academic?locations=c1cfc9c255a401aad5f3f94bc5016c12,workday,ok,7,workday
1214,Shippensburg University of Pennsylvania,https://jobs.ship.edu/postings/search,own website,ok,36,
1215,Slippery Rock University of Pennsylvania,https://careers.sru.edu/postings/search?query=&query_v0_posted_at_date=&query_organizational_tier_3_id=any&query_position_type_id=&372=2&373=&commit=Search,own website,ok,14,
1217,Swarthmore College,http://careers.swarthmore.edu/cw/en-us/listing/,own website,ok,13,rendered
1219,Pennsylvania State University-Main Campus,https://psu.wd1.myworkdayjobs.com/PSU_Academic?locations=cbe735ea2e6d018bc3b657b2c5014812,workday,ok,229,workday
1220,Villanova University,http://jobs.villanova.edu,own website,ok,7,
1221,Washington & Jefferson College,https://www.washjeff.edu/applicantpro/job/Pennsylvania/Washington/Human-Resources-Coordinator/4110192,own website,ok,6,
1222,Waynesburg University,http://www.facebook.com/share.php?u=https://www.waynesburg.edu/careers&title=Careers,own website,broken,0,not a jobs site (www.facebook.com)
1223,West Chester University of Pennsylvania,https://www.wcupa.edu/hr/,own website,review,2,rendered few job-shaped links
1224,King's College,https://www.kings.edu/human-resources/careers.html,own website,ok,3,rendered
1225,Wilkes University,https://wilkesuniversitycareers.applicantpro.com/jobs/,own website,ok,3,
1226,Lycoming College,https://www.lycoming.edu/human-resources/employment-opportunities.aspx,own website,ok,3,
1227,Pennsylvania State University-Penn State York,https://psu.wd1.myworkdayjobs.com/PSU_Academic?locations=ac1efd63d81001e62e623732c701fd1b,workday,ok,5,workday
1228,York College of Pennsylvania,https://www.governmentjobs.com/careers/ycp/administrative?jobType[0]=Faculty&sort=PositionTitle%7CAscending,own website,ok,14,
1229,Inter American University of Puerto Rico-Aguadilla,https://iaupr.elluciancrmrecruit.com/Apply/,own website,review,0,rendered no job-shaped links found
1230,University of Puerto Rico-Aguadilla,https://www.uprag.edu/convocatorias/,own website,ok,18,
1231,Inter American University of Puerto Rico-Arecibo,https://iaupr.elluciancrmrecruit.com/Apply/Account/Create,own website,review,0,rendered no job-shaped links found
1233,University of Puerto Rico-Arecibo,https://upra.edu/recursos-humanos/convocatorias/,own website,review,0,rendered no job-shaped links found
1234,Inter American University of Puerto Rico-Barranquitas,https://iaupr.elluciancrmrecruit.com/Apply,own website,review,0,rendered no job-shaped links found
1235,American University of Puerto Rico,https://aupr.edu/empleo-remunerado/,own website,broken,0,HTTP 404
1236,Caribbean University-Bayamon,https://careers.smartrecruiters.com/CaribbeanUniversity,smartrecruiters,ok,9,smartrecruiters
1237,Inter American University of Puerto Rico-Bayamon,https://www.inter.edu/en/department/bayamon/,own website,review,1,rendered few job-shaped links
1238,University of Puerto Rico-Bayamon,https://www.upr.edu/ac/oficinas-adscritas/recursos-humanos/oficina-de-recursos-humanos-convocatorias/,own website,review,1,rendered few job-shaped links
1239,Universidad Central de Bayamon,https://ucb.edu.pr/oficina-de-recursos-humanos/,own website,review,2,rendered few job-shaped links
1240,Caribbean University-Carolina,https://careers.smartrecruiters.com/CaribbeanUniversity,smartrecruiters,ok,9,smartrecruiters [shared URL]
1241,Universidad Ana G. Mendez-Carolina Campus,https://jobs.uagm.edu/Home?lang=es,own website,ok,5,rendered
1242,University of Puerto Rico-Carolina,https://carolina-upr-csm.symplicity.com/,own website,review,1,rendered few job-shaped links
1243,University of Puerto Rico at Cayey,https://www.cayey.upr.edu/oficina-de-recursos-humanos/,own website,review,2,rendered few job-shaped links
1244,Inter American University of Puerto Rico-Fajardo,https://fajardo.inter.edu/empleos/,own website,ok,7,rendered
1245,Inter American University of Puerto Rico-Guayama,https://iaupr.elluciancrmrecruit.com/Apply,own website,review,0,rendered no job-shaped links found [shared URL]
1246,Atlantic University,https://www.indeed.com/cmp/Atlantic-University-1/jobs,own website,broken,0,HTTP 403
1247,Universidad Ana G. Mendez-Gurabo Campus,https://jobs.uagm.edu/Home?lang=es,own website,ok,5,rendered [shared URL]
1248,Universidad Politecnica de Puerto Rico,https://workforcenow.adp.com/mascsr/default/mdf/recruitment/recruitment.html?cid=5388a0c5-18fe-449e-b500-098740269275&ccId=19000101_000001&type=JS&lang=en_US,adp,ok,1,adp [shared URL]
1249,University of Puerto Rico-Humacao,https://www.uprh.edu/empleos/,own website,review,2,rendered few job-shaped links
1250,American University of Puerto Rico,https://aupr.edu/empleo-remunerado/,own website,broken,0,HTTP 404 [shared URL]
1253,University of Puerto Rico-Mayaguez,https://www.eventbrite.com/e/38th-job-fair-tickets-1992770470120,own website,review,0,rendered no job-shaped links found
1254,Inter American University of Puerto Rico-Ponce,https://ponce.inter.edu/recursos-humanos-2/,own website,ok,3,rendered
1255,Caribbean University-Ponce,https://careers.smartrecruiters.com/CaribbeanUniversity,smartrecruiters,ok,9,smartrecruiters [shared URL]
1257,University of Puerto Rico at Ponce,https://www.uprp.edu/en/articulos/administracion/recursos-humanos/,own website,ok,4,
1258,Inter American University of Puerto Rico-San German,https://iaupr.elluciancrmrecruit.com/Apply,own website,review,0,rendered no job-shaped links found [shared URL]
1259,Colegio Universitario de San Juan,,own website,broken,0,no careers_link recorded
1260,Inter American University of Puerto Rico-Metro,https://iaupr.elluciancrmrecruit.com/Apply/Account/Create?returnUrl=%2FApply,own website,review,0,rendered no job-shaped links found
1261,Universidad Ana G. Mendez-Cupey Campus,https://jobs.uagm.edu/Home?lang=es,own website,ok,5,rendered [shared URL]
1262,University of Puerto Rico-Rio Piedras,https://recursoshumanos.uprrp.edu/,own website,ok,7,
1263,Universidad del Sagrado Corazon,https://workforcenow.adp.com/mascsr/default/mdf/recruitment/recruitment.html?cid=78334d6d-1342-4b7f-9674-a7916c71caa7&ccId=19000101_000001&lang=en_US,adp,ok,1,adp
1264,Caribbean University-Vega Baja,https://careers.smartrecruiters.com/CaribbeanUniversity,smartrecruiters,ok,9,smartrecruiters [shared URL]
1265,Roger Williams University,https://rwu.interviewexchange.com/static/clients/420RWM1/index.jsp;jsessionid=EC42F0851F36A5B1CEF1AF67ECFAFE46,own website,broken,0,HTTP 403
1266,University of Rhode Island,https://jobs.uri.edu/postings/search,own website,ok,70,
1267,Salve Regina University,https://salve.interviewexchange.com/static/clients/288SRM1/administrative.jsp,own website,broken,0,HTTP 403
1268,Brown University,https://brown.wd5.myworkdayjobs.com/staff-careers-brown/jobs,workday,ok,109,workday
1269,Johnson & Wales University-Providence,https://jobs.jwu.edu/en-us/listing/,own website,ok,24,
1270,Providence College,https://www.schooljobs.com/careers/providencecollege?jobType[0]=Faculty&sort=PositionTitle%7CAscending,own website,ok,13,
1271,Rhode Island College,https://employment.ric.edu/postings/search,own website,ok,68,
1272,Bryant University,https://www.bryant.edu/why-bryant/career-outcomes,own website,ok,6,
1273,University of South Carolina Aiken,https://www.usca.edu/departments/human-resources/employment/internal-job-postings/,own website,review,2,rendered few job-shaped links
1275,University of South Carolina Beaufort,https://uscjobs.sc.edu/,own website,ok,8,
1278,Citadel Military College of South Carolina,https://jobs.citadel.edu/jobs/search/search-page-faculty,own website,ok,33,rendered
1279,College of Charleston,https://charleston.edu/academic-affairs/faculty-careers.php,own website,ok,3,
1280,Clemson University,https://www.clemson.edu/human-resources/careers/,own website,ok,18,
1281,Presbyterian College,https://www.presby.edu/about/offices-and-services/human-resources/job-opportunities/,own website,review,2,rendered few job-shaped links
1284,Columbia College,https://www.columbiasc.edu/academics/academic-career-support,own website,ok,4,
1287,University of South Carolina-Columbia,https://www.sc.edu/experience/career-prep/index.php,own website,ok,6,
1288,Coastal Carolina University,https://www.coastal.edu:443/hreo/,own website,review,2,rendered few job-shaped links
1291,Francis Marion University,https://www.fmarion.edu/availablepositions/,own website,ok,14,rendered
1294,Furman University,https://furman.wd115.myworkdayjobs.com/Furman_Careers,workday,ok,31,workday
1296,Lander University,https://www.lander.edu/about/offices-departments/human-resources/employment-opportunities/faculty-vacancies.html,own website,ok,19,
1297,Coker University,https://www.coker.edu/offices-services/careers/faculty-jobs/,own website,review,2,rendered few job-shaped links
1298,Newberry College,https://www.newberry.edu/employment,own website,review,2,rendered few job-shaped links
1301,Winthrop University,https://winthrop.peopleadmin.com/postings/search?query=&query_v0_posted_at_date=&query_position_type_id%5B%5D=3&435=&commit=Search,peopleadmin,ok,17,peopleadmin
1302,Converse University,https://converse.isolvedhire.com/jobs/,own website,ok,16,rendered
1303,University of South Carolina-Upstate,https://uscupstate.edu/employment/faculty-positions/,own website,ok,9,
1304,Wofford College,https://wofford.wd5.myworkdayjobs.com/Wofford,workday,ok,10,workday
1307,Northern State University,https://northern.edu/about/departments/human-resources,own website,review,2,rendered few job-shaped links
1310,South Dakota State University,https://www.sdstate.edu/human-resources/sdsu-employment,own website,ok,6,
1311,Dakota State University,https://dsu.edu/careers/benefits.html,own website,ok,3,
1312,Dakota Wesleyan University,https://www.dwu.edu/employment,own website,review,2,rendered few job-shaped links
1314,South Dakota School of Mines and Technology,https://www.sdsmt.edu/about/offices-and-administration/human-resources/careers-at-mines.html,own website,ok,4,
1315,Augustana University,https://www.augie.edu/faculty-positions,own website,ok,6,
1317,University of Sioux Falls,https://workforcenow.adp.com/mascsr/default/mdf/recruitment/recruitment.html?cid=08ce06d2-27ab-4676-8c36-86d2c62ffacf&ccId=19000101_000001&lang=en_US,adp,ok,1,adp
1318,Black Hills State University,https://yourfuture.sdbor.edu/postings/search,own website,ok,73,
1319,University of South Dakota,https://yourfuture.sdbor.edu/postings/search,own website,ok,73,
1320,Mount Marty University,https://recruitingbypaycor.com/career/CareerHome.action?clientId=8a7883c68ab5129a018abce5b6dc034a,own website,ok,12,
1321,Tennessee Wesleyan University,https://www.tnwesleyan.edu/about/departments/human-resources/,own website,review,2,rendered few job-shaped links
1323,The University of Tennessee-Chattanooga,https://fa-ewlq-saasfaprod1.fa.ocs.oraclecloud.com/fscmUI/faces/deeplink?objType=IRC_RECRUITING&action=ICE_JOB_SEARCH_RESP,oracle,broken,0,RuntimeError: oracle session capture failed: Timeout 15000ms exceeded while waiting 
1324,Austin Peay State University,https://www.apsu.edu/human-resources/govs-suite.php,own website,review,1,rendered few job-shaped links
1327,Tennessee Technological University,https://jobs.tntech.edu/,own website,ok,3,rendered
1331,Tusculum University,https://www3.tusculum.edu/hr/employment-opportunities/,own website,broken,0,fetch failed
1332,Lincoln Memorial University,https://www.peopleadmin.com/,peopleadmin,broken,0,RuntimeError: peopleadmin atom status=404
1337,East Tennessee State University,https://fa-evyu-saasfaprod1.fa.ocs.oraclecloud.com/hcmUI/CandidateExperience/en/sites/CX_1/,oracle,empty,0,oracle returned 0
1339,The University of Tennessee-Knoxville,https://hr.utk.edu/faculty-positions/,own website,ok,6,
1340,Cumberland University,https://www.cumberland.edu/about/employment/,own website,ok,6,
1341,The University of Tennessee-Martin,https://www.utm.edu/offices-and-services/human-resources/employment-opportunities.php,own website,review,1,rendered few job-shaped links
1342,Maryville College,https://www.maryvillecollege.edu/about/inside/human-resources/careers/,own website,ok,4,
1344,Christian Brothers University,http://cbu.interviewexchange.com/jobofferdetails.jsp?JOBID=200928,own website,broken,0,HTTP 403
1346,Rhodes College,https://rhodes.wd5.myworkdayjobs.com/Rhodes_Careers,workday,ok,10,workday
1348,University of Memphis,https://workforum.memphis.edu/,own website,ok,8,rendered
1350,Middle Tennessee State University,https://careers.mtsu.edu/en-us/listing/,own website,ok,16,rendered
1351,Belmont University,https://jobs.belmont.edu,own website,ok,27,rendered
1356,Vanderbilt University,https://www.vanderbilt.edu/work-at-vanderbilt/,own website,ok,4,
1357,The University of Tennessee Southern,https://fa-ewlq-saasfaprod1.fa.ocs.oraclecloud.com/hcmUI/CandidateExperience/en/sites/CX_1/requisitions?location=Pulaski%2C+TN%2C+United+States&locationId=300000010467855&locationLevel=city&mode=location&radius=25&radiusUnit=MI,oracle,ok,9,oracle
1358,The University of the South,https://www.schooljobs.com/careers/sewanee?category[0]=Faculty&amp;amp;amp;amp;amp;amp;amp;amp;sort=PostingDate%7CDescending&jobType[0]=Faculty&sort=PositionTitle%7CAscending,own website,ok,14,
1361,McMurry University,https://oncampusdining.com/mcm/job-opportunities/,own website,review,1,rendered few job-shaped links
1362,Sul Ross State University,https://sulross.peopleadmin.com/,peopleadmin,ok,89,peopleadmin
1363,The University of Texas at Arlington,https://uta.peopleadmin.com/postings/search?utf8=%E2%9C%93&query=&query_v0_posted_at_date=&query_position_type_id%5B%5D=3&435=&commit=Search,peopleadmin,ok,29,peopleadmin
1366,Saint Edward's University,http://stedwards.applicantpro.com/jobs/,own website,ok,4,
1367,The University of Texas at Austin,https://faculty.utexas.edu/career,own website,ok,19,rendered
1369,Lamar University,https://www.schooljobs.com/careers/lamar/jobInterestCards/categories?jobType[0]=Faculty&sort=PositionTitle%7CAscending,own website,ok,13,
1372,West Texas A & M University,https://tamus.wd1.myworkdayjobs.com/WTAMU_External,workday,ok,25,workday
1373,Texas A & M University-College Station,https://faculty.tamu.edu/,own website,ok,152,
1374,Texas A & M University-Commerce,https://tamus.wd1.myworkdayjobs.com/ETAMU_External,workday,ok,82,workday
1375,Texas A & M University-Corpus Christi,https://tamus.wd1.myworkdayjobs.com/TAMUCC_External,workday,ok,21,workday
1380,Southern Methodist University,https://smu.taleo.net/careersection/ex/jobsearch.ftl?lang=en&portal=101430233,taleo,ok,45,taleo
1382,Texas Woman's University,https://twu.edu/humanresources/careers-at-twu/jobs/,own website,review,0,rendered no job-shaped links found
1383,University of North Texas,https://careers.untsystem.edu/unt/home,own website,ok,23,rendered
1384,The University of Texas Rio Grande Valley,https://careers.utrgv.edu/postings/search,own website,ok,72,
1385,The University of Texas at El Paso,https://utep.interviewexchange.com/static/clients/533UTM1/index.jsp,own website,broken,0,HTTP 403
1387,Texas Christian University,https://jobs.tcu.edu,own website,ok,4,rendered
1388,Texas Wesleyan University,https://txwes.peopleadmin.com/,peopleadmin,ok,88,peopleadmin
1389,Southwestern University,https://www.schooljobs.com/careers/southwestern?jobType[0]=Faculty&sort=PositionTitle%7CAscending,own website,ok,13,
1394,Rice University,https://vpaa.rice.edu/faculty/open-positions,own website,ok,4,
1397,University of Houston,https://www.uh.edu/human-resources/careers/,own website,ok,5,
1398,University of Houston-Clear Lake,https://careers.uh.edu/jobs/search/uhcl-postings,own website,ok,33,rendered
1399,University of Houston-Downtown,https://www.uhd.edu/hr/careers/temporary-employment.aspx,own website,ok,11,
1400,University of St Thomas,https://stthom.applicantpro.com/jobs/,own website,ok,35,rendered
1401,Sam Houston State University,https://www.shsu.edu/offices-departments/career-success-center/index.php,own website,ok,24,
1403,University of Dallas,https://udallas.edu/offices-services/human-resources/open-positions.php,own website,ok,12,
1405,Schreiner University,https://schreiner.edu/careers/,own website,ok,12,
1406,Texas A&M University-Central Texas,https://tamus.wd1.myworkdayjobs.com/TAMUCT_External,workday,ok,10,workday
1407,Texas A & M University-Kingsville,https://tamus.wd1.myworkdayjobs.com/TAMUK_External,workday,ok,25,workday
1408,Texas A & M International University,https://tamus.wd1.myworkdayjobs.com/TAMIU_External,workday,ok,48,workday
1411,Texas Tech University,https://sjobs.brassring.com/TGnewUI/Search/Home/Home?partnerid=25898&siteid=5637#home,own website,ok,12,rendered
1414,Stephen F Austin State University,https://www.sfasu.edu/hr,own website,review,1,rendered few job-shaped links
1415,The University of Texas Permian Basin,https://zahr-prd-candidate-ada.utshare.utsystem.edu/psc/ZAHRPRDADA/EMPLOYEE/UTZ_CG/c/HRS_HRAM_FL.HRS_CG_SEARCH_FL.GBL?Page=HRS_APP_SCHJOB&Action=U&FOCUS=Applicant&SiteId=10,own website,review,0,rendered no job-shaped links found
1418,The University of Texas at Dallas,https://jobs.utdallas.edu/postings/search?query=&query_v0_posted_at_date=&query_position_type_id%5B%5D=2&commit=Search,own website,ok,48,
1420,Angelo State University,https://www.angelo.edu/work-at-asu/,own website,ok,4,
1422,Hallmark University,https://careers.hallmarkuniversity.edu/jobs/instructional-designer/,own website,broken,0,HTTP 404
1423,Our Lady of the Lake University,https://ollusa.interviewexchange.com/static/clients/485OLM1/index.jsp,own website,broken,0,HTTP 403
1424,St. Mary's University,https://www.stmarytx.edu/about/jobs/,own website,ok,3,
1425,Texas A&M University-San Antonio,https://tamus.wd1.myworkdayjobs.com/TAMUSA_External,workday,ok,12,workday
1427,The University of Texas at San Antonio,https://www.utsa.edu/people-excellence/careers/,own website,ok,5,
1428,Trinity University,https://trinity.edu/hr/careers,own website,ok,6,
1429,University of the Incarnate Word,https://jobs.uiw.edu/postings/search,own website,ok,72,
1430,Texas State University,https://jobs.hr.txstate.edu/postings/search?utf8=%E2%9C%93&query=&query_v0_posted_at_date=&query_position_type_id%5B%5D=2&435=&commit=Search,own website,ok,72,
1431,Texas Lutheran University,https://www.tlu.edu/about-tlu/careers-at-tlu/faculty-positions/,own website,ok,7,
1432,Austin College,https://www.austincollege.edu/human-resources/careers,own website,ok,6,
1433,North American University,https://www.na.edu/faculty-staff/human-resources/employment-opportunities/,own website,ok,5,
1434,Tarleton State University,https://tamus.wd1.myworkdayjobs.com/TARLETON_External,workday,ok,125,workday
1435,Texas A&M University-Texarkana,https://tamus.wd1.myworkdayjobs.com/TAMUT_External,workday,ok,42,workday
1437,The University of Texas at Tyler,https://www.uttyler.edu/careers/clery-act/index.php,own website,ok,5,
1438,University of Houston-Victoria,https://tamus.wd1.myworkdayjobs.com/TAMUV_External,workday,ok,12,workday
1439,Baylor University,https://hr.web.baylor.edu/careers-opportunities/research-learn/staff-job-descriptions,own website,ok,36,
1441,Midwestern State University,https://msutexas.edu/human-resources/jobs/index.php,own website,ok,26,
1443,Utah State University,https://careers-usu.icims.com/,icims,ok,132,icims
1447,Utah Tech University,https://www.schooljobs.com/careers/utahtech?jobType[0]=Faculty&sort=PositionTitle%7CAscending,own website,ok,16,
1449,University of Utah,https://careers.utah.edu/employers/recruiting-policies/,own website,ok,24,
1450,Western Governors University,https://jobs.wgu.edu/academic-careers,own website,ok,21,
1451,Westminster University,https://workforcenow.adp.com/mascsr/default/mdf/recruitment/recruitment.html?cid=8b104a38-45ac-4682-9e01-117585322eb0,adp,ok,1,adp
1453,Marymount University,https://marymount.wd5.myworkdayjobs.com/Careers,workday,ok,45,workday
1456,Randolph-Macon College,https://www.rmc.edu/about-rmc/offices-departments/human-resources/employment-opportunities/,own website,ok,4,
1457,Virginia Polytechnic Institute and State University,https://careers.pageuppeople.com/968/ci/en-us/listing,own website,review,0,rendered no job-shaped links found
1459,Bridgewater College,https://www.bridgewater.edu/careers/,own website,ok,7,
1460,Southern Virginia University,https://svu.edu/about/careers/open-rank-professor-of-biology/,own website,ok,3,
1461,University of Virginia-Main Campus,https://jobs.virginia.edu/us/en/uva-faculty-positions,own website,ok,6,
1462,Averett University,https://www.averett.edu/about-us/employment-opportunities/,own website,review,2,rendered few job-shaped links
1463,Emory & Henry University,https://www.paycomonline.net/v4/ats/web.php/jobs?clientkey=4271964D5A23CB0A237D41AAC40830FA&fromClientSide=true,own website,ok,10,rendered
1464,George Mason University,https://jobs.gmu.edu,own website,ok,7,
1466,Longwood University,https://www.longwood.edu/career/,own website,ok,6,
1467,Ferrum College,https://ferrumcollege.applytojob.com/apply,own website,ok,11,
1468,University of Mary Washington,https://jobs.umw.edu,own website,ok,21,rendered
1470,Hampden-Sydney College,https://www.hsc.edu/human-resources/job-openings,own website,ok,5,
1473,James Madison University,https://jobs.jmu.edu/,own website,review,1,rendered few job-shaped links
1474,Virginia Military Institute,https://www.vmi.edu/job-openings/,own website,ok,20,
1475,Washington and Lee University,https://www.wlu.edu/employment-opportunities/faculty-positions,own website,ok,5,
1477,Randolph College,https://www.randolphcollege.edu/humanresources/job-openings/,own website,broken,0,HTTP 403
1478,University of Lynchburg,https://www.lynchburg.edu/about/human-resources/jobs/,own website,ok,4,
1480,Christopher Newport University,https://jobs.cnu.edu/,own website,ok,5,
1482,Old Dominion University,https://www.odu.edu/career-leadership,own website,ok,38,
1484,Radford University,https://jobs.radford.edu/,own website,ok,35,rendered
1485,Virginia Commonwealth University,https://vcujobs.com,own website,ok,10,rendered
1487,Hollins University,https://www.hollins.edu/about-hollins/jobs/faculty-positions/,own website,ok,4,
1488,Roanoke College,https://www.roanoke.edu/inside/human_resources/jobs_roanoke,own website,ok,11,
1489,Mary Baldwin University,https://marybaldwin.edu/employment-and-jobs-at-mary-baldwin/,own website,ok,8,
1490,Sweet Briar College,https://www.sbc.edu/human-resources/employment-opportunities/,own website,ok,4,
1491,University of Richmond,https://richmond.wd5.myworkdayjobs.com/staff_faculty,workday,ok,84,workday
1495,Virginia Wesleyan University,https://fa-ewic-saasfaprod1.fa.ocs.oraclecloud.com/hcmUI/CandidateExperience/en/sites/CX_1/requisitions,oracle,ok,20,oracle
1496,William & Mary,https://wm-csm.symplicity.com/employers/,own website,review,1,rendered few job-shaped links
1497,Shenandoah University,https://jobs.silkroad.com/ShenandoahUniversity/EmploymentPortal,own website,ok,4,
1498,University of Virginia's College at Wise,https://apply.interfolio.com/50272/positions,own website,review,1,rendered few job-shaped links
1500,Bennington College,https://www.bennington.edu/employment-opportunities,own website,review,1,rendered few job-shaped links
1501,Champlain College,https://champlain-ibumjb.fa.ocs.oraclecloud.com/hcmUI/CandidateExperience/en/sites/CX_1/jobs,oracle,ok,12,oracle
1502,University of Vermont,https://www.uvm.edu/human-resources/careers,own website,review,2,rendered few job-shaped links
1503,Castleton University,https://vsc.wd108.myworkdayjobs.com/VTSU,workday,ok,61,workday
1504,Saint Michael's College,https://www.smcvt.edu/offices-and-services/human-resources/,own website,review,1,rendered few job-shaped links
1505,Northern Vermont University,https://vsc.wd108.myworkdayjobs.com/VTSU,workday,ok,61,workday [shared URL]
1506,Middlebury College,https://www.middlebury.edu/office/human-resources/work-middlebury/employment-opportunities,own website,ok,3,
1507,Norwich University,https://www.norwich.edu/campus-resources/academic-career-success,own website,ok,5,
1508,Western Washington University,https://hr.wwu.edu/work-western,own website,ok,6,
1509,University of Washington-Bothell Campus,https://ap.washington.edu/ahr/academic-jobs/?unit_id=29084,own website,ok,340,
1510,Eastern Washington University,https://jobs.hr.ewu.edu/postings/search?utf8=%E2%9C%93&query=Adjunct&query_v0_posted_at_date=&query_position_type_id%5B%5D=any&commit=Search,own website,ok,14,
1511,Walla Walla University,https://wallawalla-accommodate.symplicity.com/,own website,review,0,rendered no job-shaped links found
1512,Central Washington University,https://cwuhrprdcg.peoplesoft.cwu.edu/psc/careers/EMPLOYEE/CAREERS/c/HRS_HRAM_FL.HRS_CG_SEARCH_FL.GBL?FOCUS=Applicant&&siteid=1,own website,review,0,rendered no job-shaped links found
1513,Northwest University,http://careers.cccu.org/jobs,own website,ok,20,
1514,Saint Martin's University,https://workforcenow.adp.com/mascsr/default/mdf/recruitment/recruitment.html?cid=7138f757-560b-432d-a0d6-3a29cd79033e&ccId=19000101_000001&type=MP&lang=en_US,adp,ok,1,adp
1515,Washington State University,https://wd5.myworkday.com/wsu/d/task/1422$478.htmld,own website,review,0,rendered no job-shaped links found
1517,City University of Seattle,http://cityu.interviewexchange.com/static/clients/447CSM1/index.jsp;jsessionid=77C75F0E480695E12DADFF9F669D13C0,own website,broken,0,HTTP 403
1518,Seattle Pacific University,https://spu.wd12.myworkdayjobs.com/SPU,workday,ok,27,workday
1519,Seattle University,https://seattleu.wd108.myworkdayjobs.com/SeattleUJobs,workday,ok,44,workday
1520,University of Washington-Seattle Campus,https://ap.washington.edu/ahr/academic-jobs/,own website,ok,340,
1521,Gonzaga University,https://employment.gonzaga.edu/jobs/search?page=1&category_uids%5B%5D=ccb5730a856e3e50b7226edb37c1facb&query=,own website,ok,11,rendered
1522,Whitworth University,https://www.schooljobs.com/careers/whitworth/staff?jobType[0]=Faculty&sort=PositionTitle%7CAscending,own website,ok,12,
1523,Faith International University,,own website,broken,0,no careers_link recorded
1524,Pacific Lutheran University,https://employment.plu.edu/postings/search?query=&query_v0_posted_at_date=&392=&394=&395%5B%5D=3&commit=Search,own website,ok,16,
1525,University of Puget Sound,https://www2.pugetsound.jobs/psc/HR92PRD/EMPLOYEE/HRMS/c/HRS_HRAM_FL.HRS_CG_SEARCH_FL.GBL?Page=HRS_APP_SCHJOB_FL&Action=U&FOCUS=Applicant&siteid=3,own website,review,0,rendered no job-shaped links found
1526,University of Washington-Tacoma Campus,https://ap.washington.edu/ahr/academic-jobs/,own website,ok,340,
1527,Heritage University,https://heritage.edu/faculty-staff/human-resources/,own website,review,0,rendered no job-shaped links found
1528,Whitman College,https://whitman-advocate.symplicity.com/public_report/index.php,own website,review,0,rendered no job-shaped links found
1529,Lawrence University,https://lawrence.peopleadmin.com/,peopleadmin,ok,18,peopleadmin
1531,Beloit College,https://www.beloit.edu/offices/human-resources/,own website,review,2,rendered few job-shaped links
1532,Herzing University-Brookfield,https://recruiting2.ultipro.com/HER1009HRZ/JobBoard/267d2e37-abff-4559-8a18-a754503d3749,ultipro,broken,0,RuntimeError: could not parse ultipro tenant/board path [shared URL]
1533,Ottawa University-Milwaukee,https://www.paycomonline.net/v4/ats/web.php/jobs?clientkey=AB201C499D53A5D603D5BE296513B383,own website,ok,10,rendered [shared URL]
1534,Saint Norbert College,https://snc.edu/search/careers,own website,ok,6,
1535,University of Wisconsin-Eau Claire,https://wisconsin.wd1.myworkdayjobs.com/en-US/UW_Comprehensives,workday,ok,321,workday
1536,Marian University,https://www.marianuniversity.edu/about-marian/employment/,own website,broken,0,HTTP 403
1537,University of Wisconsin-Green Bay,https://wisconsin.wd1.myworkdayjobs.com/en-US/UW_Comprehensives?Institution=5adf054562b610142325cf0d5f910000,workday,ok,40,workday
1538,Carthage College,https://www.carthage.edu/about/offices-services/human-resources/careers-at-carthage/faculty-positions/,own website,ok,6,
1539,Herzing University-Kenosha,https://recruiting2.ultipro.com/HER1009HRZ/JobBoard/267d2e37-abff-4559-8a18-a754503d3749,ultipro,broken,0,RuntimeError: could not parse ultipro tenant/board path [shared URL]
1540,University of Wisconsin-Parkside,https://wisconsin.wd1.myworkdayjobs.com/UW_Comprehensives,workday,ok,321,workday
1541,University of Wisconsin-La Crosse,https://wisconsin.wd1.myworkdayjobs.com/UW_Comprehensives?primaryLocation=5adf054562b610142601c3db67eb0000,workday,ok,61,workday
1542,Viterbo University,https://www.viterbo.edu/human-resources/job-announcements,own website,broken,0,HTTP 403
1543,Edgewood College,https://www.edgewood.edu/employment/human-resources-generalist/,own website,broken,0,HTTP 404
1544,University of Wisconsin-Madison,https://jobs.wisc.edu/,own website,ok,13,rendered
1545,University of Wisconsin-Stout,https://wisconsin.wd1.myworkdayjobs.com/UW_Comprehensives?primaryLocation=5adf054562b610142602517fd4330000,workday,ok,23,workday
1547,Alverno College,https://www.alverno.edu/Career-Recruit-a-Grad,own website,ok,16,
1549,Marquette University,http://www.marquette.edu/hr/,own website,ok,3,
1550,Milwaukee School of Engineering,https://www.msoe.edu/about-msoe/careers-at-msoe/employment-opportunities/faculty-positions/,own website,ok,5,
1551,Mount Mary University,https://mtmary.edu/about/employment.html,own website,review,1,rendered few job-shaped links
1552,University of Wisconsin-Milwaukee,https://wisconsin.wd1.myworkdayjobs.com/UW_Milwaukee,workday,ok,30,workday
1554,University of Wisconsin-Oshkosh,https://wisconsin.wd1.myworkdayjobs.com/UW_Comprehensives?Institution=5adf054562b610142325cb73e24d0000,workday,ok,39,workday
1555,University of Wisconsin-Platteville,https://wisconsin.wd1.myworkdayjobs.com/en-US/UW_Comprehensives?Institution=5adf054562b610142325c3a6f20a0000,workday,ok,25,workday
1556,Lakeland University,https://lakeland.applicantpro.com/jobs/,own website,ok,11,rendered
1557,Ripon College,https://ripon.edu/career-discovery-tour/,own website,ok,3,
1558,University of Wisconsin-River Falls,https://wisconsin.wd1.myworkdayjobs.com/UW_Comprehensives?primaryLocation=5adf054562b610142603a19cdfd30000,workday,ok,10,workday
1559,University of Wisconsin-Stevens Point,https://wisconsin.wd1.myworkdayjobs.com/en-US/UW_Comprehensives,workday,ok,321,workday [shared URL]
1560,University of Wisconsin-Superior,https://wisconsin.wd1.myworkdayjobs.com/en-US/UW_Comprehensives?primaryLocation=5adf054562b610142604546cce0f0000,workday,ok,2,workday
1562,Carroll University,https://secure4.saashr.com/ta/6153588.careers?CareersSearch,own website,review,1,rendered few job-shaped links
1563,University of Wisconsin-Whitewater,https://wisconsin.wd1.myworkdayjobs.com/en-US/UW_Comprehensives,workday,ok,321,workday [shared URL]
1564,Concord University,https://jobs.concord.edu/,own website,ok,6,
1565,West Virginia University Institute of Technology,https://careers.wvu.edu/career-opportunities/internal-and-external-faculty-portal,own website,ok,17,
1566,Bethany College,https://www.bethanywv.edu/about/employment/,own website,broken,0,HTTP 403
1568,West Virginia Wesleyan College,https://www.wvwc.edu/jobs/?faculty,own website,ok,12,
1570,University of Charleston,https://ucwv.elluciancrmrecruit.com/Apply/Account/Create?f=586ce4f3-d79d-4f52-9540-5138661f6dcd&o=538fedc1-2f8d-4f30-89b1-d13415d0429c&IsInquiry=True,own website,review,0,rendered no job-shaped links found
1571,Davis & Elkins College,https://www.dewv.edu/explore/employment/,own website,review,2,rendered few job-shaped links
1572,Fairmont State University,https://www.fairmontstatejobs.com/postings/search?utf8=%E2%9C%93&query=&query_v0_posted_at_date=&query_position_type_id%5B%5D=3&435=&query_organizational_tier_3_id%5B%5D=any&2894%5B%5D=any&commit=Search,own website,ok,15,
1573,Glenville State University,https://www.schooljobs.com/careers/glenvilleedu?jobType[0]=Faculty&sort=PositionTitle%7CAscending,own website,ok,12,
1574,Marshall University,https://marshall.peopleadmin.com/postings/search?utf8=%E2%9C%93&query=&query_v0_posted_at_date=&query_position_type_id=3&commit=Search,peopleadmin,ok,111,peopleadmin
1576,West Virginia University,https://careers.wvu.edu/career-opportunities/internal-and-external-faculty-portal,own website,ok,17,
1577,Alderson Broaddus University,https://ab.edu/employment/,own website,broken,0,fetch failed
1580,Shepherd University,https://jobs-shepherd.peopleadmin.com/,peopleadmin,ok,20,peopleadmin
1581,West Liberty University,https://westliberty.edu/human-resources/search/,own website,review,1,rendered few job-shaped links
1582,Wheeling University,https://wheeling.edu/about/employment/,own website,ok,3,
1583,University of Wyoming,https://eeik.fa.us2.oraclecloud.com/hcmUI/CandidateExperience/en/sites/CX_1,oracle,empty,0,oracle returned 0
1897,Manhattan College,,own website,broken,0,no careers_link recorded
