school_id,dropped_url,reason
1000,https://www.rochester.edu/human-resources/careers/,the careers link itself
1000,http://universityofrochester-veterans.jobs/,site root
1000,https://www.rochester.edu/human-resources/contacts/get-help/positions/,section page (/positions)
1000,https://apply.interfolio.com/16224/positions,section page (/positions)
1000,https://www.flhealth.org/careers/,section page (/careers)
1000,https://twitter.com/share?url=https://www.rochester.edu/human-resources/careers/,action page (/share)
1002,https://www.schooljobs.com/careers/sbuedu,parent of 11 other rows
1002,https://www.governmentjobs.com,site root
1002,https://www.schooljobs.com,site root
1006,https://stac.edu/offices/human-resources/employment-opportunities/faculty-positions/,the careers link itself
1006,https://stac.edu/offices/human-resources/employment-opportunities/staff-positions/,category page (/staff-positions)
1012,https://www.syracuse.edu/academics/career-paths/,the careers link itself
1016,https://sunypoly.edu/contact/offices/human-resources/human-resources/human-resources-career-opportunities.html,outside this school's posting path
1018,https://www.binghamton.edu/offices/human-resources/jobs/,the careers link itself
1018,https://binghamton.joinhandshake.com/login,action page (/login)
1020,https://uakron.wd1.myworkdayjobs.com,site root
1021,https://www.schooljobs.com/careers/mountunion/faculty,parent of 8 other rows
1021,https://www.schooljobs.com/careers/mountunion/faculty/jobInterestCards/categories,section page (/categories)
1021,https://www.governmentjobs.com,site root
1021,https://www.schooljobs.com,site root
1022,https://jobs.ashland.edu/postings/search,section page (/search)
1022,https://jobs.ashland.edu/interest_cards,outside this school's posting path
1022,https://jobs.ashland.edu/postings/search?commit=Search&query_organizational_tier_3_id%5B%5D=any&query_position_type_id%5B%5D=3&sort=435+asc&utf8=%E2%9C%93,section page (/search)
1022,https://jobs.ashland.edu/postings/search?commit=Search&query_organizational_tier_3_id%5B%5D=any&query_position_type_id%5B%5D=3&sort=225+asc&utf8=%E2%9C%93,section page (/search)
1022,https://jobs.ashland.edu/postings/search?commit=Search&query_organizational_tier_3_id%5B%5D=any&query_position_type_id%5B%5D=3&sort=226+asc&utf8=%E2%9C%93,section page (/search)
1022,https://jobs.ashland.edu/postings/search?commit=Search&query_organizational_tier_3_id%5B%5D=any&query_position_type_id%5B%5D=3&sort=434+asc&utf8=%E2%9C%93,section page (/search)
1022,https://jobs.ashland.edu/postings/search?commit=Search&query_organizational_tier_3_id%5B%5D=any&query_position_type_id%5B%5D=3&sort=227+asc&utf8=%E2%9C%93,section page (/search)
1022,https://jobs.ashland.edu/bookmarks?posting_id=8766,action page (/bookmarks)
1022,https://jobs.ashland.edu/bookmarks?posting_id=8735,action page (/bookmarks)
1022,https://jobs.ashland.edu/bookmarks?posting_id=8646,action page (/bookmarks)
1023,https://www.ohiouniversityjobs.com/postings/search,section page (/search)
1023,https://www.ohiouniversityjobs.com/interest_cards,outside this school's posting path
1023,https://www.ohio.edu/hr/jobs/student-employment,category page (/student-employment)
1023,https://www.ohio.edu/hr/jobs/dual-careers,outside this school's posting path
1023,https://www.ohiouniversityjobs.com/postings/search?commit=Search&page=2&query_position_type_id%5B%5D=2&utf8=%E2%9C%93,section page (/search)
1023,https://www.ohiouniversityjobs.com/postings/search?commit=Search&page=3&query_position_type_id%5B%5D=2&utf8=%E2%9C%93,section page (/search)
1023,https://www.ohiouniversityjobs.com/postings/search?commit=Search&query_position_type_id%5B%5D=2&sort=579+asc&utf8=%E2%9C%93,section page (/search)
1023,https://www.ohiouniversityjobs.com/postings/search?commit=Search&query_position_type_id%5B%5D=2&sort=227+asc&utf8=%E2%9C%93,section page (/search)
1023,https://www.ohiouniversityjobs.com/postings/search?commit=Search&query_position_type_id%5B%5D=2&sort=226+asc&utf8=%E2%9C%93,section page (/search)
1023,https://www.ohiouniversityjobs.com/postings/search?commit=Search&query_position_type_id%5B%5D=2&sort=1228+asc&utf8=%E2%9C%93,section page (/search)
1023,https://www.ohiouniversityjobs.com/bookmarks?posting_id=57629,action page (/bookmarks)
1023,https://www.ohiouniversityjobs.com/bookmarks?posting_id=57613,action page (/bookmarks)
1023,https://www.ohiouniversityjobs.com/bookmarks?posting_id=57591,action page (/bookmarks)
1023,https://www.ohiouniversityjobs.com/bookmarks?posting_id=57535,action page (/bookmarks)
1023,https://www.ohiouniversityjobs.com/bookmarks?posting_id=57515,action page (/bookmarks)
1023,https://www.ohiouniversityjobs.com/bookmarks?posting_id=57496,action page (/bookmarks)
1023,https://www.ohiouniversityjobs.com/bookmarks?posting_id=57440,action page (/bookmarks)
1023,https://www.ohiouniversityjobs.com/bookmarks?posting_id=57392,action page (/bookmarks)
1023,https://www.ohiouniversityjobs.com/bookmarks?posting_id=57325,action page (/bookmarks)
1023,https://www.ohiouniversityjobs.com/bookmarks?posting_id=57323,action page (/bookmarks)
1023,https://www.ohiouniversityjobs.com/bookmarks?posting_id=57267,action page (/bookmarks)
1023,https://www.ohiouniversityjobs.com/bookmarks?posting_id=57211,action page (/bookmarks)
1023,https://www.ohiouniversityjobs.com/bookmarks?posting_id=57064,action page (/bookmarks)
1023,https://www.ohiouniversityjobs.com/bookmarks?posting_id=56996,action page (/bookmarks)
1023,https://www.ohiouniversityjobs.com/bookmarks?posting_id=56973,action page (/bookmarks)
1023,https://www.ohiouniversityjobs.com/bookmarks?posting_id=56850,action page (/bookmarks)
1023,https://www.ohiouniversityjobs.com/bookmarks?posting_id=56807,action page (/bookmarks)
1023,https://www.ohiouniversityjobs.com/bookmarks?posting_id=56794,action page (/bookmarks)
1023,https://www.ohiouniversityjobs.com/bookmarks?posting_id=56781,action page (/bookmarks)
1023,https://www.ohiouniversityjobs.com/bookmarks?posting_id=56780,action page (/bookmarks)
1023,https://www.ohiouniversityjobs.com/bookmarks?posting_id=56726,action page (/bookmarks)
1023,https://www.ohiouniversityjobs.com/bookmarks?posting_id=56723,action page (/bookmarks)
1023,https://www.ohiouniversityjobs.com/bookmarks?posting_id=56720,action page (/bookmarks)
1023,https://www.ohiouniversityjobs.com/bookmarks?posting_id=56719,action page (/bookmarks)
1023,https://www.ohiouniversityjobs.com/bookmarks?posting_id=56718,action page (/bookmarks)
1023,https://www.ohiouniversityjobs.com/bookmarks?posting_id=56717,action page (/bookmarks)
1023,https://www.ohiouniversityjobs.com/bookmarks?posting_id=56716,action page (/bookmarks)
1023,https://www.ohiouniversityjobs.com/bookmarks?posting_id=56715,action page (/bookmarks)
1023,https://www.ohiouniversityjobs.com/bookmarks?posting_id=56680,action page (/bookmarks)
1023,https://www.ohiouniversityjobs.com/bookmarks?posting_id=56468,action page (/bookmarks)
1025,https://www.bluffton.edu/academiclife/career/index.aspx,the careers link itself
1025,https://a.cms.omniupdate.com/11/?skin=oucampus&account=bluffton&site=www-redesign&action=de&path=/academiclife/career/index.pcf,outside this school's posting path
1026,https://www.schooljobs.com/careers/bgsu/faculty,section page (/faculty)
102,https://msmu.interviewexchange.com/,site root
1031,https://www.paycomonline.net/v4/ats/web.php/jobs?clientkey=BC25C89BF322A723B1E209741EE99F00,section page (/jobs)
1031,https://www.paycomonline.net/v4/ats/web.php/jobs?clientkey=24392DBEF108F9946595B2411C38E9D2,section page (/jobs)
1033,https://jobs.uc.edu?locale=en_US,site root
1037,https://www.csuohio.edu/hrd/careers-csu,outside this school's posting path
1037,https://hrjobs.csuohio.edu/?_gl=1*axxt59*_gcl_au*MTUwODA4MTAyMC4xNzI0OTUwMTE3*_ga*MTI5MDUxNzYzMC4xNzI0OTUwMTE3*_ga_EEYNYG39GR*MTczMjEzMzA1My43OS4xLjE3MzIxMzM5NzEuNjAuMC4w&_ga=2.100144217.679281799.1732029176-1290517630.1724950117,site root
1037,https://app.joinhandshake.com/login,action page (/login)
1037,https://www.csuohio.edu/career-development-exploration/campus-student-employment,category page (/campus-student-employment)
1039,https://capital.applicantpro.com/jobs/,the careers link itself
1041,https://www.franklin.edu/blog/careers,the careers link itself
1041,https://www.franklin.edu/about-us/careers-at-franklin,outside this school's posting path
1042,https://www.ohiodominican.edu/about/human-resources/index.html,the careers link itself
1044,https://careers.pageuppeople.com/875/cw/en-us/listing/,section page (/listing)
1044,https://careers.pageuppeople.com/875/cw/en-us/subscribe,the careers link itself
1047,https://careers.owu.edu/ambassadors/,the careers link itself
1047,https://careers.owu.edu/staff/,section page (/staff)
1047,https://careers.owu.edu/channels/,parent of 17 other rows
1047,https://careers.owu.edu/channels/alumni/,section page (/alumni)
1047,https://careers.owu.edu/,site root
1047,https://careers.owu.edu/resources/,parent of 8 other rows
1049,https://www.kenyon.edu/offices-and-services/office-of-human-resources/job-opportunities/,the careers link itself
1049,https://careers.pageuppeople.com/695/cw/en-us/filter/?search-keyword=&work-type=exempt%20staff&job-mail-subscribe-privacy=agree,section page (/filter)
1049,https://careers.pageuppeople.com/695/cw/en-us/filter/?search-keyword=&work-type=non-exempt%20staff&job-mail-subscribe-privacy=agree,section page (/filter)
1049,https://careers.pageuppeople.com/695/cw/en-us/filter/?search-keyword=&work-type=faculty&job-mail-subscribe-privacy=agree,section page (/filter)
1049,https://careers.pageuppeople.com/695/cw/en-us/filter/?search-keyword=&work-type=postdoctoral%20opportunities&job-mail-subscribe-privacy=agree,section page (/filter)
1049,https://www.kenyon.edu/careers-outcomes/,parent of 7 other rows
104,https://psuca.edu/jobs-opportunities/,the careers link itself
104,http://www.accsc.org/,site root
1053,https://jobs.kent.edu/jobs/search,section page (/search)
1053,https://www.kent.edu/employment,section page (/employment)
1057,https://osumarion.osu.edu/current-students/student-jobs,category page (/student-jobs)
1057,https://osumarion.osu.edu/engineering/career-opportunities-engineering,the careers link itself
1057,https://osumarion.osu.edu/psychology/careers,section page (/careers)
1061,https://www.facebook.com/sharer/sharer.php?u=https%3A%2F%2Fwww.walsh.educareers,outside this school's posting path
1061,https://twitter.com/intent/tweet?text=Found%20this%20on%20Walsh.edu%3A%20https%3A%2F%2Fwww.walsh.educareers,outside this school's posting path
1061,https://www.walsh.edu/careers.html,the careers link itself
1064,https://www.lec.edu/career-closet,the careers link itself
1064,https://www.lec.edu/careers,section page (/careers)
1065,https://www.ursuline.edu/inside-ursuline/employment/inside-ursuline/employment/academics/continuing-education/career-training/overview,outside this school's posting path
1066,https://www.schooljobs.com/careers/ssuoh,parent of 10 other rows
1066,https://www.schooljobs.com/careers/SSUOH,parent of 2 other rows
1066,https://www.schooljobs.com/careers/SSUOH/jobInterestCards/categories,section page (/categories)
1066,https://www.governmentjobs.com,site root
1066,https://www.schooljobs.com,site root
1067,https://www.facebook.com/sharer/sharer.php?u=http://wittenberg.interviewexchange.com/jobofferdetails.jsp?JOBID=204109,outside this school's posting path
1067,https://twitter.com/intent/tweet?text=Check%20this%20out&url=http://wittenberg.interviewexchange.com/jobofferdetails.jsp?JOBID=204109,outside this school's posting path
1068,https://franciscan.edu/online-master-of-social-work-faculty-position/,category page (/online-master-of-social-work-faculty-position)
106,https://usc.wd5.myworkdayjobs.com/en-US/ExternalUSCCareers/login,action page (/login)
106,https://usccareers.usc.edu/search-jobs,the careers link itself
1072,https://university-of-toledo-careers.career-pages.com/jobs/search?page=1,section page (/search)
1072,https://university-of-toledo-careers.career-pages.com/jobs/search?page=2,section page (/search)
1072,https://university-of-toledo-careers.career-pages.com/jobs/search?page=3,section page (/search)
1072,https://university-of-toledo-careers.career-pages.com/jobs/search?page=4,section page (/search)
1072,https://university-of-toledo-careers.career-pages.com/jobs/search?page=5,section page (/search)
1072,https://university-of-toledo-careers.career-pages.com/jobs/search?page=6,section page (/search)
1072,https://university-of-toledo-careers.career-pages.com/jobs/search?page=7,section page (/search)
1072,https://www.utoledo.edu/jobs/,parent of 50 other rows
1074,https://www.schooljobs.com/careers/otterbein,parent of 11 other rows
1074,https://www.schooljobs.com/careers/otterbein/jobInterestCards/categories,section page (/categories)
1074,https://www.otterbein.edu/about/careers/,section page (/careers)
1074,https://www.governmentjobs.com,site root
1074,https://www.schooljobs.com,site root
1078,https://wooster.edu/employment/jobs,the careers link itself
1079,https://www.antioch.edu?feed=job_feed&job_types=administration%2Cfaculty%2Cfreelance%2Cinternship%2Cstaff%2Ctemporary%2Cworkstudy-aula%2Cworkstudy-aune%2Cworkstudy-auo%2Cworkstudy-aus%2Cworkstudy-ausb%2Cworkstudy-gslc&search_location&job_categories&search_keywords&author,site root
107,https://jobs.pepperdine.edu/jobs/search/,parent of 5 other rows
107,https://jobs.pepperdine.edu/jobs/search/temporary-opportunities?page=1&employment_type_uids%5B%5D=0029c777b81f465081aef0c6e21bfd6a&query=,category page (/temporary-opportunities)
107,https://jobs.pepperdine.edu/why-pepperdine,outside this school's posting path
107,https://jobs.pepperdine.edu/jobs/search,parent of 5 other rows
107,https://jobs.pepperdine.edu/faq,section page (/faq)
107,https://jobs.pepperdine.edu/candidate-settings-page,outside this school's posting path
1080,http://www.governmentjobs.com/careers/ysu/Faculty,parent of 7 other rows
1080,https://www.schooljobs.com/careers/ysu,parent of 13 other rows
1080,http://www.governmentjobs.com/careers/ysu/Faculty/jobInterestCards/categories,section page (/categories)
1080,https://www.governmentjobs.com,site root
1080,https://www.schooljobs.com,site root
1086,https://usao.edu/about/human-resources/careers-at-usao.html,the careers link itself
1087,https://my.rsu.edu/ICS/RSU_Jobs/,parent of 2 other rows
1087,https://my.rsu.edu/ICS/RSU_Jobs/RSU_Employment_Opportunities.jnz,the careers link itself
1091,https://opsu.edu/job-opportunities/,the careers link itself
1093,https://jobs.silkroad.com/Cameron/Careers,parent of 2 other rows
1093,https://jobs.silkroad.com/Cameron/Careers/Profile,section page (/Profile)
1093,https://jobs.silkroad.com/Cameron/Careers?useSavedSearch=True,parent of 2 other rows
1093,https://www.addtoany.com/share#url=https%3A%2F%2Fjobs.silkroad.com%2FCameron%2FCareers%2Fjobs%2F1802&title=Assistant%20Professor%20or%20Instructor%20-%20Master%20of%20Arts%20in%20Mental%20Health%20Counseling%20Track%2C%20Department%20of%20Psychology%20-%202800%20W.%20Gove%20Blvd.%2C%20Lawton%2C%20Oklahoma%20-%20Cameron%20University,action page (/share)
1094,https://ru.edu/about-randall/jobs/,the careers link itself
1098,https://careers.okcu.edu/jobs/search,the careers link itself
1098,https://careers.okcu.edu/jobs/search?page=1,section page (/search)
1098,https://careers.okcu.edu/jobs/search?page=2,section page (/search)
109,https://www.stmarys-ca.edu/academic-affairs/full-time-faculty-openings,category page (/full-time-faculty-openings)
109,https://www.stmarys-ca.edu/academic-affairs/adjunct-faculty-openings,category page (/adjunct-faculty-openings)
1100,https://jobs.okstate.edu/jobs/search/search-page-oklahoma-state,outside this school's posting path
1100,https://jobs.okstate.edu/jobs/search/search-page-oklahoma-state?page=1&employment_type_uids%5B%5D=6a459435837e4ce324d4b89779b2f709&employment_type_uids%5B%5D=f13ab2a97d6eba001fa9336859e855a7&employment_type_uids%5B%5D=264e3580c4d8bff0bdcc2de08fac0d76&query=,filter variant of a listing URL
1100,https://jobs.okstate.edu/jobs/search/search-page-oklahoma-state?page=1&employment_type_uids%5B%5D=369d5b24d91990b57f28e9ebbee41ffa&employment_type_uids%5B%5D=5c5da7ec2907fcbb8822ceda56aa53d0&query=,the careers link itself
1100,https://jobs.okstate.edu/jobs/search/search-page-oklahoma-state?page=1&employment_type_uids%5B%5D=6a459435837e4ce324d4b89779b2f709&query=,filter variant of a listing URL
1100,https://jobs.okstate.edu/jobs/search/search-page-oklahoma-state?employment_type_uids%5B%5D=369d5b24d91990b57f28e9ebbee41ffa&employment_type_uids%5B%5D=5c5da7ec2907fcbb8822ceda56aa53d0&page=1&query=,filter variant of a listing URL
1100,https://jobs.okstate.edu/jobs/search/search-page-oklahoma-state?employment_type_uids%5B%5D=369d5b24d91990b57f28e9ebbee41ffa&employment_type_uids%5B%5D=5c5da7ec2907fcbb8822ceda56aa53d0&page=2&query=,filter variant of a listing URL
1100,https://jobs.okstate.edu/jobs/search/search-page-oklahoma-state?employment_type_uids%5B%5D=369d5b24d91990b57f28e9ebbee41ffa&employment_type_uids%5B%5D=5c5da7ec2907fcbb8822ceda56aa53d0&page=3&query=,filter variant of a listing URL
1100,https://jobs.okstate.edu/jobs/search/search-page-oklahoma-state?employment_type_uids%5B%5D=369d5b24d91990b57f28e9ebbee41ffa&employment_type_uids%5B%5D=5c5da7ec2907fcbb8822ceda56aa53d0&page=4&query=,filter variant of a listing URL
1100,http://jobs.okstate.edu/,site root
1105,https://hrs.sou.edu/working-at-sou/search-jobs/#top,parent of 3 other rows
1105,https://hrs.sou.edu/working-at-sou/search-jobs/,the careers link itself
1105,https://sou.wd1.myworkdayjobs.com/Southern_Oregon_University,outside this school's posting path
1108,https://www.bushnell.edu/careers/,section page (/careers)
1108,https://www.bushnell.edu/careers,section page (/careers)
1109,https://hr.uoregon.edu/careers,section page (/careers)
1109,https://careers.uoregon.edu/cw/en-us/job/536245/temporary-employment-pool-2026,the careers link itself
1109,https://careers.uoregon.edu/cw/en-us/subscribe/,action page (/subscribe)
110,http://www.csun.edu/careers,section page (/careers)
110,https://careers.pageuppeople.com/873/nr/en-us/Search/?search-keyword=&work-type=instructional+faculty+%e2%80%93+tenured%2ftenure-track&subscribe=true,section page (/Search)
1110,https://www.pacificu.edu/directory/finance-administration/human-resources/jobs-pacific,the careers link itself
1110,https://www.pacificu.edu/directory/finance-administration/human-resources/benefits/life-career-events,parent of 2 other rows
1110,https://www.paycomonline.net/v4/ats/web.php/jobs?clientkey=ABFDAFED645B6920CFDB8559C078F8A5,section page (/jobs)
1110,https://www.paycomonline.net/v4/ats/web.php/jobs?clientkey=ABFDAFED645B6920CFDB8559C078F8A5&jpt=4c5bba245b0a32b8cbb0d108088a8b1a,section page (/jobs)
1111,https://jobs.oit.edu/postings/search,the careers link itself
1111,https://jobs.oit.edu/interest_cards,outside this school's posting path
1111,https://jobs.oit.edu/postings/search?page=2,section page (/search)
1111,https://jobs.oit.edu/postings/search?sort=435+asc,section page (/search)
1111,https://jobs.oit.edu/postings/search?sort=440+asc,section page (/search)
1111,https://jobs.oit.edu/postings/search?sort=226+asc,section page (/search)
1111,https://jobs.oit.edu/postings/search?sort=434+asc,section page (/search)
1111,https://jobs.oit.edu/postings/search?sort=1571+asc,section page (/search)
1111,https://jobs.oit.edu/postings/search?sort=227+asc,section page (/search)
1111,https://jobs.oit.edu/bookmarks?posting_id=7499,action page (/bookmarks)
1111,https://jobs.oit.edu/bookmarks?posting_id=7493,action page (/bookmarks)
1111,https://jobs.oit.edu/bookmarks?posting_id=7492,action page (/bookmarks)
1111,https://jobs.oit.edu/bookmarks?posting_id=7491,action page (/bookmarks)
1111,https://jobs.oit.edu/bookmarks?posting_id=7476,action page (/bookmarks)
1111,https://jobs.oit.edu/bookmarks?posting_id=7475,action page (/bookmarks)
1111,https://jobs.oit.edu/bookmarks?posting_id=7459,action page (/bookmarks)
1111,https://jobs.oit.edu/bookmarks?posting_id=7458,action page (/bookmarks)
1111,https://jobs.oit.edu/bookmarks?posting_id=7453,action page (/bookmarks)
1111,https://jobs.oit.edu/bookmarks?posting_id=7428,action page (/bookmarks)
1111,https://jobs.oit.edu/bookmarks?posting_id=7398,action page (/bookmarks)
1111,https://jobs.oit.edu/bookmarks?posting_id=7385,action page (/bookmarks)
1111,https://jobs.oit.edu/bookmarks?posting_id=7384,action page (/bookmarks)
1111,https://jobs.oit.edu/bookmarks?posting_id=7315,action page (/bookmarks)
1111,https://jobs.oit.edu/bookmarks?posting_id=7241,action page (/bookmarks)
1111,https://jobs.oit.edu/bookmarks?posting_id=7183,action page (/bookmarks)
1111,https://jobs.oit.edu/bookmarks?posting_id=7144,action page (/bookmarks)
1111,https://jobs.oit.edu/bookmarks?posting_id=7089,action page (/bookmarks)
1111,https://jobs.oit.edu/bookmarks?posting_id=7078,action page (/bookmarks)
1111,https://jobs.oit.edu/bookmarks?posting_id=7077,action page (/bookmarks)
1111,https://jobs.oit.edu/bookmarks?posting_id=7076,action page (/bookmarks)
1111,https://jobs.oit.edu/bookmarks?posting_id=7075,action page (/bookmarks)
1111,https://jobs.oit.edu/bookmarks?posting_id=7074,action page (/bookmarks)
1111,https://jobs.oit.edu/bookmarks?posting_id=7073,action page (/bookmarks)
1111,https://jobs.oit.edu/bookmarks?posting_id=7072,action page (/bookmarks)
1111,https://jobs.oit.edu/bookmarks?posting_id=7071,action page (/bookmarks)
1111,https://jobs.oit.edu/bookmarks?posting_id=6928,action page (/bookmarks)
1111,https://jobs.oit.edu/bookmarks?posting_id=6756,action page (/bookmarks)
1111,https://jobs.oit.edu/bookmarks?posting_id=6486,action page (/bookmarks)
1111,https://jobs.oit.edu/bookmarks?posting_id=6268,action page (/bookmarks)
1111,https://www.linkedin.com/company/oit-careers,outside this school's posting path
1111,https://www.twitter.com/OITCareers,outside this school's posting path
1114,https://wou.edu/hr/employment/employment-application-form-faculty-unclassified-professional-positions/,category page (/employment-application-form-faculty-unclassified-professional-positions)
1114,https://wou.edu/hr/employment/employment-application-form-classified-positions,category page (/employment-application-form-classified-positions)
1114,https://wou.edu/hr/employment/employment-application-form-classified-positions/,category page (/employment-application-form-classified-positions)
1114,https://wou.edu/hr/employment/jobs/,the careers link itself
1115,https://georgefoxfaculty.applicantpool.com/jobs/,section page (/jobs)
1115,https://georgefoxstaff.applicantpool.com/jobs/,section page (/jobs)
1115,https://georgefoxadjunct.applicantpool.com/jobs/,section page (/jobs)
1115,https://https://georgefoxadjunct.applicantpool.com/jobs/,section page (/jobs)
1115,https://www.georgefox.edu/offices/hr/careers/index.html,the careers link itself
1116,https://lewisandclark.wd5.myworkdayjobs.com/staff,section page (/staff)
1116,https://lewisandclark.wd5.myworkdayjobs.com/Faculty,section page (/Faculty)
1116,https://lewisandclark.wd5.myworkdayjobs.com/student,section page (/student)
1116,https://www.lclark.edu/offices/human_resources/jobs/,the careers link itself
1116,https://www.lclark.edu/offices/human_resources/jobs/students/,section page (/students)
1118,https://jobs.hrc.pdx.edu/postings/search,section page (/search)
1118,https://jobs.hrc.pdx.edu/interest_cards,outside this school's posting path
1118,https://jobs.hrc.pdx.edu/postings/search?utf8=%E2%9C%93&query=&query_v0_posted_at_date=&2738=&query_position_type_id=3&2831=&query_organizational_tier_2_id=any&commit=Search,section page (/search)
1118,https://jobs.hrc.pdx.edu/postings/search?utf8=%E2%9C%93&query=&query_v0_posted_at_date=&2738=&query_position_type_id=2&2831=&query_organizational_tier_2_id=any&commit=Search,section page (/search)
1118,https://jobs.hrc.pdx.edu/postings/search?utf8=%E2%9C%93&query=&query_v0_posted_at_date=&2738=&query_position_type_id=1&2831=&query_organizational_tier_2_id=any&commit=Search,section page (/search)
1118,https://jobs.hrc.pdx.edu/postings/search?utf8=%E2%9C%93&query=&query_v0_posted_at_date=&2738=&query_position_type_id=4&2831=&query_organizational_tier_2_id=any&commit=Search,section page (/search)
1121,https://warnerpacific.catsone.com/careers/1611/jobs/16840743-Vice-President-for-Enrollment-Management-and-Marketing/apply,action page (/apply)
1129,https://www.neumann.edu/deposit,outside this school's posting path
1129,https://www.neumann.edu/about/humanresources/employment#Faculty,the careers link itself
1129,https://www.neumann.edu/about/humanresources/employment#Employee,section page (/employment)
1129,https://www.neumann.edu/about/humanresources/employment#Athletics,section page (/employment)
1129,https://www.neumann.edu/about/humanresources/employment#Graduate,section page (/employment)
1129,https://www.neumann.edu/career-development/default.asp?hsLang=en,outside this school's posting path
1129,https://www.neumann.edu/career-development,outside this school's posting path
1129,https://www.neumann.edu/about/humanresources/employment,section page (/employment)
1131,https://careers.pageuppeople.com/865/cw/en-us/listing,section page (/listing)
1131,https://hr.lehigh.edu/careers,section page (/careers)
1131,http://careers.pageuppeople.com/865/cw/en-us/listing,the careers link itself
1131,http://careers.pageuppeople.com/865/cw/en-us/subscribe,action page (/subscribe)
1131,http://careers.pageuppeople.com/865/ci/en-us/subscribe,action page (/subscribe)
1131,https://facultyjobs.lehigh.edu/faculty,section page (/faculty)
1131,http://careers.pageuppeople.com/865/cw/en-us/listing/?page=2&page-items=20,section page (/listing)
1132,https://www.moravian.edu/career-success,the careers link itself
1132,https://www.moravian.edu/career-success/students,parent of 6 other rows
1132,https://www.moravian.edu/career-success/alumni,section page (/alumni)
1132,https://www.moravian.edu/career-success/about-us,section page (/about-us)
1132,https://www.moravian.edu/career-success/students/student-employment,category page (/student-employment)
1132,https://www.moravian.edu/elevate/badges,outside this school's posting path
1135,https://dickinson.wd108.myworkdayjobs.com/Jobs,section page (/Jobs)
1135,http://nam12.safelinks.protection.outlook.com/?url=https%3A%2F%2Fwww.youtube.com%2Fembed%2FEuz8UQekkPI&data=05%7C02%7Cmould%40dickinson.edu%7C3fb72b95f93c43d3f37e08ddef9bea05%7C6232b05576b94c139b88b562ae7db6fb%7C0%7C0%7C638930175101255171%7CUnknown%7CTWFpbGZsb3d8eyJFbXB0eU1hcGkiOnRydWUsIlYiOiIwLjAuMDAwMCIsIlAiOiJXaW4zMiIsIkFOIjoiTWFpbCIsIldUIjoyfQ%3D%3D%7C0%7C%7C%7C&sdata=4Z00z3HRgowZMTwENlMKql5Ox6%2BzykOaA40zfbCuDkU%3D&reserved=0I,site root
1136,https://recruitingbypaycor.com/career/CareerHome.action?clientId=8a7883d0930d0e990193232e613f0336,the careers link itself
1139,https://www.widener.edu/academics/academic-resources-success/academic-career-support#main-content,parent of 2 other rows
1139,https://www.widener.edu/academics/academic-resources-success/academic-career-support#main-menu,parent of 2 other rows
1139,https://www.widener.edu/academics/academic-resources-success/academic-career-support,the careers link itself
1139,https://www.widener.edu/academics/academic-resources-success/academic-career-support#promo-78876,parent of 2 other rows
1139,https://mysuccess.widener.edu/s/experience/co-ops-internships-student-jobs,category page (/co-ops-internships-student-jobs)
1139,https://widener.joinhandshake.com/login,action page (/login)
1142,http://www.hercjobs.org,site root
1142,http://www.higheredjobs.com,site root
1143,https://recruitingbypaycor.com/career/CareerHome.action?clientId=8a7883d098156f9c01982e34a60801d2,the careers link itself
1144,https://www.misericordia.edu/life-at-mu/career-development,parent of 8 other rows
1144,https://www.misericordia.edu/life-at-mu/career-development/student-government-association-sga/clubs-and-organizations,outside this school's posting path
1144,https://www.misericordia.edu/campus-community/other-offices/human-resources/employment-opportunities,the careers link itself
1150,https://www.etown.edu/offices/human-resources/careers.aspx,the careers link itself
1154,https://www.gettysburg.edu/offices/provost/academic-positions/,the careers link itself
1154,https://gettysburg.peopleadmin.com/postings/search,section page (/search)
1155,https://careerlaunchpad.arcadia.edu/,site root
1155,https://www.arcadia.edu/about-arcadia/offices-facilities-services/human-resources,the careers link itself
1165,https://www.iup.edu/career/about/index.html,the careers link itself
1167,https://www.schooljobs.com/careers/kutztownedu,parent of 13 other rows
1167,https://www.schooljobs.com/careers/kutztownedu/jobInterestCards/categories,section page (/categories)
1167,https://www.governmentjobs.com,site root
1167,https://www.schooljobs.com,site root
1169,https://www.fandm.edu/career-and-professional-development/index.html,the careers link itself
116,https://careers.cpp.edu/en-us/subscribe,action page (/subscribe)
116,https://careers.cpp.edu/po/en-us/Search/?search-keyword=&work-type=instructional+faculty+-+temporary%2flecturer%2cinstructional+faculty+%e2%80%93+tenured%2ftenure-track&subscribe=true,section page (/Search)
116,https://careers.cpp.edu/po/en-us/search/?search-keyword=&work-type=instructional+faculty+-+temporary%2flecturer%2cinstructional+faculty+%e2%80%93+tenured%2ftenure-track&job-mail-subscribe-privacy=agree&page=2&page-items=20,section page (/search)
1170,https://cairn.edu/hr/jobs/,the careers link itself
1184,http://hr.rmu.edu/careers,section page (/careers)
1184,http://careers.rmu.edu/cw/en-us/subscribe,action page (/subscribe)
1184,https://careers.pageuppeople.com/856/cw/en-us/listing,section page (/listing)
1184,https://careers.pageuppeople.com/856/cw/en-us/search/?search=&bgresponse=&search-keyword=&work-type=faculty+part-time&page=2&page-items=5,section page (/search)
1187,https://www.chc.edu/student-life/career-development/,parent of 2 other rows
1187,https://www.chc.edu/careers-at-chc/,parent of 11 other rows
1188,https://drexel.edu/hr/working-here/career-opportunities,the careers link itself
1188,https://drexel.edu/hr/career,parent of 7 other rows
1188,https://careers.drexel.edu/en-us/filter/?job-mail-subscribe-privacy=agree&search-keyword=&job-sector=faculty,section page (/filter)
1188,https://careers.drexel.edu/en-us/filter/?job-mail-subscribe-privacy=agree&search-keyword=&job-sector=professional%20staff,section page (/filter)
1188,https://careers.drexel.edu/en-us/filter/?job-mail-subscribe-privacy=agree&search-keyword=&job-sector=adjunct,section page (/filter)
1188,https://careers.drexel.edu/en-us/filter/?job-mail-subscribe-privacy=agree&search-keyword=&job-sector=union,section page (/filter)
1188,https://careers.drexel.edu/en-us/filter/?job-mail-subscribe-privacy=agree&search-keyword=&job-sector=temporary%20%2f%20per%20diem%20%2f%20casual,section page (/filter)
1188,http://www.aramark.com/careers,section page (/careers)
1188,http://drexel.edu/hr,parent of 13 other rows
1189,https://www.holyfamily.edu/academics/career-development-services,outside this school's posting path
1189,https://www.holyfamily.edu/admissions-aid/admitted-students/make-your-deposit,outside this school's posting path
1189,https://www.holyfamily.edu/about/administrative-services/human-resources/jobs,the careers link itself
1193,https://careers.temple.edu/careers-temple,parent of 4 other rows
1193,https://careers.temple.edu/careers-temple/search-and-apply-jobs,the careers link itself
1193,https://careers.temple.edu/,site root
1194,https://www.hr.upenn.edu/PennHR/careers-at-penn,outside this school's posting path
1197,https://www.cmu.edu/faculty-office/faculty-recruitment/index.html,outside this school's posting path
1199,https://apply.interfolio.com/11181/positions,section page (/positions)
11,https://www.schooljobs.com/careers/una,parent of 15 other rows
11,https://www.schooljobs.com/careers/una/jobInterestCards/categories,section page (/categories)
11,https://www.governmentjobs.com,site root
11,https://www.schooljobs.com,site root
1200,https://laroche.edu/Academics/Student_Academic_Support_Services/Academic_and_Career_Planning/,parent of 2 other rows
1200,https://laroche.edu/About/Employment_Opportunities/Faculty_Openings/,the careers link itself
1200,https://intranet.laroche.edu/z/admdeposit.cfm,outside this school's posting path
1201,https://www.pointpark.edu/careerready/index,the careers link itself
1201,https://www.pointpark.edu/careerready/Career-ReadinessCenter/index,section page (/index)
1201,https://www.pointpark.edu/CareersatPointPark/index,section page (/index)
1210,https://www.marywood.edu/depts/human-resources/employment-opportunities/professional-positions,category page (/professional-positions)
1210,https://www.marywood.edu/depts/human-resources/employment-opportunities/student-positions,category page (/student-positions)
1210,https://www.marywood.edu/depts/human-resources/employment-opportunities/,the careers link itself
1212,https://www.governmentjobs.com/careers/susqu/faculty,parent of 7 other rows
1212,https://www.schooljobs.com/careers/susqu,parent of 13 other rows
1212,https://www.governmentjobs.com/careers/susqu/faculty/jobInterestCards/categories,section page (/categories)
1212,https://www.governmentjobs.com,site root
1212,https://www.schooljobs.com,site root
1214,https://jobs.ship.edu/postings/search,the careers link itself
1214,https://jobs.ship.edu/postings/search?sort=226+asc,section page (/search)
1214,https://jobs.ship.edu/postings/search?sort=225+asc,section page (/search)
1214,https://jobs.ship.edu/bookmarks?posting_id=3536,action page (/bookmarks)
1214,https://jobs.ship.edu/bookmarks?posting_id=3535,action page (/bookmarks)
1214,https://jobs.ship.edu/bookmarks?posting_id=3533,action page (/bookmarks)
1214,https://jobs.ship.edu/bookmarks?posting_id=3529,action page (/bookmarks)
1214,https://jobs.ship.edu/bookmarks?posting_id=3524,action page (/bookmarks)
1214,https://jobs.ship.edu/bookmarks?posting_id=3521,action page (/bookmarks)
1214,https://jobs.ship.edu/bookmarks?posting_id=3517,action page (/bookmarks)
1214,https://jobs.ship.edu/bookmarks?posting_id=3516,action page (/bookmarks)
1214,https://jobs.ship.edu/bookmarks?posting_id=3515,action page (/bookmarks)
1214,https://jobs.ship.edu/bookmarks?posting_id=3511,action page (/bookmarks)
1214,https://jobs.ship.edu/bookmarks?posting_id=3509,action page (/bookmarks)
1214,https://jobs.ship.edu/bookmarks?posting_id=3463,action page (/bookmarks)
1214,https://jobs.ship.edu/bookmarks?posting_id=3441,action page (/bookmarks)
1214,https://jobs.ship.edu/bookmarks?posting_id=3431,action page (/bookmarks)
1214,https://jobs.ship.edu/bookmarks?posting_id=3430,action page (/bookmarks)
1214,https://jobs.ship.edu/bookmarks?posting_id=3378,action page (/bookmarks)
1215,https://careers.sru.edu/postings/search,section page (/search)
1215,https://careers.sru.edu/postings/search?372=2&commit=Search&query_organizational_tier_3_id=any&sort=371+asc,section page (/search)
1215,https://careers.sru.edu/postings/search?372=2&commit=Search&query_organizational_tier_3_id=any&sort=226+asc,section page (/search)
1215,https://careers.sru.edu/postings/search?372=2&commit=Search&query_organizational_tier_3_id=any&sort=225+asc,section page (/search)
1215,https://careers.sru.edu/postings/search?372=2&commit=Search&query_organizational_tier_3_id=any&sort=372+asc,section page (/search)
1215,https://careers.sru.edu/postings/search?372=2&commit=Search&query_organizational_tier_3_id=any&sort=373+asc,section page (/search)
1215,https://careers.sru.edu/bookmarks?posting_id=10983,action page (/bookmarks)
1215,https://careers.sru.edu/bookmarks?posting_id=10763,action page (/bookmarks)
1215,https://careers.sru.edu/bookmarks?posting_id=10644,action page (/bookmarks)
1215,http://careers.sru.edu/,site root
1217,http://careers.swarthmore.edu,site root
1217,http://careers.swarthmore.edu/cw/en-us/listing/,the careers link itself
1221,https://www.washjeff.edu/student-life/center-for-career-advising-and-networking/,outside this school's posting path
1221,https://twitter.com/intent/tweet?url=https://www.washjeff.edu/applicantpro/job/Pennsylvania/Washington/Human-Resources-Coordinator/4110192/&text=Careers,outside this school's posting path
1224,https://www.kings.edu/human-resources/careers.html,the careers link itself
1225,https://wilkesuniversitycareers.applicantpro.com/jobs/,the careers link itself
1225,https://www.wilkes.edu/admissions/financial-aid/undergraduate-aid/types-of-aid/student-work-study-jobs/index.aspx,outside this school's posting path
1228,https://www.governmentjobs.com/careers/ycp/administrative,parent of 9 other rows
1228,https://www.governmentjobs.com/careers/ycp/administrative/jobInterestCards/categories,section page (/categories)
1228,https://www.governmentjobs.com,site root
1228,https://www.schooljobs.com,site root
123,https://employment.sonoma.edu/en-us/subscribe/,action page (/subscribe)
123,https://employment.sonoma.edu/en-us/Search/?search-keyword=&work-type=instructional+faculty+-+temporary%2flecturer&subscribe=true,section page (/Search)
1241,https://jobs.uagm.edu/page-jobs-category?lang=es&cat=Priority,filter variant of a listing URL
1241,https://jobs.uagm.edu/page-jobs-category?lang=es&cat=Adm,filter variant of a listing URL
1241,https://jobs.uagm.edu/page-jobs-category?lang=es&cat=Facultad,filter variant of a listing URL
1241,https://jobs.uagm.edu/page-jobs-category?lang=es&cat=All,filter variant of a listing URL
1244,https://fajardo.inter.edu/oferta-academica/,parent of 5 other rows
1244,https://fajardo.inter.edu/empleos/,the careers link itself
1246,https://www.indeed.com/career/salaries,outside this school's posting path
1246,https://www.indeed.com/cmp/Atlantic-University-1/jobs,the careers link itself
1247,https://jobs.uagm.edu/page-jobs-category?lang=es&cat=Priority,filter variant of a listing URL
1247,https://jobs.uagm.edu/page-jobs-category?lang=es&cat=Adm,filter variant of a listing URL
1247,https://jobs.uagm.edu/page-jobs-category?lang=es&cat=Facultad,filter variant of a listing URL
1247,https://jobs.uagm.edu/page-jobs-category?lang=es&cat=All,filter variant of a listing URL
1254,https://documentos.inter.edu/#396-recursos-humanos-1565739127,site root
125,https://careers.csus.edu/en-us/Search/?search-keyword=&work-type=instructional+faculty+-+temporary%2flecturer%2cinstructional+faculty+%e2%80%93+tenured%2ftenure-track&subscribe=true,section page (/Search)
125,https://careers.csus.edu/en-us/search/?job-mail-subscribe-privacy=agree&search-keyword=&work-type=instructional+faculty+-+temporary%2flecturer%2cinstructional+faculty+%e2%80%93+tenured%2ftenure-track&page=2&page-items=20,section page (/search)
1261,https://jobs.uagm.edu/page-jobs-category?lang=es&cat=Priority,filter variant of a listing URL
1261,https://jobs.uagm.edu/page-jobs-category?lang=es&cat=Adm,filter variant of a listing URL
1261,https://jobs.uagm.edu/page-jobs-category?lang=es&cat=Facultad,filter variant of a listing URL
1261,https://jobs.uagm.edu/page-jobs-category?lang=es&cat=All,filter variant of a listing URL
1266,https://jobs.uri.edu/postings/search,the careers link itself
1266,https://jobs.uri.edu/interest_cards,outside this school's posting path
1266,https://jobs.uri.edu/postings/search?page=2,section page (/search)
1266,https://jobs.uri.edu/postings/search?page=3,section page (/search)
1266,https://jobs.uri.edu/postings/search?sort=225+asc,section page (/search)
1266,https://jobs.uri.edu/postings/search?sort=226+asc,section page (/search)
1266,https://jobs.uri.edu/postings/search?sort=2115+asc,section page (/search)
1266,https://jobs.uri.edu/postings/search?sort=709+asc,section page (/search)
1266,https://jobs.uri.edu/postings/search?sort=227+asc,section page (/search)
1266,https://jobs.uri.edu/bookmarks?posting_id=17038,action page (/bookmarks)
1266,https://jobs.uri.edu/bookmarks?posting_id=17036,action page (/bookmarks)
1266,https://jobs.uri.edu/bookmarks?posting_id=17034,action page (/bookmarks)
1266,https://jobs.uri.edu/bookmarks?posting_id=17032,action page (/bookmarks)
1266,https://jobs.uri.edu/bookmarks?posting_id=17029,action page (/bookmarks)
1266,https://jobs.uri.edu/bookmarks?posting_id=17025,action page (/bookmarks)
1266,https://jobs.uri.edu/bookmarks?posting_id=17023,action page (/bookmarks)
1266,https://jobs.uri.edu/bookmarks?posting_id=17022,action page (/bookmarks)
1266,https://jobs.uri.edu/bookmarks?posting_id=17019,action page (/bookmarks)
1266,https://jobs.uri.edu/bookmarks?posting_id=17016,action page (/bookmarks)
1266,https://jobs.uri.edu/bookmarks?posting_id=17015,action page (/bookmarks)
1266,https://jobs.uri.edu/bookmarks?posting_id=17014,action page (/bookmarks)
1266,https://jobs.uri.edu/bookmarks?posting_id=17013,action page (/bookmarks)
1266,https://jobs.uri.edu/bookmarks?posting_id=17011,action page (/bookmarks)
1266,https://jobs.uri.edu/bookmarks?posting_id=17009,action page (/bookmarks)
1266,https://jobs.uri.edu/bookmarks?posting_id=17007,action page (/bookmarks)
1266,https://jobs.uri.edu/bookmarks?posting_id=17003,action page (/bookmarks)
1266,https://jobs.uri.edu/bookmarks?posting_id=16999,action page (/bookmarks)
1266,https://jobs.uri.edu/bookmarks?posting_id=16995,action page (/bookmarks)
1266,https://jobs.uri.edu/bookmarks?posting_id=16993,action page (/bookmarks)
1266,https://jobs.uri.edu/bookmarks?posting_id=16991,action page (/bookmarks)
1266,https://jobs.uri.edu/bookmarks?posting_id=16988,action page (/bookmarks)
1266,https://jobs.uri.edu/bookmarks?posting_id=16950,action page (/bookmarks)
1266,https://jobs.uri.edu/bookmarks?posting_id=16912,action page (/bookmarks)
1266,https://jobs.uri.edu/bookmarks?posting_id=16908,action page (/bookmarks)
1266,https://jobs.uri.edu/bookmarks?posting_id=16901,action page (/bookmarks)
1266,https://jobs.uri.edu/bookmarks?posting_id=16895,action page (/bookmarks)
1266,https://jobs.uri.edu/bookmarks?posting_id=16891,action page (/bookmarks)
1266,https://jobs.uri.edu/bookmarks?posting_id=16889,action page (/bookmarks)
1266,https://jobs.uri.edu/bookmarks?posting_id=16888,action page (/bookmarks)
1269,https://jobs.jwu.edu/en-us/listing/,the careers link itself
1269,https://jobs.jwu.edu/en-us/listing/?page=2&page-items=20,section page (/listing)
1269,https://careers.jwu.edu/,site root
126,https://careers.csusb.edu/en-us/listing/,section page (/listing)
126,https://careers.csusb.edu/sb/en-us/Search/?search-keyword=&work-type=instructional+faculty+-+temporary%2flecturer%2cinstructional+faculty+%e2%80%93+tenured%2ftenure-track&subscribe=true,section page (/Search)
126,https://careers.csusb.edu/sb/en-us/search/?job-mail-subscribe-privacy=agree&search-keyword=&work-type=instructional+faculty+-+temporary%2flecturer%2cinstructional+faculty+%e2%80%93+tenured%2ftenure-track&page=2&page-items=20,section page (/search)
126,https://careers.csusb.edu/en-us/filter/?ie=utf-8&q=&search-keyword=&work-type=instructional%20faculty%20-%20temporary%2flecturer&work-type=instructional%20faculty%20%e2%80%93%20tenured%2ftenure-track&work-type=non-instructional%20faculty%20(coach%2fcounselor%2flibrarian)&work-type=visiting%20faculty&category=unit%203%20-%20cfa%20-%20california%20faculty%20association&category=faculty&job-mail-subscribe-privacy=agree,section page (/filter)
1270,https://www.schooljobs.com/careers/providencecollege,parent of 12 other rows
1270,https://www.schooljobs.com/careers/providencecollege/faculty,section page (/faculty)
1270,https://www.schooljobs.com/careers/providencecollege/jobInterestCards/categories,section page (/categories)
1270,https://www.governmentjobs.com,site root
1270,https://www.schooljobs.com,site root
1271,https://employment.ric.edu/postings/search,the careers link itself
1271,https://employment.ric.edu/interest_cards,outside this school's posting path
1271,https://employment.ric.edu/postings/search?page=2,section page (/search)
1271,https://employment.ric.edu/postings/search?sort=226+asc,section page (/search)
1271,https://employment.ric.edu/postings/search?sort=225+asc,section page (/search)
1271,https://employment.ric.edu/postings/search?sort=434+asc,section page (/search)
1271,https://employment.ric.edu/postings/search?sort=2335+asc,section page (/search)
1271,https://employment.ric.edu/bookmarks?posting_id=11234,action page (/bookmarks)
1271,https://employment.ric.edu/bookmarks?posting_id=11228,action page (/bookmarks)
1271,https://employment.ric.edu/bookmarks?posting_id=11227,action page (/bookmarks)
1271,https://employment.ric.edu/bookmarks?posting_id=11213,action page (/bookmarks)
1271,https://employment.ric.edu/bookmarks?posting_id=11209,action page (/bookmarks)
1271,https://employment.ric.edu/bookmarks?posting_id=11208,action page (/bookmarks)
1271,https://employment.ric.edu/bookmarks?posting_id=11206,action page (/bookmarks)
1271,https://employment.ric.edu/bookmarks?posting_id=11205,action page (/bookmarks)
1271,https://employment.ric.edu/bookmarks?posting_id=11204,action page (/bookmarks)
1271,https://employment.ric.edu/bookmarks?posting_id=11201,action page (/bookmarks)
1271,https://employment.ric.edu/bookmarks?posting_id=11191,action page (/bookmarks)
1271,https://employment.ric.edu/bookmarks?posting_id=11178,action page (/bookmarks)
1271,https://employment.ric.edu/bookmarks?posting_id=11177,action page (/bookmarks)
1271,https://employment.ric.edu/bookmarks?posting_id=11149,action page (/bookmarks)
1271,https://employment.ric.edu/bookmarks?posting_id=11143,action page (/bookmarks)
1271,https://employment.ric.edu/bookmarks?posting_id=11136,action page (/bookmarks)
1271,https://employment.ric.edu/bookmarks?posting_id=11118,action page (/bookmarks)
1271,https://employment.ric.edu/bookmarks?posting_id=11054,action page (/bookmarks)
1271,https://employment.ric.edu/bookmarks?posting_id=11039,action page (/bookmarks)
1271,https://employment.ric.edu/bookmarks?posting_id=11038,action page (/bookmarks)
1271,https://employment.ric.edu/bookmarks?posting_id=11034,action page (/bookmarks)
1271,https://employment.ric.edu/bookmarks?posting_id=11032,action page (/bookmarks)
1271,https://employment.ric.edu/bookmarks?posting_id=11023,action page (/bookmarks)
1271,https://employment.ric.edu/bookmarks?posting_id=11020,action page (/bookmarks)
1271,https://employment.ric.edu/bookmarks?posting_id=11018,action page (/bookmarks)
1271,https://employment.ric.edu/bookmarks?posting_id=11004,action page (/bookmarks)
1271,https://employment.ric.edu/bookmarks?posting_id=11002,action page (/bookmarks)
1271,https://employment.ric.edu/bookmarks?posting_id=11001,action page (/bookmarks)
1271,https://employment.ric.edu/bookmarks?posting_id=10999,action page (/bookmarks)
1271,https://employment.ric.edu/bookmarks?posting_id=10980,action page (/bookmarks)
1272,https://www.bryant.edu/why-bryant/career-outcomes,the careers link itself
1272,https://career.bryant.edu/,site root
1272,https://www.bryant.edu/discover-bryant/centers-and-institutes/amica-center-career-education,outside this school's posting path
1272,https://www.bryant.edu/undergraduate/why-bryant/explore-your-path,outside this school's posting path
1278,https://jobs.citadel.edu/jobs/search,parent of 2 other rows
1278,https://jobs.citadel.edu/jobs/search/search-page-faculty?page=1,filter variant of a listing URL
1278,https://jobs.citadel.edu/jobs/search/search-page-faculty?page=2,filter variant of a listing URL
1280,https://www.clemson.edu/human-resources/careers/,the careers link itself
1280,https://career.sites.clemson.edu/,site root
1280,https://www.clemson.edu/human-resources/careers/search-jobs/,parent of 2 other rows
1280,https://iptaycuad.com/careers/,section page (/careers)
1284,https://www.columbiasc.edu/academics/academic-career-support,the careers link itself
1287,https://www.sc.edu/experience/career-prep/index.php,the careers link itself
1291,https://www.fmarion.edu/careercenter/,outside this school's posting path
1291,https://www.fmarion.edu/availablepositions/,the careers link itself
1291,https://www.fmarion.edu?feed=job_feed&job_types=full-time-faculty%2Cfull-time-staff%2Ctemporary-grant-fte-position%2Cfull-time-temporary-staff%2Cinternal%2Cpart-time-faculty%2Cpart-time-staff%2Cpart-time-temporary-grant-staff%2Ctemp-staff&search_location&job_categories&search_keywords&author,site root
1296,https://www.lander.edu/academics/workforce-career-development/index.html,outside this school's posting path
1296,https://www.lander.edu/academics/workforce-career-development/eye-program.html,outside this school's posting path
1296,https://www.lander.edu/academics/workforce-career-development/student-services/internships.html,outside this school's posting path
1296,https://landerbearcats.com/calendar,outside this school's posting path
1296,https://www.lander.edu/about/offices-departments/human-resources/employment-opportunities/faculty-vacancies.html,the careers link itself
1296,https://www.lander.edu/about/offices-departments/human-resources/employment-opportunities/index.html,outside this school's posting path
1302,https://converse.isolvedhire.com/jobs/,the careers link itself
1303,https://uscupstate.edu/employment/faculty-positions/,the careers link itself
1303,https://uscupstate.edu/employment/staff-positions/,category page (/staff-positions)
1303,https://uscupstate.edu/employment/student-positions/,parent of 3 other rows
1303,https://uscupstate.edu/employment/student-positions/for-student-employment/,category page (/for-student-employment)
1310,https://yourfuture.sdbor.edu/postings/search?utf8=%E2%9C%93&query=&query_v0_posted_at_date=&query_position_type_id%5B0%5D=1&query_position_type_id%5B1%5D=2&query_position_type_id%5B2%5D=3&query_position_type_id%5B3%5D=4&435=&query_organizational_tier_1_id%5B0%5D=1258&225=&commit=Search,section page (/search)
1310,https://yourfuture.sdbor.edu/postings/search?utf8=%E2%9C%93&query=&query_v0_posted_at_date=&query_position_type_id%5B%5D=2&435=&query_organizational_tier_1_id%5B%5D=1258&225=&commit=Search,section page (/search)
1310,https://yourfuture.sdbor.edu/postings/search?utf8=%E2%9C%93&query=&query_v0_posted_at_date=&query_position_type_id%5B%5D=1&435=&query_organizational_tier_1_id%5B%5D=1258&225=&commit=Search,section page (/search)
1310,https://yourfuture.sdbor.edu/postings/search?utf8=%E2%9C%93&query=&query_v0_posted_at_date=&query_position_type_id%5B%5D=3&435=&query_organizational_tier_1_id%5B%5D=1258&225=&commit=Search,section page (/search)
1310,https://dlr.sd.gov/localoffices/job_search_tools/default.aspx,outside this school's posting path
1311,https://yourfuture.sdbor.edu/postings/search?utf8=%E2%9C%93&query=&query_v0_posted_at_date=&435=&query_organizational_tier_1_id%5B%5D=1253&225=&commit=Search,section page (/search)
1311,https://dsu.edu/careers/benefits.html,the careers link itself
1314,https://www.sdsmt.edu/about/offices-and-administration/human-resources/careers-at-mines.html,the careers link itself
1315,https://www.augie.edu/resources/human-resources/prospective-employees,outside this school's posting path
1318,https://yourfuture.sdbor.edu/postings/search,the careers link itself
1318,https://yourfuture.sdbor.edu/interest_cards,outside this school's posting path
1318,https://yourfuture.sdbor.edu/postings/search?page=2,section page (/search)
1318,https://yourfuture.sdbor.edu/postings/search?page=3,section page (/search)
1318,https://yourfuture.sdbor.edu/postings/search?page=4,section page (/search)
1318,https://yourfuture.sdbor.edu/postings/search?page=5,section page (/search)
1318,https://yourfuture.sdbor.edu/postings/search?sort=435+asc,section page (/search)
1318,https://yourfuture.sdbor.edu/postings/search?sort=225+asc,section page (/search)
1318,https://yourfuture.sdbor.edu/postings/search?sort=226+asc,section page (/search)
1318,https://yourfuture.sdbor.edu/postings/search?sort=434+asc,section page (/search)
1318,https://yourfuture.sdbor.edu/postings/search?sort=227+asc,section page (/search)
1318,https://yourfuture.sdbor.edu/bookmarks?posting_id=49671,action page (/bookmarks)
1318,https://yourfuture.sdbor.edu/bookmarks?posting_id=49669,action page (/bookmarks)
1318,https://yourfuture.sdbor.edu/bookmarks?posting_id=49667,action page (/bookmarks)
1318,https://yourfuture.sdbor.edu/bookmarks?posting_id=49660,action page (/bookmarks)
1318,https://yourfuture.sdbor.edu/bookmarks?posting_id=49658,action page (/bookmarks)
1318,https://yourfuture.sdbor.edu/bookmarks?posting_id=49656,action page (/bookmarks)
1318,https://yourfuture.sdbor.edu/bookmarks?posting_id=49655,action page (/bookmarks)
1318,https://yourfuture.sdbor.edu/bookmarks?posting_id=49651,action page (/bookmarks)
1318,https://yourfuture.sdbor.edu/bookmarks?posting_id=49650,action page (/bookmarks)
1318,https://yourfuture.sdbor.edu/bookmarks?posting_id=49643,action page (/bookmarks)
1318,https://yourfuture.sdbor.edu/bookmarks?posting_id=49642,action page (/bookmarks)
1318,https://yourfuture.sdbor.edu/bookmarks?posting_id=49640,action page (/bookmarks)
1318,https://yourfuture.sdbor.edu/bookmarks?posting_id=49629,action page (/bookmarks)
1318,https://yourfuture.sdbor.edu/bookmarks?posting_id=49626,action page (/bookmarks)
1318,https://yourfuture.sdbor.edu/bookmarks?posting_id=49624,action page (/bookmarks)
1318,https://yourfuture.sdbor.edu/bookmarks?posting_id=49622,action page (/bookmarks)
1318,https://yourfuture.sdbor.edu/bookmarks?posting_id=49620,action page (/bookmarks)
1318,https://yourfuture.sdbor.edu/bookmarks?posting_id=49618,action page (/bookmarks)
1318,https://yourfuture.sdbor.edu/bookmarks?posting_id=49614,action page (/bookmarks)
1318,https://yourfuture.sdbor.edu/bookmarks?posting_id=49613,action page (/bookmarks)
1318,https://yourfuture.sdbor.edu/bookmarks?posting_id=49610,action page (/bookmarks)
1318,https://yourfuture.sdbor.edu/bookmarks?posting_id=49609,action page (/bookmarks)
1318,https://yourfuture.sdbor.edu/bookmarks?posting_id=49606,action page (/bookmarks)
1318,https://yourfuture.sdbor.edu/bookmarks?posting_id=49603,action page (/bookmarks)
1318,https://yourfuture.sdbor.edu/bookmarks?posting_id=49601,action page (/bookmarks)
1318,https://yourfuture.sdbor.edu/bookmarks?posting_id=49594,action page (/bookmarks)
1318,https://yourfuture.sdbor.edu/bookmarks?posting_id=49589,action page (/bookmarks)
1318,https://yourfuture.sdbor.edu/bookmarks?posting_id=49588,action page (/bookmarks)
1318,https://yourfuture.sdbor.edu/bookmarks?posting_id=49580,action page (/bookmarks)
1318,https://yourfuture.sdbor.edu/bookmarks?posting_id=49577,action page (/bookmarks)
1319,https://yourfuture.sdbor.edu/postings/search,the careers link itself
1319,https://yourfuture.sdbor.edu/interest_cards,outside this school's posting path
1319,https://yourfuture.sdbor.edu/postings/search?page=2,section page (/search)
1319,https://yourfuture.sdbor.edu/postings/search?page=3,section page (/search)
1319,https://yourfuture.sdbor.edu/postings/search?page=4,section page (/search)
1319,https://yourfuture.sdbor.edu/postings/search?page=5,section page (/search)
1319,https://yourfuture.sdbor.edu/postings/search?sort=435+asc,section page (/search)
1319,https://yourfuture.sdbor.edu/postings/search?sort=225+asc,section page (/search)
1319,https://yourfuture.sdbor.edu/postings/search?sort=226+asc,section page (/search)
1319,https://yourfuture.sdbor.edu/postings/search?sort=434+asc,section page (/search)
1319,https://yourfuture.sdbor.edu/postings/search?sort=227+asc,section page (/search)
1319,https://yourfuture.sdbor.edu/bookmarks?posting_id=49671,action page (/bookmarks)
1319,https://yourfuture.sdbor.edu/bookmarks?posting_id=49669,action page (/bookmarks)
1319,https://yourfuture.sdbor.edu/bookmarks?posting_id=49667,action page (/bookmarks)
1319,https://yourfuture.sdbor.edu/bookmarks?posting_id=49660,action page (/bookmarks)
1319,https://yourfuture.sdbor.edu/bookmarks?posting_id=49658,action page (/bookmarks)
1319,https://yourfuture.sdbor.edu/bookmarks?posting_id=49656,action page (/bookmarks)
1319,https://yourfuture.sdbor.edu/bookmarks?posting_id=49655,action page (/bookmarks)
1319,https://yourfuture.sdbor.edu/bookmarks?posting_id=49651,action page (/bookmarks)
1319,https://yourfuture.sdbor.edu/bookmarks?posting_id=49650,action page (/bookmarks)
1319,https://yourfuture.sdbor.edu/bookmarks?posting_id=49643,action page (/bookmarks)
1319,https://yourfuture.sdbor.edu/bookmarks?posting_id=49642,action page (/bookmarks)
1319,https://yourfuture.sdbor.edu/bookmarks?posting_id=49640,action page (/bookmarks)
1319,https://yourfuture.sdbor.edu/bookmarks?posting_id=49629,action page (/bookmarks)
1319,https://yourfuture.sdbor.edu/bookmarks?posting_id=49626,action page (/bookmarks)
1319,https://yourfuture.sdbor.edu/bookmarks?posting_id=49624,action page (/bookmarks)
1319,https://yourfuture.sdbor.edu/bookmarks?posting_id=49622,action page (/bookmarks)
1319,https://yourfuture.sdbor.edu/bookmarks?posting_id=49620,action page (/bookmarks)
1319,https://yourfuture.sdbor.edu/bookmarks?posting_id=49618,action page (/bookmarks)
1319,https://yourfuture.sdbor.edu/bookmarks?posting_id=49614,action page (/bookmarks)
1319,https://yourfuture.sdbor.edu/bookmarks?posting_id=49613,action page (/bookmarks)
1319,https://yourfuture.sdbor.edu/bookmarks?posting_id=49610,action page (/bookmarks)
1319,https://yourfuture.sdbor.edu/bookmarks?posting_id=49609,action page (/bookmarks)
1319,https://yourfuture.sdbor.edu/bookmarks?posting_id=49606,action page (/bookmarks)
1319,https://yourfuture.sdbor.edu/bookmarks?posting_id=49603,action page (/bookmarks)
1319,https://yourfuture.sdbor.edu/bookmarks?posting_id=49601,action page (/bookmarks)
1319,https://yourfuture.sdbor.edu/bookmarks?posting_id=49594,action page (/bookmarks)
1319,https://yourfuture.sdbor.edu/bookmarks?posting_id=49589,action page (/bookmarks)
1319,https://yourfuture.sdbor.edu/bookmarks?posting_id=49588,action page (/bookmarks)
1319,https://yourfuture.sdbor.edu/bookmarks?posting_id=49580,action page (/bookmarks)
1319,https://yourfuture.sdbor.edu/bookmarks?posting_id=49577,action page (/bookmarks)
131,https://www.northcentral.edu/about/employment/current-job-openings/,the careers link itself
1320,https://recruitingbypaycor.com/career/CareerHome.action?clientId=8a7883c68ab5129a018abce5b6dc034a,the careers link itself
1339,https://hr.utk.edu/staff-positions/,category page (/staff-positions)
1339,https://hr.utk.edu/executive-search/executive-positions/,category page (/executive-positions)
1339,https://hr.utk.edu/faculty-positions/,the careers link itself
133,https://careers.sdsu.edu/en-us/subscribe/,action page (/subscribe)
133,https://careers.sdsu.edu/en-us/Search/?search-keyword=&work-type=instructional+faculty+-+temporary%2flecturer%2cinstructional+faculty+%e2%80%93+tenured%2ftenure-track&subscribe=true,section page (/Search)
133,https://careers.sdsu.edu/en-us/search/?search-keyword=&work-type=instructional+faculty+-+temporary%2flecturer%2cinstructional+faculty+%e2%80%93+tenured%2ftenure-track&job-mail-subscribe-privacy=agree&page=2&page-items=20,section page (/search)
133,https://bfa.sdsu.edu/hr/jobs,section page (/jobs)
1342,https://www.maryvillecollege.edu/about/inside/human-resources/careers/,the careers link itself
1342,https://maryville.link/careers,section page (/careers)
1344,https://www.facebook.com/sharer/sharer.php?u=http://cbu.interviewexchange.com/jobofferdetails.jsp?JOBID=200928,outside this school's posting path
1344,https://twitter.com/intent/tweet?text=Check%20this%20out&url=http://cbu.interviewexchange.com/jobofferdetails.jsp?JOBID=200928,outside this school's posting path
1351,https://jobs.belmont.edu/ats/careersite/login.aspx?c=belmont&site=10&lang=en-US&returnurl=~%2Fux%2Fats%2Fcareersite%2F10%2Fhome%3Fc%3Dbelmont%26lang%3Den-US,action page (/login.aspx)
1351,https://jobs.belmont.edu/ats/careersite/createprofile.aspx?c=belmont&site=10&lang=en-US&returnurl=~%2Fux%2Fats%2Fcareersite%2F10%2Fhome%3Fc%3Dbelmont%26lang%3Den-US,outside this school's posting path
1356,https://www.vanderbilt.edu/provost/jobs/,section page (/jobs)
1358,https://www.schooljobs.com/careers/sewanee,parent of 15 other rows
1358,https://www.schooljobs.com/careers/sewanee/jobInterestCards/categories,section page (/categories)
1358,https://www.governmentjobs.com,site root
1358,https://www.schooljobs.com,site root
135,https://www.sandiego.edu/outcomes/careers/,the careers link itself
135,https://www.sandiego.edu/outcomes/careers/search/,section page (/search)
135,https://www.sandiego.edu/jobs/,section page (/jobs)
1366,http://stedwards.applicantpro.com/jobsearch/?classification=faculty,filter variant of a listing URL
1366,http://stedwards.applicantpro.com/jobsearch/?classification=staff,filter variant of a listing URL
1367,https://faculty.utexas.edu/,site root
1367,https://faculty.utexas.edu/career,the careers link itself
1367,https://faculty.utexas.edu/career?q=&units=all&p=1,parent of 10 other rows
1367,https://faculty.utexas.edu/career?q=&units=all&p=2,parent of 10 other rows
1367,https://faculty.utexas.edu/career?q=&units=all&p=3,parent of 10 other rows
1367,https://faculty.utexas.edu/career?q=&units=all&p=4,parent of 10 other rows
1367,https://faculty.utexas.edu/career?q=&units=all&p=5,parent of 10 other rows
1367,https://faculty.utexas.edu/career?q=&units=all&p=6,parent of 10 other rows
1367,https://faculty.utexas.edu/career?q=&units=all&p=7,parent of 10 other rows
1369,https://www.schooljobs.com/careers/lamar,parent of 12 other rows
1369,https://www.schooljobs.com/careers/lamar/jobInterestCards/categories,section page (/categories)
1369,https://www.governmentjobs.com,site root
1369,https://www.schooljobs.com,site root
1383,https://careers.untsystem.edu/jobs/search?page=1&employment_type_uids%5B%5D=414cb3898e719d1343c97f448f3e828b&query=,parent of 10 other rows
1383,https://careers.untsystem.edu/jobs/search?page=1&employment_type_uids%5B%5D=6d39c121823a5921b1cccc6d0390b002&query=,parent of 10 other rows
1383,https://careercenter.unt.edu/,site root
1383,https://careers.untsystem.edu/jobs/search?page=1&employment_type_uids%5B%5D=490ec0e79db42096c138f16c39f4cf0a&query=,parent of 10 other rows
1383,https://careers.untsystem.edu/jobs/search,parent of 10 other rows
1383,https://internal-careers.untsystem.edu/,site root
1383,https://careers.untsystem.edu/home,section page (/home)
1383,https://careers.untsystem.edu/jobs/search?page=1&cities%5B%5D=Austin,parent of 10 other rows
1383,https://careers.untsystem.edu/jobs/search?page=1&cities%5B%5D=Dallas,parent of 10 other rows
1383,https://careers.untsystem.edu/jobs/search?page=1&cities%5B%5D=Denton,parent of 10 other rows
1383,https://careers.untsystem.edu/jobs/search?page=1&cities%5B%5D=Fort%20Worth,parent of 10 other rows
1383,https://careers.untsystem.edu/jobs/search?page=1&cities%5B%5D=Frisco,parent of 10 other rows
1383,https://careers.untsystem.edu/jobs/search/unt?page=1&employment_type_uids%5B%5D=2f8fc7f566a075e03e0fa608b5d27aa1&query=,filter variant of a listing URL
1383,https://careers.untsystem.edu/jobs/search/unt?page=1&employment_type_uids%5B%5D=414cb3898e719d1343c97f448f3e828b&query=,filter variant of a listing URL
1383,https://careers.untsystem.edu/jobs/search/unt?page=1&employment_type_uids%5B%5D=490ec0e79db42096c138f16c39f4cf0a&query=,filter variant of a listing URL
1383,https://careercenter.unt.edu/channels/student-employment/,category page (/student-employment)
1384,https://careers.utrgv.edu/postings/search,the careers link itself
1384,https://careers.utrgv.edu/interest_cards,outside this school's posting path
1384,https://careers.utrgv.edu,site root
1384,https://careers.utrgv.edu/postings/search?page=2,section page (/search)
1384,https://careers.utrgv.edu/postings/search?page=3,section page (/search)
1384,https://careers.utrgv.edu/postings/search?page=4,section page (/search)
1384,https://careers.utrgv.edu/postings/search?page=5,section page (/search)
1384,https://careers.utrgv.edu/postings/search?page=6,section page (/search)
1384,https://careers.utrgv.edu/postings/search?sort=225+asc,section page (/search)
1384,https://careers.utrgv.edu/postings/search?sort=226+asc,section page (/search)
1384,https://careers.utrgv.edu/postings/search?sort=434+asc,section page (/search)
1384,https://careers.utrgv.edu/bookmarks?posting_id=52462,action page (/bookmarks)
1384,https://careers.utrgv.edu/bookmarks?posting_id=52459,action page (/bookmarks)
1384,https://careers.utrgv.edu/bookmarks?posting_id=52458,action page (/bookmarks)
1384,https://careers.utrgv.edu/bookmarks?posting_id=52457,action page (/bookmarks)
1384,https://careers.utrgv.edu/bookmarks?posting_id=52452,action page (/bookmarks)
1384,https://careers.utrgv.edu/bookmarks?posting_id=52451,action page (/bookmarks)
1384,https://careers.utrgv.edu/bookmarks?posting_id=52449,action page (/bookmarks)
1384,https://careers.utrgv.edu/bookmarks?posting_id=52448,action page (/bookmarks)
1384,https://careers.utrgv.edu/bookmarks?posting_id=52446,action page (/bookmarks)
1384,https://careers.utrgv.edu/bookmarks?posting_id=52442,action page (/bookmarks)
1384,https://careers.utrgv.edu/bookmarks?posting_id=52441,action page (/bookmarks)
1384,https://careers.utrgv.edu/bookmarks?posting_id=52438,action page (/bookmarks)
1384,https://careers.utrgv.edu/bookmarks?posting_id=52437,action page (/bookmarks)
1384,https://careers.utrgv.edu/bookmarks?posting_id=52434,action page (/bookmarks)
1384,https://careers.utrgv.edu/bookmarks?posting_id=52433,action page (/bookmarks)
1384,https://careers.utrgv.edu/bookmarks?posting_id=52432,action page (/bookmarks)
1384,https://careers.utrgv.edu/bookmarks?posting_id=52430,action page (/bookmarks)
1384,https://careers.utrgv.edu/bookmarks?posting_id=52429,action page (/bookmarks)
1384,https://careers.utrgv.edu/bookmarks?posting_id=52428,action page (/bookmarks)
1384,https://careers.utrgv.edu/bookmarks?posting_id=52425,action page (/bookmarks)
1384,https://careers.utrgv.edu/bookmarks?posting_id=52424,action page (/bookmarks)
1384,https://careers.utrgv.edu/bookmarks?posting_id=52423,action page (/bookmarks)
1384,https://careers.utrgv.edu/bookmarks?posting_id=52415,action page (/bookmarks)
1384,https://careers.utrgv.edu/bookmarks?posting_id=52413,action page (/bookmarks)
1384,https://careers.utrgv.edu/bookmarks?posting_id=52412,action page (/bookmarks)
1384,https://careers.utrgv.edu/bookmarks?posting_id=52411,action page (/bookmarks)
1384,https://careers.utrgv.edu/bookmarks?posting_id=52404,action page (/bookmarks)
1384,https://careers.utrgv.edu/bookmarks?posting_id=52403,action page (/bookmarks)
1384,https://careers.utrgv.edu/bookmarks?posting_id=52402,action page (/bookmarks)
1384,https://careers.utrgv.edu/bookmarks?posting_id=52401,action page (/bookmarks)
1387,https://jobs.tcu.edu/jobs/search/faculty-jobs,category page (/faculty-jobs)
1387,https://jobs.tcu.edu/jobs/search/staff-jobs,category page (/staff-jobs)
1387,https://jobs.tcu.edu/jobs/search,parent of 3 other rows
1389,https://www.schooljobs.com/careers/southwestern,parent of 12 other rows
1389,https://www.schooljobs.com/careers/southwestern/jobInterestCards/categories,section page (/categories)
1389,https://www.governmentjobs.com,site root
1389,https://www.schooljobs.com,site root
1394,https://vpaa.rice.edu/faculty/open-positions,the careers link itself
1394,https://www.mathjobs.org/jobs,section page (/jobs)
1394,https://repository.rice.edu/home,section page (/home)
1397,https://www.uh.edu/human-resources/careers/,the careers link itself
1398,https://careers.uh.edu/jobs/search/uhcl-postings,the careers link itself
1398,https://careers.uh.edu/jobs/search/uhcl-postings?page=1,filter variant of a listing URL
1398,https://careers.uh.edu/jobs/search/uhcl-postings?page=2,filter variant of a listing URL
1399,https://www.uhd.edu/hr/careers/,parent of 4 other rows
1399,https://www.uhd.edu/sssl/student-success/career/,section page (/career)
1399,https://www.uhd.edu/hr/careers/temporary-employment.aspx,the careers link itself
139,https://careers.pageuppeople.com/873/sf/en-us/listing/,section page (/listing)
139,https://careers.pageuppeople.com/873/sf/en-us/listing/?page=2&page-items=20,section page (/listing)
1400,https://stthom.applicantpro.com/jobs/,the careers link itself
1400,https://stthom.applicantpro.com/pages/categories/,section page (/categories)
1401,https://www.shsu.edu/offices-departments/career-success-center/index.php,the careers link itself
1403,https://udallas.edu/life-at-ud/student-support-resources/personal-career-development/index.php,outside this school's posting path
1403,https://udallas.edu/offices-services/human-resources/open-positions.php,the careers link itself
1403,https://a.cms.omniupdate.com/11/?skin=udallas&account=main&site=udallas2023&action=de&path=/offices-services/human-resources/open-positions.pcf,outside this school's posting path
1411,http://www.texastech.edu/careers/browser-compatibility.php,outside this school's posting path
1411,http://www.texastech.edu/careers/contact-hr.php,outside this school's posting path
1418,https://jobs.utdallas.edu/postings/search,section page (/search)
1418,https://jobs.utdallas.edu/interest_cards,outside this school's posting path
1418,https://jobs.utdallas.edu/postings/search?commit=Search&query_position_type_id%5B%5D=2&sort=225+asc,section page (/search)
1418,https://jobs.utdallas.edu/postings/search?commit=Search&query_position_type_id%5B%5D=2&sort=226+asc,section page (/search)
1418,https://jobs.utdallas.edu/postings/search?commit=Search&query_position_type_id%5B%5D=2&sort=434+asc,section page (/search)
1418,https://jobs.utdallas.edu/postings/search?commit=Search&query_position_type_id%5B%5D=2&sort=227+asc,section page (/search)
1418,https://jobs.utdallas.edu/postings/search?commit=Search&query_position_type_id%5B%5D=2&sort=592+asc,section page (/search)
1418,https://jobs.utdallas.edu/bookmarks?posting_id=32558,action page (/bookmarks)
1418,https://jobs.utdallas.edu/bookmarks?posting_id=32530,action page (/bookmarks)
1418,https://jobs.utdallas.edu/bookmarks?posting_id=32453,action page (/bookmarks)
1418,https://jobs.utdallas.edu/bookmarks?posting_id=32386,action page (/bookmarks)
1418,https://jobs.utdallas.edu/bookmarks?posting_id=32384,action page (/bookmarks)
1418,https://jobs.utdallas.edu/bookmarks?posting_id=32346,action page (/bookmarks)
1418,https://jobs.utdallas.edu/bookmarks?posting_id=32270,action page (/bookmarks)
1418,https://jobs.utdallas.edu/bookmarks?posting_id=32269,action page (/bookmarks)
1418,https://jobs.utdallas.edu/bookmarks?posting_id=32268,action page (/bookmarks)
1418,https://jobs.utdallas.edu/bookmarks?posting_id=32267,action page (/bookmarks)
1418,https://jobs.utdallas.edu/bookmarks?posting_id=32266,action page (/bookmarks)
1418,https://jobs.utdallas.edu/bookmarks?posting_id=32261,action page (/bookmarks)
1418,https://jobs.utdallas.edu/bookmarks?posting_id=32238,action page (/bookmarks)
1418,https://jobs.utdallas.edu/bookmarks?posting_id=32235,action page (/bookmarks)
1418,https://jobs.utdallas.edu/bookmarks?posting_id=32231,action page (/bookmarks)
1418,https://jobs.utdallas.edu/bookmarks?posting_id=32230,action page (/bookmarks)
1418,https://jobs.utdallas.edu/bookmarks?posting_id=32229,action page (/bookmarks)
1418,https://jobs.utdallas.edu/bookmarks?posting_id=32142,action page (/bookmarks)
1418,https://jobs.utdallas.edu/bookmarks?posting_id=29871,action page (/bookmarks)
141,https://jobs.sjsu.edu/,site root
141,https://jobs.sjsu.edu/sj/en-us/subscribe,action page (/subscribe)
141,https://jobs.sjsu.edu/en-us/Search/?search-keyword=&work-type=instructional+faculty+-+temporary%2flecturer%2cinstructional+faculty+%e2%80%93+tenured%2ftenure-track&subscribe=true,section page (/Search)
141,https://jobs.sjsu.edu/en-us/search/?search-keyword=&work-type=instructional+faculty+-+temporary%2flecturer%2cinstructional+faculty+%e2%80%93+tenured%2ftenure-track&job-mail-subscribe-privacy=agree&page=2&page-items=20,section page (/search)
1424,https://www.stmarytx.edu/about/jobs/,the careers link itself
1424,http://stmarytx.applicantpro.com/jobs,section page (/jobs)
1427,https://www.utsa.edu/about/careers/,section page (/careers)
1428,https://trinity.edu/student-success/careers,section page (/careers)
1428,https://trinity.edu/hr/careers,the careers link itself
1428,https://trinity.edu/hr/careers/employee-onboarding,outside this school's posting path
1428,https://trinity.wd1.myworkdayjobs.com/en-US/Trinity_University?jobFamilyGroup=d065843291d601021156859e24a40000,filter variant of a listing URL
1428,https://trinity.wd1.myworkdayjobs.com/en-US/Trinity_University?jobFamilyGroup=d065843291d60102115a93e513540000,filter variant of a listing URL
1429,https://jobs.uiw.edu/postings/search,the careers link itself
1429,https://jobs.uiw.edu/interest_cards,outside this school's posting path
1429,https://jobs.uiw.edu/postings/search?page=2,section page (/search)
1429,https://jobs.uiw.edu/postings/search?page=3,section page (/search)
1429,https://jobs.uiw.edu/postings/search?page=4,section page (/search)
1429,https://jobs.uiw.edu/postings/search?page=5,section page (/search)
1429,https://jobs.uiw.edu/postings/search?page=6,section page (/search)
1429,https://jobs.uiw.edu/postings/search?sort=225+asc,section page (/search)
1429,https://jobs.uiw.edu/postings/search?sort=226+asc,section page (/search)
1429,https://jobs.uiw.edu/postings/search?sort=434+asc,section page (/search)
1429,https://jobs.uiw.edu/postings/search?sort=227+asc,section page (/search)
1429,https://jobs.uiw.edu/bookmarks?posting_id=31785,action page (/bookmarks)
1429,https://jobs.uiw.edu/bookmarks?posting_id=31782,action page (/bookmarks)
1429,https://jobs.uiw.edu/bookmarks?posting_id=31778,action page (/bookmarks)
1429,https://jobs.uiw.edu/bookmarks?posting_id=31777,action page (/bookmarks)
1429,https://jobs.uiw.edu/bookmarks?posting_id=31775,action page (/bookmarks)
1429,https://jobs.uiw.edu/bookmarks?posting_id=31767,action page (/bookmarks)
1429,https://jobs.uiw.edu/bookmarks?posting_id=31763,action page (/bookmarks)
1429,https://jobs.uiw.edu/bookmarks?posting_id=31757,action page (/bookmarks)
1429,https://jobs.uiw.edu/bookmarks?posting_id=31756,action page (/bookmarks)
1429,https://jobs.uiw.edu/bookmarks?posting_id=31754,action page (/bookmarks)
1429,https://jobs.uiw.edu/bookmarks?posting_id=31753,action page (/bookmarks)
1429,https://jobs.uiw.edu/bookmarks?posting_id=31749,action page (/bookmarks)
1429,https://jobs.uiw.edu/bookmarks?posting_id=31736,action page (/bookmarks)
1429,https://jobs.uiw.edu/bookmarks?posting_id=31734,action page (/bookmarks)
1429,https://jobs.uiw.edu/bookmarks?posting_id=31733,action page (/bookmarks)
1429,https://jobs.uiw.edu/bookmarks?posting_id=31731,action page (/bookmarks)
1429,https://jobs.uiw.edu/bookmarks?posting_id=31729,action page (/bookmarks)
1429,https://jobs.uiw.edu/bookmarks?posting_id=31728,action page (/bookmarks)
1429,https://jobs.uiw.edu/bookmarks?posting_id=31727,action page (/bookmarks)
1429,https://jobs.uiw.edu/bookmarks?posting_id=31726,action page (/bookmarks)
1429,https://jobs.uiw.edu/bookmarks?posting_id=31722,action page (/bookmarks)
1429,https://jobs.uiw.edu/bookmarks?posting_id=31720,action page (/bookmarks)
1429,https://jobs.uiw.edu/bookmarks?posting_id=31719,action page (/bookmarks)
1429,https://jobs.uiw.edu/bookmarks?posting_id=31718,action page (/bookmarks)
1429,https://jobs.uiw.edu/bookmarks?posting_id=31717,action page (/bookmarks)
1429,https://jobs.uiw.edu/bookmarks?posting_id=31716,action page (/bookmarks)
1429,https://jobs.uiw.edu/bookmarks?posting_id=31714,action page (/bookmarks)
1429,https://jobs.uiw.edu/bookmarks?posting_id=31712,action page (/bookmarks)
1429,https://jobs.uiw.edu/bookmarks?posting_id=31711,action page (/bookmarks)
1429,https://jobs.uiw.edu/bookmarks?posting_id=31677,action page (/bookmarks)
1430,https://jobs.hr.txstate.edu/postings/search,section page (/search)
1430,https://jobs.hr.txstate.edu/interest_cards,outside this school's posting path
1430,https://jobs.hr.txstate.edu/postings/search?commit=Search&page=2&query_position_type_id%5B%5D=2&utf8=%E2%9C%93,section page (/search)
1430,https://jobs.hr.txstate.edu/postings/search?commit=Search&query_position_type_id%5B%5D=2&sort=435+asc&utf8=%E2%9C%93,section page (/search)
1430,https://jobs.hr.txstate.edu/postings/search?commit=Search&query_position_type_id%5B%5D=2&sort=226+asc&utf8=%E2%9C%93,section page (/search)
1430,https://jobs.hr.txstate.edu/postings/search?commit=Search&query_position_type_id%5B%5D=2&sort=1719+asc&utf8=%E2%9C%93,section page (/search)
1430,https://jobs.hr.txstate.edu/postings/search?commit=Search&query_position_type_id%5B%5D=2&sort=1720+asc&utf8=%E2%9C%93,section page (/search)
1430,https://jobs.hr.txstate.edu/postings/search?commit=Search&query_position_type_id%5B%5D=2&sort=227+asc&utf8=%E2%9C%93,section page (/search)
1430,https://jobs.hr.txstate.edu/postings/search?commit=Search&query_position_type_id%5B%5D=2&sort=1836+asc&utf8=%E2%9C%93,section page (/search)
1430,https://jobs.hr.txstate.edu/bookmarks?posting_id=58390,action page (/bookmarks)
1430,https://jobs.hr.txstate.edu/bookmarks?posting_id=58388,action page (/bookmarks)
1430,https://jobs.hr.txstate.edu/bookmarks?posting_id=58370,action page (/bookmarks)
1430,https://jobs.hr.txstate.edu/bookmarks?posting_id=58362,action page (/bookmarks)
1430,https://jobs.hr.txstate.edu/bookmarks?posting_id=58360,action page (/bookmarks)
1430,https://jobs.hr.txstate.edu/bookmarks?posting_id=58358,action page (/bookmarks)
1430,https://jobs.hr.txstate.edu/bookmarks?posting_id=58332,action page (/bookmarks)
1430,https://jobs.hr.txstate.edu/bookmarks?posting_id=58331,action page (/bookmarks)
1430,https://jobs.hr.txstate.edu/bookmarks?posting_id=58325,action page (/bookmarks)
1430,https://jobs.hr.txstate.edu/bookmarks?posting_id=58324,action page (/bookmarks)
1430,https://jobs.hr.txstate.edu/bookmarks?posting_id=58319,action page (/bookmarks)
1430,https://jobs.hr.txstate.edu/bookmarks?posting_id=58318,action page (/bookmarks)
1430,https://jobs.hr.txstate.edu/bookmarks?posting_id=58313,action page (/bookmarks)
1430,https://jobs.hr.txstate.edu/bookmarks?posting_id=58311,action page (/bookmarks)
1430,https://jobs.hr.txstate.edu/bookmarks?posting_id=58307,action page (/bookmarks)
1430,https://jobs.hr.txstate.edu/bookmarks?posting_id=58306,action page (/bookmarks)
1430,https://jobs.hr.txstate.edu/bookmarks?posting_id=58302,action page (/bookmarks)
1430,https://jobs.hr.txstate.edu/bookmarks?posting_id=58301,action page (/bookmarks)
1430,https://jobs.hr.txstate.edu/bookmarks?posting_id=58297,action page (/bookmarks)
1430,https://jobs.hr.txstate.edu/bookmarks?posting_id=58286,action page (/bookmarks)
1430,https://jobs.hr.txstate.edu/bookmarks?posting_id=58279,action page (/bookmarks)
1430,https://jobs.hr.txstate.edu/bookmarks?posting_id=58266,action page (/bookmarks)
1430,https://jobs.hr.txstate.edu/bookmarks?posting_id=58261,action page (/bookmarks)
1430,https://jobs.hr.txstate.edu/bookmarks?posting_id=58260,action page (/bookmarks)
1430,https://jobs.hr.txstate.edu/bookmarks?posting_id=58247,action page (/bookmarks)
1430,https://jobs.hr.txstate.edu/bookmarks?posting_id=58242,action page (/bookmarks)
1430,https://jobs.hr.txstate.edu/bookmarks?posting_id=58224,action page (/bookmarks)
1430,https://jobs.hr.txstate.edu/bookmarks?posting_id=58210,action page (/bookmarks)
1430,https://jobs.hr.txstate.edu/bookmarks?posting_id=58169,action page (/bookmarks)
1430,https://jobs.hr.txstate.edu/bookmarks?posting_id=58124,action page (/bookmarks)
1431,https://www.tlu.edu/about-tlu/careers-at-tlu/,parent of 6 other rows
1431,https://www.tlu.edu/about-tlu/careers-at-tlu/administrative-positions/,category page (/administrative-positions)
1431,https://www.tlu.edu/about-tlu/careers-at-tlu/faculty-positions/,the careers link itself
1431,https://www.tlu.edu/about-tlu/careers-at-tlu/hourly-positions/,category page (/hourly-positions)
1432,https://www.austincollege.edu/human-resources/careers,the careers link itself
1433,https://pay.na.edu/product-category/campus_student_life/,outside this school's posting path
1433,https://www.na.edu/faculty-staff/human-resources/student-workers/student-jobs/,category page (/student-jobs)
1437,https://www.uttyler.edu/careers/,parent of 3 other rows
1437,https://www.uttyler.edu/careers/clery-act/index.php,the careers link itself
1439,https://hr.web.baylor.edu/careers,section page (/careers)
1439,https://hr.web.baylor.edu/careers-opportunities/research-learn,parent of 2 other rows
1439,https://hr.web.baylor.edu/careers-opportunities/research-learn/staff-job-descriptions,the careers link itself
1439,https://hr.web.baylor.edu/careers-opportunities/apply-interview,parent of 2 other rows
1439,https://hr.web.baylor.edu/careers-opportunities/new-faculty-and-staff,parent of 8 other rows
1439,https://hr.web.baylor.edu/careers-opportunities/new-faculty-and-staff/new-employee-forms,parent of 2 other rows
1439,https://hr.web.baylor.edu/careers-opportunities/transition-exit,parent of 2 other rows
1439,https://hr.web.baylor.edu/careers-opportunities/visa-sponsorship-and-support,parent of 2 other rows
143,https://jobs.calpoly.edu,site root
143,https://jobs.calpoly.edu/sl/en-us/filter/?search-keyword=&work-type=instructional+faculty+-+temporary%2flecturer%2cinstructional+faculty+%e2%80%93+tenured%2ftenure-track&job-mail-subscribe-privacy=agree,section page (/filter)
143,https://careers.pageuppeople.com/873/sl/en-us/subscribe/,action page (/subscribe)
143,https://jobs.calpoly.edu/sl/en-us/Search/?search-keyword=&work-type=instructional+faculty+-+temporary%2flecturer%2cinstructional+faculty+%e2%80%93+tenured%2ftenure-track&subscribe=true,section page (/Search)
143,https://jobs.calpoly.edu/sl/en-us/search/?search-keyword=&work-type=instructional+faculty+-+temporary%2flecturer%2cinstructional+faculty+%e2%80%93+tenured%2ftenure-track&job-mail-subscribe-privacy=agree&page=2&page-items=20,section page (/search)
1441,https://msutexas.edu/human-resources/jobs/index.php,the careers link itself
1441,https://msutexas.edu/human-resources/jobs,parent of 25 other rows
1447,https://www.schooljobs.com/careers/utahtech,parent of 14 other rows
1447,https://www.schooljobs.com/careers/utahtech/jobInterestCards/categories,section page (/categories)
1447,https://www.governmentjobs.com,site root
1447,https://www.schooljobs.com,site root
1449,https://careers.utah.edu/,site root
1449,http://careers.utah.edu/employers,parent of 5 other rows
1449,https://careers.utah.edu/employers/,parent of 5 other rows
1449,https://careers.utah.edu/campus-partners/,parent of 2 other rows
1449,https://careers.utah.edu/contact/,section page (/contact)
1449,https://careers.utah.edu,site root
1449,https://www.naceweb.org/career-development/organizational-structure/principles-for-ethical-professional-practice/,outside this school's posting path
1449,https://careers.utah.edu/employers/recruiting-policies/,the careers link itself
1449,https://www.linkedin.com/company/ucareersuccess,outside this school's posting path
144,https://careersmanager.pageuppeople.com/873/sm/en-us/Search/?search-keyword=&work-type=instructional+faculty+-+temporary%2flecturer%2cinstructional+faculty+%e2%80%93+tenured%2ftenure-track&subscribe=true,section page (/Search)
144,https://careersmanager.pageuppeople.com/873/sm/en-us/search/?job-mail-subscribe-privacy=agree&search-keyword=&work-type=instructional+faculty+-+temporary%2flecturer%2cinstructional+faculty+%e2%80%93+tenured%2ftenure-track&page=2&page-items=20,section page (/search)
1450,https://jobs.wgu.edu/jobs,section page (/jobs)
1450,https://jobs.wgu.edu/academic-careers,the careers link itself
1450,https://jobs.wgu.edu/,site root
1450,https://www.indeed.com/cmp/Western-Governors-University/jobs,section page (/jobs)
1459,https://www.bridgewater.edu/life-at-bridgewater/career-development/,outside this school's posting path
1459,https://www.bridgewater.edu/careers/,the careers link itself
1459,https://www.paycomonline.net/v4/ats/web.php/jobs?clientkey=16288201D4A1D6526C3A89AE4682CD7B,section page (/jobs)
1460,https://svu.edu/about/careers/,section page (/careers)
1460,https://career.svu.edu,site root
1461,https://jobs.virginia.edu/us/en/,parent of 12 other rows
1461,https://jobs.virginia.edu/us/en/uva-faculty-positions,the careers link itself
1461,https://careers.uvahealth.org/us/en/,parent of 12 other rows
1461,https://apply.interfolio.com/50272/positions,section page (/positions)
1461,https://hr.virginia.edu/career-development/recognition-0/uva-discount-program,outside this school's posting path
1464,https://jobs.gmu.edu,site root
1464,https://jobs.gmu.edu/,site root
1464,https://internal.jobs.gmu.edu/,site root
1464,https://listings.jobs.gmu.edu/jobs/search,section page (/search)
1464,https://hr.gmu.edu/support-resources/spouse-and-partner-employment/,outside this school's posting path
1464,https://careers.gmu.edu/,site root
1466,https://www.longwood.edu/career/,the careers link itself
1466,https://www.longwood.edu/careers/,section page (/careers)
1467,http://ferrumcollege.applytojob.com/apply/,action page (/apply)
1468,https://jobs.umw.edu/jobs/search,section page (/search)
1468,https://adminfinance.umw.edu/hr/careers-2015/f-a-q-s/,outside this school's posting path
1470,https://www.hsc.edu/human-resources/job-openings,the careers link itself
1470,https://www.paycomonline.net/v4/ats/web.php/jobs?clientkey=E45A06D085AD3C639E82B02BF739786D,section page (/jobs)
1474,https://www.vmi.edu/job-openings/,the careers link itself
1474,https://www.vmi.edu/job-categories/staff/,section page (/staff)
1474,https://www.vmi.edu/jobs,section page (/jobs)
1475,https://www.wlu.edu/employment-opportunities/faculty-positions,the careers link itself
1475,https://www.wlu.edu/employment-opportunities/staff-positions,category page (/staff-positions)
1475,https://www.wlu.edu/employment-opportunities/staff-positions/application-instructions-for-new-external-applicants,outside this school's posting path
1475,https://wlu.wd5.myworkdayjobs.com/WLUCareers,outside this school's posting path
1475,https://www.wlu.edu/human-resources/work-life-initiatives/dual-career-resources,outside this school's posting path
1482,https://www.odu.edu/career-leadership,the careers link itself
1482,https://www.odu.edu/career-leadership/students,section page (/students)
1482,https://www.odu.edu/career-leadership/employer-resources,parent of 2 other rows
1482,https://www.odu.edu/career-leadership/faculty,parent of 6 other rows
1482,https://www.odu.edu/career-leadership/alumni,section page (/alumni)
1482,https://www.odu.edu/career-leadership/about,section page (/about)
1482,https://www.odu.edu/career-leadership/faculty/student-employment,category page (/student-employment)
1484,https://jobs.radford.edu/jobs/search,section page (/search)
1484,https://jobs.radford.edu/jobs/search?page=1,section page (/search)
1484,https://jobs.radford.edu/jobs/search?page=2,section page (/search)
1484,https://jobs.radford.edu/jobs/search?page=3,section page (/search)
1484,https://jobs.radford.edu/jobs/search?page=4,section page (/search)
1485,https://vcujobs.com/homepage,section page (/homepage)
1485,https://vcujobs.com/jobs/search,parent of 5 other rows
1485,https://hr.vcu.edu/career-development/,outside this school's posting path
1485,https://virginia-commonwealth-university.career-pages.com/jobs/search/staff,section page (/staff)
1485,https://vcu.joinhandshake.com/login,action page (/login)
1485,https://virginia-commonwealth-university.career-pages.com/jobs/search/internal,section page (/internal)
1487,https://www.hollins.edu/about-hollins/jobs/,section page (/jobs)
1487,https://www.hollins.edu/about-hollins/jobs/#additional,section page (/jobs)
1487,https://www.hollins.edu/employment/staff-positions/,category page (/staff-positions)
1488,https://www.roanoke.edu/careers,parent of 5 other rows
1488,https://www.roanoke.edu/inside/human_resources/jobs_roanoke,the careers link itself
1489,https://marybaldwin.edu/employment-and-jobs-at-mary-baldwin/,the careers link itself
1490,https://www.paycomonline.net/v4/ats/web.php/jobs?clientkey=0DB1CFB7BAA1AF7EF9E6616BC163C95A,section page (/jobs)
1490,https://www.paycomonline.net/v4/ats/web.php/jobs?clientkey=0DB1CFB7BAA1AF7EF9E6616BC163C95A&fromClientSide=true&jpt=8892220909197170224931c1fc2f93e5,section page (/jobs)
1490,https://www.sbc.edu/human-resources/employment-opportunities/,the careers link itself
1497,https://www.su.edu/jobs,section page (/jobs)
1497,https://jobs.silkroad.com/ShenandoahUniversity/EmploymentPortal,the careers link itself
14,https://careers.jsu.edu/jobs/search,section page (/search)
1506,https://apply.workable.com/middleburycollege/?lng=en,filter variant of a listing URL
1507,https://www.norwich.edu/campus-resources/academic-career-success,the careers link itself
1507,https://home.norwich.edu/offices/center-career-readiness,outside this school's posting path
1508,https://hr.wwu.edu/work-western,the careers link itself
1509,https://ap.washington.edu/ahr/academic-jobs/,category page (/academic-jobs)
1509,https://www.washington.edu/jobs/,section page (/jobs)
1509,http://www.washington.edu/jobs,section page (/jobs)
1510,https://jobs.hr.ewu.edu/postings/search,section page (/search)
1510,https://jobs.hr.ewu.edu/interest_cards,outside this school's posting path
1510,https://jobs.hr.ewu.edu/postings/search?utf8=%E2%9C%93&query=Adjunct&query_v0_posted_at_date=&query_position_type_id%5B%5D=any&commit=Search,the careers link itself
1510,https://jobs.hr.ewu.edu/postings/search?utf8=%E2%9C%93&query=&query_v0_posted_at_date=&query_position_type_id%5B%5D=1&commit=Search,section page (/search)
1510,https://jobs.hr.ewu.edu/postings/search?utf8=%E2%9C%93&query=&query_v0_posted_at_date=&query_position_type_id%5B%5D=4&commit=Search,section page (/search)
1510,https://jobs.hr.ewu.edu/postings/search?utf8=%E2%9C%93&query=&query_v0_posted_at_date=&query_position_type_id%5B%5D=2&commit=Search,section page (/search)
1510,https://jobs.hr.ewu.edu/postings/search?commit=Search&query=Adjunct&query_position_type_id%5B%5D=any&sort=225+asc&utf8=%E2%9C%93,section page (/search)
1510,https://jobs.hr.ewu.edu/postings/search?commit=Search&query=Adjunct&query_position_type_id%5B%5D=any&sort=226+asc&utf8=%E2%9C%93,section page (/search)
1510,https://jobs.hr.ewu.edu/postings/search?commit=Search&query=Adjunct&query_position_type_id%5B%5D=any&sort=434+asc&utf8=%E2%9C%93,section page (/search)
1510,https://jobs.hr.ewu.edu/postings/search?commit=Search&query=Adjunct&query_position_type_id%5B%5D=any&sort=227+asc&utf8=%E2%9C%93,section page (/search)
1510,https://jobs.hr.ewu.edu/bookmarks?posting_id=14047,action page (/bookmarks)
1513,http://careers.cccu.org/jobs,the careers link itself
1513,http://careers.cccu.org/career-resources,parent of 2 other rows
1513,https://careers.cccu.org/register-seeker,outside this school's posting path
1513,https://careers.cccu.org/register-employer,outside this school's posting path
1513,https://careers.cccu.org/sign-in,action page (/sign-in)
1513,https://careers.cccu.org/employer-offers,outside this school's posting path
1513,https://careers.cccu.org/career-resources/find-the-job-1/3-qualities-you-should-be-looking-for-in-your-new-employer-20,outside this school's posting path
1513,https://cccu.applicantstack.com/x/openings,section page (/openings)
1517,https://cityu.edu/jobs/,section page (/jobs)
1520,https://ap.washington.edu/ahr/academic-jobs/,the careers link itself
1520,https://www.washington.edu/jobs/,section page (/jobs)
1520,http://www.washington.edu/jobs,section page (/jobs)
1521,https://employment.gonzaga.edu/jobs/search,section page (/search)
1521,https://internal-employment.gonzaga.edu/jobs/search,section page (/search)
1521,https://employment.gonzaga.edu/jobs/search?page=1&category_uids%5B%5D=10ab6056b9eebc55c9a5093a9e3bdb4b&query=,section page (/search)
1521,https://employment.gonzaga.edu/jobs/search?page=1&category_uids%5B%5D=ccb5730a856e3e50b7226edb37c1facb&query=,the careers link itself
1522,https://www.schooljobs.com/careers/whitworth/Staff,parent of 7 other rows
1522,https://www.governmentjobs.com,site root
1522,https://www.schooljobs.com,site root
1524,https://employment.plu.edu/postings/search,section page (/search)
1524,https://employment.plu.edu/postings/search?395%5B%5D=3&commit=Search&sort=396+asc,section page (/search)
1524,https://employment.plu.edu/postings/search?395%5B%5D=3&commit=Search&sort=395+asc,section page (/search)
1524,https://employment.plu.edu/postings/search?395%5B%5D=3&commit=Search&sort=393+asc,section page (/search)
1524,https://employment.plu.edu/bookmarks?posting_id=8903,action page (/bookmarks)
1524,https://employment.plu.edu/bookmarks?posting_id=8900,action page (/bookmarks)
1524,https://employment.plu.edu/bookmarks?posting_id=8883,action page (/bookmarks)
1524,https://employment.plu.edu/bookmarks?posting_id=8739,action page (/bookmarks)
1524,https://employment.plu.edu/bookmarks?posting_id=8738,action page (/bookmarks)
1526,https://ap.washington.edu/ahr/academic-jobs/,the careers link itself
1526,https://www.washington.edu/jobs/,section page (/jobs)
1526,http://www.washington.edu/jobs,section page (/jobs)
152,https://csumb.edu/,site root
152,https://careers.pageuppeople.com/873/mb/en-us/listing/,section page (/listing)
152,https://careers.csumb.edu/en-us/listing/,section page (/listing)
152,https://careers.csumb.edu/en-us/listing/?page=2&page-items=20,section page (/listing)
1534,https://snc.edu/search/careers,the careers link itself
1534,https://snc.edu/academics/support/career-development,outside this school's posting path
1538,https://www.carthage.edu/about/offices-services/human-resources/careers-at-carthage/,parent of 2 other rows
1538,https://www.carthage.edu/about/offices-services/human-resources/careers-at-carthage/faculty-positions/,the careers link itself
1538,https://www.carthage.edu/about/offices-services/human-resources/careers-at-carthage/staff-positions/,category page (/staff-positions)
153,http://facultypositions.stanford.edu,site root
153,https://facultypositions.stanford.edu/jobs/search?page=1&query=,the careers link itself
153,https://facultypositions.stanford.edu/jobs/search?page=2&query=,section page (/search)
153,https://facultypositions.stanford.edu/jobs/search?page=3&query=,section page (/search)
153,https://facultypositions.stanford.edu/jobs/search?page=4&query=,section page (/search)
153,https://facultypositions.stanford.edu/jobs/search?page=5&query=,section page (/search)
1542,__NEEDS_SCRAPER_FIX__,"would drop 9 of 10 rows -- scraper is collecting listing pages, not postings"
1544,https://jobs.wisc.edu/jobs/search,section page (/search)
1544,https://jobs.wisc.edu/jobs/search?category=Faculty,section page (/search)
1544,https://studentjobs.hr.wisc.edu/en-us/listing/,section page (/listing)
1547,https://www.alverno.edu/Career,section page (/Career)
1547,https://www.alverno.edu/Career-Recruit-a-Grad,the careers link itself
1547,https://www.alverno.edu/staff/career-team,outside this school's posting path
1547,https://www.wisconsinsprivatecolleges.org/resource/career-services/,outside this school's posting path
1549,https://employment.marquette.edu/,site root
1549,https://myjob.mu.edu/,site root
1556,https://lakeland.applicantpro.com/jobs/,the careers link itself
1557,https://ripon.edu/career-discovery-tour/,the careers link itself
1557,https://apply.ripon.edu/account/login?r=https%3a%2f%2fapply.ripon.edu%2fapply%2fstatus,action page (/login)
1564,https://jobs.concord.edu/postings/search,section page (/search)
1564,https://www.concord.edu/About/Important-Offices-Centers/Human-Resources-Jobs/Employment-Notices.aspx,outside this school's posting path
1564,https://jobs.concord.edu/postings/search?query=&query_v0_posted_at_date=&719=1&commit=Search,section page (/search)
1564,https://jobs.concord.edu/postings/search?query=&query_v0_posted_at_date=&719=2&commit=Search,section page (/search)
1564,https://jobs.concord.edu/postings/search?utf8=%E2%9C%93&query=&query_v0_posted_at_date=&719%5B%5D=3&commit=Search,section page (/search)
1565,https://careers.wvu.edu/,site root
1565,https://careers.wvu.edu/home,section page (/home)
1565,https://careers.wvu.edu/outdoor-adventure,parent of 6 other rows
1568,https://www.wvwc.edu/jobs/?faculty,the careers link itself
1568,https://www.wvwc.edu/jobs/page/2/?faculty,outside this school's posting path
156,https://careers.callutheran.edu/postings/search,section page (/search)
156,https://careers.callutheran.edu/interest_cards,outside this school's posting path
156,https://careers.callutheran.edu/postings/search?517=3&commit=Search&query_organizational_tier_3_id=any&sort=225+asc&utf8=%E2%9C%93,section page (/search)
156,https://careers.callutheran.edu/postings/search?517=3&commit=Search&query_organizational_tier_3_id=any&sort=226+asc&utf8=%E2%9C%93,section page (/search)
156,https://careers.callutheran.edu/postings/search?517=3&commit=Search&query_organizational_tier_3_id=any&sort=517+asc&utf8=%E2%9C%93,section page (/search)
156,https://careers.callutheran.edu/postings/search?517=3&commit=Search&query_organizational_tier_3_id=any&sort=227+asc&utf8=%E2%9C%93,section page (/search)
156,https://careers.callutheran.edu/postings/search?517=3&commit=Search&query_organizational_tier_3_id=any&sort=1292+asc&utf8=%E2%9C%93,section page (/search)
156,https://careers.callutheran.edu/bookmarks?posting_id=13560,action page (/bookmarks)
156,https://careers.callutheran.edu/bookmarks?posting_id=13557,action page (/bookmarks)
156,https://careers.callutheran.edu/bookmarks?posting_id=13555,action page (/bookmarks)
156,https://careers.callutheran.edu/bookmarks?posting_id=13547,action page (/bookmarks)
156,https://careers.callutheran.edu/bookmarks?posting_id=13546,action page (/bookmarks)
156,https://careers.callutheran.edu/bookmarks?posting_id=13532,action page (/bookmarks)
156,https://careers.callutheran.edu/bookmarks?posting_id=13531,action page (/bookmarks)
156,https://careers.callutheran.edu/bookmarks?posting_id=13529,action page (/bookmarks)
156,https://careers.callutheran.edu/bookmarks?posting_id=13527,action page (/bookmarks)
1572,https://www.fairmontstatejobs.com/postings/search,section page (/search)
1572,https://www.fairmontstatejobs.com/interest_cards,outside this school's posting path
1572,https://www.fairmontstatejobs.com/postings/search?2894%5B%5D=any&commit=Search&query_organizational_tier_3_id%5B%5D=any&query_position_type_id%5B%5D=3&sort=435+asc&utf8=%E2%9C%93,section page (/search)
1572,https://www.fairmontstatejobs.com/postings/search?2894%5B%5D=any&commit=Search&query_organizational_tier_3_id%5B%5D=any&query_position_type_id%5B%5D=3&sort=225+asc&utf8=%E2%9C%93,section page (/search)
1572,https://www.fairmontstatejobs.com/postings/search?2894%5B%5D=any&commit=Search&query_organizational_tier_3_id%5B%5D=any&query_position_type_id%5B%5D=3&sort=226+asc&utf8=%E2%9C%93,section page (/search)
1572,https://www.fairmontstatejobs.com/postings/search?2894%5B%5D=any&commit=Search&query_organizational_tier_3_id%5B%5D=any&query_position_type_id%5B%5D=3&sort=434+asc&utf8=%E2%9C%93,section page (/search)
1572,https://www.fairmontstatejobs.com/postings/search?2894%5B%5D=any&commit=Search&query_organizational_tier_3_id%5B%5D=any&query_position_type_id%5B%5D=3&sort=227+asc&utf8=%E2%9C%93,section page (/search)
1572,https://www.fairmontstatejobs.com/bookmarks?posting_id=11677,action page (/bookmarks)
1572,https://www.fairmontstatejobs.com/bookmarks?posting_id=11673,action page (/bookmarks)
1572,https://www.fairmontstatejobs.com/bookmarks?posting_id=11658,action page (/bookmarks)
1573,https://www.schooljobs.com/careers/glenvilleedu,parent of 12 other rows
1573,https://www.schooljobs.com/careers/glenvilleedu/jobInterestCards/categories,section page (/categories)
1573,https://www.governmentjobs.com,site root
1573,https://www.schooljobs.com,site root
1576,https://careers.wvu.edu/,site root
1576,https://careers.wvu.edu/home,section page (/home)
1576,https://careers.wvu.edu/outdoor-adventure,parent of 6 other rows
157,https://careers.csustan.edu/st/en-us/Search/?search-keyword=&work-type=instructional+faculty+-+temporary%2flecturer%2cinstructional+faculty+%e2%80%93+tenured%2ftenure-track%2cnon-instructional+faculty+(coach%2fcounselor%2flibrarian)&category=unit+3+-+cfa+-+california+faculty+association&subscribe=true,section page (/Search)
157,https://careers.csustan.edu/st/en-us/search/?job-mail-subscribe-privacy=agree&search-keyword=&work-type=instructional+faculty+-+temporary%2flecturer%2cinstructional+faculty+%e2%80%93+tenured%2ftenure-track%2cnon-instructional+faculty+(coach%2fcounselor%2flibrarian)&category=unit+3+-+cfa+-+california+faculty+association&page=2&page-items=20,section page (/search)
1582,https://www.paycomonline.net/v4/ats/web.php/jobs?clientkey=B369DDFCCC4F5E809A5BFCBD09E2C573,section page (/jobs)
1582,https://www.paycomonline.net/v4/ats/web.php/jobs?clientkey=B369DDFCCC4F5E809A5BFCBD09E2C573&jpt=796d82b5014215281dee4b1207ddefbb,section page (/jobs)
1584,https://athabascau.acquiretm.com/home.aspx,the careers link itself
1586,https://careers.ucalgary.ca/,site root
1586,https://careers.ucalgary.ca/search/jobs,section page (/jobs)
1586,http://www.ucalgary.ca/hr/campus-culture/diversity-careers,outside this school's posting path
1586,https://internal.careers.ucalgary.ca,site root
1586,https://careers.ucalgary.ca/search/academic-staff/jobs/in?page=2,outside this school's posting path
1590,https://hcaptcha.com/privacy?ref=validate.perfdrive.com&utm_campaign=ae73173b-7003-44e0-bc87-654d0dab8b75&utm_medium=checkbox&hl=en,outside this school's posting path
1590,https://hcaptcha.com/terms?ref=validate.perfdrive.com&utm_campaign=ae73173b-7003-44e0-bc87-654d0dab8b75&utm_medium=checkbox&hl=en,outside this school's posting path
1590,https://ufv.njoyn.com/careers/,section page (/careers)
1590,https://www.ufv.ca/careers/,section page (/careers)
1591,https://www.sfu.ca/vpacademic/academic-careers/current-openings.html,the careers link itself
1593,https://employees.viu.ca/,site root
1593,https://careers.viu.ca/vacancies.html,the careers link itself
1593,https://viu.ca/programs/academic-career-preparation,parent of 6 other rows
1597,http://www.royalroads.ca,site root
1597,https://ourpeople.royalroads.ca/careers,section page (/careers)
1597,https://royalroads.mua.hrdepartment.com/hr/ats/JobSearch/index,section page (/index)
1597,https://royalroads.mua.hrdepartment.com/hr/ats/JobSearch/viewAll,the careers link itself
1598,https://www.uvic.ca/faculty-staff/careers/faculty-and-librarian-postings/index.php,the careers link itself
1598,https://directory.uvic.ca/depts/,outside this school's posting path
1598,https://uvic.mua.hrdepartment.com/hr/ats/JobSearch/viewAll,outside this school's posting path
1598,https://www.uvic.ca/career-services/index.php,outside this school's posting path
1598,https://www.uvic.ca/faculty-staff/careers/academic-leadership-opportunities/index.php,outside this school's posting path
1598,https://www.uvic.ca/faculty-staff/careers/why-apply-to-uvic/index.php,outside this school's posting path
1599,https://www.brandonu.ca/jobs/,the careers link itself
1599,https://www.brandonu.ca/wp-login.php?redirect_to=https%3A%2F%2Fwww.brandonu.ca%2Fjobs%2F,outside this school's posting path
1600,https://boothuc.ca/about/our-people/careers/,the careers link itself
1603,https://www.careerbeacon.com/,site root
1604,https://www.unb.ca/hr/careers/academic.php,the careers link itself
1604,https://www.careerbeacon.com/,site root
1609,https://www.mun.ca/hr/careers/,section page (/careers)
1609,https://mun.ca/academic-careers/,parent of 15 other rows
1609,https://mun.ca/academic-careers/opportunities/,the careers link itself
1613,https://www.msvu.ca/about-msvu/careers-at-the-mount/human-resources-hr/faculty-staff-relations/,parent of 6 other rows
1613,https://www.msvu.ca/academics/graduate-studies-at-the-mount/applied-human-nutrition/faculty/,section page (/faculty)
1613,https://www.msvu.ca/academics/faculty-of-education/,parent of 2 other rows
1613,https://www.msvu.ca/about-msvu/careers-at-the-mount/,parent of 17 other rows
1613,https://www.msvu.ca/about-msvu/careers-at-the-mount/human-resources-hr/,parent of 9 other rows
1613,https://www.msvu.ca/about-msvu/careers-at-the-mount/human-resources-hr/faculty-staff-relations/faq/,section page (/faq)
1613,https://www.msvu.ca/about-msvu/careers-at-the-mount/current-openings/,the careers link itself
1613,https://www.msvu.ca/about-msvu/careers-at-the-mount/current-openings/full-time-academic-positions/,category page (/full-time-academic-positions)
1613,https://www.msvu.ca/about-msvu/careers-at-the-mount/current-openings/part-time-academic-positions/,category page (/part-time-academic-positions)
1614,https://www.careerbeacon.com/,site root
1614,https://nscad.ca/careers/,the careers link itself
1616,https://jobs.dayforcehcm.com/en-US/cbu/CANDIDATEPORTAL,parent of 6 other rows
1617,https://hr.acadiau.ca/employment/career-opportunities/faculty-per-course.html,the careers link itself
1617,https://www.careerbeacon.com/,site root
1617,https://hr.acadiau.ca/employment/career-opportunities/career-opportunities.html,outside this school's posting path
1618,https://careers.uoguelph.ca/go/Faculty%2C-Librarian-and-Veterinarian/8665747/,the careers link itself
1618,https://career47.sapsf.com/career?career_company=universi18&lang=en_US&company=universi18&site=&loginFlowRequired=true&_s.crb=%2bHhBK8h6JU8DD6tx1s7HiQr6ORQeTh34UFQ022U6E8o%3d,section page (/career)
1618,https://uoguelph.jobs.hr.cloud.sap?locale=en_US,site root
1619,https://careers.mcmaster.ca/psp/prcsprd/EMPLOYEE/SA/s/WEBLIB_PTPP_SC.HOMEPAGE.FieldFormula.IScript_AppHP?pt_fname=PTUN_10021829100038288&FolderPath=PORTAL_ROOT_OBJECT.PTUN_10021829100038288&IsFolder=true,filter variant of a listing URL
1619,https://careers.mcmaster.ca/psp/prcsprd/EMPLOYEE/SA/s/WEBLIB_PTPP_SC.HOMEPAGE.FieldFormula.IScript_AppHP?pt_fname=CO_EMPLOYEE_SELF_SERVICE&FolderPath=PORTAL_ROOT_OBJECT.CO_EMPLOYEE_SELF_SERVICE&IsFolder=true,filter variant of a listing URL
1619,https://careers.mcmaster.ca/psp/prcsprd/EMPLOYEE/SA/s/WEBLIB_PTPP_SC.HOMEPAGE.FieldFormula.IScript_AppHP?pt_fname=HCCC_DESIGN_STUDENT_ADMINISTRA&FolderPath=PORTAL_ROOT_OBJECT.HCCC_DESIGN_STUDENT_ADMINISTRA&IsFolder=true,filter variant of a listing URL
1619,https://careers.mcmaster.ca/psp/prcsprd/EMPLOYEE/SA/s/WEBLIB_PTPP_SC.HOMEPAGE.FieldFormula.IScript_AppHP?pt_fname=PT_WORKLIST&FolderPath=PORTAL_ROOT_OBJECT.PT_WORKLIST&IsFolder=true,filter variant of a listing URL
1619,https://careers.mcmaster.ca/psp/prcsprd/EMPLOYEE/SA/s/WEBLIB_PTPP_SC.HOMEPAGE.FieldFormula.IScript_AppHP?pt_fname=PT_REPORTING_TOOLS&FolderPath=PORTAL_ROOT_OBJECT.PT_REPORTING_TOOLS&IsFolder=true,filter variant of a listing URL
1619,https://careers.mcmaster.ca/psp/prcsprd/EMPLOYEE/SA/s/WEBLIB_PTPP_SC.HOMEPAGE.FieldFormula.IScript_AppHP?pt_fname=PT_PEOPLETOOLS&FolderPath=PORTAL_ROOT_OBJECT.PT_PEOPLETOOLS&IsFolder=true,filter variant of a listing URL
1619,http://www.workingatmcmaster.ca/careers/,section page (/careers)
1620,https://www.queensu.ca/faculty-positions/,the careers link itself
1620,https://skhs.queensu.ca/employment/,section page (/employment)
1620,http://flux.cs.queensu.ca/employment/,section page (/employment)
1620,https://deptmed.queensu.ca/careers,parent of 2 other rows
1620,https://nursing.queensu.ca/about/careers,section page (/careers)
1620,https://rehab.queensu.ca/about/positions,section page (/positions)
1620,http://flux.cs.queensu.ca/applying-for-a-term-adjunct-position/,category page (/applying-for-a-term-adjunct-position)
1620,https://employment.cs.queensu.ca/,site root
1620,https://qsoe.educ.queensu.ca/,site root
1620,https://deptmed.queensu.ca/people,parent of 2 other rows
1620,https://employment.cs.queensu.ca/2025/08/21/educational-scholar-faculty-position/,category page (/educational-scholar-faculty-position)
1620,https://www.queensu.ca/physics/queens-national-scholar-qns-senior-faculty-position,category page (/queens-national-scholar-qns-senior-faculty-position)
1620,https://www.queensu.ca/bfa/faculty/careers,section page (/careers)
1620,http://www.queensu.ca/philosophy/jobs,section page (/jobs)
1620,http://biology.queensu.ca/jobs/,section page (/jobs)
1620,https://anesthesiology.queensu.ca/about-us/careers,section page (/careers)
1620,https://radiology.queensu.ca/careers,parent of 2 other rows
1620,https://familymedicine.queensu.ca/administration/careers,section page (/careers)
1620,https://pathology.queensu.ca/about-us/careers,section page (/careers)
1620,https://pediatrics.queensu.ca/about/careers,section page (/careers)
1620,https://pmr.queensu.ca/careers,parent of 2 other rows
1620,https://library.queensu.ca/about-us/careers,section page (/careers)
1621,https://www.music.uwo.ca/,site root
1621,http://www.uwo.ca/facultyrelations/,parent of 49 other rows
1621,https://www.uwo.ca/facultyrelations/careers/faculty.html,the careers link itself
1621,https://www.edu.uwo.ca/,site root
1621,https://www.eng.uwo.ca/,site root
1621,https://www.law.uwo.ca/,site root
1621,https://www.ssc.uwo.ca/,site root
1622,https://www.nipissingu.ca/academics/school-graduate-studies/master-ed/research-supervisor,outside this school's posting path
1622,https://www.nipissingu.ca/departments/fass,outside this school's posting path
1622,https://www.nipissingu.ca/careers/employment-postings/faculty,the careers link itself
1622,https://www.nipissingu.ca/careers/employment-postings,parent of 20 other rows
1622,https://www.nipissingu.ca/departments/student-development-and-services/career-development-and-education/career-resources,outside this school's posting path
1622,https://www.nipissingu.ca/careers,parent of 21 other rows
1622,https://www.nipissingu.ca/employment-postings/volunteer,outside this school's posting path
1622,https://www.nipissingu.ca/careers/employment-postings/staff,section page (/staff)
1622,https://www.nipissingu.ca/careers/employment-postings/student,section page (/student)
1624,https://carleton.ca/deputyprovost/jobs/,parent of 7 other rows
1624,https://carleton.ca/deputyprovost/jobs/academics/,the careers link itself
1624,https://carleton.ca/deputyprovost/career-interruptions-special-circumstances-statement-tiers-1-and-2/,outside this school's posting path
1624,https://carleton.ca/career/,section page (/career)
1626,https://www.trentu.ca/humanresources/employment/,section page (/employment)
1626,https://www.trentu.ca/humanresources/employment-opportunities,parent of 6 other rows
1626,https://www.trentu.ca/humanresources/employment-opportunities/full-time-faculty-positions,the careers link itself
1626,https://www.trentu.ca/humanresources/employment-opportunities/non-academic-positions,parent of 2 other rows
1626,https://www.trentu.ca/humanresources/employment-opportunities/part-time-faculty-positions,category page (/part-time-faculty-positions)
1627,https://algomau.ca/careers/,the careers link itself
1627,https://algomau.ca/academics/experiential-learning/career-hub/,parent of 6 other rows
1627,https://algomau.ca/academics/experiential-learning/,parent of 7 other rows
1629,https://laurentian.ca/about/careers,parent of 24 other rows
1629,https://laurentian.ca/about/careers/administrative-vacancies,category page (/administrative-vacancies)
1629,https://laurentian.ca/about/careers/faculty-vacancies,the careers link itself
162,https://jobs.colorado.edu/jobs,parent of 21 other rows
162,https://www.colorado.edu/jobs/,parent of 21 other rows
162,https://www.colorado.edu/jobs/benefits,section page (/benefits)
162,https://jobs.colorado.edu/jobs/Login,action page (/Login)
162,https://www.facebook.com/dialog/share?app_id=170991856846259&href=https%3A%2F%2Fjobs.colorado.edu%2Fjobs%2FJobDetail%2FTenure-Track-Faculty-in-the-Paul-M-Rady-Department-of-Mechanical-Engineering%2F74588&display=popup,action page (/share)
162,http://twitter.com/intent/tweet?url=https%3A%2F%2Fjobs.colorado.edu%2Fjobs%2FJobDetail%2FTenure-Track-Faculty-in-the-Paul-M-Rady-Department-of-Mechanical-Engineering%2F74588&text=Tenure-Track+Faculty+in+the+Paul+M.+Rady+Department+of+Mechanical+Engineering,filter variant of a listing URL
162,https://www.facebook.com/dialog/share?app_id=170991856846259&href=https%3A%2F%2Fjobs.colorado.edu%2Fjobs%2FJobDetail%2FAssistant-Teaching-Professor%2F74312&display=popup,action page (/share)
162,http://twitter.com/intent/tweet?url=https%3A%2F%2Fjobs.colorado.edu%2Fjobs%2FJobDetail%2FAssistant-Teaching-Professor%2F74312&text=Assistant+Teaching+Professor,filter variant of a listing URL
162,https://www.facebook.com/dialog/share?app_id=170991856846259&href=https%3A%2F%2Fjobs.colorado.edu%2Fjobs%2FJobDetail%2FAssistant-Associate-Professor-of-Organizational-Behavior%2F74535&display=popup,action page (/share)
162,http://twitter.com/intent/tweet?url=https%3A%2F%2Fjobs.colorado.edu%2Fjobs%2FJobDetail%2FAssistant-Associate-Professor-of-Organizational-Behavior%2F74535&text=Assistant%2FAssociate+Professor+of+Organizational+Behavior,filter variant of a listing URL
162,https://www.facebook.com/dialog/share?app_id=170991856846259&href=https%3A%2F%2Fjobs.colorado.edu%2Fjobs%2FJobDetail%2FAssistant-Teaching-Professor-Psychology-and-Neuroscience%2F74365&display=popup,action page (/share)
162,http://twitter.com/intent/tweet?url=https%3A%2F%2Fjobs.colorado.edu%2Fjobs%2FJobDetail%2FAssistant-Teaching-Professor-Psychology-and-Neuroscience%2F74365&text=Assistant+Teaching+Professor+%E2%80%93+Psychology+and+Neuroscience,filter variant of a listing URL
162,https://www.facebook.com/dialog/share?app_id=170991856846259&href=https%3A%2F%2Fjobs.colorado.edu%2Fjobs%2FJobDetail%2FAssistant-Associate-Professor-of-Horn%2F74151&display=popup,action page (/share)
162,http://twitter.com/intent/tweet?url=https%3A%2F%2Fjobs.colorado.edu%2Fjobs%2FJobDetail%2FAssistant-Associate-Professor-of-Horn%2F74151&text=Assistant%2FAssociate+Professor+of+Horn,filter variant of a listing URL
162,https://www.facebook.com/dialog/share?app_id=170991856846259&href=https%3A%2F%2Fjobs.colorado.edu%2Fjobs%2FJobDetail%2FVisiting-Professor-Legal-Writing-Spring-2027%2F73904&display=popup,action page (/share)
162,http://twitter.com/intent/tweet?url=https%3A%2F%2Fjobs.colorado.edu%2Fjobs%2FJobDetail%2FVisiting-Professor-Legal-Writing-Spring-2027%2F73904&text=Visiting+Professor+-+Legal+Writing+%28Spring+2027%29,filter variant of a listing URL
162,https://www.facebook.com/dialog/share?app_id=170991856846259&href=https%3A%2F%2Fjobs.colorado.edu%2Fjobs%2FJobDetail%2FLegal-Writing-Faculty-Teaching-Professor-Track%2F73578&display=popup,action page (/share)
162,http://twitter.com/intent/tweet?url=https%3A%2F%2Fjobs.colorado.edu%2Fjobs%2FJobDetail%2FLegal-Writing-Faculty-Teaching-Professor-Track%2F73578&text=Legal+Writing+Faculty+%28Teaching+Professor+Track%29,filter variant of a listing URL
162,https://www.facebook.com/dialog/share?app_id=170991856846259&href=https%3A%2F%2Fjobs.colorado.edu%2Fjobs%2FJobDetail%2FOpen-Rank-Tenure-Track-Law-Professor%2F73575&display=popup,action page (/share)
162,http://twitter.com/intent/tweet?url=https%3A%2F%2Fjobs.colorado.edu%2Fjobs%2FJobDetail%2FOpen-Rank-Tenure-Track-Law-Professor%2F73575&text=Open+Rank+%E2%80%94+Tenure-Track+Law+Professor,filter variant of a listing URL
162,https://www.facebook.com/dialog/share?app_id=170991856846259&href=https%3A%2F%2Fjobs.colorado.edu%2Fjobs%2FJobDetail%2FDirector-of-the-Institute-of-Behavioral-Science-IBS%2F73090&display=popup,action page (/share)
162,http://twitter.com/intent/tweet?url=https%3A%2F%2Fjobs.colorado.edu%2Fjobs%2FJobDetail%2FDirector-of-the-Institute-of-Behavioral-Science-IBS%2F73090&text=Director+of+the+Institute+of+Behavioral+Science+%28IBS%29,filter variant of a listing URL
162,https://www.facebook.com/dialog/share?app_id=170991856846259&href=https%3A%2F%2Fjobs.colorado.edu%2Fjobs%2FJobDetail%2FScholar-in-Residence-Engineering-Management-Program%2F73189&display=popup,action page (/share)
162,http://twitter.com/intent/tweet?url=https%3A%2F%2Fjobs.colorado.edu%2Fjobs%2FJobDetail%2FScholar-in-Residence-Engineering-Management-Program%2F73189&text=Scholar+in+Residence+-+Engineering+Management+Program,filter variant of a listing URL
162,https://www.facebook.com/dialog/share?app_id=170991856846259&href=https%3A%2F%2Fjobs.colorado.edu%2Fjobs%2FJobDetail%2FVisiting-Scholar-in-Conservative-Thought-and-Policy%2F72710&display=popup,action page (/share)
162,http://twitter.com/intent/tweet?url=https%3A%2F%2Fjobs.colorado.edu%2Fjobs%2FJobDetail%2FVisiting-Scholar-in-Conservative-Thought-and-Policy%2F72710&text=Visiting+Scholar+in+Conservative+Thought+and+Policy,filter variant of a listing URL
162,https://www.facebook.com/dialog/share?app_id=170991856846259&href=https%3A%2F%2Fjobs.colorado.edu%2Fjobs%2FJobDetail%2FAssistant-Professor-in-Cognitive-Science-AI-the-Mind%2F71179&display=popup,action page (/share)
162,http://twitter.com/intent/tweet?url=https%3A%2F%2Fjobs.colorado.edu%2Fjobs%2FJobDetail%2FAssistant-Professor-in-Cognitive-Science-AI-the-Mind%2F71179&text=Assistant+Professor+in+Cognitive+Science%2C+AI+%26amp%3B+the+Mind,filter variant of a listing URL
162,https://colorado.avature.net/jobs,parent of 21 other rows
1630,https://www.lakeheadu.ca/education/about/jobs,section page (/jobs)
1633,https://hrandequity.utoronto.ca/careers/,section page (/careers)
1635,https://uwaterloo.ca/careers/,parent of 10 other rows
1635,https://uwaterloo.ca/careers/current-opportunities,parent of 5 other rows
1635,https://uwaterloo.ca/careers/current-opportunities/external-opportunities,category page (/external-opportunities)
1635,https://uwaterloo.ca/careers/current-opportunities/faculty-opportunities,the careers link itself
1635,https://uwaterloo.ca/careers/current-opportunities/executive-opportunities,category page (/executive-opportunities)
1635,https://uwaterloo.ca/engineering/faculty-and-staff/faculty-openings,category page (/faculty-openings)
1636,https://careers.wlu.ca/,site root
1636,https://careers.wlu.ca/go/Academic-Positions/505047/,the careers link itself
1636,https://careers.wlu.ca/go/Academic-Positions/505047/?q=&sortColumn=sort_title&sortDirection=desc#hdrTitleButton,filter variant of a listing URL
1636,https://careers.wlu.ca/go/Academic-Positions/505047/?q=&sortColumn=sort_facility&sortDirection=desc#hdrFacilityButton,filter variant of a listing URL
1636,https://careers.wlu.ca/go/Academic-Positions/505047/?q=&sortColumn=sort_location&sortDirection=desc#hdrLocationButton,filter variant of a listing URL
1636,https://careers.wlu.ca/go/Academic-Positions/505047/?q=#reset,filter variant of a listing URL
1638,https://www.upei.ca/hr,parent of 12 other rows
1638,https://www.upei.ca/career,section page (/career)
1638,https://www.upei.ca/hr/senior-academic-and-administrative-positions,parent of 2 other rows
163,https://jobs.coloradocollege.edu/jobs/search,section page (/search)
1640,https://career17.sapsf.com/career?company=universitc,section page (/career)
1640,https://library.concordia.ca/about/jobs/,section page (/jobs)
1642,https://www.polymtl.ca/carriere/offres-demploi,the careers link itself
1642,https://www.polymtl.ca/carriere/,parent of 10 other rows
1643,http://vieetudiante.umontreal.ca/espace-entreprises,outside this school's posting path
1644,https://rh.uqam.ca/emplois/,the careers link itself
1647,https://www.rh.ulaval.ca/emplois-disponibles,parent of 4 other rows
1649,https://www.uqar.ca/en/the-institut-des-sciences-de-la-mer-of-the-universite-du-quebec-a-rimouski-ismer-uqar/opportunities/jobs-at-ismer-uqar/,the careers link itself
1650,https://atlas.workland.com/careers/uqat?open=jobs,outside this school's posting path
1650,https://www.uqat.ca/uqat/faire-carriere/,outside this school's posting path
1651,https://www.uqac.ca/emploi/,the careers link itself
1651,https://www.uqac.ca/emploi/emplois/,parent of 10 other rows
1651,https://www.uqac.ca/emploi/feed/?post_type=job_listing,section page (/feed)
1651,https://www.uqac.ca/emploi/date/?time=today&jobs_by_date=1,filter variant of a listing URL
1651,https://www.uqac.ca/emploi/date/?time=week&jobs_by_date=1,filter variant of a listing URL
1651,https://www.uqac.ca/emploi/date/?time=lastweek&jobs_by_date=1,filter variant of a listing URL
1651,https://www.uqac.ca/emploi/date/?time=month&jobs_by_date=1,filter variant of a listing URL
1652,https://working.ubishops.ca/,site root
1652,https://working.ubishops.ca?feed=job_feed&job_types=academic%2Cmanagement%2Cstaff&search_location&job_categories&search_keywords&author,site root
1652,https://jobboard.ubishops.ca/,site root
1652,https://www.ubishops.ca/student-services/career-and-transition-services/,outside this school's posting path
1653,https://www.usherbrooke.ca/emplois/,parent of 4 other rows
1653,https://www.usherbrooke.ca/monemploi/,outside this school's posting path
1653,https://www.usherbrooke.ca/recherche/en/udes/career-opportunities,the careers link itself
1655,https://urcareers.uregina.ca/postings/search,section page (/search)
1655,https://urcareers.uregina.ca/interest_cards,outside this school's posting path
1655,https://urcareers.uregina.ca/postings/search?1245%5B%5D=2&commit=Search&sort=225+asc&utf8=%E2%9C%93,section page (/search)
1655,https://urcareers.uregina.ca/postings/search?1245%5B%5D=2&commit=Search&sort=437+asc&utf8=%E2%9C%93,section page (/search)
1655,https://urcareers.uregina.ca/postings/search?1245%5B%5D=2&commit=Search&sort=1245+asc&utf8=%E2%9C%93,section page (/search)
1655,https://urcareers.uregina.ca/postings/search?1245%5B%5D=2&commit=Search&sort=227+asc&utf8=%E2%9C%93,section page (/search)
1655,https://urcareers.uregina.ca/postings/search?1245%5B%5D=2&commit=Search&sort=1246+asc&utf8=%E2%9C%93,section page (/search)
1655,https://urcareers.uregina.ca/bookmarks?posting_id=22967,action page (/bookmarks)
1655,https://urcareers.uregina.ca/bookmarks?posting_id=22779,action page (/bookmarks)
1655,https://urcareers.uregina.ca/bookmarks?posting_id=18787,action page (/bookmarks)
1655,https://urcareers.uregina.ca/bookmarks?posting_id=17692,action page (/bookmarks)
1657,__NEEDS_SCRAPER_FIX__,"would drop 11 of 12 rows -- scraper is collecting listing pages, not postings"
1659,https://careers.univie.ac.at/en,outside this school's posting path
1659,https://jobs.univie.ac.at?locale=de_DE,site root
1659,https://jobs.univie.ac.at?locale=en_US,site root
1661,https://www.ulb.be/fr/travailler-et-collaborer/vacances-d-emplois-academiques-et-scientifiques,the careers link itself
1661,https://www.ulb.be/fr/travailler-et-collaborer/offres-d-emploi,outside this school's posting path
1661,https://www.ulb.be/fr/travailler-et-collaborer/infor-emploi,outside this school's posting path
1661,https://www.facebook.com/sharer/sharer.php?s=100&u=https://www.ulb.be/fr/travailler-et-collaborer/vacances-d-emplois-academiques-et-scientifiques,outside this school's posting path
1661,https://twitter.com/intent/tweet?url=https%3A%2F%2Fwww.ulb.be%2Ffr%2Ftravailler-et-collaborer%2Fvacances-d-emplois-academiques-et-scientifiques&via=ULBruxelles&text=Emplois+acad%C3%A9miques+et+scientifiques,outside this school's posting path
1661,https://www.linkedin.com/shareArticle?mini=true&url=https://www.ulb.be/fr/travailler-et-collaborer/vacances-d-emplois-academiques-et-scientifiques,outside this school's posting path
1661,https://www.viadeo.com/shareit/share/?url=https://www.ulb.be/fr/travailler-et-collaborer/vacances-d-emplois-academiques-et-scientifiques,action page (/share)
1661,https://www.ulb.be/fr/documents-officiels/texte-coordonne,outside this school's posting path
1661,https://www.ulb.be/fr/documents-officiels/emplois-academiques-et-scientifiques-comment-bien-postuler-en-ligne-des-difficultes-de-connexion,outside this school's posting path
1661,https://www.ulb.be/fr/documents-officiels/emplois-academiques-et-scientifiques-comment-postuler-en-ligne,outside this school's posting path
1661,https://www.ulb.be/fr/documents-officiels/emplois-academiques-et-scientifiques-how-do-i-apply-online,outside this school's posting path
1661,https://www.ulb.be/fr/emploi,outside this school's posting path
1662,https://jobs.ugent.be?locale=en_GB,site root
1662,https://jobs.ugent.be?locale=nl_NL,site root
1662,https://techtransfer.ugent.be/en/about/jobs,section page (/jobs)
1662,https://www.ugent.be/nl/jobs/erc-grants-starting-consolidator-synergy-advanced/ambten-met-hoofdzakelijk-onderzoeksopdracht-voor-erc-plus-grantees-voltijds.pdf/view,section page (/view)
1662,https://www.ugent.be/nl/jobs/erc-grants-starting-consolidator-synergy-advanced/gecombineerde-mandaten-van-10-zap-en-90-doctor-wetenschappelijk-medewerker-voor-erc-plus-grantees.pdf/view,section page (/view)
1663,https://repository.vlerick.com/,site root
1664,https://www.kuleuven.be/personeel/jobsite/jobs,parent of 6 other rows
1664,https://www.kuleuven.be/personeel/jobsite/jobs/professor?lang=nl,the careers link itself
1664,https://www.kuleuven.be/personeel/jobsite/jobs/professor?lang=en,filter variant of a listing URL
1664,https://www.kuleuven.be/personeel/jobsite/,parent of 9 other rows
1664,https://www.kuleuven.be/personeel/jobsite/jobs/staff?lang=nl,section page (/staff)
1664,https://www.kuleuven.be/personeel/jobsite/werken-bij-kuleuven/werken-bij-kuleuven,outside this school's posting path
1664,https://www.kuleuven.be/personeel/jobsite/contact,section page (/contact)
1664,https://www.kuleuven.be/personeel/jobsite?source=CorporateFooter,parent of 9 other rows
1665,https://uclouvain.be/fr/emploi/listes-des-cours-vacants-par-faculte,the careers link itself
1665,https://uclouvain.be/fr/universite/espace-emploi,outside this school's posting path
1665,https://uclouvain.be/fr/emploi,parent of 76 other rows
1665,https://uclouvain.be/fr/emploi/faq,section page (/faq)
1665,https://uclouvain.be/fr/system/files?file=uclouvain_assetmanager/groups/cms-editors-emploi/Cours%20vacants%2026-27/2-2026%20InfoUtiles_Adresses%20facult%C3%A9s%20final%20%286%29_0.pdf,parent of 4 other rows
1666,https://international.au.dk/about/profile/vacant-positions,the careers link itself
1666,https://international.au.dk/research/researcher-positions/howtoapply,outside this school's posting path
1666,https://www.international.au.dk/about/profile/vacant-positions/,parent of 72 other rows
1667,https://jobportal.ku.dk/videnskabelige-stillinger/,parent of 4 other rows
1667,https://jobportal.ku.dk/tenure-track/,the careers link itself
1667,https://jobportal.ku.dk/administrative-og-forskningsunderstoettende-stillinger/,parent of 5 other rows
1667,https://jobportal.ku.dk/,site root
1667,https://ucph.jobteaser.com,site root
1668,https://www.cbs.dk/en/about-cbs/job-and-career,parent of 13 other rows
1668,https://www.cbs.dk/en/about-cbs/job-and-career/vacant-positions,parent of 6 other rows
1668,https://www.cbs.dk/en/about-cbs/job-and-career/vacant-positions?page=1,the careers link itself
1668,https://www.cbs.dk/en/about-cbs/job-and-career/vacant-positions?keywords=518,parent of 6 other rows
1668,https://www.cbs.dk/en/about-cbs/job-and-career/vacant-positions?keywords=516,parent of 6 other rows
1670,https://www.aalto.fi/en/open-positions,parent of 12 other rows
1670,https://www.aalto.fi/en/careers-at-aalto,parent of 17 other rows
1670,https://www.aalto.fi/en/careers-at-aalto/careers,section page (/careers)
1670,https://aalto.wd3.myworkdayjobs.com/en-US/aalto/login?redirect=%2Fen-US%2Faalto%2FuserHome,action page (/login)
1670,whatsapp://send?text=https%3A//www.aalto.fi/en/open-positions,site root
1672,https://www.helsinki.fi/en/about-us/careers,parent of 7 other rows
1672,https://www.helsinki.fi/en/about-us/careers/open-positions/instructions-applicants-teaching-and-research-positions,category page (/instructions-applicants-teaching-and-research-positions)
1672,https://www.helsinki.fi/en/about-us/university-helsinki/contact-details,outside this school's posting path
1673,https://www.utu.fi/en/university/come-work-with-us/open-vacancies,the careers link itself
1673,https://www.utu.fi/en/university/come-work-with-us/open-vacancies/erekry,outside this school's posting path
1674,https://job.essec.edu/en,parent of 7 other rows
1674,https://job.essec.edu/en/jobs,the careers link itself
1674,https://job.essec.edu/en/connect/login,action page (/login)
1674,https://job.essec.edu/,site root
1674,https://www.teamtailor.com/?utm_campaign=poweredby&utm_content=job.essec.edu&utm_medium=referral&utm_source=career-site,site root
1680,https://careers.werecruit.io/en/escp-business-school,the careers link itself
1680,https://careers.werecruit.io/fr/escp-business-school,outside this school's posting path
1684,https://www.xing.com/spi/shares/new?url=https%3A%2F%2Fwww.rwth-aachen.de%2Fcms%2Froot%2Fwir%2Fkarriere%2Frwth-jobportal%2F~crfe%2Fstellenangebote-fuer-professuren%2F%3Flidx%3D1,section page (/new)
1685,https://www.fu-berlin.de/universitaet/beruf-karriere/jobs/english/index.html?irq=0&next=en,filter variant of a listing URL
1685,https://www.fu-berlin.de/sites/ub/ueber-uns/provenienzforschung/index.html,outside this school's posting path
1685,https://www.fu-berlin.de/universitaet/beruf-karriere/jobs/index.html,outside this school's posting path
1685,https://www.fu-berlin.de/sites/career/index.html,outside this school's posting path
1685,https://www.fu-berlin.de/sites/abt-1/stabsstellen/dcfam-service/index.html,outside this school's posting path
1685,https://www.fu-berlin.de/beratung/index.html,outside this school's posting path
1685,https://www.fu-berlin.de/universitaet/beruf-karriere/jobs/prof/index.html,outside this school's posting path
1685,https://www.fu-berlin.de/universitaet/beruf-karriere/jobs/wiss/index.html,outside this school's posting path
1685,https://www.fu-berlin.de/universitaet/beruf-karriere/jobs/nichtwiss/index.html,outside this school's posting path
1685,https://www.fu-berlin.de/universitaet/beruf-karriere/jobs/stud/index.html,outside this school's posting path
1685,https://www.fu-berlin.de/universitaet/beruf-karriere/jobs/a-z-index/index.html?sort=date&keywords=Biologie%2C%20Chemie%2C%20Pharmazie,filter variant of a listing URL
1685,https://www.fu-berlin.de/universitaet/beruf-karriere/jobs/a-z-index/index.html?sort=date&keywords=Erziehungswissenschaft%20und%20Psychologie,filter variant of a listing URL
1685,https://www.fu-berlin.de/universitaet/beruf-karriere/jobs/a-z-index/index.html?sort=date&keywords=Exzellenzausschreibungen,filter variant of a listing URL
1685,https://www.fu-berlin.de/universitaet/beruf-karriere/jobs/a-z-index/index.html?sort=date&keywords=Geowissenschaften,filter variant of a listing URL
1685,https://www.fu-berlin.de/universitaet/beruf-karriere/jobs/a-z-index/index.html?sort=date&keywords=Geschichts-%20und%20Kulturwissenschaften,filter variant of a listing URL
1685,https://www.fu-berlin.de/universitaet/beruf-karriere/jobs/a-z-index/index.html?sort=date&keywords=Mathematik%20und%20Informatik,filter variant of a listing URL
1685,https://www.fu-berlin.de/universitaet/beruf-karriere/jobs/a-z-index/index.html?sort=date&keywords=Philosophie%20und%20Geisteswissenschaften,filter variant of a listing URL
1685,https://www.fu-berlin.de/universitaet/beruf-karriere/jobs/a-z-index/index.html?sort=date&keywords=Physik,filter variant of a listing URL
1685,https://www.fu-berlin.de/universitaet/beruf-karriere/jobs/a-z-index/index.html?sort=date&keywords=Politik-%20und%20Sozialwissenschaften,filter variant of a listing URL
1685,https://www.fu-berlin.de/universitaet/beruf-karriere/jobs/a-z-index/index.html?sort=date&keywords=Pr%C3%A4sidium,filter variant of a listing URL
1685,https://www.fu-berlin.de/universitaet/beruf-karriere/jobs/a-z-index/index.html?sort=date&keywords=Rechtswissenschaft,filter variant of a listing URL
1685,https://www.fu-berlin.de/universitaet/beruf-karriere/jobs/a-z-index/index.html?sort=date&keywords=Sonstige%20Bereiche,filter variant of a listing URL
1685,https://www.fu-berlin.de/universitaet/beruf-karriere/jobs/a-z-index/index.html?sort=date&keywords=Sozialwissenschaften,filter variant of a listing URL
1685,https://www.fu-berlin.de/universitaet/beruf-karriere/jobs/a-z-index/index.html?sort=date&keywords=Universit%C3%A4tsbibliothek,filter variant of a listing URL
1685,https://www.fu-berlin.de/universitaet/beruf-karriere/jobs/a-z-index/index.html?sort=date&keywords=Veterin%C3%A4rmedizin,filter variant of a listing URL
1685,https://www.fu-berlin.de/universitaet/beruf-karriere/jobs/a-z-index/index.html?sort=date&keywords=Wirtschaftswissenschaft,filter variant of a listing URL
1685,https://www.fu-berlin.de/universitaet/beruf-karriere/jobs/a-z-index/index.html?sort=date&keywords=Zentrale%20Universit%C3%A4tsverwaltung,filter variant of a listing URL
1685,https://www.fu-berlin.de/universitaet/beruf-karriere/jobs/a-z-index/index.html?sort=date&keywords=Zentraleinrichtung%20Botanischer%20Garten%20und%20Botanisches%20Museum,filter variant of a listing URL
1685,https://www.fu-berlin.de/universitaet/beruf-karriere/jobs/a-z-index/index.html?sort=date&keywords=Zentraleinrichtung%20FUB-IT,filter variant of a listing URL
1685,https://www.fu-berlin.de/universitaet/beruf-karriere/jobs/a-z-index/index.html?sort=date&keywords=Zentraleinrichtung%20Margherita-von-Brentano-Zentrum%20f%C3%BCr%20Geschlechterforschung,filter variant of a listing URL
1685,https://www.fu-berlin.de/universitaet/beruf-karriere/jobs/a-z-index/index.html?sort=date&keywords=Zentraleinrichtung%20Studienberatung%20und%20Psychologische%20Beratung,filter variant of a listing URL
1685,https://www.fu-berlin.de/universitaet/beruf-karriere/jobs/a-z-index/index.html?sort=date&keywords=Zentralinstitut%20Dahlem%20School%20of%20Education,filter variant of a listing URL
1685,https://www.fu-berlin.de/universitaet/beruf-karriere/jobs/a-z-index/index.html?sort=date&keywords=Zentralinstitut%20John-F.-Kennedy-Institut,filter variant of a listing URL
1685,https://www.fu-berlin.de/universitaet/beruf-karriere/jobs/a-z-index/index.html?sort=date&keywords=Zentralinstitut%20Lateinamerika-Institut,filter variant of a listing URL
1685,https://www.fu-berlin.de/universitaet/beruf-karriere/jobs/a-z-index/index.html?sort=date&keywords=Zentralinstitut%20Osteuropa-Institut,filter variant of a listing URL
1685,https://www.fu-berlin.de/universitaet/beruf-karriere/jobs/a-z-index/index.html,outside this school's posting path
1685,https://www.fu-berlin.de/universitaet/beruf-karriere/jobs/english/index.html,the careers link itself
1685,https://www.fu-berlin.de/universitaet/beruf-karriere/jobs/english/index.html?irq=0&next=de,filter variant of a listing URL
1687,https://jobportal.uni-koeln.de/,site root
1689,https://www.uni-heidelberg.de/stellenmarkt/,outside this school's posting path
1689,https://adb.zuv.uni-heidelberg.de/info/INFO_FDB$.startup?MODUL=LS&M1=0&M2=0&M3=0,filter variant of a listing URL
1689,https://www.uni-heidelberg.de/de/einrichtungen/universitaetsverwaltung/datenschutz,outside this school's posting path
1690,https://www.kit.edu/karriere/stellenangebote.php,outside this school's posting path
1690,https://www.kit.edu/career/jobs.php,the careers link itself
1690,https://www.careerservice.kit.edu/en/,outside this school's posting path
1690,https://www.kit-ausbildung.de/de/offene-stellen,outside this school's posting path
1691,https://www.uni-mannheim.de/en/about/working-at-the-university/job-vacancies/,the careers link itself
1691,https://www.uni-mannheim.de/en/academics/after-your-studies/career-opportunities/,parent of 21 other rows
1691,https://www.uni-mannheim.de/en/academics/after-your-studies/career-opportunities/fields-of-work/,parent of 15 other rows
1691,https://www.uni-mannheim.de/en/academics/coming-to-mannheim/international-students/starting-your-career/,parent of 3 other rows
1691,https://www.uni-mannheim.de/en/research/postdoctoral-research-phase/postdoc-career-academy/,parent of 9 other rows
1692,https://www.lmu.de/en/about-lmu/working-at-lmu/job-portal/,parent of 6 other rows
1692,https://www.lmu.de/en/about-lmu/working-at-lmu/job-portal/academic-staff/,the careers link itself
1692,https://www.lmu.de/en/about-lmu/working-at-lmu/academic-careers/,parent of 22 other rows
1692,https://www.lmu.de/en/about-lmu/working-at-lmu/academic-careers/pathways-to-lmu/,parent of 5 other rows
1692,https://www.lmu.de/en/about-lmu/working-at-lmu/academic-careers/qualification-and-personal-development/,parent of 4 other rows
1692,https://www.lmu.de/en/about-lmu/working-at-lmu/academic-careers/career-options/,parent of 7 other rows
1692,https://www.lmu.de/en/about-lmu/working-at-lmu/academic-careers/career-options/careers-in-academia/,parent of 3 other rows
1692,https://www.lmu.de/en/about-lmu/working-at-lmu/additional-services/dual-career-service/,parent of 2 other rows
1692,https://www.lmu.de/en/workspace-for-students/career-services/,parent of 30 other rows
1692,https://www.lmu.de/en/workspace-for-students/career-services/career-and-networking-events/,parent of 16 other rows
1692,https://www.lmu.de/en/workspace-for-students/career-services/career-and-networking-events/workshops-and-seminars/,parent of 7 other rows
1693,https://portal.mytum.de/navigation_new/20151003111014_11799/nullRedir?tree-exp=ebmF2aWdhdGlvbl9uZXcvMjAxNTEwMDMxMTEwMTRfMTE3OTk=,outside this school's posting path
1693,https://portal.mytum.de/navigation_new/20151003111014_11799/navToTarget?tree-exp=ebmF2aWdhdGlvbl9uZXcvMjAxNTEwMDMxMTEwMTRfMTE3OTk=,outside this school's posting path
1693,https://portal.mytum.de/jobs,parent of 9 other rows
1693,http://www.tum.de/die-tum/arbeiten-an-der-tum/stellenangebote/,outside this school's posting path
1698,https://www.uni-corvinus.hu/?page_id=98743&lang=en,site root
1698,https://www.uni-corvinus.hu/ind/career-opportunities-at-corvinus/career-in-academia/?lang=en,the careers link itself
1698,https://www.uni-corvinus.hu/ind/career-opportunities-at-corvinus/career-in-academia/other-academic-jobs/?lang=en,category page (/other-academic-jobs)
1698,https://www.uni-corvinus.hu/ind/career-opportunities-at-corvinus/career-in-academia/regional-centre-for-energy-policy-research/?lang=en,filter variant of a listing URL
169,https://jobs.du.edu/,site root
169,https://jobs.du.edu/en-us/subscribe/,action page (/subscribe)
169,https://jobs.du.edu/en-us/Search/?search=&search-keyword=&work-type=adjunct+faculty%2cfaculty+full-time&subscribe=true,section page (/Search)
169,https://jobs.du.edu/en-us/search/?search=&search-keyword=&work-type=adjunct+faculty%2cfaculty+full-time&job-mail-subscribe-privacy=agree&page=2&page-items=20,section page (/search)
169,https://www.du.edu/jobs/,section page (/jobs)
1700,https://careers.ceu.edu/,site root
1700,https://careers.ceu.edu/go/Academic-Career-Opportunities/9273755/,the careers link itself
1700,https://careers.ceu.edu/search/,section page (/search)
1700,https://careers.ceu.edu/go/Academic-Career-Opportunities/9273755/?q=&sortColumn=sort_title&sortDirection=desc#hdrTitleButton,filter variant of a listing URL
1700,https://careers.ceu.edu/go/Academic-Career-Opportunities/9273755/?q=&sortColumn=sort_location&sortDirection=desc#hdrLocationButton,filter variant of a listing URL
1700,https://careers.ceu.edu/go/Academic-Career-Opportunities/9273755/?q=&sortColumn=sort_department&sortDirection=desc#hdrDepartmentButton,filter variant of a listing URL
1700,https://careers.ceu.edu/go/Academic-Career-Opportunities/9273755/?q=&sortColumn=referencedate&sortDirection=asc#hdrDateButton,filter variant of a listing URL
1701,https://radningarkerfi.orri.is/?s=47540,site root
1701,https://radningarkerfi.orri.is/?s=47542,site root
1701,https://radningarkerfi.orri.is/?s=47631,site root
1701,https://www.facebook.com/share.php?u=https://english.hi.is/about-ui/working-ui/vacancies&title=Vacancies,action page (/share.php)
1701,https://twitter.com/intent/tweet?url=https://english.hi.is/about-ui/working-ui/vacancies&url=https://english.hi.is/about-ui/working-ui/vacancies&hashtags=Hashtag,outside this school's posting path
1701,https://english.hi.is/node/63,outside this school's posting path
1708,__NEEDS_SCRAPER_FIX__,"would drop 127 of 128 rows -- scraper is collecting listing pages, not postings"
1709,https://www.careerservice.polimi.it/,site root
1710,https://www.unimi.it/it/ateneo/lavora-con-noi/reclutamento-professori/contratti-di-insegnamento/codice-concorso-1996-aa-2026/2027-pubblicato-il-02/09/2026-scadenza-ore-1200-ora-italiana-del-18/09,outside this school's posting path
1715,https://www.uni.lu/en/about/work/explore-our-jobs/?fq_jobs-taxonomies-jobs-profile%5B%5D=researcher%7CResearcher%7CProfile,filter variant of a listing URL
1715,https://www.uni.lu/en/about/work/explore-our-jobs/,the careers link itself
1716,http://werkenbij.uva.nl/en/vacancies,section page (/vacancies)
1716,https://werkenbij.uva.nl/vacatures?o=10#vacancy-overview,filter variant of a listing URL
1716,https://werkenbij.uva.nl/vacatures?o=20#vacancy-overview,filter variant of a listing URL
1716,https://werkenbij.uva.nl/vacatures?n=20#vacancy-item-3635,filter variant of a listing URL
1717,https://werkenbij.vu.nl/vacatures?o=10#vacancy-overview,filter variant of a listing URL
1717,https://werkenbij.vu.nl/vacatures?o=20#vacancy-overview,filter variant of a listing URL
1717,https://werkenbij.vu.nl/vacatures?o=30#vacancy-overview,filter variant of a listing URL
1717,https://werkenbij.vu.nl/vacatures?o=40#vacancy-overview,filter variant of a listing URL
1717,https://werkenbij.vu.nl/vacatures?n=20#vacancy-item-4596,filter variant of a listing URL
1718,https://careers.tudelft.nl?locale=en_US,site root
1718,https://careers.tudelft.nl?locale=nl_NL,site root
1718,https://careers.tudelft.nl/go/All-jobs/9021002/,the careers link itself
1718,https://careers.tudelft.nl/go/All-jobs/9021002/?q=&sortColumn=referencedate&sortDirection=desc,filter variant of a listing URL
1718,https://careers.tudelft.nl/go/All-jobs/9021002/?q=&sortColumn=sort_title&sortDirection=desc#hdrTitleButton,filter variant of a listing URL
1718,https://careers.tudelft.nl/go/All-jobs/9021002/?q=&sortColumn=sort_facility&sortDirection=desc#hdrFacilityButton,filter variant of a listing URL
1718,https://careers.tudelft.nl/go/All-jobs/9021002/?q=&sortColumn=sort_department&sortDirection=desc#hdrDepartmentButton,filter variant of a listing URL
1718,https://careers.tudelft.nl/go/All-jobs/9021002/?q=&sortColumn=sort_shifttype&sortDirection=desc#hdrShifttypeButton,filter variant of a listing URL
1718,https://careers.tudelft.nl/go/All-jobs/9021002/?q=#reset,filter variant of a listing URL
1719,https://careers.universiteitleiden.nl?locale=en_US,site root
1719,https://careers.universiteitleiden.nl?locale=nl_NL,site root
1719,https://careers.universiteitleiden.nl/,site root
1720,https://vacancies.maastrichtuniversity.nl,site root
1720,https://vacancies.maastrichtuniversity.nl?locale=en_US,site root
1720,https://vacancies.maastrichtuniversity.nl?locale=nl_NL,site root
1720,https://vacancies.maastrichtuniversity.nl/?locale=nl_NL,site root
1721,https://www.eur.nl/en/working-at-eur/vacancies/overview,the careers link itself
1721,https://www.facebook.com/sharer/sharer.php?u=https://www.eur.nl/en/working-at-eur/vacancies/overview&utm_content=Vacancy overview&utm_campaign=social-share&utm_source=facebook&utm_medium=social,outside this school's posting path
1721,https://www.linkedin.com/shareArticle?mini=true&url=https://www.eur.nl/en/working-at-eur/vacancies/overview&title=Vacancy overview&utm_content=vacancy-overview&utm_campaign=social-share&utm_source=linkedin&utm_medium=social,outside this school's posting path
1721,https://twitter.com/intent/tweet?url=https://www.eur.nl/en/working-at-eur/vacancies/overview&utm_content=vacancy-overview&utm_campaign=social-share&utm_source=twitter&utm_medium=social,outside this school's posting path
1721,whatsapp://send?text=Vacancy overview https://www.eur.nl/en/working-at-eur/vacancies/overview,site root
1723,https://www.uu.nl/en/organisation/working-at-utrecht-university/jobs,the careers link itself
1723,https://www.uu.nl/en/organisation/jobs/contact,section page (/contact)
1724,https://jobseeker.jobbnorge.no/,site root
1724,https://www.jobbnorge.no/search/en?OrderBy=Published&Period=All#1,outside this school's posting path
1725,https://academicpositions.com/employer/bi-norwegian-business-school,the careers link itself
1725,https://academicpositions.com/employer/bi-norwegian-business-school?locale=en,filter variant of a listing URL
1725,https://academicpositions.com/employer/bi-norwegian-business-school?locale=sv,filter variant of a listing URL
1725,https://academicpositions.com/employer/bi-norwegian-business-school?locale=no,filter variant of a listing URL
1725,https://academicpositions.com/employer/bi-norwegian-business-school?locale=da,filter variant of a listing URL
1725,https://academicpositions.com/employer/bi-norwegian-business-school?locale=fi,filter variant of a listing URL
1725,https://academicpositions.com/employer/bi-norwegian-business-school?locale=de,filter variant of a listing URL
1725,https://academicpositions.com/employer/bi-norwegian-business-school?locale=fr,filter variant of a listing URL
1725,https://academicpositions.com/employer/bi-norwegian-business-school?locale=nl,filter variant of a listing URL
1725,https://academicpositions.com/employer/bi-norwegian-business-school?locale=it,filter variant of a listing URL
1725,https://academicpositions.com/employer/bi-norwegian-business-school?locale=es,filter variant of a listing URL
1725,https://academicpositions.com,site root
1725,https://recruit.academicpositions.com/?utm_source=academicpositions.com&utm_medium=referral&utm_campaign=ap-navbar,site root
1725,https://auth.academicpositions.com/login?r=https%3A%2F%2Facademicpositions.com%2Femployer%2Fbi-norwegian-business-school&locale=en,action page (/login)
1725,https://auth.academicpositions.com/login,action page (/login)
1725,https://academicpositions.com/browse,section page (/browse)
1725,https://www.linkedin.com/company/academic-positions,category page (/academic-positions)
1726,https://www.uio.no/english/about/vacancies/,parent of 16 other rows
1726,https://www.uio.no/english/about/vacancies/academic/,the careers link itself
1726,http://www.odont.uio.no/english/about/vacancies/,parent of 16 other rows
1726,http://www.khm.uio.no/english/about/vacancies/,parent of 16 other rows
1726,http://www.sum.uio.no/english/about/vacancies/,parent of 16 other rows
1726,http://www.usit.uio.no/english/about/job/,section page (/job)
1727,https://www.ntnu.edu/vacancies,the careers link itself
1727,https://www.ntnu.edu/career,section page (/career)
1732,https://www.novasbe.unl.pt/en/programs/masters/economics/careers?_gl=1*1dkl70r*_up*MQ..*_ga*MTQ3NjQyMTUwOC4xNzg4Mjg5Nzc1*_ga_NRJH2682FN*czE3ODgyODk3NzMkbzEkZzAkdDE3ODgyODk3NzMkajYwJGwwJGg3NTg5MTkxNDk.,section page (/careers)
1732,https://www.novasbe.unl.pt/en/programs/masters/finance/careers?_gl=1*1dkl70r*_up*MQ..*_ga*MTQ3NjQyMTUwOC4xNzg4Mjg5Nzc1*_ga_NRJH2682FN*czE3ODgyODk3NzMkbzEkZzAkdDE3ODgyODk3NzMkajYwJGwwJGg3NTg5MTkxNDk.,section page (/careers)
1732,https://www.novasbe.unl.pt/en/programs/masters/business-analytics/careers?_gl=1*1dkl70r*_up*MQ..*_ga*MTQ3NjQyMTUwOC4xNzg4Mjg5Nzc1*_ga_NRJH2682FN*czE3ODgyODk3NzMkbzEkZzAkdDE3ODgyODk3NzMkajYwJGwwJGg3NTg5MTkxNDk.,section page (/careers)
1732,https://www.novasbe.unl.pt/en/programs/masters/impact-entrepreneurship-innovation/careers?_gl=1*1dkl70r*_up*MQ..*_ga*MTQ3NjQyMTUwOC4xNzg4Mjg5Nzc1*_ga_NRJH2682FN*czE3ODgyODk3NzMkbzEkZzAkdDE3ODgyODk3NzMkajYwJGwwJGg3NTg5MTkxNDk.,section page (/careers)
1732,https://www.novasbe.unl.pt/en/programs/masters/international-development-public-policy/careers?_gl=1*1dkl70r*_up*MQ..*_ga*MTQ3NjQyMTUwOC4xNzg4Mjg5Nzc1*_ga_NRJH2682FN*czE3ODgyODk3NzMkbzEkZzAkdDE3ODgyODk3NzMkajYwJGwwJGg3NTg5MTkxNDk.,section page (/careers)
1732,https://www.novasbe.unl.pt/en/programs/masters/international-masters-in-finance/careers?_gl=1*1dkl70r*_up*MQ..*_ga*MTQ3NjQyMTUwOC4xNzg4Mjg5Nzc1*_ga_NRJH2682FN*czE3ODgyODk3NzMkbzEkZzAkdDE3ODgyODk3NzMkajYwJGwwJGg3NTg5MTkxNDk.,section page (/careers)
1732,https://www.novasbe.unl.pt/en/programs/masters/international-masters-in-management/careers?_gl=1*1dkl70r*_up*MQ..*_ga*MTQ3NjQyMTUwOC4xNzg4Mjg5Nzc1*_ga_NRJH2682FN*czE3ODgyODk3NzMkbzEkZzAkdDE3ODgyODk3NzMkajYwJGwwJGg3NTg5MTkxNDk.,section page (/careers)
1732,https://www.novasbe.unl.pt/en/programs/masters/management/careers?_gl=1*1dkl70r*_up*MQ..*_ga*MTQ3NjQyMTUwOC4xNzg4Mjg5Nzc1*_ga_NRJH2682FN*czE3ODgyODk3NzMkbzEkZzAkdDE3ODgyODk3NzMkajYwJGwwJGg3NTg5MTkxNDk.,section page (/careers)
1732,https://www.novasbe.unl.pt/en/programs/masters/cems-mim/careers?_gl=1*1dkl70r*_up*MQ..*_ga*MTQ3NjQyMTUwOC4xNzg4Mjg5Nzc1*_ga_NRJH2682FN*czE3ODgyODk3NzMkbzEkZzAkdDE3ODgyODk3NzMkajYwJGwwJGg3NTg5MTkxNDk.,section page (/careers)
1732,https://www.novasbe.unl.pt/en/programs/masters/law-management/careers?_gl=1*1dkl70r*_up*MQ..*_ga*MTQ3NjQyMTUwOC4xNzg4Mjg5Nzc1*_ga_NRJH2682FN*czE3ODgyODk3NzMkbzEkZzAkdDE3ODgyODk3NzMkajYwJGwwJGg3NTg5MTkxNDk.,section page (/careers)
1739,https://esadefaculty.teamtailor.com/jobs,the careers link itself
1739,https://www.teamtailor.com/?utm_campaign=poweredby&utm_content=esadefaculty.teamtailor.com&utm_medium=referral&utm_source=career-site,site root
1740,https://jobs.iese.edu/connect/login,action page (/login)
1740,https://jobs.iese.edu/,site root
1740,https://jobs.iese.edu/jobs,parent of 5 other rows
1740,https://www.teamtailor.com/?utm_campaign=poweredby&utm_content=jobs.iese.edu&utm_medium=referral&utm_source=career-site,site root
1741,https://www.upc.edu/en/the-upc/the-institution/jobs-at-the-upc,the careers link itself
1741,https://bsky.app/intent/compose?text=Jobs at the UPC%20https://www.upc.edu/en/the-upc/the-institution/jobs-at-the-upc,outside this school's posting path
1741,https://t.me/share/url?url=https://www.upc.edu/en/the-upc/the-institution/jobs-at-the-upc%20text=Jobs at the UPC,outside this school's posting path
1741,https://borsa.alumni.upc.edu/,site root
1745,https://www.uam.es/uam/investigacion/ofertas-empleo,outside this school's posting path
1745,https://www.uam.es/uam/en/investigacion/ofertas-empleo,the careers link itself
1746,https://www.ucm.es/empleo-ucm,the careers link itself
1747,https://www.chalmers.se/en/about-chalmers/work-with-us/assistant-professor-positions/,the careers link itself
1748,https://www.lunduniversity.lu.se/vacancies,the careers link itself
1748,https://www.lunduniversity.lu.se/about-university/work-us/career-paths-lund-university,parent of 4 other rows
1749,https://app.kth.se/kpm/auth/login?nextUrl=https://www.kth.se/lediga-jobb?l=en,action page (/login)
1749,https://www.kth.se/lediga-jobb/rss/,section page (/rss)
1750,https://jobs.hhs.se/job-vacancies,the careers link itself
1750,https://www.grade.com/rekrytering/,outside this school's posting path
1752,https://www.unige.ch/dirh/postes-vacants,outside this school's posting path
1752,https://jobs.unige.ch,site root
1752,https://jobs.unige.ch/www/wd_portal.search_results?p_web_site_id=1&p_category_id=1&p_suppress_params_on_error=N&p_show_results=Y&p_form_type=CHECKBOX&p1=51&p1_val=Any&p2=46&p2_val=50&p_text=&p_save_search=N,filter variant of a listing URL
1752,https://jobs.unige.ch/www/wd_portal.search_results?p_web_site_id=1&p_category_id=1&p_suppress_params_on_error=N&p_show_results=Y&p_form_type=CHECKBOX&p1=51&p1_val=Any&p2=46&p2_val=51&p_text=&p_save_search=N,filter variant of a listing URL
1752,https://www.unige.ch/dirh/emplois/Placesdapprentissage,outside this school's posting path
1752,https://vie-de-campus.unige.ch/carriere,outside this school's posting path
1752,https://jobs.unige.ch/www/wd_portal.show_job?p_web_site_id=1&p_web_page_id=75591,filter variant of a listing URL
1752,https://jobs.unige.ch/www/wd_portal.show_job?p_web_site_id=1&p_web_page_id=75568,filter variant of a listing URL
1752,https://jobs.unige.ch/www/wd_portal.show_job?p_web_site_id=1&p_web_page_id=75408,filter variant of a listing URL
1752,https://jobs.unige.ch/www/wd_portal.show_job?p_web_site_id=1&p_web_page_id=75549,filter variant of a listing URL
1752,https://jobs.unige.ch/www/wd_portal.show_job?p_web_site_id=1&p_web_page_id=75010,filter variant of a listing URL
1752,https://jobs.unige.ch/www/wd_portal.show_job?p_web_site_id=1&p_web_page_id=75289,filter variant of a listing URL
1752,https://jobs.unige.ch/www/wd_portal.show_job?p_web_site_id=1&p_web_page_id=75128,filter variant of a listing URL
1752,https://jobs.unige.ch/www/wd_portal.show_job?p_web_site_id=1&p_web_page_id=75070,filter variant of a listing URL
1752,https://jobs.unige.ch/www/wd_portal.show_job?p_web_site_id=1&p_web_page_id=75153,filter variant of a listing URL
1752,https://jobs.unige.ch/www/wd_portal.show_job?p_web_site_id=1&p_web_page_id=74789,filter variant of a listing URL
1753,https://www-epfl-ch.translate.goog/about/working/working-at-epfl/job-openings/?_x_tr_sl=en&_x_tr_tl=de&_x_tr_hl=en&_x_tr_pto=wapp,parent of 2 other rows
1753,https://www-epfl-ch.translate.goog/about/working/working-at-epfl/job-openings/?_x_tr_sl=en&_x_tr_tl=it&_x_tr_hl=en&_x_tr_pto=wapp,parent of 2 other rows
1753,https://www.epfl.ch/about/working/working-at-epfl/job-openings/,the careers link itself
1753,https://jobs.ethz.ch/site/index,section page (/index)
1753,http://www.ethrat.ch/en/jobs,section page (/jobs)
1753,https://myjob.epfl.ch/,site root
1755,https://www.unisg.ch/de/universitaet/arbeiten-an-der-hsg/jobs/,section page (/jobs)
1755,https://www.unisg.ch/en/university/working-at-hsg/jobs/,the careers link itself
1755,https://www.unisg.ch/en/research/faculty/open-faculty-positions/,category page (/open-faculty-positions)
1755,https://hsgcareer.ch/,site root
1757,https://uzhcareer.ch/de/jobhub/fuer-studierende/,outside this school's posting path
1757,https://uzhcareer.ch/de/jobhub/fuer-arbeitgeber/,outside this school's posting path
1757,https://uzhcareer.ch/de/jobs/,the careers link itself
1757,https://uzhcareer.ch/en/jobs/,section page (/jobs)
1757,https://www.careerservices.uzh.ch/de/about-top/team.html,outside this school's posting path
1757,https://www.facebook.com/uzh.careerservices,outside this school's posting path
1757,https://www.instagram.com/uzhcareerservices/,outside this school's posting path
1757,https://www.linkedin.com/showcase/uzh-career-services,outside this school's posting path
1761,https://hr.ku.edu.tr/en/career-opportunuties/,outside this school's posting path
1761,https://www.ku.edu.tr/en/academic-jobs/,category page (/academic-jobs)
1762,https://www.sabanciuniv.edu/en/academic-positions,the careers link itself
1764,https://www.bristol.ac.uk/jobs/,parent of 10 other rows
1764,https://redeployment.services.bristol.ac.uk/,site root
1764,https://www.bristol.ac.uk/feedback/?/jobs/find/,outside this school's posting path
1764,https://www.bristol.ac.uk/jobs/find/,the careers link itself
1765,https://www.jobs.cam.ac.uk/,site root
1765,https://www.cam.ac.uk/jobs,parent of 244 other rows
1765,https://www.cam.ac.uk/jobs/why-cambridge/pay-and-reward-and-employee-benefits,outside this school's posting path
1765,https://www.cam.ac.uk/jobs/how-to-apply,parent of 4 other rows
1765,https://www.cam.ac.uk/jobs/how-to-apply/contact-us,section page (/contact-us)
1765,https://www.cam.ac.uk/jobs/browse-our-vacancies,parent of 3 other rows
1765,https://www.cam.ac.uk/jobs/term/academic,outside this school's posting path
1765,https://www.cam.ac.uk/jobs/browse-our-vacancies/academic-vacancies/working-as-an-academic-at-cambridge,outside this school's posting path
1765,https://www.cam.ac.uk/jobs/term/professional-services,outside this school's posting path
1765,https://www.cam.ac.uk/jobs/browse-our-vacancies/professional-services-vacancies/working-in-professional-services-roles-in-cambridge,outside this school's posting path
1765,https://www.cam.ac.uk/jobs/term/research,outside this school's posting path
1765,https://www.cam.ac.uk/jobs/term/studentships,outside this school's posting path
1765,https://www.cam.ac.uk/jobs/search,the careers link itself
1765,https://www.jobs.cam.ac.uk/college/,outside this school's posting path
1765,https://www.cam.ac.uk/jobs/life-in-cambridge,parent of 2 other rows
1765,https://www.cam.ac.uk/jobs/relocating-to-cambridge,parent of 3 other rows
1765,https://www.cam.ac.uk/jobs/term/cancer-research-uk-cambridge-institute,outside this school's posting path
1765,https://www.cam.ac.uk/jobs/term/department-of-oncology,outside this school's posting path
1765,https://www.cam.ac.uk/jobs/term/hrh-prince-alwaleed-bin-talal-centre-of-islamic-studies,outside this school's posting path
1765,https://www.cam.ac.uk/jobs/term/department-of-medicine,outside this school's posting path
1765,https://www.cam.ac.uk/jobs/term/university-of-cambridge-institute-of-professional-and-continuing-education,outside this school's posting path
1765,https://www.cam.ac.uk/jobs/term/department-of-pharmacology,outside this school's posting path
1765,https://www.cam.ac.uk/jobs/term/education-%26amp%3B-student-outcomes,outside this school's posting path
1765,https://www.cam.ac.uk/jobs/term/hamilton-kerr-institute,outside this school's posting path
1765,https://www.cam.ac.uk/jobs/term/yusuf-hamied-department-of-chemistry,outside this school's posting path
1765,https://www.cam.ac.uk/jobs/term/judge-business-school,outside this school's posting path
1765,https://www.cam.ac.uk/jobs/term/university-of-cambridge-development-and-alumni-relations,outside this school's posting path
1765,https://www.cam.ac.uk/jobs/term/department-of-clinical-neurosciences,outside this school's posting path
1765,https://www.cam.ac.uk/jobs/term/cambridge-stem-cell-institute-%28sbs%29,outside this school's posting path
1765,https://www.cam.ac.uk/jobs/term/department-of-public-health-and-primary-care%2C-the-primary-care-unit,outside this school's posting path
1765,https://www.cam.ac.uk/jobs/term/cambridge-research-office,outside this school's posting path
1765,https://www.cam.ac.uk/jobs/term/careers-service,outside this school's posting path
1765,https://www.cam.ac.uk/jobs/term/estates-division-%28business-services%29,outside this school's posting path
1765,https://www.cam.ac.uk/jobs/term/botanic-garden,outside this school's posting path
1765,https://www.cam.ac.uk/jobs/term/department-of-politics-and-international-studies,outside this school's posting path
1765,https://www.cam.ac.uk/jobs/term/finance-division,outside this school's posting path
1765,https://www.cam.ac.uk/jobs/term/fitzwilliam-museum,outside this school's posting path
1765,https://www.cam.ac.uk/jobs/term/department-of-clinical-biochemistry,outside this school's posting path
1765,https://www.cam.ac.uk/jobs/term/student-support,outside this school's posting path
1765,https://www.cam.ac.uk/jobs/term/department-of-materials-science-and-metallurgy,outside this school's posting path
1765,https://www.cam.ac.uk/jobs/term/department-of-physics,outside this school's posting path
1765,https://www.cam.ac.uk/jobs/term/university-sports-service,outside this school's posting path
1765,https://www.cam.ac.uk/jobs/term/office-of-the-school-of-the-physical-sciences,outside this school's posting path
1765,https://www.cam.ac.uk/jobs/term/estates-division,outside this school's posting path
1765,https://www.cam.ac.uk/jobs/term/office-of-the-school-of-clinical-medicine,outside this school's posting path
1765,https://www.cam.ac.uk/jobs/term/department-of-veterinary-medicine,outside this school's posting path
1765,https://www.cam.ac.uk/jobs/term/human-resources-division,outside this school's posting path
1765,https://www.cam.ac.uk/jobs/term/department-of-computer-science-and-technology,outside this school's posting path
1765,https://www.cam.ac.uk/jobs/term/cross-school-initiative-hub,outside this school's posting path
1765,https://www.cam.ac.uk/jobs/term/school-of-technology-libraries,outside this school's posting path
1765,https://www.cam.ac.uk/jobs/term/university-library,outside this school's posting path
1765,https://www.cam.ac.uk/jobs/term/student-administration,outside this school's posting path
1765,https://www.cam.ac.uk/jobs/term/department-of-radiology,outside this school's posting path
1765,https://www.cam.ac.uk/jobs/term/mrc-biostatistics-unit,outside this school's posting path
1765,https://www.cam.ac.uk/jobs/term/department-of-physiology%2C-development-and-neuroscience,outside this school's posting path
1765,https://www.cam.ac.uk/jobs/term/occupational-health-and-safety-service,outside this school's posting path
1765,https://www.cam.ac.uk/jobs/term/cambridge-institute-for-technology-and-humanity,outside this school's posting path
1765,https://www.cam.ac.uk/jobs/term/centre-for-music-performance,outside this school's posting path
1765,https://www.cam.ac.uk/jobs/term/clinical-biochemistry-%28institute-of-metabolic-science-epidemiology%29,outside this school's posting path
1765,https://www.cam.ac.uk/jobs/term/mcdonald-institute-for-archaeological-research,outside this school's posting path
1765,https://www.cam.ac.uk/jobs/term/department-of-psychiatry,outside this school's posting path
1765,https://www.cam.ac.uk/jobs/term/department-of-pathology,outside this school's posting path
1765,https://www.cam.ac.uk/jobs/term/department-of-zoology,outside this school's posting path
1765,https://www.cam.ac.uk/jobs/term/department-of-geography,outside this school's posting path
1765,https://www.cam.ac.uk/jobs/term/department-of-earth-sciences,outside this school's posting path
1765,https://www.cam.ac.uk/jobs/term/mrc-cognition-and-brain-sciences-unit,outside this school's posting path
1765,https://www.cam.ac.uk/jobs/term/department-of-plant-sciences,outside this school's posting path
1765,https://www.cam.ac.uk/jobs/term/mrc-mitochondrial-biology-unit,outside this school's posting path
1765,https://www.cam.ac.uk/jobs/term/department-of-psychology,outside this school's posting path
1765,https://www.cam.ac.uk/jobs/term/centre-for-research-in-arts%2C-social-sciences-and-humanities,outside this school's posting path
1765,https://www.cam.ac.uk/jobs/term/mrc-toxicology-unit,outside this school's posting path
1765,https://www.cam.ac.uk/jobs/term/department-of-public-health-and-primary-care%2C-this-institute,outside this school's posting path
1765,https://www.cam.ac.uk/jobs/term/estates-division-%28facilities%29,outside this school's posting path
1765,https://www.cam.ac.uk/jobs/term/department-of-theoretical-and-applied-linguistics,outside this school's posting path
1765,https://www.cam.ac.uk/jobs/term/department-of-german-and-dutch,outside this school's posting path
1765,https://www.jobs.cam.ac.uk/?ucam-ref=global-footer,site root
1766,https://warwick-careers.tal.net/vx/lang-en-GB/mobile-0/appcentre-1/brand-4/user-11595/xf-0a29ed012b2b/candidate/login,action page (/login)
1766,https://warwick-careers.tal.net/vx/lang-en-GB/mobile-0/appcentre-1/brand-4/user-11595/xf-0a29ed012b2b/candidate/register,action page (/register)
1766,https://warwick-careers.tal.net/vx/lang-en-GB/mobile-0/appcentre-1/brand-4/user-11595/xf-0a29ed012b2b/candidate,parent of 35 other rows
1766,https://warwick-careers.tal.net/vx/lang-en-GB/mobile-0/appcentre-1/brand-4/user-11595/xf-0a29ed012b2b/candidate/faq/home,section page (/home)
1766,https://warwick-careers.tal.net/vx/mobile-0/appcentre-1/brand-4/candidate/jobboard/vacancy/3/feed,section page (/feed)
1767,https://www.jobs.ac.uk/,site root
1767,https://account.jobs.ac.uk/user/login,action page (/login)
1767,https://career-advice.jobs.ac.uk,site root
1767,https://account.jobs.ac.uk/,site root
1767,https://account.jobs.ac.uk/auth/login,action page (/login)
1767,https://account.jobs.ac.uk/auth/login/#register,action page (/login)
1767,https://www.jobs.ac.uk/about/,section page (/about)
1767,https://www.jobs.ac.uk/about/contact/,section page (/contact)
1768,https://www.jobs.gla.ac.uk/?source=google.com,site root
1768,https://www.jobs.gla.ac.uk/jobs?source=google.com,the careers link itself
1768,https://www.jobs.gla.ac.uk/about-us?source=google.com,section page (/about-us)
1768,https://www.jobs.gla.ac.uk/contact?source=google.com,section page (/contact)
1768,https://www.jobs.gla.ac.uk/users/login?source=google.com,action page (/login)
1768,https://www.jobs.gla.ac.uk/job/clinical-fellow-6008305/apply?source=google.com,action page (/apply)
1768,https://www.jobs.gla.ac.uk/job/clinician-in-small-animal-cardiology-5999138/apply?source=google.com,action page (/apply)
1768,https://www.jobs.gla.ac.uk/job/research-associate-advanced-quantitative-social-sciences-5975544/apply?source=google.com,action page (/apply)
1768,https://www.jobs.gla.ac.uk/job/research-associate-5992824/apply?source=google.com,action page (/apply)
1768,https://www.jobs.gla.ac.uk/job/technician-5942685/apply?source=google.com,action page (/apply)
1768,https://www.jobs.gla.ac.uk/job/barista-6013276/apply?source=google.com,action page (/apply)
1768,https://www.jobs.gla.ac.uk/job/support-administrator-6011573/apply?source=google.com,action page (/apply)
1768,https://www.jobs.gla.ac.uk/job/clinician-in-anaesthesia-6010686/apply?source=google.com,action page (/apply)
1768,https://www.jobs.gla.ac.uk/job/student-ambassador-6010576/apply?source=google.com,action page (/apply)
1768,https://www.jobs.gla.ac.uk/job/research-assistant-6010464/apply?source=google.com,action page (/apply)
1768,https://www.jobs.gla.ac.uk/job/research-associate-6008480/apply?source=google.com,action page (/apply)
1768,https://www.jobs.gla.ac.uk/job/test-analyst-6007984/apply?source=google.com,action page (/apply)
1768,https://www.jobs.gla.ac.uk/job/assistant-demonstrator-school-of-computing-science-6007597/apply?source=google.com,action page (/apply)
1768,https://www.jobs.gla.ac.uk/job/timetabling-assistant-5989791/apply?source=google.com,action page (/apply)
1768,https://www.jobs.gla.ac.uk/job/examinations-invigilator-6006626/apply?source=google.com,action page (/apply)
1768,https://www.jobs.gla.ac.uk/job/senior-invigilator-6006574/apply?source=google.com,action page (/apply)
1768,https://www.jobs.gla.ac.uk/job/demonstrator-school-of-infection-and-immunity-6005312/apply?source=google.com,action page (/apply)
1768,https://www.jobs.gla.ac.uk/job/graduate-teaching-assistant-mvls-college-services-6005306/apply?source=google.com,action page (/apply)
1768,https://www.jobs.gla.ac.uk/job/demonstrator-mvls-college-services-6005294/apply?source=google.com,action page (/apply)
1768,https://www.jobs.gla.ac.uk/job/research-assistant-slash-associate-6004599/apply?source=google.com,action page (/apply)
1768,https://www.jobs.gla.ac.uk/jobs?page=2&source=google.com,parent of 48 other rows
1768,https://www.jobs.gla.ac.uk/jobs?page=3&source=google.com,parent of 48 other rows
1768,https://www.jobs.gla.ac.uk/en/users/login?source=google.com,action page (/login)
1769,https://jobs.leeds.ac.uk/,site root
1769,https://jobs.leeds.ac.uk/Org/Faq/,section page (/Faq)
1769,https://jobs.leeds.ac.uk/contactus,section page (/contactus)
1769,https://jobs.leeds.ac.uk/vacancy.aspx?ref=BUSAT1011-R,filter variant of a listing URL
1769,https://jobs.leeds.ac.uk/vacancy.aspx?ref=MHHEA1281,filter variant of a listing URL
1769,https://jobs.leeds.ac.uk/vacancy.aspx?ref=MHLDA1058,filter variant of a listing URL
1770,https://www.imperial.ac.uk/jobs/,parent of 36 other rows
1770,https://www.imperial.ac.uk/jobs/about/,parent of 2 other rows
1770,https://www.imperial.ac.uk/jobs/about/benefits/,section page (/benefits)
1770,https://www.imperial.ac.uk/jobs/career-programmes/,parent of 29 other rows
1770,https://www.imperial.ac.uk/jobs/career-programmes/apprenticeships/,parent of 5 other rows
1770,https://www.imperial.ac.uk/jobs/career-programmes/finance-graduate-scheme-/,parent of 20 other rows
1770,https://www.imperial.ac.uk/jobs/career-programmes/finance-graduate-scheme-/finance/,parent of 19 other rows
1770,https://www.imperial.ac.uk/jobs/career-programmes/finance-graduate-scheme-/finance/about/,section page (/about)
1770,https://www.imperial.ac.uk/jobs/career-programmes/finance-graduate-scheme-/finance/apply/,action page (/apply)
1770,https://www.imperial.ac.uk/jobs/career-programmes/finance-graduate-scheme-/finance/example-placements/,parent of 3 other rows
1770,https://www.imperial.ac.uk/jobs/career-programmes/finance-graduate-scheme-/finance/trainee-profiles/,parent of 8 other rows
1771,https://www.kcl.ac.uk/careers,section page (/careers)
1771,https://www.kcl.ac.uk/jobs,parent of 15 other rows
1771,https://www.kcl.ac.uk/jobs/about,section page (/about)
1772,https://jobsearch.london.edu/,site root
1772,https://jobsearch.london.edu/jobs,parent of 5 other rows
1772,https://jobsearch.london.edu/connect/login,action page (/login)
1772,https://www.teamtailor.com/?utm_campaign=poweredby&utm_content=jobsearch.london.edu&utm_medium=referral&utm_source=career-site,site root
1773,https://jobs.lse.ac.uk/V2/UserControls/ContactUs,section page (/ContactUs)
1773,https://jobs.lse.ac.uk/V2/UserControls/FAQ,section page (/FAQ)
1775,https://www.jobs.manchester.ac.uk/TermAndCondition,outside this school's posting path
1775,https://www.jobs.manchester.ac.uk/,site root
1775,http://www.manchester.ac.uk/connect/jobs/,section page (/jobs)
1775,https://www.jobs.manchester.ac.uk/Home/Job,the careers link itself
1775,https://www.jobs.manchester.ac.uk/Account/RegisterStep1,outside this school's posting path
1775,https://www.manchester.ac.uk/connect/jobs/web-accessibility/,outside this school's posting path
1777,https://www.vacancies.st-andrews.ac.uk/V2/UserControls/ContactUs,section page (/ContactUs)
1777,https://www.vacancies.st-andrews.ac.uk/V2/UserControls/About,section page (/About)
1777,https://www.vacancies.st-andrews.ac.uk/V2/UserControls/FAQ,section page (/FAQ)
1779,https://uctalent.canberra.edu.au/cw/en/listing.html,the careers link itself
1779,https://uctalent.canberra.edu.au/cw/en/subscribe/,action page (/subscribe)
1780,https://www.une.edu.au/jobs-at-une,parent of 3 other rows
1780,https://www.une.edu.au/jobs-at-une/current,the careers link itself
1781,https://www.csu.edu.au/jobs/,parent of 9 other rows
1781,https://www.csu.edu.au/jobs,parent of 9 other rows
1781,https://www.csu.edu.au/jobs/home,section page (/home)
1781,http://external-jobs.csu.edu.au/cw/en/listing/,section page (/listing)
1781,https://www.csu.edu.au/jobs/benefits,section page (/benefits)
1781,https://www.csu.edu.au/jobs/contact-us,section page (/contact-us)
1781,https://www.csu.edu.au/jobs/vacancies,section page (/vacancies)
1781,https://external-jobs.csu.edu.au/cw/en/listing,the careers link itself
1782,https://www.avondale.edu.au/jobs/,the careers link itself
1784,https://www.newcastle.edu.au/our-uni/jobs,parent of 5 other rows
1784,https://www.newcastle.edu.au/our-uni/jobs/job-vacancies,parent of 2 other rows
1787,https://employmenthero.com/jobs/,parent of 11 other rows
1787,https://employmenthero.com/jobs/organisations/excelsia-university-college/,the careers link itself
1787,https://employmenthero.com/careers/,section page (/careers)
1799,https://bond.edu.au/our-university/careers-at-bond,parent of 3 other rows
1799,https://bond.edu.au/our-university/careers-at-bond/jobs-at-bond,the careers link itself
1800,https://www.cqu.edu.au/jobs,section page (/jobs)
1800,https://careers.cqu.edu.au/,site root
1800,https://careers.cqu.edu.au/search/?locale=en_GB,section page (/search)
1800,https://career10.successfactors.com/career?career_company=centralque&lang=en_GB&company=centralque&site=&loginFlowRequired=true,section page (/career)
1801,https://www.usc.edu.au/about/careers-at-unisc,outside this school's posting path
1801,https://careers.usc.edu.au/jobs/search,the careers link itself
1801,https://careers.usc.edu.au/jobs/search/academic-jobs,category page (/academic-jobs)
1801,https://careers.usc.edu.au/jobs/search/professional-jobs,category page (/professional-jobs)
1801,https://careers.usc.edu.au/jobs/search?page=1,parent of 4 other rows
1801,https://careers.usc.edu.au/jobs/search?page=2,parent of 4 other rows
1801,https://careers.usc.edu.au/collection-notice,outside this school's posting path
1803,https://careers.jcu.edu.au/jobs/search,the careers link itself
1804,https://www.aib.edu.au/about-us/positions-available/,the careers link itself
1807,https://www.adelaide.edu.au/jobs,parent of 11 other rows
1807,https://www.adelaide.edu.au/jobs/,parent of 11 other rows
1807,https://www.adelaide.edu.au/jobs/jobs-at-adelaide/,parent of 3 other rows
1807,http://careers.adelaide.edu.au/cw/en/listing/,section page (/listing)
1807,https://www.adelaide.edu.au/jobs/benefits/,section page (/benefits)
1807,https://careers.adelaide.edu.au/en/listing/,section page (/listing)
1807,https://careers.pageuppeople.com/612/cw/en/subscribe,action page (/subscribe)
1808,https://jobs.adelaide.edu.au/jobs/search/,the careers link itself
1809,https://careers.utas.edu.au/en/listing/,the careers link itself
1811,https://www.deakin.edu.au/about-deakin/work-at-deakin/careers,section page (/careers)
1811,http://careers.pageuppeople.com/949/cw/en/subscribe,action page (/subscribe)
1811,https://careers.pageuppeople.com/949/cw/en/listing/,the careers link itself
1811,https://www.deakin.edu.au/about-deakin/work-at-deakin,parent of 2 other rows
1812,https://www.latrobe.edu.au/jobs,parent of 3 other rows
1812,https://careers.pageuppeople.com/533/caw/en/listing/,section page (/listing)
1812,https://jobs.latrobe.edu.au/en/listing/,the careers link itself
1812,https://www.latrobe.edu.au/students/careers,section page (/careers)
1813,https://www.monash.edu/jobs,parent of 18 other rows
1813,https://www.monash.edu/jobs/why-work-at-monash,parent of 3 other rows
1813,https://www.monash.edu/jobs/why-work-at-monash/benefits,section page (/benefits)
1813,https://www.monash.edu/jobs/how-to-apply,parent of 8 other rows
1813,https://www.monash.edu/jobs/contact-us,section page (/contact-us)
1813,https://careers.pageuppeople.com/513/cw/en/subscribe,action page (/subscribe)
1813,https://careers.pageuppeople.com/513/cw/en/listing,the careers link itself
1813,https://careers.pageuppeople.com/513/cw/en/listing/?page=2&page-items=20,section page (/listing)
1813,https://www.monash.edu/careers,section page (/careers)
1818,https://www.notredame.edu.au/about-us/jobs-at-unda,parent of 16 other rows
1818,https://www.notredame.edu.au/about-us/jobs-at-unda/employment-opportunities,parent of 14 other rows
1818,https://search.nd.edu.au/s/search.html?f.Employment+Type%7CjobType=full-time&profile=jobs&collection=und%7Esp-jobs,filter variant of a listing URL
1818,https://search.nd.edu.au/s/search.html?f.Employment+Type%7CjobType=general+casual&profile=jobs&collection=und%7Esp-jobs,filter variant of a listing URL
1818,https://search.nd.edu.au/s/search.html?f.Employment+Type%7CjobType=sessional&profile=jobs&collection=und%7Esp-jobs,filter variant of a listing URL
1818,https://search.nd.edu.au/s/search.html?f.Categories%7Ccategory=education+%26+training&profile=jobs&collection=und%7Esp-jobs,filter variant of a listing URL
1818,https://search.nd.edu.au/s/search.html?f.Categories%7Ccategory=casual%2F+sessional&profile=jobs&collection=und%7Esp-jobs,filter variant of a listing URL
1818,https://search.nd.edu.au/s/search.html?f.Categories%7Ccategory=administrative&profile=jobs&collection=und%7Esp-jobs,filter variant of a listing URL
1818,https://search.nd.edu.au/s/search.html?f.Categories%7Ccategory=nursing+%26+midwifery&profile=jobs&collection=und%7Esp-jobs,filter variant of a listing URL
1818,https://search.nd.edu.au/s/search.html?f.Categories%7Ccategory=eoi&profile=jobs&collection=und%7Esp-jobs,filter variant of a listing URL
1818,https://search.nd.edu.au/s/search.html?f.Department%7Cdepartment=admissions&profile=jobs&collection=und%7Esp-jobs,filter variant of a listing URL
1818,https://search.nd.edu.au/s/search.html?f.Department%7Cdepartment=innovation+%26+design&profile=jobs&collection=und%7Esp-jobs,filter variant of a listing URL
1818,https://search.nd.edu.au/s/search.html?f.Department%7Cdepartment=school+of+arts+%26+sciences&profile=jobs&collection=und%7Esp-jobs,filter variant of a listing URL
1818,https://search.nd.edu.au/s/search.html?f.Department%7Cdepartment=school+of+health+sciences&profile=jobs&collection=und%7Esp-jobs,filter variant of a listing URL
1818,https://search.nd.edu.au/s/search.html?f.Department%7Cdepartment=school+of+medicine&profile=jobs&collection=und%7Esp-jobs,filter variant of a listing URL
1818,https://search.nd.edu.au/s/search.html?f.Department%7Cdepartment=school+of+nursing+%26+midwifery&profile=jobs&collection=und%7Esp-jobs,filter variant of a listing URL
1818,https://search.nd.edu.au/s/search.html?f.Department%7Cdepartment=vocational+education+%26+training&profile=jobs&collection=und%7Esp-jobs,filter variant of a listing URL
1818,https://search.nd.edu.au/s/search.html?profile=jobs&collection=und%7Esp-jobs&f.Locations%7ClocationCity=australia,filter variant of a listing URL
1818,https://search.nd.edu.au/s/search.html?profile=jobs&collection=und%7Esp-jobs&f.Locations%7ClocationCity=broome,filter variant of a listing URL
1818,https://search.nd.edu.au/s/search.html?profile=jobs&collection=und%7Esp-jobs&f.Locations%7ClocationCity=fremantle,filter variant of a listing URL
1818,https://search.nd.edu.au/s/search.html?profile=jobs&collection=und%7Esp-jobs&f.Locations%7ClocationCity=sydney,filter variant of a listing URL
1818,https://search.nd.edu.au/s/search.html?collection=und~sp-jobs&profile=jobs&start_rank=1,filter variant of a listing URL
1818,https://jobs.jobvite.com/notredame/apply,action page (/apply)
1818,https://app.jobvite.com/,site root
1819,https://staff.curtin.edu.au/job-vacancies/,the careers link itself
1819,https://jobadder.com,site root
1823,https://www.aut.ac.nz/about/careers-at-aut,outside this school's posting path
1823,https://careers.aut.ac.nz/jobs?isSignedIn=candidate&tracker=701914567,section page (/jobs)
1823,https://careers.aut.ac.nz/search,section page (/search)
1823,https://www.aut.ac.nz/about/careers-at-aut/working-at-aut/diversity-working-at-aut,outside this school's posting path
1825,https://jobs.canterbury.ac.nz/search?isSignedIn=candidate&tracker=701914610,section page (/search)
1828,https://careers.lincoln.ac.nz/search?isSignedIn=candidate&tracker=701914672,section page (/search)
1838,https://www.hksyu.edu/en/snippets/external-vacancy,the careers link itself
1840,https://www.sfu.edu.hk/en/career/academic-teaching-positions/index.html,the careers link itself
1841,https://repository.vtc.edu.hk,site root
1841,https://thei.edu.hk/career-opportunities/,outside this school's posting path
1841,https://thei.edu.hk/career-opportunities-old/,outside this school's posting path
1841,https://thei.edu.hk/tc/career-opportunities-old/,outside this school's posting path
1841,https://thei.edu.hk/sc/career-opportunities-old/,outside this school's posting path
1843,https://www.hsu.edu.hk/en/job-opportunities/,the careers link itself
1845,https://hkustcareers.ust.hk,site root
1845,https://hkustcareers.hkust.edu.hk/,site root
1845,https://hkustcareers.hkust.edu.hk/join-us/internal-opening,category page (/internal-opening)
1845,https://career.hkust-gz.edu.cn/en/career,section page (/career)
1845,https://www.hkcend.org/careers/,section page (/careers)
1846,http://jobs.hku.hk/cw/en/listing,section page (/listing)
1846,http://jobs.hku.hk/932/cw/en/subscribe,action page (/subscribe)
1846,https://careers.pageuppeople.com/932/ci/en/listing,section page (/listing)
1846,https://jobs.hku.hk/en/listing/,section page (/listing)
1846,https://jobs.hku.hk/en/listing/?page=2&page-items=20,section page (/listing)
1847,https://careers.twc.edu.hk/search,section page (/search)
1847,https://careers.twc.edu.hk/search/?createNewAlert=false&q=&optionsFacetsDD_department=Academic+Staff&optionsFacetsDD_dept=&locale=en_GB,section page (/search)
1849,https://career.admo.um.edu.mo/,site root
1849,https://isw.um.edu.mo/recruitment/login,action page (/login)
1849,https://career.admo.um.edu.mo/#jobs,site root
1849,https://career.admo.um.edu.mo/author/benwong/,outside this school's posting path
1849,https://career.admo.um.edu.mo/wp-content/uploads/2023/07/aerial-view-17-1.jpg,outside this school's posting path
1849,https://career.admo.um.edu.mo/wp-content/uploads/2018/05/RC.jpg,outside this school's posting path
1849,https://career.admo.um.edu.mo/wp-content/uploads/2020/04/library.jpg,outside this school's posting path
1849,https://career.admo.um.edu.mo/wp-content/uploads/2021/10/1-1.jpg,outside this school's posting path
1849,https://career.admo.um.edu.mo/wp-content/uploads/2026/06/3-jpg-scaled.jpg,outside this school's posting path
184,https://careers.qu.edu/,site root
184,https://career.qu.edu/en-us/listing/,section page (/listing)
184,https://career.qu.edu/en-us/Search/?search-keyword=&category=faculty&subscribe=true,section page (/Search)
184,https://career.qu.edu/en-us/subscribe/,action page (/subscribe)
1851,https://www.utm.edu.mo/visitors/job-vacancies,the careers link itself
1851,https://www.utm.edu.mo/visitors/job-vacancies/academic-positions/faqs-for-academic-positions,category page (/faqs-for-academic-positions)
1851,https://www.utm.edu.mo/visitors/job-vacancies/part-time-position,category page (/part-time-position)
1853,https://hro.cityu.edu.mo/en/category/job-application/,the careers link itself
1857,https://www.nus.edu.sg/careers/,section page (/careers)
1857,https://careers.nus.edu.sg/,site root
1857,https://careers.nus.edu.sg/Acadpositions/go/Academic-Positions-Tenure-Track/732844/,the careers link itself
1857,https://www.nus.edu.sg/careers/contact-us/,section page (/contact-us)
1859,https://careers.smu.edu.sg/,site root
1859,https://smu.recruiterpal.com/career,section page (/career)
1859,https://scis.smu.edu.sg/about/careers-opportunities/faculty-openings,category page (/faculty-openings)
1860,https://careers.singaporetech.edu.sg/search/?q=&,section page (/search)
1861,https://www.suss.edu.sg/careers,section page (/careers)
1862,https://careers.sutd.edu.sg/,site root
1862,https://careers.sutd.edu.sg/search/?q=&sortColumn=referencedate&sortDirection=asc#hdrDateButton,section page (/search)
1866,https://www.careers.gov.sg/,site root
1866,https://www.careers.gov.sg/contact-us/,section page (/contact-us)
1868,https://jobs.wrexham.ac.uk/,site root
1868,https://jobs.wrexham.ac.uk/contactus,section page (/contactus)
1868,https://jobs.wrexham.ac.uk/vacancies.aspx,the careers link itself
1868,https://jobs.wrexham.ac.uk/Vacancy.aspx?ref=2526693,filter variant of a listing URL
1868,https://jobs.wrexham.ac.uk/Vacancy.aspx?ref=2526749,filter variant of a listing URL
1868,https://jobs.wrexham.ac.uk/Vacancy.aspx?ref=2526791,filter variant of a listing URL
1868,https://jobs.wrexham.ac.uk/Vacancy.aspx?ref=2526835,filter variant of a listing URL
1868,https://jobs.wrexham.ac.uk/Vacancy.aspx?ref=2526841,filter variant of a listing URL
1868,https://jobs.wrexham.ac.uk/Vacancy.aspx?ref=2526856,filter variant of a listing URL
1868,https://jobs.wrexham.ac.uk/Vacancy.aspx?ref=2526SESSPOOLART,filter variant of a listing URL
1868,https://jobs.wrexham.ac.uk/Vacancy.aspx?ref=2526SESSPOOLENG,filter variant of a listing URL
1868,https://jobs.wrexham.ac.uk/Vacancy.aspx?ref=2627006,filter variant of a listing URL
1868,https://jobs.wrexham.ac.uk/Vacancy.aspx?ref=2627055,filter variant of a listing URL
1868,https://jobs.wrexham.ac.uk/Vacancy.aspx?ref=2627062,filter variant of a listing URL
1868,https://jobs.wrexham.ac.uk/Vacancy.aspx?ref=2627068,filter variant of a listing URL
1869,https://www2.aston.ac.uk/staff-public/hr/jobs,section page (/jobs)
1869,https://jobs.aston.ac.uk/Vacancy.aspx?ref=1305-26,filter variant of a listing URL
1869,https://jobs.aston.ac.uk/Vacancy.aspx?ref=1098-26,filter variant of a listing URL
1869,https://jobs.aston.ac.uk/Vacancy.aspx?ref=1095-26,filter variant of a listing URL
1869,https://jobs.aston.ac.uk/Vacancy.aspx?ref=0992-26,filter variant of a listing URL
1869,https://jobs.aston.ac.uk/Vacancy.aspx?ref=1156-26,filter variant of a listing URL
1869,https://jobs.aston.ac.uk/Vacancy.aspx?ref=1005-26,filter variant of a listing URL
1869,https://jobs.aston.ac.uk/Vacancy.aspx?ref=1137-26,filter variant of a listing URL
1869,https://jobs.aston.ac.uk/Vacancy.aspx?ref=0965-26,filter variant of a listing URL
1869,https://jobs.aston.ac.uk/Vacancy.aspx?ref=1221-26,filter variant of a listing URL
1869,https://jobs.aston.ac.uk/Vacancy.aspx?ref=1269-26,filter variant of a listing URL
1869,https://jobs.aston.ac.uk/Vacancy.aspx?ref=1223-26,filter variant of a listing URL
1869,https://jobs.aston.ac.uk/Vacancy.aspx?ref=1222-26,filter variant of a listing URL
1869,https://jobs.aston.ac.uk/Vacancy.aspx?ref=1245-26,filter variant of a listing URL
1869,https://jobs.aston.ac.uk/Vacancy.aspx?ref=1024-26,filter variant of a listing URL
1869,https://jobs.aston.ac.uk/Vacancy.aspx?ref=1048-26,filter variant of a listing URL
1869,https://jobs.aston.ac.uk/Vacancy.aspx?ref=0309-26A,filter variant of a listing URL
1869,https://jobs.aston.ac.uk/Vacancy.aspx?ref=1312-26,filter variant of a listing URL
1869,https://jobs.aston.ac.uk/Vacancy.aspx?ref=1310-26,filter variant of a listing URL
1869,https://jobs.aston.ac.uk/Vacancy.aspx?ref=1311-26,filter variant of a listing URL
1869,https://jobs.aston.ac.uk/Vacancy.aspx?ref=R260044,filter variant of a listing URL
1869,https://jobs.aston.ac.uk/Vacancy.aspx?ref=R260042,filter variant of a listing URL
1869,https://jobs.aston.ac.uk/Vacancy.aspx?ref=1231-26,filter variant of a listing URL
1869,https://jobs.aston.ac.uk/Vacancy.aspx?ref=1316-26,filter variant of a listing URL
1869,https://jobs.aston.ac.uk/Vacancy.aspx?ref=R260045,filter variant of a listing URL
1869,https://jobs.aston.ac.uk/Vacancy.aspx?ref=1142-26,filter variant of a listing URL
1869,https://jobs.aston.ac.uk/Vacancy.aspx?ref=0358-26A,filter variant of a listing URL
1869,https://jobs.aston.ac.uk/Vacancy.aspx?ref=1157-26,filter variant of a listing URL
1869,https://jobs.aston.ac.uk/RSS/,section page (/RSS)
1870,https://www.coventry.ac.uk/jobs/,parent of 5 other rows
1870,https://cugcareers.coventry.ac.uk/search/?createNewAlert=false&q=&optionsFacetsDD_department=&optionsFacetsDD_customfield1=&optionsFacetsDD_location=,section page (/search)
1871,https://www.jobs.ac.uk/,site root
1871,https://account.jobs.ac.uk/user/login,action page (/login)
1871,https://career-advice.jobs.ac.uk,site root
1871,https://account.jobs.ac.uk/,site root
1871,https://account.jobs.ac.uk/auth/login,action page (/login)
1871,https://account.jobs.ac.uk/auth/login/#register,action page (/login)
1871,https://www.jobs.ac.uk/about/,section page (/about)
1871,https://www.jobs.ac.uk/about/contact/,section page (/contact)
1872,https://www.jobs.ac.uk/,site root
1872,https://account.jobs.ac.uk/user/login,action page (/login)
1872,https://career-advice.jobs.ac.uk,site root
1872,https://account.jobs.ac.uk/,site root
1872,https://account.jobs.ac.uk/auth/login,action page (/login)
1872,https://account.jobs.ac.uk/auth/login/#register,action page (/login)
1872,https://www.jobs.ac.uk/about/,section page (/about)
1872,https://www.jobs.ac.uk/about/contact/,section page (/contact)
1875,https://www.jobs.ac.uk/,site root
1875,https://account.jobs.ac.uk/user/login,action page (/login)
1875,https://career-advice.jobs.ac.uk,site root
1875,https://account.jobs.ac.uk/,site root
1875,https://account.jobs.ac.uk/auth/login,action page (/login)
1875,https://account.jobs.ac.uk/auth/login/#register,action page (/login)
1875,https://www.jobs.ac.uk/about/,section page (/about)
1875,https://www.jobs.ac.uk/about/contact/,section page (/contact)
1877,https://twitter.com/share?url=https%3A%2F%2Fwww.kingston.ac.uk%2Fjobs%2Fjoining-us%2F%3Futm_source%3DTwitter%26utm_medium%3DSocial%26utm_campaign%3DTwitterSiteShare&text=Joining+us,action page (/share)
1877,https://plus.google.com/share?url=https%3A%2F%2Fwww.kingston.ac.uk%2Fjobs%2Fjoining-us%2F%3Futm_source%3DGooglePlus%26utm_medium%3DSocial%26utm_campaign%3DGooglePlusSiteShare,action page (/share)
1877,https://www.kingston.ac.uk/jobs/,parent of 7 other rows
1877,https://kingston.hireserve-projects.com/home.html,outside this school's posting path
1877,https://www.kingston.ac.uk/jobs/joining-us/,parent of 4 other rows
1877,https://www.kingston.ac.uk/jobs/joining-us/about-us/,section page (/about-us)
1877,https://jobs.kingston.ac.uk/home.html,outside this school's posting path
1878,https://jobs.mdx.ac.uk/,site root
1878,https://jobs.mdx.ac.uk/Org/Faq/,section page (/Faq)
1878,https://jobs.mdx.ac.uk/contactus,section page (/contactus)
1878,https://jobs.mdx.ac.uk/vacancy.aspx?ref=SCT378,filter variant of a listing URL
1878,https://jobs.mdx.ac.uk/vacancy.aspx?ref=BAL48,filter variant of a listing URL
1878,https://jobs.mdx.ac.uk/vacancy.aspx?ref=ESE52,filter variant of a listing URL
1878,https://jobs.mdx.ac.uk/vacancy.aspx?ref=ESE48,filter variant of a listing URL
1878,https://jobs.mdx.ac.uk/RSS/,section page (/RSS)
1878,https://www.mdx.ac.uk/about-us/careers-at-middlesex,outside this school's posting path
1878,https://jobs.mdx.ac.uk/Vacancy.aspx?ref=DLS25,filter variant of a listing URL
1878,https://jobs.mdx.ac.uk/Vacancy.aspx?ref=ESE53,filter variant of a listing URL
1878,https://jobs.mdx.ac.uk/Vacancy.aspx?ref=ESE54,filter variant of a listing URL
1879,https://www.gre.ac.uk/jobs,section page (/jobs)
1879,https://jobs.gre.ac.uk/Org/Faq/,section page (/Faq)
1879,https://jobs.gre.ac.uk/vacancy.aspx?ref=5571,filter variant of a listing URL
1879,https://jobs.gre.ac.uk/vacancy.aspx?ref=5572,filter variant of a listing URL
1879,https://jobs.gre.ac.uk/vacancy.aspx?ref=5570,filter variant of a listing URL
1879,https://jobs.gre.ac.uk/vacancy.aspx?ref=5583,filter variant of a listing URL
1879,https://jobs.gre.ac.uk/vacancy.aspx?ref=5585,filter variant of a listing URL
1879,https://jobs.gre.ac.uk/vacancy.aspx?ref=5590,filter variant of a listing URL
1879,https://jobs.gre.ac.uk/vacancy.aspx?ref=5589,filter variant of a listing URL
1879,https://jobs.gre.ac.uk/vacancy.aspx?ref=5593,filter variant of a listing URL
1879,https://jobs.kent.ac.uk,site root
1879,https://jobs.gre.ac.uk,site root
1879,https://jobs.gre.ac.uk/RSS/,section page (/RSS)
1879,https://jobs.gre.ac.uk/Vacancy.aspx?ref=5584-E,filter variant of a listing URL
1879,https://jobs.gre.ac.uk/Vacancy.aspx?ref=5548-E,filter variant of a listing URL
1879,https://jobs.gre.ac.uk/Vacancy.aspx?ref=5573-E,filter variant of a listing URL
1880,https://manmetjobs.mmu.ac.uk/jobs/home/,section page (/home)
1880,https://manmetjobs.mmu.ac.uk/jobs/vacancy/find/results/action/posbrowser_resetto/?pagestamp=b15470b2-940c-410a-bfae-1723ccc469a2,outside this school's posting path
1880,https://manmetjobs.mmu.ac.uk/jobs/login/,action page (/login)
1882,https://jobs.sunderland.ac.uk/,site root
1882,https://jobs.sunderland.ac.uk/Org/Faq/,section page (/Faq)
1882,https://www.sunderland.ac.uk/accessibility/jobs/,section page (/jobs)
1882,https://jobs.sunderland.ac.uk/vacancy.aspx?ref=0327-26,filter variant of a listing URL
1882,https://jobs.sunderland.ac.uk/vacancy.aspx?ref=0254-26,filter variant of a listing URL
1882,https://jobs.sunderland.ac.uk/vacancy.aspx?ref=0326-26,filter variant of a listing URL
1882,https://jobs.sunderland.ac.uk/vacancy.aspx?ref=0340-26,filter variant of a listing URL
1882,https://jobs.sunderland.ac.uk/vacancy.aspx?ref=0328-26,filter variant of a listing URL
1882,https://jobs.sunderland.ac.uk/vacancy.aspx?ref=0315-26,filter variant of a listing URL
1882,https://jobs.sunderland.ac.uk/vacancy.aspx?ref=0286-26,filter variant of a listing URL
1882,https://jobs.sunderland.ac.uk/vacancy.aspx?ref=0275-26-R,filter variant of a listing URL
1882,https://jobs.sunderland.ac.uk/vacancy.aspx?ref=0294-26,filter variant of a listing URL
1882,https://jobs.sunderland.ac.uk/vacancy.aspx?ref=0290-26,filter variant of a listing URL
1882,https://jobs.sunderland.ac.uk/vacancy.aspx?ref=0313-26,filter variant of a listing URL
1882,https://jobs.sunderland.ac.uk/vacancy.aspx?ref=USL819,filter variant of a listing URL
1882,https://jobs.sunderland.ac.uk/vacancies.aspx?cat=927,filter variant of a listing URL
1882,https://jobs.sunderland.ac.uk/vacancies.aspx?type=5&cat=1343,filter variant of a listing URL
1882,https://jobs.sunderland.ac.uk/vacancies.aspx?cat=928,filter variant of a listing URL
1882,https://jobs.sunderland.ac.uk/vacancies.aspx?cat=929,filter variant of a listing URL
1882,https://jobs.sunderland.ac.uk/vacancies.aspx?type=5&cat=1540,filter variant of a listing URL
1886,https://werkenbij.rug.nl/en/all-vacancies/,the careers link itself
1887,https://utwentecareers.nl/en/,parent of 30 other rows
1887,https://utwentecareers.nl/en/vacancies/,parent of 9 other rows
1887,https://utwentecareers.nl/en/vacancies/?type=WP,the careers link itself
1887,https://utwentecareers.nl/en/vacancies/?type=OBP,parent of 9 other rows
1887,https://utwentecareers.nl/en/student-jobs/,category page (/student-jobs)
1887,https://utwentecareers.nl/en/ut-as-employer/,parent of 7 other rows
1887,https://utwentecareers.nl/en/about-university-twente/,parent of 3 other rows
1887,https://utwentecareers.nl/en/contact/,section page (/contact)
1887,https://utwentecareers.nl/en/vacancies/rss/,section page (/rss)
1889,https://www.tue.nl/en/working-at-tue/vacancy-overview,the careers link itself
1889,https://www.tue.nl/en/working-at-tue/scientific-staff/partner-career-support-program,outside this school's posting path
1889,https://www.tue.nl/en/working-at-tue/vacancy-overview?filters=1051&search=&_gl=1*m7tfus*_up*MQ..*_ga*NDc5MDQxODY2LjE3NDQxMTEyMTE.*_ga_JN37M497TT*MTc0NDExMTIxMC4xLjEuMTc0NDExMTIxOS4wLjAuMA,parent of 12 other rows
1889,https://www.tue.nl/en/working-at-tue/vacancy-overview?filters=1052&search=&_gl=1*1sceer7*_up*MQ..*_ga*NDc5MDQxODY2LjE3NDQxMTEyMTE.*_ga_JN37M497TT*MTc0NDExMTIxMC4xLjEuMTc0NDExMTQ0Mi4wLjAuMA,parent of 12 other rows
1889,https://tue.varbi.com/en/what:subscribe/,outside this school's posting path
1889,https://internaljobs.tue.nl/en/internal-vacancies,category page (/internal-vacancies)
1889,https://www.tue.nl/en/working-at-tue/vacancy-overview?filters=1052&search=,parent of 12 other rows
1889,https://www.tue.nl/en/working-at-tue/vacancy-overview?filters=1051&search=,parent of 12 other rows
1889,https://www.tue.nl/en/working-at-tue/vacancy-overview?filters=1202&search=,parent of 12 other rows
1889,https://www.tue.nl/en/working-at-tue/vacancy-overview?filters=1200&search=,parent of 12 other rows
1889,https://www.tue.nl/en/working-at-tue/vacancy-overview?filters=1198&search=,parent of 12 other rows
1889,https://www.tue.nl/en/working-at-tue/vacancy-overview?filters=1196&search=,parent of 12 other rows
1889,https://www.tue.nl/en/working-at-tue/vacancy-overview?filters=1186&search=,parent of 12 other rows
1889,https://www.tue.nl/en/working-at-tue/vacancy-overview?filters=1176&search=,parent of 12 other rows
1889,https://www.tue.nl/en/working-at-tue/vacancy-overview?filters=1174&search=,parent of 12 other rows
1889,https://www.tue.nl/en/working-at-tue/vacancy-overview?filters=1170&search=,parent of 12 other rows
1889,https://www.tue.nl/en/working-at-tue/vacancy-overview?filters=1164&search=,parent of 12 other rows
1889,https://www.tue.nl/en/working-at-tue/vacancy-overview?filters=1160&search=,parent of 12 other rows
1889,https://www.tue.nl/en/working-at-tue/vacancy-overview?filters=1152&search=,parent of 12 other rows
1889,https://www.tue.nl/en/working-at-tue/vacancy-overview?filters=1146&search=,parent of 12 other rows
1889,https://www.tue.nl/en/working-at-tue/vacancy-overview?filters=1140&search=,parent of 12 other rows
1889,https://www.tue.nl/en/working-at-tue/vacancy-overview?filters=1136&search=,parent of 12 other rows
1889,https://www.tue.nl/en/working-at-tue/vacancy-overview?filters=1130&search=,parent of 12 other rows
1889,https://www.tue.nl/en/working-at-tue/vacancy-overview?filters=1126&search=,parent of 12 other rows
1889,https://www.tue.nl/en/working-at-tue/vacancy-overview?filters=1122&search=,parent of 12 other rows
1889,https://www.tue.nl/en/working-at-tue/vacancy-overview?filters=1118&search=,parent of 12 other rows
1889,https://www.tue.nl/en/working-at-tue/vacancy-overview?filters=1188&search=,parent of 12 other rows
1889,https://www.tue.nl/en/working-at-tue/vacancy-overview?filters=1180&search=,parent of 12 other rows
1889,https://www.tue.nl/en/working-at-tue/vacancy-overview?filters=1178&search=,parent of 12 other rows
1889,https://www.tue.nl/en/working-at-tue/vacancy-overview?filters=1172&search=,parent of 12 other rows
1889,https://www.tue.nl/en/working-at-tue/vacancy-overview?filters=1168&search=,parent of 12 other rows
1889,https://www.tue.nl/en/working-at-tue/vacancy-overview?filters=1166&search=,parent of 12 other rows
1889,https://www.tue.nl/en/working-at-tue/vacancy-overview?filters=1162&search=,parent of 12 other rows
1889,https://www.tue.nl/en/working-at-tue/vacancy-overview?filters=1158&search=,parent of 12 other rows
1889,https://www.tue.nl/en/working-at-tue/vacancy-overview?filters=1154&search=,parent of 12 other rows
1889,https://www.tue.nl/en/working-at-tue/vacancy-overview?filters=1148&search=,parent of 12 other rows
1889,https://www.tue.nl/en/working-at-tue/vacancy-overview?filters=1144&search=,parent of 12 other rows
1889,https://www.tue.nl/en/working-at-tue/vacancy-overview?filters=1142&search=,parent of 12 other rows
1889,https://www.tue.nl/en/working-at-tue/vacancy-overview?filters=1138&search=,parent of 12 other rows
1889,https://www.tue.nl/en/working-at-tue/vacancy-overview?filters=1134&search=,parent of 12 other rows
1889,https://www.tue.nl/en/working-at-tue/vacancy-overview?filters=1132&search=,parent of 12 other rows
1889,https://www.tue.nl/en/working-at-tue/vacancy-overview?filters=1128&search=,parent of 12 other rows
1889,https://www.tue.nl/en/working-at-tue/vacancy-overview?filters=1124&search=,parent of 12 other rows
1889,https://www.tue.nl/en/working-at-tue/vacancy-overview?filters=1120&search=,parent of 12 other rows
1889,https://www.tue.nl/en/working-at-tue/vacancy-overview?filters=1067&search=,parent of 12 other rows
1889,https://www.tue.nl/en/working-at-tue/vacancy-overview?fq=&limit=12&offset=12&parentContentId=404570&search=&total=52&type=1515577361&cHash=126f78e5e9cee1084b3c3501595e224e,parent of 12 other rows
1890,__NEEDS_SCRAPER_FIX__,"would drop 55 of 56 rows -- scraper is collecting listing pages, not postings"
1891,https://www.vacancies.aau.dk/,site root
1891,https://www.vacancies.aau.dk/scientific-positions,parent of 3 other rows
1891,https://www.vacancies.aau.dk/phd-positions,parent of 4 other rows
1891,https://www.vacancies.aau.dk/technical-and-administrative-positions,parent of 3 other rows
1891,https://www.en.search.aau.dk/?site=www.vacancies.aau.dk&locale=en&mobile=false,site root
1894,https://oulunyliopisto.varbi.com/en/?s=1&o=1&ss=2&os=1,parent of 14 other rows
1894,https://oulunyliopisto.varbi.com/what:subscribe/,outside this school's posting path
189,https://www.albertus.edu/student-resources/career-services/,parent of 8 other rows
189,https://www.paycomonline.net/v4/ats/web.php/jobs?clientkey=0FE17D4AFBB66F4F196ABBBA1DF3DF85,section page (/jobs)
18,https://www.southalabama.edu/departments/academicaffairs/facultyposition.html,the careers link itself
18,https://www.southalabama.edu/departments/academicaffairs/healthsciences.html,outside this school's posting path
18,https://www.southalabama.edu/departments/financialaffairs/hr/,outside this school's posting path
18,https://a.cms.omniupdate.com/11/?skin=oucampus&account=south_alabama&site=www&action=de&path=/departments/academicaffairs/facultyposition.pcf,outside this school's posting path
190,https://inside.southernct.edu/human-resources/jobs,the careers link itself
190,https://www.jobapscloud.com/CT/sup/BulPreview.asp?R1=260818&R2=9019PS&R3=001&Viewer=Admin&Test=Y,outside this school's posting path
190,https://inside.southernct.edu/residence-life/student-employment,category page (/student-employment)
193,https://mitchell.edu/careers/,the careers link itself
194,https://jobs.hr.uconn.edu/mob/en-us/listing/,the careers link itself
194,https://jobs.hr.uconn.edu/mob/en-us/listing/?page=2&page-items=5,section page (/listing)
195,https://hr.uconn.edu/jobs/,section page (/jobs)
195,https://hr.uconn.edu/uconns-workforce/career-paths/,outside this school's posting path
195,https://hr.uconn.edu/uconns-workforce/classification-and-compensation/career-progression/,outside this school's posting path
195,http://jobs.hr.uconn.edu/,site root
195,https://hr.uconn.edu/executive-openings/,category page (/executive-openings)
195,https://jobs.uchc.edu/,site root
197,https://jobs.hr.uconn.edu/mob/en-us/listing/,the careers link itself
197,https://jobs.hr.uconn.edu/mob/en-us/listing/?page=2&page-items=5,section page (/listing)
19,https://jobs.montevallo.edu/postings/search,section page (/search)
19,https://jobs.montevallo.edu/postings/search?commit=Search&query_organizational_tier_3_id%5B%5D=any&query_position_type_id%5B%5D=2&sort=226+asc&utf8=%E2%9C%93,section page (/search)
19,https://jobs.montevallo.edu/postings/search?commit=Search&query_organizational_tier_3_id%5B%5D=any&query_position_type_id%5B%5D=2&sort=434+asc&utf8=%E2%9C%93,section page (/search)
19,https://jobs.montevallo.edu/postings/search?commit=Search&query_organizational_tier_3_id%5B%5D=any&query_position_type_id%5B%5D=2&sort=225+asc&utf8=%E2%9C%93,section page (/search)
19,https://jobs.montevallo.edu/postings/search?commit=Search&query_organizational_tier_3_id%5B%5D=any&query_position_type_id%5B%5D=2&sort=964+asc&utf8=%E2%9C%93,section page (/search)
19,https://jobs.montevallo.edu/postings/search?commit=Search&query_organizational_tier_3_id%5B%5D=any&query_position_type_id%5B%5D=2&sort=227+asc&utf8=%E2%9C%93,section page (/search)
19,https://jobs.montevallo.edu/bookmarks?posting_id=10507,action page (/bookmarks)
19,https://jobs.montevallo.edu/bookmarks?posting_id=10485,action page (/bookmarks)
19,https://jobs.montevallo.edu/bookmarks?posting_id=10388,action page (/bookmarks)
19,https://jobs.montevallo.edu/bookmarks?posting_id=10310,action page (/bookmarks)
200,https://www.newhaven.edu:443/about/employment/job-opportunities/index.php,the careers link itself
201,http://easternctstateuniversity.applytojob.com/apply/,action page (/apply)
201,http://easternctstateuniversity.applytojob.com/apply,action page (/apply)
201,https://easternctstateuniversity.applytojob.com/app/share/Zz4qJq9Kac,outside this school's posting path
201,https://easternctstateuniversity.applytojob.com/apply/Zz4qJq9Kac/Assistant-Professor-Of-Nursing-Tenure-Track,the careers link itself
202,https://careers.american.edu/,site root
203,https://gallaudet.edu/academic-career-success/,the careers link itself
203,https://gallaudet.edu/career-success/overview/,outside this school's posting path
203,https://gallaudet.edu/science-technology-accessibility-mathematics-public-health/s-stem/new-stamp-centered-career-fair-provides-future-forward-training-and-career-opportunities/,outside this school's posting path
203,https://gallaudet.edu/academic-career-success/bringing-families-into-gallaudets-fold/,outside this school's posting path
203,https://gallaudet.edu/careers/,section page (/careers)
204,https://careers.gwu.edu/,site root
204,https://gwu-studentemployment.peopleadmin.com/,site root
204,https://www.gwu.jobs/postings/search?utf8=%E2%9C%93&query=&query_v0_posted_at_date=&397=&query_position_type_id%5B%5D=1&commit=Search,section page (/search)
204,https://www.gwu.jobs/postings/search?utf8=%E2%9C%93&query=&query_v0_posted_at_date=&397=&query_position_type_id%5B%5D=6&commit=Search,section page (/search)
209,https://discover.trinitydc.edu/career/,section page (/career)
209,https://www2.trinitydc.edu/hr/employment-openings/,the careers link itself
218,https://www.webber.edu/jobs-at-webber/,the careers link itself
220,https://www.fau.edu/jobs/,the careers link itself
220,https://www.fau.edu/jobs/apply/,action page (/apply)
220,https://a.cms.omniupdate.com/11/?skin=fau&account=chordata&site=Primary&action=de&path=/jobs/index.pcf,outside this school's posting path
221,https://lynn.wd5.myworkdayjobs.com/Careers,section page (/Careers)
221,https://www.lynn.edu/employment,the careers link itself
222,https://careers.miami.edu/us/en/home,section page (/home)
222,https://careers.miami.edu/us/en/staff-positions,category page (/staff-positions)
222,https://careers.miami.edu/us/en/search-results?keywords=sole%20mia,filter variant of a listing URL
222,https://careers.miami.edu/us/en/search-results?keywords=doral,filter variant of a listing URL
225,https://www.stetson.edu/administration/human-resources/job-opportunities.php,the careers link itself
228,https://nsucareers.nova.edu,site root
228,https://www.nova.edu/resources/employment.html,the careers link itself
229,https://jobs.fgcu.edu/jobs/search,section page (/search)
229,https://careerservices.fgcu.edu/privacy-policy/,outside this school's posting path
229,https://www.fgcu.edu/jobs/,parent of 18 other rows
22,https://internal-auburn.icims.com/jobs/login?_sp=8c5dc3e8-3348-4b1b-b824-ce5b860f113f.1774032735731&&loginOnly=1&redirect=login,action page (/login)
22,https://jobs-aum.icims.com/jobs/login?_sp=e7c2f829-7e3e-4e44-9d8e-e17c768acc17.1774033003527&_jsqid=dce3099c-cd56-40bd-a639-4f1fde6a6457&loginOnly=1&redirect=&in_iframe=1&hashed=-435618519&_ga=2.245502468.1631360225.1772655492-1367557731.1771433101&_gl=1*wawkwm*_ga*MTM2NzU1NzczMS4xNzcxNDMzMTAx*_ga_5Y2BYGL910*czE3NzM4NjcwMzAkbzkkZzAkdDE3NzM4NjcwNjYkajI0JGwwJGgw,action page (/login)
22,https://jobs.aum.edu/aum-careers-home,parent of 17 other rows
22,https://jobs.aum.edu/aum-careers-home/jobs,parent of 10 other rows
22,https://jobs.aum.edu/aum-careers-home/jobs?tags2=Faculty,the careers link itself
22,https://jobs.aum.edu/aum-careers-home/jobs?tags2=Non-Faculty,parent of 10 other rows
22,https://jobs.aum.edu/aum-careers-home/jobs?tags2=Student,parent of 10 other rows
22,https://internal-aum.icims.com/jobs/login?&loginOnly=1&redirect=login,action page (/login)
22,https://jobs-aum.icims.com/jobs/10197/login,action page (/login)
22,https://jobs-aum.icims.com/jobs/9923/login,action page (/login)
22,https://jobs-aum.icims.com/jobs/9909/login,action page (/login)
22,https://jobs-aum.icims.com/jobs/9782/login,action page (/login)
22,https://jobs-aum.icims.com/jobs/9729/login,action page (/login)
22,https://jobs-aum.icims.com/jobs/9677/login,action page (/login)
22,https://jobs-aum.icims.com/jobs/9655/login,action page (/login)
22,https://jobs-aum.icims.com/jobs/9196/login,action page (/login)
22,https://jobs-aum.icims.com/jobs/9053/login,action page (/login)
22,https://jobs-aum.icims.com/jobs/8887/login,action page (/login)
22,https://jobs.aum.edu/aum-careers-home/categories,section page (/categories)
22,https://jobs.aum.edu/aum-careers-home/locations,section page (/locations)
231,https://jobs.ufl.edu/,site root
231,https://jobs.ufl.edu/career-growth/professional-development/,the careers link itself
231,https://explore.jobs.ufl.edu/,site root
231,https://jobs.ufl.edu,site root
231,https://jobs.ufl.edu/career-growth/,parent of 3 other rows
231,https://jobs.ufl.edu/benefits/,parent of 3 other rows
231,https://jobs.ufl.edu/community/,parent of 2 other rows
231,https://jobs.ufl.edu/resources/,parent of 4 other rows
238,https://www.guestservices.com/our-people/careers/,section page (/careers)
241,https://www.beaconcollege.edu/career-opportunities/,the careers link itself
246,https://barryu.wd5.myworkdayjobs.com/BarryU/jobs,section page (/jobs)
246,https://barryu.wd5.myworkdayjobs.com/BarryUStudentJobs/jobs,section page (/jobs)
246,https://www.barry.edu/en/human-resources/,the careers link itself
255,https://uwf.edu/faculty,section page (/faculty)
255,https://uwf.edu/staff,section page (/staff)
255,https://uwf.edu/jobs/search/temporary,outside this school's posting path
255,https://uwf.edu/jobs/search/students,section page (/students)
255,https://university-of-west-florida.career-pages.com/faculty,section page (/faculty)
255,https://university-of-west-florida.career-pages.com/staff,section page (/staff)
259,https://eckerd.exacthire.com/apply?section=0&jobs=[]&myAccount=1,action page (/apply)
261,https://hr.fsu.edu/working-fsu/prospective-employees/faculty-careers,the careers link itself
261,https://hr.fsu.edu/working-fsu/prospective-employees/student-jobs,category page (/student-jobs)
266,https://jobs.usf.edu/hcmUI/CandidateExperience/en/sites/USF/,parent of 3 other rows
266,https://jobs.usf.edu/hcmUI/CandidateExperience/en/sites/USF/jobs?mode=location,section page (/jobs)
266,https://fa-ewkd-saasfaprod1.fa.ocs.oraclecloud.com/fscmUI/faces/deeplink?objType=IRC_RECRUITING&action=ICE_JOB_SEARCH_RESP,filter variant of a listing URL
266,https://jobs.usf.edu/hcmUI/CandidateExperience/en/sites/USF/my-profile/sign-in,action page (/sign-in)
266,https://fa-ewkd-saasfaprod1.fa.ocs.oraclecloud.com:443/fscmUI/faces/deeplink?objType=IRC_RECRUITING&action=ICE_JOB_SEARCH_RESP,filter variant of a listing URL
270,https://jobs.rollins.edu/jobs/search,section page (/search)
270,https://www.rollins.edu/careers/,parent of 4 other rows
270,https://www.rollins.edu/careers/location/,section page (/location)
270,https://jobs.rollins.edu/jobs/search?page=1&employment_type_uids%5B%5D=adcb808cee46b2d226d4b4710b9edcd2&employment_type_uids%5B%5D=7f0aef06a7d349b1b5743889ac5b5c3d&employment_type_uids%5B%5D=85a1cc7b406ff1c937dc0b8d6261e736&query=,section page (/search)
270,https://jobs.rollins.edu/jobs/search?page=1&employment_type_uids%5B%5D=d91743ca44174bbd090511f6296aee4a&employment_type_uids%5B%5D=84166d8d43b4a50451c61120f9f39415&query=,the careers link itself
270,https://jobs.rollins.edu/jobs/search?page=1&employment_type_uids%5B%5D=76719b4f6161681ecb88b9a926bcf176&query=,section page (/search)
270,https://rollins.joinhandshake.com/login,action page (/login)
272,https://www.ugajobsearch.com/postings/search,section page (/search)
272,https://www.ugajobsearch.com/postings/search?commit=Search&page=2&query_position_type_id%5B%5D=7&query_position_type_id%5B%5D=8&utf8=%E2%9C%93,section page (/search)
272,https://www.ugajobsearch.com/postings/search?commit=Search&page=3&query_position_type_id%5B%5D=7&query_position_type_id%5B%5D=8&utf8=%E2%9C%93,section page (/search)
272,https://www.ugajobsearch.com/postings/search?commit=Search&query_position_type_id%5B%5D=7&query_position_type_id%5B%5D=8&sort=225+asc&utf8=%E2%9C%93,section page (/search)
272,https://www.ugajobsearch.com/postings/search?commit=Search&query_position_type_id%5B%5D=7&query_position_type_id%5B%5D=8&sort=226+asc&utf8=%E2%9C%93,section page (/search)
272,https://www.ugajobsearch.com/postings/search?commit=Search&query_position_type_id%5B%5D=7&query_position_type_id%5B%5D=8&sort=434+asc&utf8=%E2%9C%93,section page (/search)
272,https://www.ugajobsearch.com/postings/search?commit=Search&query_position_type_id%5B%5D=7&query_position_type_id%5B%5D=8&sort=227+asc&utf8=%E2%9C%93,section page (/search)
272,https://www.ugajobsearch.com/bookmarks?posting_id=504621,action page (/bookmarks)
272,https://www.ugajobsearch.com/bookmarks?posting_id=504317,action page (/bookmarks)
272,https://www.ugajobsearch.com/bookmarks?posting_id=504158,action page (/bookmarks)
272,https://www.ugajobsearch.com/bookmarks?posting_id=503253,action page (/bookmarks)
272,https://www.ugajobsearch.com/bookmarks?posting_id=503085,action page (/bookmarks)
272,https://www.ugajobsearch.com/bookmarks?posting_id=503079,action page (/bookmarks)
272,https://www.ugajobsearch.com/bookmarks?posting_id=502585,action page (/bookmarks)
272,https://www.ugajobsearch.com/bookmarks?posting_id=502342,action page (/bookmarks)
272,https://www.ugajobsearch.com/bookmarks?posting_id=501815,action page (/bookmarks)
272,https://www.ugajobsearch.com/bookmarks?posting_id=501680,action page (/bookmarks)
272,https://www.ugajobsearch.com/bookmarks?posting_id=501036,action page (/bookmarks)
272,https://www.ugajobsearch.com/bookmarks?posting_id=500541,action page (/bookmarks)
272,https://www.ugajobsearch.com/bookmarks?posting_id=500516,action page (/bookmarks)
272,https://www.ugajobsearch.com/bookmarks?posting_id=500159,action page (/bookmarks)
272,https://www.ugajobsearch.com/bookmarks?posting_id=500055,action page (/bookmarks)
272,https://www.ugajobsearch.com/bookmarks?posting_id=499770,action page (/bookmarks)
272,https://www.ugajobsearch.com/bookmarks?posting_id=499207,action page (/bookmarks)
272,https://www.ugajobsearch.com/bookmarks?posting_id=498229,action page (/bookmarks)
272,https://www.ugajobsearch.com/bookmarks?posting_id=498138,action page (/bookmarks)
272,https://www.ugajobsearch.com/bookmarks?posting_id=497775,action page (/bookmarks)
272,https://www.ugajobsearch.com/bookmarks?posting_id=496934,action page (/bookmarks)
272,https://www.ugajobsearch.com/bookmarks?posting_id=496684,action page (/bookmarks)
272,https://www.ugajobsearch.com/bookmarks?posting_id=496680,action page (/bookmarks)
272,https://www.ugajobsearch.com/bookmarks?posting_id=496669,action page (/bookmarks)
272,https://www.ugajobsearch.com/bookmarks?posting_id=496399,action page (/bookmarks)
272,https://www.ugajobsearch.com/bookmarks?posting_id=495399,action page (/bookmarks)
272,https://www.ugajobsearch.com/bookmarks?posting_id=495117,action page (/bookmarks)
272,https://www.ugajobsearch.com/bookmarks?posting_id=495101,action page (/bookmarks)
272,https://www.ugajobsearch.com/bookmarks?posting_id=494987,action page (/bookmarks)
272,https://www.ugajobsearch.com/bookmarks?posting_id=494488,action page (/bookmarks)
276,https://hr.gatech.edu/careers/,section page (/careers)
276,https://www.gtri.gatech.edu/careers,section page (/careers)
276,https://hr.gatech.edu/employment/careers,the careers link itself
279,https://oglethorpe.edu/about/offices-departments/human-resources/jobs/,the careers link itself
282,https://www.augusta.edu/hr/jobs,parent of 3 other rows
282,https://www.augusta.edu/hr/jobs/,parent of 3 other rows
282,https://www.augusta.edu/jobs/external,section page (/external)
282,https://www.augusta.edu/jobs/internal,section page (/internal)
28,https://www.troyuniversityjobs.com/postings/search,section page (/search)
28,https://www.troyuniversityjobs.com/postings/search?3481%5B%5D=3&commit=Search&sort=225+asc&utf8=%E2%9C%93,section page (/search)
28,https://www.troyuniversityjobs.com/postings/search?3481%5B%5D=3&commit=Search&sort=226+asc&utf8=%E2%9C%93,section page (/search)
28,https://www.troyuniversityjobs.com/postings/search?3481%5B%5D=3&commit=Search&sort=434+asc&utf8=%E2%9C%93,section page (/search)
28,https://www.troyuniversityjobs.com/postings/search?3481%5B%5D=3&commit=Search&sort=227+asc&utf8=%E2%9C%93,section page (/search)
28,https://www.troyuniversityjobs.com/bookmarks?posting_id=48309,action page (/bookmarks)
28,https://www.troyuniversityjobs.com/bookmarks?posting_id=48255,action page (/bookmarks)
28,https://www.troyuniversityjobs.com/bookmarks?posting_id=48014,action page (/bookmarks)
28,https://www.troyuniversityjobs.com/bookmarks?posting_id=48013,action page (/bookmarks)
28,https://www.troyuniversityjobs.com/bookmarks?posting_id=48012,action page (/bookmarks)
28,https://www.troyuniversityjobs.com/bookmarks?posting_id=48011,action page (/bookmarks)
28,https://www.troyuniversityjobs.com/bookmarks?posting_id=48010,action page (/bookmarks)
28,https://www.troyuniversityjobs.com/bookmarks?posting_id=47963,action page (/bookmarks)
28,https://www.troyuniversityjobs.com/bookmarks?posting_id=47949,action page (/bookmarks)
28,https://www.troyuniversityjobs.com/bookmarks?posting_id=47947,action page (/bookmarks)
28,https://www.troyuniversityjobs.com/bookmarks?posting_id=47928,action page (/bookmarks)
28,https://www.troyuniversityjobs.com/bookmarks?posting_id=47927,action page (/bookmarks)
28,https://www.troyuniversityjobs.com/bookmarks?posting_id=47926,action page (/bookmarks)
28,https://www.troyuniversityjobs.com/bookmarks?posting_id=47686,action page (/bookmarks)
28,https://www.troyuniversityjobs.com/bookmarks?posting_id=47638,action page (/bookmarks)
28,https://www.troyuniversityjobs.com/bookmarks?posting_id=47520,action page (/bookmarks)
28,https://www.troyuniversityjobs.com/bookmarks?posting_id=47476,action page (/bookmarks)
28,https://www.troyuniversityjobs.com/bookmarks?posting_id=47178,action page (/bookmarks)
28,https://www.troyuniversityjobs.com/bookmarks?posting_id=46974,action page (/bookmarks)
28,https://www.troyuniversityjobs.com/bookmarks?posting_id=46966,action page (/bookmarks)
28,https://www.troyuniversityjobs.com/bookmarks?posting_id=46940,action page (/bookmarks)
28,https://www.troyuniversityjobs.com/bookmarks?posting_id=46911,action page (/bookmarks)
28,https://www.troyuniversityjobs.com/bookmarks?posting_id=46902,action page (/bookmarks)
28,https://www.troyuniversityjobs.com/bookmarks?posting_id=46900,action page (/bookmarks)
28,https://www.troyuniversityjobs.com/bookmarks?posting_id=46869,action page (/bookmarks)
28,https://www.troyuniversityjobs.com/bookmarks?posting_id=46665,action page (/bookmarks)
28,https://www.troyuniversityjobs.com/bookmarks?posting_id=46647,action page (/bookmarks)
28,https://www.troyuniversityjobs.com/bookmarks?posting_id=46164,action page (/bookmarks)
28,https://www.troyuniversityjobs.com/bookmarks?posting_id=45972,action page (/bookmarks)
28,https://www.troyuniversityjobs.com/bookmarks?posting_id=45464,action page (/bookmarks)
297,https://campus.kennesaw.edu/offices-services/careers/,parent of 17 other rows
297,https://campus.kennesaw.edu/offices-services/careers/campus-community/,parent of 7 other rows
297,https://campus.kennesaw.edu/offices-services/careers/campus-community/faculty-career-champions.php,the careers link itself
297,https://campus.kennesaw.edu/faculty-staff/human-resources/careers/,section page (/careers)
2,https://careers.alaska.edu/home-page,section page (/home-page)
2,https://careers.alaska.edu/jobs/search,parent of 5 other rows
2,https://careers.alaska.edu/jobs/search/staff-jobs,category page (/staff-jobs)
2,https://careers.alaska.edu/jobs/search/faculty-jobs,category page (/faculty-jobs)
2,https://careers.alaska.edu/jobs/search/temporary-jobs,category page (/temporary-jobs)
2,https://careers.alaska.edu/jobs/search/temporary-adjunct-faculty-jobs,category page (/temporary-adjunct-faculty-jobs)
2,https://careers.alaska.edu/jobs/search/student-jobs,category page (/student-jobs)
2,https://internal-careers-6562452a-60d4-4c29-af76-b4574ea3809f.career-pages.com/jobs/search,parent of 5 other rows
2,https://careers.alaska.edu/university-of-alaska-anchorage,outside this school's posting path
2,https://careers.alaska.edu/university-of-alaska-fairbanks,outside this school's posting path
2,https://careers.alaska.edu/university-of-alaska-southeast,outside this school's posting path
2,https://careers.alaska.edu/university-of-alaska-system-office,outside this school's posting path
301,https://hr.mercer.edu/prospective-employees/career-opportunities/,the careers link itself
301,https://merceruniversity.wd1.myworkdayjobs.com/en-US/external,section page (/external)
302,https://www.mga.edu/human-resources/jobs/index.php,the careers link itself
306,https://www.clayton.edu/career/,section page (/career)
30,https://careers.ua.edu/faculty,the careers link itself
30,https://uastudentjobs.ua.edu/,site root
30,https://jobs.uasystem.edu/systemsoffice/en-us/listing/,section page (/listing)
30,https://careers.ua.edu/jobs/search/education,outside this school's posting path
316,https://valdosta.joinhandshake.com/login,action page (/login)
319,https://www.yhc.edu/pay-for-college/tuition-and-fees/pay-deposit/,outside this school's posting path
319,https://www.yhc.edu/academics/academic-support/career-and-professional-development/,outside this school's posting path
319,https://www.yhc.edu/careers/,the careers link itself
321,https://www.schooljobs.com/careers/hawaiiedu,parent of 13 other rows
321,https://www.schooljobs.com/careers/hawaiiedu/jobInterestCards/categories,section page (/categories)
321,https://www.governmentjobs.com,site root
321,https://www.schooljobs.com,site root
323,https://www.schooljobs.com/careers/hpu,parent of 11 other rows
323,https://www.schooljobs.com/careers/hpu/jobInterestCards/categories,section page (/categories)
323,https://www.governmentjobs.com,site root
323,https://www.schooljobs.com,site root
324,https://www.schooljobs.com/careers/hawaiiedu,parent of 13 other rows
324,https://www.schooljobs.com/careers/hawaiiedu/jobInterestCards/categories,section page (/categories)
324,https://www.governmentjobs.com,site root
324,https://www.schooljobs.com,site root
325,https://www.governmentjobs.com/careers/hawaiiedu,parent of 13 other rows
325,https://www.governmentjobs.com/careers/hawaiiedu/jobInterestCards/categories,section page (/categories)
325,https://www.governmentjobs.com,site root
325,https://www.schooljobs.com,site root
331,https://www.coe.edu/why-coe/discover-coe/human-resources/careers,the careers link itself
332,https://www.mtmercy.edu/careers/index.php,the careers link itself
332,https://mtmercy.applicantlist.com/,site root
332,https://mountmercy.joinhandshake.com/,site root
333,https://stambroseuniv.applicantlist.com/jobs/,section page (/jobs)
333,https://sau.joinhandshake.com/login,action page (/login)
334,https://www.luther.edu/offices/hr/careers,section page (/careers)
334,https://www.luther.edu/offices/hr/careers?utm_source=website&utm_medium=footer&utm_campaign=marketing&utm_content=careers,the careers link itself
335,https://jobs.drake.edu/jobs/search,the careers link itself
335,https://jobs.drake.edu/jobs/search?page=1,section page (/search)
335,https://jobs.drake.edu/jobs/search?page=2,section page (/search)
336,https://www.grandview.edu/about/directory/careers-at-gv,the careers link itself
336,https://www.grandview.edu/about/directory/careers-at-gv/benefits,section page (/benefits)
336,https://www.grandview.edu/about/directory/careers-at-gv/contact-us,section page (/contact-us)
336,https://www.paycomonline.net/v4/ats/web.php/portal/DC20BB66F0C9CF9F562615950604C1D5/career-page#join-talent-community,outside this school's posting path
337,https://clarke.applicantpool.com/jobs/,the careers link itself
338,https://loras.applicantpool.com/jobs/,the careers link itself
338,https://loras.applicantpool.com/pages/careers/,section page (/careers)
339,https://www.dbq.edu/AboutUD/Employment,section page (/Employment)
345,https://jobs.uiowa.edu/,site root
345,https://uiowa.referrals.selectminds.com/jobs/search,section page (/search)
348,https://recruiting2.ultipro.com/COR1036CORN/JobBoard/30d770d7-3983-4bf1-867a-479db251bad8/?q&o=postedDateDesc,filter variant of a listing URL
348,https://www.cornellcollege.edu/human-resources/employment/index.shtml,outside this school's posting path
34,http://www.lyon.edu/employment,the careers link itself
34,https://lyon.isolvedhire.com/jobs/,section page (/jobs)
351,https://central.edu/career/,section page (/career)
351,https://central.joinhandshake.com/stu/postings,section page (/postings)
351,https://central.edu/job-seekers/,the careers link itself
351,https://central.edu/job-seekers/benefits/,section page (/benefits)
351,https://central.edu/job-seekers/home/,section page (/home)
355,https://www.bvu.edu/en/undergraduate-on-campus/careers--outcomes/,the careers link itself
356,https://www.wartburg.edu/carson-research-opportunities-focused-my-career-goals/,the careers link itself
356,https://www.facebook.com/sharer/sharer.php?u=https://www.wartburg.edu/carson-research-opportunities-focused-my-career-goals/,outside this school's posting path
357,https://www.boisestate.edu/,site root
357,https://jobs.boisestate.edu/en-us/filter/?job-mail-subscribe-privacy=agree&search-keyword=&work-type=faculty,section page (/filter)
357,https://www.boisestate.edu/jobs,parent of 4 other rows
357,https://jobs.boisestate.edu/en-us/listing/,section page (/listing)
357,https://www.boisestate.edu/jobs/,parent of 4 other rows
358,https://collegeofidaho.edu/academics/undergrad/career-sectors/,parent of 3 other rows
358,https://www.collegeofidaho.edu/academics/career,section page (/career)
358,https://collegeofidaho.edu/careers,section page (/careers)
359,https://www.lcsc.edu/career-technical-education,the careers link itself
359,https://www.lcsc.edu/student-employment,category page (/student-employment)
359,https://www.lcsc.edu/student-employment/joinhandshake,outside this school's posting path
364,https://www.schooljobs.com/careers/aurorauniversity,parent of 14 other rows
364,https://www.schooljobs.com/careers/aurorauniversity/jobInterestCards/categories,section page (/categories)
364,https://www.governmentjobs.com,site root
364,https://www.schooljobs.com,site root
365,https://www.iwu.edu/admissions/deposit.html,outside this school's posting path
365,https://www.iwu.edu/career-center/,outside this school's posting path
365,https://www.iwu.edu/human-resources/job-openings/,the careers link itself
365,https://a.cms.omniupdate.com/11/?skin=oucampus&account=Illinois_Wesleyan_University&site=Production&action=de&path=/human-resources/job-openings/index.pcf,outside this school's posting path
367,https://www.schooljobs.com/careers/siu,parent of 21 other rows
367,https://www.schooljobs.com/careers/siu/jobInterestCards/categories,section page (/categories)
367,https://www.governmentjobs.com,site root
367,https://www.schooljobs.com,site root
368,https://blackburn.edu/jobs/,the careers link itself
368,https://blackburn.edu/work-program/work-program-student-jobs/,category page (/work-program-student-jobs)
368,https://blackburn.edu/jobs/adjunct-faculty-positions/,category page (/adjunct-faculty-positions)
368,https://blackburn.edu/jobs,the careers link itself
372,https://www.colum.edu/careers-and-alumni/,parent of 9 other rows
372,https://www.colum.edu/careers-and-alumni/career-center/,parent of 4 other rows
376,https://www.careers.luc.edu/postings/search,section page (/search)
376,https://www.careers.luc.edu/postings/search?855%5B%5D=5&commit=Search&sort=440+asc,section page (/search)
376,https://www.careers.luc.edu/postings/search?855%5B%5D=5&commit=Search&sort=226+asc,section page (/search)
376,https://www.careers.luc.edu/postings/search?855%5B%5D=5&commit=Search&sort=434+asc,section page (/search)
376,https://www.careers.luc.edu/postings/search?855%5B%5D=5&commit=Search&sort=227+asc,section page (/search)
376,https://www.careers.luc.edu/postings/search?855%5B%5D=5&commit=Search&sort=855+asc,section page (/search)
376,https://www.careers.luc.edu/bookmarks?posting_id=35629,action page (/bookmarks)
376,https://www.careers.luc.edu/bookmarks?posting_id=35514,action page (/bookmarks)
376,https://www.careers.luc.edu/bookmarks?posting_id=35494,action page (/bookmarks)
376,https://www.careers.luc.edu/bookmarks?posting_id=35370,action page (/bookmarks)
376,https://www.careers.luc.edu/bookmarks?posting_id=35301,action page (/bookmarks)
376,https://www.careers.luc.edu/bookmarks?posting_id=35166,action page (/bookmarks)
376,https://www.careers.luc.edu/bookmarks?posting_id=35130,action page (/bookmarks)
376,https://www.careers.luc.edu/bookmarks?posting_id=35115,action page (/bookmarks)
376,https://www.careers.luc.edu/bookmarks?posting_id=35108,action page (/bookmarks)
376,https://www.careers.luc.edu/bookmarks?posting_id=35100,action page (/bookmarks)
376,https://www.careers.luc.edu/bookmarks?posting_id=34692,action page (/bookmarks)
376,https://www.careers.luc.edu/bookmarks?posting_id=34452,action page (/bookmarks)
376,https://www.careers.luc.edu/bookmarks?posting_id=34130,action page (/bookmarks)
376,https://www.careers.luc.edu/bookmarks?posting_id=34012,action page (/bookmarks)
376,https://www.careers.luc.edu/bookmarks?posting_id=33967,action page (/bookmarks)
376,https://www.careers.luc.edu/bookmarks?posting_id=33966,action page (/bookmarks)
376,https://www.careers.luc.edu/bookmarks?posting_id=33550,action page (/bookmarks)
376,https://www.careers.luc.edu/bookmarks?posting_id=33127,action page (/bookmarks)
377,https://nl.edu/student-services/career-bridge/,outside this school's posting path
377,https://nl.edu/employment/,the careers link itself
377,https://nl.edu/jobs/,section page (/jobs)
379,https://www.neiu.edu/financial-aid/apply-for-aid/student-jobs,category page (/student-jobs)
380,https://jobs.roosevelt.edu:443/postings/search,the careers link itself
380,https://jobs.roosevelt.edu:443/postings/search?page=2,section page (/search)
380,https://jobs.roosevelt.edu:443/postings/search?sort=226+asc,section page (/search)
380,https://jobs.roosevelt.edu:443/postings/search?sort=1069+asc,section page (/search)
380,https://jobs.roosevelt.edu:443/postings/search?sort=1020+asc,section page (/search)
380,https://jobs.roosevelt.edu:443/postings/search?sort=227+asc,section page (/search)
380,https://jobs.roosevelt.edu:443/postings/search?sort=1017+asc,section page (/search)
380,https://jobs.roosevelt.edu:443/bookmarks?posting_id=8880,action page (/bookmarks)
380,https://jobs.roosevelt.edu:443/bookmarks?posting_id=8877,action page (/bookmarks)
380,https://jobs.roosevelt.edu:443/bookmarks?posting_id=8874,action page (/bookmarks)
380,https://jobs.roosevelt.edu:443/bookmarks?posting_id=8871,action page (/bookmarks)
380,https://jobs.roosevelt.edu:443/bookmarks?posting_id=8868,action page (/bookmarks)
380,https://jobs.roosevelt.edu:443/bookmarks?posting_id=8861,action page (/bookmarks)
380,https://jobs.roosevelt.edu:443/bookmarks?posting_id=8852,action page (/bookmarks)
380,https://jobs.roosevelt.edu:443/bookmarks?posting_id=8838,action page (/bookmarks)
380,https://jobs.roosevelt.edu:443/bookmarks?posting_id=8832,action page (/bookmarks)
380,https://jobs.roosevelt.edu:443/bookmarks?posting_id=8826,action page (/bookmarks)
380,https://jobs.roosevelt.edu:443/bookmarks?posting_id=8814,action page (/bookmarks)
380,https://jobs.roosevelt.edu:443/bookmarks?posting_id=8812,action page (/bookmarks)
380,https://jobs.roosevelt.edu:443/bookmarks?posting_id=8809,action page (/bookmarks)
380,https://jobs.roosevelt.edu:443/bookmarks?posting_id=8802,action page (/bookmarks)
380,https://jobs.roosevelt.edu:443/bookmarks?posting_id=8778,action page (/bookmarks)
380,https://jobs.roosevelt.edu:443/bookmarks?posting_id=8769,action page (/bookmarks)
380,https://jobs.roosevelt.edu:443/bookmarks?posting_id=8743,action page (/bookmarks)
380,https://jobs.roosevelt.edu:443/bookmarks?posting_id=8719,action page (/bookmarks)
380,https://jobs.roosevelt.edu:443/bookmarks?posting_id=8714,action page (/bookmarks)
380,https://jobs.roosevelt.edu:443/bookmarks?posting_id=8710,action page (/bookmarks)
380,https://jobs.roosevelt.edu:443/bookmarks?posting_id=8697,action page (/bookmarks)
380,https://jobs.roosevelt.edu:443/bookmarks?posting_id=8696,action page (/bookmarks)
380,https://jobs.roosevelt.edu:443/bookmarks?posting_id=8679,action page (/bookmarks)
380,https://jobs.roosevelt.edu:443/bookmarks?posting_id=8665,action page (/bookmarks)
380,https://jobs.roosevelt.edu:443/bookmarks?posting_id=8638,action page (/bookmarks)
380,https://jobs.roosevelt.edu:443/bookmarks?posting_id=8635,action page (/bookmarks)
380,https://jobs.roosevelt.edu:443/bookmarks?posting_id=8634,action page (/bookmarks)
380,https://jobs.roosevelt.edu:443/bookmarks?posting_id=8503,action page (/bookmarks)
380,https://jobs.roosevelt.edu:443/bookmarks?posting_id=8489,action page (/bookmarks)
380,https://jobs.roosevelt.edu:443/bookmarks?posting_id=8462,action page (/bookmarks)
381,https://www.schooljobs.com/careers/sxuedu,parent of 12 other rows
381,https://www.schooljobs.com/careers/sxuedu/jobInterestCards/categories,section page (/categories)
381,https://www.governmentjobs.com,site root
381,https://www.schooljobs.com,site root
384,https://www.schooljobs.com/careers/millikin,parent of 11 other rows
384,https://www.schooljobs.com/careers/millikin/jobInterestCards/categories,section page (/categories)
384,https://www.governmentjobs.com,site root
384,https://www.schooljobs.com,site root
386,https://employment.niu.edu/postings/search,section page (/search)
386,https://employment.niu.edu/postings/search?&query=&query_v0_posted_at_date=&query_position_type_id=1&commit=Search,section page (/search)
386,https://employment.niu.edu/postings/search?utf8=%E2%9C%93&query=&query_v0_posted_at_date=&query_position_type_id%5B%5D=2&commit=Search,section page (/search)
386,https://www.niu.edu/careerservices/huskies-get-hired/index.shtml,outside this school's posting path
386,https://employment.niu.edu/postings/search?utf8=%E2%9C%93&query=&query_v0_posted_at_date=&query_position_type_id%5B%5D=3&commit=Search,section page (/search)
386,https://employment.niu.edu/postings/search?utf8=%E2%9C%93&query=&query_v0_posted_at_date=&query_position_type_id%5B%5D=6&commit=Search,section page (/search)
386,https://employment.niu.edu/postings/search?utf8=%E2%9C%93&query=&query_v0_posted_at_date=&query_position_type_id=2&commit=Search,section page (/search)
38,https://jobs.uca.edu/postings/search,section page (/search)
38,https://jobs.uca.edu/interest_cards,outside this school's posting path
38,https://jobs.uca.edu/postings/search?commit=Search&query_position_type_id%5B%5D=1&sort=226+asc&utf8=%E2%9C%93,section page (/search)
38,https://jobs.uca.edu/postings/search?commit=Search&query_position_type_id%5B%5D=1&sort=225+asc&utf8=%E2%9C%93,section page (/search)
38,https://jobs.uca.edu/postings/search?commit=Search&query_position_type_id%5B%5D=1&sort=434+asc&utf8=%E2%9C%93,section page (/search)
38,https://jobs.uca.edu/postings/search?commit=Search&query_position_type_id%5B%5D=1&sort=582+asc&utf8=%E2%9C%93,section page (/search)
38,https://jobs.uca.edu/postings/search?commit=Search&query_position_type_id%5B%5D=1&sort=227+asc&utf8=%E2%9C%93,section page (/search)
38,https://jobs.uca.edu/bookmarks?posting_id=19655,action page (/bookmarks)
38,https://jobs.uca.edu/bookmarks?posting_id=19615,action page (/bookmarks)
38,https://jobs.uca.edu/bookmarks?posting_id=19016,action page (/bookmarks)
38,https://jobs.uca.edu/bookmarks?posting_id=19013,action page (/bookmarks)
38,https://jobs.uca.edu/bookmarks?posting_id=18783,action page (/bookmarks)
38,https://jobs.uca.edu/bookmarks?posting_id=18773,action page (/bookmarks)
390,https://www.eureka.edu/admissions-and-financial-aid/accepted-students/deposit,outside this school's posting path
390,https://www.eureka.edu/admissions-and-financial-aid/accepted-students/next-steps-for-deposited-students,outside this school's posting path
390,https://www.eureka.edu/student-life/career-services/career-services-overview,parent of 10 other rows
390,https://www.eureka.edu/student-life/housing-deposit-payments,outside this school's posting path
392,https://www.knox.edu/employment-at-knox/employment-at-knox/faculty,section page (/faculty)
394,https://www.ic.edu/deposit,outside this school's posting path
394,https://www.ic.edu/careerservices,outside this school's posting path
396,https://www.lakeforest.edu/careers,parent of 21 other rows
396,https://www.lakeforest.edu/offices-and-departments/human-resources/lake-forest-college-employment,the careers link itself
396,https://www.lakeforest.edu/careers/internships,parent of 6 other rows
396,https://www.lakeforest.edu/careers/recruiting-resources-for-employers,parent of 4 other rows
396,https://www.lakeforest.edu/careers/getting-started,parent of 4 other rows
397,https://www.schooljobs.com/careers/mckendree,parent of 12 other rows
397,https://www.schooljobs.com/careers/mckendree/jobInterestCards/categories,section page (/categories)
397,https://www.governmentjobs.com,site root
397,https://www.schooljobs.com,site root
3,https://careers.alaska.edu/home-page,section page (/home-page)
3,https://careers.alaska.edu/jobs/search,parent of 5 other rows
3,https://careers.alaska.edu/jobs/search/staff-jobs,category page (/staff-jobs)
3,https://careers.alaska.edu/jobs/search/faculty-jobs,category page (/faculty-jobs)
3,https://careers.alaska.edu/jobs/search/temporary-jobs,category page (/temporary-jobs)
3,https://careers.alaska.edu/jobs/search/temporary-adjunct-faculty-jobs,category page (/temporary-adjunct-faculty-jobs)
3,https://careers.alaska.edu/jobs/search/student-jobs,category page (/student-jobs)
3,https://internal-careers-6562452a-60d4-4c29-af76-b4574ea3809f.career-pages.com/jobs/search,parent of 5 other rows
3,https://careers.alaska.edu/university-of-alaska-anchorage,outside this school's posting path
3,https://careers.alaska.edu/university-of-alaska-fairbanks,outside this school's posting path
3,https://careers.alaska.edu/university-of-alaska-southeast,outside this school's posting path
3,https://careers.alaska.edu/university-of-alaska-system-office,outside this school's posting path
402,https://northcentralcollege.peopleadmin.com/postings/search?utf8=%E2%9C%93&query=&query_v0_posted_at_date=&query_organizational_tier_3_id=any&435=&query_position_type_id=1&680=&commit=Search,section page (/search)
409,https://www.augustana.edu/academics/core/careers,section page (/careers)
413,https://www.schooljobs.com/careers/govst,parent of 13 other rows
413,https://www.schooljobs.com/careers/govst/jobInterestCards/categories,section page (/categories)
413,https://www.governmentjobs.com,site root
413,https://www.schooljobs.com,site root
416,https://www.trine.edu/career-services/,outside this school's posting path
416,https://www.trine.edu/career-services/employers.aspx,outside this school's posting path
416,https://careers.compass-usa.com/,site root
416,https://www.follett.com/careers,section page (/careers)
416,https://www.trine.edu/human-resources/careers/,the careers link itself
416,https://a.cms.omniupdate.com/11/?skin=oucampus&account=trine&site=www-2023&action=de&path=/human-resources/careers/index.pcf,outside this school's posting path
417,https://www.trine.edu/career-services/,outside this school's posting path
417,https://www.trine.edu/career-services/employers.aspx,outside this school's posting path
417,https://careers.compass-usa.com/,site root
417,https://www.follett.com/careers,section page (/careers)
417,https://www.trine.edu/human-resources/careers/,parent of 58 other rows
417,https://a.cms.omniupdate.com/11/?skin=oucampus&account=trine&site=www-2023&action=de&path=/human-resources/careers/index.pcf,outside this school's posting path
418,https://bloomington.iu.edu/student-support/career-services-jobs/,parent of 3 other rows
418,https://bloomington.iu.edu/student-support/career-services-jobs/part-time-jobs/,category page (/part-time-jobs)
420,https://career8.successfactors.com/career?career_company=CGNA&lang=en_US&company=CGNA&site=&loginFlowRequired=true&_s.crb=oRIKMna7ittmbPh3Cmu1kWcFafA%3d,section page (/career)
420,https://www.altogethergreat.com/,site root
420,https://www.altogethergreat.com/jobs,section page (/jobs)
421,http://careers.usi.edu/,site root
423,https://purdueuniversity.valhalla.stage.jobs2web.com/FW,the careers link itself
423,https://purdueuniversity.valhalla.stage.jobs2web.com/FW?locale=en_US,parent of 2 other rows
424,https://www.sf.edu/about/offices-and-departments/careers/benefits/,section page (/benefits)
424,https://www.sf.edu/about/offices-and-departments/careers/,the careers link itself
433,https://indianapolis.iu.edu/academics/hands-on-learning/profiles-of-learning.html,the careers link itself
433,https://indianapolis.iu.edu/student-support/career-services-jobs/,parent of 2 other rows
435,https://www.martin.edu/jobreadyindy,the careers link itself
435,https://www.in.gov/dwd/career-training-adult-ed/employability-skills/,outside this school's posting path
441,https://southeast.iu.edu/academics/explore-careers/index.html,the careers link itself
441,https://southeast-iu.lightcastcc.com/?radius=&region=Louisville%20Metro,site root
441,https://translate.google.com/translate?hl=&sl=en&tl=es&u=southeast.iu.edu/academics/explore-careers/index.html,outside this school's posting path
442,https://www.manchester.edu/employment-opportunities/,the careers link itself
443,https://www.hcc-nd.edu/career-opportunities/,the careers link itself
444,http://careers.saintmarys.edu/,site root
446,https://www.oak.edu/academics/career-pathways-program/,the careers link itself
446,https://www.oak.edu/jobs/,section page (/jobs)
448,https://east.iu.edu/red-wolf-central/academic-career/index.html,the careers link itself
448,https://east.iu.edu/red-wolf-life/career-readiness/index.html,outside this school's posting path
448,https://east.iu.edu/jobs/index.html,outside this school's posting path
449,https://www.smwc.edu/offices-resources/offices/office-of-people-success-and-opportunity/employment-opportunities/,the careers link itself
455,https://purdueuniversity.valhalla.stage.jobs2web.com,site root
455,https://careers.purdue.edu?locale=en_US,site root
455,https://careers.purdue.edu/,site root
455,https://twitter.com/purduecareers?lang=en,filter variant of a listing URL
459,https://www.bakeru.edu/about-baker/careers-baker,the careers link itself
461,https://www.barclaycollege.edu/jobs/,the careers link itself
461,https://www.barclaycollege.edu/jobs?feed=job_feed&job_types=freelance%2Cfull-time%2Cinternship%2Cpart-time%2Ctemporary&search_location&job_categories&search_keywords&author,parent of 3 other rows
462,https://fhsu.wd503.myworkdayjobs.com/CAREERS,section page (/CAREERS)
462,https://foundation.fhsu.edu/about/careers/,section page (/careers)
462,https://www.fhsu.edu/career/index,section page (/index)
462,https://www.fhsu.edu/career/jft/index,section page (/index)
462,https://www.fhsu.edu/humanresourceoffice/positions,the careers link itself
464,https://employment.ku.edu/jobs,parent of 3 other rows
464,https://employment.ku.edu/jobs/faculty,section page (/faculty)
464,https://employment.ku.edu/jobs/staff,section page (/staff)
464,https://employment.ku.edu/jobs/students,section page (/students)
464,https://www.paycomonline.net/v4/ats/web.php/jobs?clientkey=895D6B8836F6E4C74A0A43AAB4F8638E,section page (/jobs)
464,https://union.ku.edu/jobs,parent of 3 other rows
464,https://kuendowment.org/home/careers/,section page (/careers)
464,https://employment.ku.edu,site root
467,https://careers.k-state.edu//me/settings,outside this school's posting path
467,https://careers.k-state.edu/home,section page (/home)
467,https://careers.k-state.edu//jobs/search,section page (/search)
467,https://k-state.career-pages.com/jobs/search?page=1&employment_type_uids%5B%5D=400d3454a10fdcec6ba0e78fbc3ad7e1&employment_type_uids%5B%5D=bbef74e48775278954eccf8258fa414f&employment_type_uids%5B%5D=ebac341cb3d4f473118596bc1cd10dfa&employment_type_uids%5B%5D=ddbd6b5f487c8906772abb2227cd73de&query=,section page (/search)
467,https://k-state.career-pages.com/jobs/search?page=1&employment_type_uids%5B%5D=c37630a5389be7abeee7288f8de346fe&employment_type_uids%5B%5D=ebac341cb3d4f473118596bc1cd10dfa&employment_type_uids%5B%5D=259b02adf3f8fba86ad7fd844964c2d8&employment_type_uids%5B%5D=ddbd6b5f487c8906772abb2227cd73de&employment_type_uids%5B%5D=1f984f90669a0b3da3ac7d49192a9f6e&employment_type_uids%5B%5D=f58d7443d4a2cae219f9d439b3f16480&employment_type_uids%5B%5D=651268fca3e4d0887d206b5550c0d673&employment_type_uids%5B%5D=06decb14987c0a06594be2fef3a3a769&employment_type_uids%5B%5D=d9b17a52f550180f94f2a402d80ed83e&employment_type_uids%5B%5D=267f62f479a5f4acda93006ffbda1ce7&query=,section page (/search)
467,https://internal-careers.k-state.edu/jobs/search,section page (/search)
467,https://www.k-state.edu/careercenter/students/lets_go/handshake/,outside this school's posting path
467,https://www.k-state.edu/hr/careers/executive-profile/,outside this school's posting path
467,https://www.k-state.edu/employment/,the careers link itself
471,https://www.bethelks.edu/about-bethel/career-opportunities/,outside this school's posting path
476,https://www.kwu.edu/about/careers/,the careers link itself
476,https://www.kwu.edu/about/careers/#jobopenings,section page (/careers)
478,https://careers.washburn.edu,site root
478,https://careers.washburn.edu/jobs/search,the careers link itself
478,https://careers.washburn.edu/jobs/search?page=1,section page (/search)
478,https://careers.washburn.edu/jobs/search?page=2,section page (/search)
478,https://www.washburn.edu/faculty-staff/human-resources/employment-opportunities/index.html,outside this school's posting path
47,https://www.saumag.edu/career-services,outside this school's posting path
47,https://www.saumag.edu/human-resources/employment-opportunities/,outside this school's posting path
47,https://www.saumag.edu/human-resources/category/employment-opportunities/faculty-positions/,the careers link itself
47,https://www.saumag.edu/human-resources/category/employment-opportunities/staff-positions/,category page (/staff-positions)
481,https://jobs.wichita.edu/home,section page (/home)
481,https://internal-jobs.wichita.edu/jobs/search,parent of 2 other rows
481,https://wichita-state-university-careers.career-pages.com/jobs/search?query=,the careers link itself
481,https://jobs.wichita.edu/me/settings,outside this school's posting path
481,https://wichita-state-university-careers.career-pages.com/jobs/search?page=1&query=,parent of 2 other rows
481,https://wichita-state-university-careers.career-pages.com/jobs/search?page=2&query=,parent of 2 other rows
481,https://wichita-state-university-careers.career-pages.com/jobs/search?page=3&query=,parent of 2 other rows
481,https://wichita-state-university-careers.career-pages.com/jobs/search?page=4&query=,parent of 2 other rows
481,https://wichita-state-university-careers.career-pages.com/jobs/search?page=5&query=,parent of 2 other rows
481,https://wichita-state-university-careers.career-pages.com/jobs/search?page=6&query=,parent of 2 other rows
481,https://wichita-state-university-careers.career-pages.com/jobs/search?page=7&query=,parent of 2 other rows
483,https://www.unionky.edu/about/human-resources/employment-opportunities/faculty-positions,the careers link itself
484,https://www.schooljobs.com/careers/berea,parent of 12 other rows
484,https://www.schooljobs.com/careers/berea/jobInterestCards/categories,section page (/categories)
484,https://www.governmentjobs.com,site root
484,https://www.schooljobs.com,site root
489,https://careers.centre.edu/account/login/,action page (/login)
489,https://careers.centre.edu/,site root
489,https://careers.centre.edu/channels/alumni/,section page (/alumni)
489,https://careers.centre.edu/channels/staff/,section page (/staff)
489,https://careers.centre.edu/channels/student/,section page (/student)
489,https://careers.centre.edu/channels/search-for-a-job/,the careers link itself
489,https://careers.centre.edu/staff/,section page (/staff)
489,https://careers.centre.edu/staff/#joy-asher,section page (/staff)
489,https://careers.centre.edu/jobs/?stag[]=search-for-a-job,section page (/jobs)
489,https://careers.centre.edu/resources/,parent of 7 other rows
489,https://www.facebook.com/sharer/sharer.php?u=https%3A%2F%2Fcareers.centre.edu%2Fresources%2Fnumbeo-cost-of-living%2F,filter variant of a listing URL
489,http://www.linkedin.com/cws/share?token&isFramed=false&url=https%3A%2F%2Fcareers.centre.edu%2Fresources%2Fnumbeo-cost-of-living%2F,action page (/share)
489,https://twitter.com/intent/tweet?text=NUMBEO+%28Cost+of+Living%29&url=https%3A%2F%2Fcareers.centre.edu%2F%3Fp%3D510668,filter variant of a listing URL
489,https://www.facebook.com/sharer/sharer.php?u=https%3A%2F%2Fcareers.centre.edu%2Fresources%2Flinkedin-learning%2F,filter variant of a listing URL
489,http://www.linkedin.com/cws/share?token&isFramed=false&url=https%3A%2F%2Fcareers.centre.edu%2Fresources%2Flinkedin-learning%2F,action page (/share)
489,https://twitter.com/intent/tweet?text=LinkedIn+Learning&url=https%3A%2F%2Fcareers.centre.edu%2F%3Fp%3D393655,filter variant of a listing URL
489,https://www.facebook.com/sharer/sharer.php?u=https%3A%2F%2Fcareers.centre.edu%2Fresources%2Ffuturiti%2F,filter variant of a listing URL
489,http://www.linkedin.com/cws/share?token&isFramed=false&url=https%3A%2F%2Fcareers.centre.edu%2Fresources%2Ffuturiti%2F,action page (/share)
489,https://twitter.com/intent/tweet?text=Futuriti&url=https%3A%2F%2Fcareers.centre.edu%2F%3Fp%3D262020,filter variant of a listing URL
489,https://www.facebook.com/sharer/sharer.php?u=https%3A%2F%2Fcareers.centre.edu%2Fresources%2Fidentify-fraudulent-jobs-opportunities%2F,filter variant of a listing URL
489,http://www.linkedin.com/cws/share?token&isFramed=false&url=https%3A%2F%2Fcareers.centre.edu%2Fresources%2Fidentify-fraudulent-jobs-opportunities%2F,action page (/share)
489,https://twitter.com/intent/tweet?text=Identify+Fraudulent+Jobs+Opportunities&url=https%3A%2F%2Fcareers.centre.edu%2F%3Fp%3D95159,filter variant of a listing URL
489,https://www.facebook.com/sharer/sharer.php?u=https%3A%2F%2Fcareers.centre.edu%2Fresources%2Fsocial-media-tips-for-job-seeking-college-students%2F,filter variant of a listing URL
489,http://www.linkedin.com/cws/share?token&isFramed=false&url=https%3A%2F%2Fcareers.centre.edu%2Fresources%2Fsocial-media-tips-for-job-seeking-college-students%2F,action page (/share)
489,https://twitter.com/intent/tweet?text=Social+Media+Tips+for+Job+Seeking+College+Students&url=https%3A%2F%2Fcareers.centre.edu%2F%3Fp%3D93454,filter variant of a listing URL
489,https://www.facebook.com/sharer/sharer.php?u=https%3A%2F%2Fcareers.centre.edu%2Fresources%2Fforage%2F,filter variant of a listing URL
489,http://www.linkedin.com/cws/share?token&isFramed=false&url=https%3A%2F%2Fcareers.centre.edu%2Fresources%2Fforage%2F,action page (/share)
489,https://twitter.com/intent/tweet?text=Forage&url=https%3A%2F%2Fcareers.centre.edu%2F%3Fp%3D21745,filter variant of a listing URL
489,https://careers.centre.edu/resources/?shared_category=search-for-a-job&not_ctag%5B0%5D=day-1&not_ctag%5B1%5D=day-14&not_ctag%5B2%5D=day-21&not_ctag[]=day-7,parent of 7 other rows
489,https://careers.centre.edu/videos/?shared_category=search-for-a-job,parent of 5 other rows
489,https://careers.centre.edu/staff/#jess-metzmeier,section page (/staff)
489,https://careers.centre.edu/staff/#kirk-knott,section page (/staff)
489,https://careers.centre.edu/staff/#nate-meissner,section page (/staff)
489,https://careers.centre.edu/staff/#lainy-castaneda,section page (/staff)
489,https://careers.centre.edu/staff/#kaitlyn-overstreet,section page (/staff)
489,https://careers.centre.edu/staff/#michael-taylor,section page (/staff)
489,https://careers.centre.edu/staff/#laura-hill,section page (/staff)
489,https://careers.centre.edu/staff/#genny-ballard,section page (/staff)
489,https://careers.centre.edu/staff/#bryana-miracle,section page (/staff)
489,https://careers.centre.edu/staff/#sherri-gowins,section page (/staff)
489,https://centre.uconnectlabs.com/jobs/,section page (/jobs)
489,https://www.gouconnect.com/?utm_source=careers.centre.edu&utm_medium=client-footer,site root
491,https://www.georgetowncollege.edu/about-gc/resources/careers/,section page (/careers)
495,https://careers.uky.edu/,site root
495,https://ukjobs.uky.edu,site root
500,https://www.moreheadstate.edu/student-support/career-ready/index,section page (/index)
500,https://www.moreheadstate.edu/student-support/career-ready/education-abroad/index,section page (/index)
500,https://www.moreheadstate.edu/student-support/career-ready/level-up/index,section page (/index)
500,https://www.moreheadstate.edu/student-support/career-ready/service-learning/index,section page (/index)
500,https://www.moreheadstate.edu/student-support/career-ready/student-research/index,section page (/index)
500,https://www.moreheadstate.edu/about-msu/leadership/administration/human-resources/careers,the careers link itself
501,https://www.murraystatejobs.com/postings/search,the careers link itself
501,https://www.murraystatejobs.com/interest_cards,outside this school's posting path
501,https://www.murraystatejobs.com/postings/search?sort=520+asc,section page (/search)
501,https://www.murraystatejobs.com/postings/search?sort=521+asc,section page (/search)
501,https://www.murraystatejobs.com/postings/search?sort=518+asc,section page (/search)
501,https://www.murraystatejobs.com/postings/search?sort=517+asc,section page (/search)
501,https://www.murraystatejobs.com/bookmarks?posting_id=12857,action page (/bookmarks)
501,https://www.murraystatejobs.com/bookmarks?posting_id=12856,action page (/bookmarks)
501,https://www.murraystatejobs.com/bookmarks?posting_id=12854,action page (/bookmarks)
501,https://www.murraystatejobs.com/bookmarks?posting_id=12851,action page (/bookmarks)
501,https://www.murraystatejobs.com/bookmarks?posting_id=12845,action page (/bookmarks)
501,https://www.murraystatejobs.com/bookmarks?posting_id=12841,action page (/bookmarks)
501,https://www.murraystatejobs.com/bookmarks?posting_id=12837,action page (/bookmarks)
501,https://www.murraystatejobs.com/bookmarks?posting_id=12835,action page (/bookmarks)
501,https://www.murraystatejobs.com/bookmarks?posting_id=12834,action page (/bookmarks)
501,https://www.murraystatejobs.com/bookmarks?posting_id=12833,action page (/bookmarks)
501,https://www.murraystatejobs.com/bookmarks?posting_id=12815,action page (/bookmarks)
501,https://www.murraystatejobs.com/bookmarks?posting_id=12808,action page (/bookmarks)
501,https://www.murraystatejobs.com/bookmarks?posting_id=12807,action page (/bookmarks)
501,https://www.murraystatejobs.com/bookmarks?posting_id=12793,action page (/bookmarks)
501,https://www.murraystatejobs.com/bookmarks?posting_id=12763,action page (/bookmarks)
501,https://www.murraystatejobs.com/bookmarks?posting_id=12739,action page (/bookmarks)
501,https://www.murraystatejobs.com/bookmarks?posting_id=12738,action page (/bookmarks)
501,https://www.murraystatejobs.com/bookmarks?posting_id=12733,action page (/bookmarks)
501,https://www.murraystatejobs.com/bookmarks?posting_id=12704,action page (/bookmarks)
501,https://www.murraystatejobs.com/bookmarks?posting_id=12683,action page (/bookmarks)
501,https://www.murraystatejobs.com/bookmarks?posting_id=12637,action page (/bookmarks)
506,https://careers.eku.edu,site root
506,https://careers.eku.edu/jobs/search,the careers link itself
506,https://careers.eku.edu/jobs/search?page=1,section page (/search)
506,https://careers.eku.edu/jobs/search?page=2,section page (/search)
506,https://careers.eku.edu/jobs/search?page=3,section page (/search)
506,https://careers.eku.edu/jobs/search?page=4,section page (/search)
506,https://careers.eku.edu/jobs/search?page=5,section page (/search)
506,https://careers.eku.edu/jobs/search?page=6,section page (/search)
516,https://agency.governmentjobs.com/careers/louisiana,parent of 22 other rows
516,https://agency.governmentjobs.com/careers/Home?page=2,section page (/Home)
516,https://agency.governmentjobs.com/careers/Home?page=3,section page (/Home)
516,https://agency.governmentjobs.com/careers/Home?page=4,section page (/Home)
516,https://agency.governmentjobs.com/careers/Home?page=5,section page (/Home)
516,https://agency.governmentjobs.com/careers/Home?page=6,section page (/Home)
516,https://agency.governmentjobs.com/careers/Home?page=7,section page (/Home)
516,https://agency.governmentjobs.com/careers/Home?page=8,section page (/Home)
516,https://agency.governmentjobs.com/careers/Home?page=9,section page (/Home)
516,https://agency.governmentjobs.com/careers/Home?page=10,section page (/Home)
516,https://agency.governmentjobs.com/careers/louisiana/jobInterestCards/categories,section page (/categories)
516,https://jobs.la.gov/,site root
516,https://www.governmentjobs.com,site root
516,https://www.schooljobs.com,site root
517,https://www.governmentjobs.com/careers/louisiana/northwesternstate,parent of 7 other rows
517,https://www.governmentjobs.com/careers/louisiana,parent of 12 other rows
517,https://www.governmentjobs.com/careers/louisiana/northwesternstate/jobInterestCards/categories,section page (/categories)
517,https://www.governmentjobs.com,site root
517,https://www.schooljobs.com,site root
519,https://www.governmentjobs.com/careers/loyno,parent of 12 other rows
519,https://www.governmentjobs.com/careers/loyno/jobInterestCards/categories,section page (/categories)
519,https://www.governmentjobs.com,site root
519,https://www.schooljobs.com,site root
522,https://uhcno.edu/hr/jobs/index.php,the careers link itself
522,https://a.cms.omniupdate.com/11/?skin=oucampus&account=uhc&site=www&action=de&path=/hr/jobs/index.pcf,outside this school's posting path
523,https://www.uno.edu/careers,the careers link itself
523,https://www.uno.edu/career-services/students,section page (/students)
523,https://www.uno.edu/careers#main-content,section page (/careers)
527,https://www.centenary.edu/directories/offices-services-directory/human-resources/job-opportunities/,the careers link itself
527,http://www.centenary.edu/jobs,section page (/jobs)
534,https://jobs.silkroad.com/BU/External,the careers link itself
535,https://www.cambridgecollege.edu/es/life-at-cc/career-life-planning-center,the careers link itself
539,https://hr.northeastern.edu/careers/job-listings/,the careers link itself
539,https://hr.northeastern.edu/careers/locations/,section page (/locations)
539,https://hr.northeastern.edu/careers/,parent of 4 other rows
539,https://northeastern.wd1.myworkdayjobs.com/careers,parent of 4 other rows
542,https://hr.umb.edu/employees/payroll/job-aids/,the careers link itself
544,https://careers.bridgew.edu/account/login/,action page (/login)
544,https://careers.bridgew.edu/account/signup/start/,outside this school's posting path
544,https://careers.bridgew.edu/account/guests/,outside this school's posting path
544,https://careers.bridgew.edu/,site root
544,https://careers.bridgew.edu/customize-your-experience-with-careers-bridgew-edu/,outside this school's posting path
544,https://careers.bridgew.edu/channels/student/,section page (/student)
544,https://careers.bridgew.edu/channels/alumni/,section page (/alumni)
544,https://careers.bridgew.edu/channels/staff/,section page (/staff)
544,https://careers.bridgew.edu/digital-content-library/,outside this school's posting path
544,https://careers.bridgew.edu/careerdesign/,outside this school's posting path
544,https://careers.bridgew.edu/support-bsu-works/,outside this school's posting path
544,https://careers.bridgew.edu/csi-reports/,outside this school's posting path
544,https://careers.bridgew.edu/schedule-appointments/,outside this school's posting path
544,https://careers.bridgew.edu/vendor-resource-requests/,outside this school's posting path
544,https://careers.bridgew.edu/outcomes/,outside this school's posting path
544,https://www.facebook.com/sharer/sharer.php?u=https%3A%2F%2Fcareers.bridgew.edu%2Fblog%2F2024%2F02%2F16%2Fhow-transparency-in-job-postings-improves-recruiting-outcomes%2F,outside this school's posting path
544,http://www.linkedin.com/cws/share?token&isFramed=false&url=https%3A%2F%2Fcareers.bridgew.edu%2Fblog%2F2024%2F02%2F16%2Fhow-transparency-in-job-postings-improves-recruiting-outcomes%2F,action page (/share)
544,https://twitter.com/intent/tweet?text=How+Transparency+in+Job+Postings+Improves+Recruiting+Outcomes&url=https%3A%2F%2Fcareers.bridgew.edu%2F%3Fp%3D13597,outside this school's posting path
544,https://www.hospitalrecruiting.com/employers/sign-up/,outside this school's posting path
544,https://instagram.com/BSUCareers,outside this school's posting path
544,https://www.linkedin.com/company/bsu-career-services-internships-office/,outside this school's posting path
544,https://www.youtube.com/@bsucareerserv,outside this school's posting path
544,https://careers.bridgew.edu/blog/,parent of 3 other rows
544,https://bridgewater.uconnectlabs.com/jobs/,section page (/jobs)
544,https://careers.bridgew.edu/privacy-policy/,outside this school's posting path
544,https://careers.bridgew.edu/terms-of-service/,outside this school's posting path
544,https://www.gouconnect.com/?utm_source=careers.bridgew.edu&utm_medium=client-footer,site root
548,https://lesley.edu/my-organizations-goals/recruit-talent/priority-job-matching-program,the careers link itself
549,https://hr.mit.edu/jobs,the careers link itself
549,https://hr.mit.edu/jobs/search,section page (/search)
549,https://hr.mit.edu/your-career,parent of 10 other rows
549,https://hr.mit.edu/your-career/learn,parent of 7 other rows
549,https://hr.mit.edu/your-career/learn/siy/more,section page (/more)
549,https://hr.mit.edu/managers/jobs,section page (/jobs)
54,https://careers.nau.edu/jobs/search,section page (/search)
550,https://www.bc.edu/ats/careersite/login.aspx?c=bc&site=2&lang=en-US&returnurl=~%2Fux%2Fats%2Fcareersite%2F2%2Fhome%3Fc%3Dbc%26lang%3Den-US,action page (/login.aspx)
550,https://www.bc.edu/ats/careersite/createprofile.aspx?c=bc&site=2&lang=en-US&returnurl=~%2Fux%2Fats%2Fcareersite%2F2%2Fhome%3Fc%3Dbc%26lang%3Den-US,filter variant of a listing URL
550,https://www.bc.edu/studentemployment,outside this school's posting path
550,https://bc.csod.com/ats/careersite/createprofile.aspx,outside this school's posting path
550,https://bc.csod.com/ats/careersite/login.aspx,action page (/login.aspx)
551,https://jobs.masslive.com/search?keyword=elms+college&location=Springfield%2C+MA&radius_mi=10,section page (/search)
552,https://www.nichols.edu/career-readiness/,parent of 13 other rows
552,https://www.nichols.edu/career-readiness/professional-development/,parent of 5 other rows
552,https://www.nichols.edu/career-readiness/professional-development/slp/,parent of 3 other rows
552,https://www.nichols.edu/career-readiness/experiential-learning/,parent of 4 other rows
552,https://www.nichols.edu/career-readiness/experiential-learning/global-learning/,parent of 3 other rows
555,https://www.framingham.edu/about-fsu/careers-fsu,the careers link itself
558,https://www.uml.edu/academics/programs/?career=undergraduate,filter variant of a listing URL
558,https://www.uml.edu/academics/programs/?career=graduate,filter variant of a listing URL
559,https://jobs.tufts.edu/jobs,the careers link itself
559,https://careers-tuftscareers.icims.com/jobs/login,action page (/login)
559,https://internal-tuftscareers.icims.com/jobs/intro?hashed=-625948431,action page (/intro)
559,https://careers-tuftscareers.icims.com/jobs/23466/login,action page (/login)
559,https://careers-tuftscareers.icims.com/jobs/23420/login,action page (/login)
559,https://careers-tuftscareers.icims.com/jobs/23620/login,action page (/login)
559,https://careers-tuftscareers.icims.com/jobs/23581/login,action page (/login)
559,https://careers-tuftscareers.icims.com/jobs/23621/login,action page (/login)
559,https://careers-tuftscareers.icims.com/jobs/23625/login,action page (/login)
559,https://careers-tuftscareers.icims.com/jobs/23626/login,action page (/login)
559,https://careers-tuftscareers.icims.com/jobs/23302/login,action page (/login)
559,https://careers-tuftscareers.icims.com/jobs/23573/login,action page (/login)
559,https://careers-tuftscareers.icims.com/jobs/23594/login,action page (/login)
559,https://careers-tuftscareers.icims.com/jobs/23248/login,action page (/login)
560,https://www.curry.edu/about-us/community-resources/human-resources-and-employment/job-opportunities,the careers link itself
561,https://www.paycomonline.net/v4/ats/web.php/jobs?clientkey=AE469E23D63EE01425E773C19A546C6B&session_nonce=07d1668d2c8bd90c2176cd4466ed001a,section page (/jobs)
561,https://lasellvillage.com/careers/,section page (/careers)
564,https://www.umassd.edu/site-structure/jobs/,section page (/jobs)
564,https://careers.umassd.edu/en-us/listing/,section page (/listing)
564,http://careers.massachusetts.edu/dartmouth/en-us/subscribe/,action page (/subscribe)
564,https://careers.umassd.edu,site root
564,https://www.umassd.edu/research/openings/,section page (/openings)
564,https://www.umassd.edu/career/,section page (/career)
566,https://www.wheatoncollege.edu/academics/life-and-career-design-institute/,the careers link itself
566,https://www.wheatoncollege.edu/academics/life-and-career-design-institute/faculty/,section page (/faculty)
566,https://www.wheatoncollege.edu/academics/life-and-career-design-institute/students/,section page (/students)
566,https://wheatoncollege.edu/academics/life-and-career-design-institute/students/,section page (/students)
566,https://wheatoncollege.edu/academics/life-and-career-design-institute/faculty/,section page (/faculty)
566,https://wheatonma.joinhandshake.com/edu/postings,section page (/postings)
569,https://salem-state-university.career-pages.com/jobs/search,the careers link itself
569,https://salem-state-university.career-pages.com/jobs/search?page=1,section page (/search)
569,https://salem-state-university.career-pages.com/jobs/search?page=2,section page (/search)
572,https://www.schooljobs.com/careers/springfieldcollege,parent of 14 other rows
572,https://www.schooljobs.com/careers/springfieldcollege/jobInterestCards/categories,section page (/categories)
572,https://www.governmentjobs.com,site root
572,https://www.schooljobs.com,site root
575,https://academicjobsonline.org/ajo/jobs,section page (/jobs)
575,https://www.mathjobs.org/jobs/list,section page (/list)
575,https://brandeis.wd5.myworkdayjobs.com/en-US/Jobs,section page (/Jobs)
577,https://careereducation.wellesley.edu/career_exploration,the careers link itself
579,https://careers.westfield.ma.edu/account/login/,action page (/login)
579,https://careers.westfield.ma.edu/account/signup/start/,outside this school's posting path
579,https://careers.westfield.ma.edu/account/guests/,outside this school's posting path
579,https://careers.westfield.ma.edu/,site root
579,https://careers.westfield.ma.edu/staff/,section page (/staff)
579,https://careers.westfield.ma.edu/channels/student/,section page (/student)
579,https://careers.westfield.ma.edu/channels/exploratory/,outside this school's posting path
579,https://careers.westfield.ma.edu/labor-market-insights/,the careers link itself
579,https://careers.westfield.ma.edu/channels/arts-media-marketing-communications/,outside this school's posting path
579,https://careers.westfield.ma.edu/channels/business-management/,outside this school's posting path
579,https://careers.westfield.ma.edu/channels/counseling-social-justice/,outside this school's posting path
579,https://careers.westfield.ma.edu/channels/criminal-justice-government-law/,outside this school's posting path
579,https://careers.westfield.ma.edu/channels/education-career-pathways/,outside this school's posting path
579,https://careers.westfield.ma.edu/channels/finance-accounting/,outside this school's posting path
579,https://careers.westfield.ma.edu/channels/healthcare/,outside this school's posting path
579,https://careers.westfield.ma.edu/channels/information-technology/,outside this school's posting path
579,https://careers.westfield.ma.edu/channels/stem/,outside this school's posting path
579,https://careers.westfield.ma.edu/channels/additional-resources-1/,outside this school's posting path
579,https://careers.westfield.ma.edu/channels/employer/,outside this school's posting path
579,https://careers.westfield.ma.edu/channels/staff/,section page (/staff)
579,https://careers.westfield.ma.edu/channels/career-champion/,outside this school's posting path
579,https://careers.westfield.ma.edu/channels/prospective-students/,outside this school's posting path
579,https://careers.westfield.ma.edu/channels/wsu-career-fairs-events/,outside this school's posting path
579,https://careers.westfield.ma.edu/staff/#junior-delgado,section page (/staff)
579,https://careers.westfield.ma.edu/staff/#giselle-frechette,section page (/staff)
579,https://careers.westfield.ma.edu/staff/#dino-innarelli,section page (/staff)
579,https://careers.westfield.ma.edu/staff/#sharon-welch,section page (/staff)
579,https://careers.westfield.ma.edu/staff/#lori-putnam,section page (/staff)
579,https://careers.westfield.ma.edu/staff/#chelsea-rose-dunham,section page (/staff)
579,https://careers.westfield.ma.edu/staff/#sarah-kraft,section page (/staff)
579,https://westfield.uconnectlabs.com/jobs/,section page (/jobs)
579,https://www.gouconnect.com/?utm_source=careers.westfield.ma.edu&utm_medium=client-footer,site root
587,https://careers.umgc.edu/faculty.html,the careers link itself
587,https://careers.umgc.edu/professional-careers.html,outside this school's posting path
587,https://careers.umgc.edu/jobs/,parent of 247 other rows
587,https://umgc.wd1.myworkdayjobs.com/en-US/UMGC_Careers/login,action page (/login)
587,https://careers.umgc.edu/,site root
587,https://careers.umgc.edu/jobs/?employment_type=Full time,parent of 247 other rows
587,https://careers.umgc.edu/jobs/?employment_type=Part time,parent of 247 other rows
587,https://twitter.com/umgccareers,outside this school's posting path
590,https://facultyjobs.jhu.edu/,site root
590,https://facultyjobs.jhu.edu/positions,section page (/positions)
590,https://hiring.jhu.edu/careers,section page (/careers)
595,https://umbc.edu/jobs,section page (/jobs)
595,https://listings.umbc.edu/cw/en-us/subscribe,action page (/subscribe)
595,https://facultyjobs.umbc.edu/cwfac/en-us/listing/,the careers link itself
595,https://careers.umbc.edu/,site root
597,https://www.washcoll.edu/career.php,outside this school's posting path
597,https://washcollege.clearcompany.com/careers/portal,outside this school's posting path
5,https://internal-auburn.icims.com/jobs/login?_sp=8c5dc3e8-3348-4b1b-b824-ce5b860f113f.1774032735731&&loginOnly=1&redirect=login,action page (/login)
5,https://jobs-auburn.icims.com/jobs/login?_sp=e7c2f829-7e3e-4e44-9d8e-e17c768acc17.1774033003527&_jsqid=dce3099c-cd56-40bd-a639-4f1fde6a6457&loginOnly=1&redirect=&in_iframe=1&hashed=-435618519&_ga=2.245502468.1631360225.1772655492-1367557731.1771433101&_gl=1*wawkwm*_ga*MTM2NzU1NzczMS4xNzcxNDMzMTAx*_ga_5Y2BYGL910*czE3NzM4NjcwMzAkbzkkZzAkdDE3NzM4NjcwNjYkajI0JGwwJGgw,action page (/login)
5,https://jobs.auburn.edu/auburn-careers-home,parent of 13 other rows
5,https://jobs.auburn.edu/auburn/jobs,section page (/jobs)
5,https://internal-auburn.icims.com/jobs/login?&loginOnly=1&redirect=login,action page (/login)
5,https://facultyjobs-auburn.icims.com/jobs/10261/login,action page (/login)
5,https://facultyjobs-auburn.icims.com/jobs/9907/login,action page (/login)
5,https://facultyjobs-auburn.icims.com/jobs/10186/login,action page (/login)
5,https://facultyjobs-auburn.icims.com/jobs/10258/login,action page (/login)
5,https://facultyjobs-auburn.icims.com/jobs/10183/login,action page (/login)
5,https://facultyjobs-auburn.icims.com/jobs/10170/login,action page (/login)
5,https://facultyjobs-auburn.icims.com/jobs/9968/login,action page (/login)
5,https://facultyjobs-auburn.icims.com/jobs/10124/login,action page (/login)
5,https://facultyjobs-auburn.icims.com/jobs/9877/login,action page (/login)
5,https://facultyjobs-auburn.icims.com/jobs/10039/login,action page (/login)
5,https://jobs.auburn.edu/auburn-careers-home/categories,section page (/categories)
5,https://jobs.auburn.edu/auburn-careers-home/locations,section page (/locations)
610,https://careers.aramark.com/,site root
610,https://avi-foodsystems.jobs.net,site root
612,https://www.husson.edu/about/human-resources/index.html,the careers link itself
614,https://careers.bowdoin.edu/postings/search,section page (/search)
614,https://careers.bowdoin.edu/postings/search?commit=Search&query_position_type_id%5B%5D=2&sort=435+asc&utf8=%E2%9C%93,section page (/search)
614,https://careers.bowdoin.edu/postings/search?commit=Search&query_position_type_id%5B%5D=2&sort=226+asc&utf8=%E2%9C%93,section page (/search)
614,https://careers.bowdoin.edu/postings/search?commit=Search&query_position_type_id%5B%5D=2&sort=434+asc&utf8=%E2%9C%93,section page (/search)
614,https://careers.bowdoin.edu/postings/search?commit=Search&query_position_type_id%5B%5D=2&sort=2129+asc&utf8=%E2%9C%93,section page (/search)
614,https://careers.bowdoin.edu/postings/search?commit=Search&query_position_type_id%5B%5D=2&sort=227+asc&utf8=%E2%9C%93,section page (/search)
614,https://careers.bowdoin.edu/bookmarks?posting_id=18351,action page (/bookmarks)
614,https://careers.bowdoin.edu/bookmarks?posting_id=18328,action page (/bookmarks)
614,https://careers.bowdoin.edu/bookmarks?posting_id=18327,action page (/bookmarks)
614,https://careers.bowdoin.edu/bookmarks?posting_id=18298,action page (/bookmarks)
614,https://careers.bowdoin.edu/bookmarks?posting_id=18289,action page (/bookmarks)
614,https://careers.bowdoin.edu/bookmarks?posting_id=18280,action page (/bookmarks)
614,https://careers.bowdoin.edu/bookmarks?posting_id=18279,action page (/bookmarks)
614,https://careers.bowdoin.edu/bookmarks?posting_id=18277,action page (/bookmarks)
614,https://careers.bowdoin.edu/bookmarks?posting_id=18155,action page (/bookmarks)
614,https://careers.bowdoin.edu/bookmarks?posting_id=18112,action page (/bookmarks)
614,https://careers.bowdoin.edu/bookmarks?posting_id=18110,action page (/bookmarks)
614,https://careers.bowdoin.edu/bookmarks?posting_id=18108,action page (/bookmarks)
614,https://careers.bowdoin.edu/bookmarks?posting_id=18107,action page (/bookmarks)
614,https://careers.bowdoin.edu/bookmarks?posting_id=18104,action page (/bookmarks)
614,https://careers.bowdoin.edu/bookmarks?posting_id=18102,action page (/bookmarks)
614,https://careers.bowdoin.edu/bookmarks?posting_id=18087,action page (/bookmarks)
615,https://mainemaritime.edu/employment-at-mma/staff-positions/,category page (/staff-positions)
615,https://mainemaritime.edu/employment-at-mma/faculty-positions/,the careers link itself
618,https://www.bates.edu/career/,the careers link itself
629,https://www.schooljobs.com/careers/alma,parent of 12 other rows
629,https://www.schooljobs.com/careers/alma/jobInterestCards/categories,section page (/categories)
629,https://www.governmentjobs.com,site root
629,https://www.schooljobs.com,site root
631,https://careers.umich.edu/search-jobs,the careers link itself
631,https://careers.umich.edu/career-development,outside this school's posting path
631,https://careers.umich.edu/search/feed/advanced,outside this school's posting path
631,https://careers.umich.edu/browse-jobs/positions,section page (/positions)
631,https://careers.umich.edu/browse-jobs/departments,section page (/departments)
633,https://jobs.ferris.edu/en-us/listing/,the careers link itself
633,https://jobs.ferris.edu/en-us/job/498196/recreation-center-student-mngr-student-position,category page (/recreation-center-student-mngr-student-position)
633,https://jobs.ferris.edu/en-us/job/498199/lgbtq-resource-student-asst-student-position,category page (/lgbtq-resource-student-asst-student-position)
633,https://jobs.ferris.edu/en-us/job/498195/torch-freelance-reporter-student-position,category page (/torch-freelance-reporter-student-position)
633,https://jobs.ferris.edu/en-us/job/498191/esports-and-digital-lab-monitor-student-position,category page (/esports-and-digital-lab-monitor-student-position)
633,https://jobs.ferris.edu/en-us/listing/?page=2&page-items=20,section page (/listing)
633,https://careersmanager.pageuppeople.com/1010/cw/en-us/subscribe,action page (/subscribe)
634,https://careers.umich.edu/search-jobs,the careers link itself
634,https://careers.umich.edu/career-development,outside this school's posting path
634,https://careers.umich.edu/search/feed/advanced,outside this school's posting path
634,https://careers.umich.edu/browse-jobs/positions,section page (/positions)
634,https://careers.umich.edu/browse-jobs/departments,section page (/departments)
635,https://www.udmercy.edu/faculty-staff/hr/jobs.php,the careers link itself
638,https://www.kettering.edu/co-op-career-design,the careers link itself
638,https://www.kettering.edu/careers,section page (/careers)
639,https://careers.umich.edu/search-jobs,the careers link itself
639,https://careers.umich.edu/career-development,outside this school's posting path
639,https://careers.umich.edu/search/feed/advanced,outside this school's posting path
639,https://careers.umich.edu/browse-jobs/positions,section page (/positions)
639,https://careers.umich.edu/browse-jobs/departments,section page (/departments)
642,https://www.cornerstone.edu/university-offices/career-services,outside this school's posting path
642,https://cornerstone.clearcompany.com/careers/portal,outside this school's posting path
642,https://www.cornerstone.edu/about/employment/,parent of 24 other rows
642,https://www.cornerstone.edu/university-offices/career-services/,outside this school's posting path
642,https://www.cornerstone.edu/cornerstone-enrollment-rises-with-career-ready-christian-worldview-focus/,outside this school's posting path
643,https://post.davenport.edu/category/careers/,the careers link itself
646,https://hope.edu/offices/boerigter-center/,the careers link itself
646,https://hope.edu/jobs/,section page (/jobs)
647,https://www.mtu.edu/career/students/,parent of 4 other rows
647,https://www.mtu.edu/career/employers/,parent of 2 other rows
647,https://www.mtu.edu/career/employers/partner/benefits/,section page (/benefits)
647,https://www.mtu.edu/career/employers/partner/current/,section page (/current)
647,https://www.mtu.edu/career/faculty-staff/,parent of 2 other rows
647,https://www.mtu.edu/career/alumni/,section page (/alumni)
647,https://www.mtu.edu/career/connect/,parent of 3 other rows
647,https://blogs.mtu.edu/career/,parent of 21 other rows
647,https://www.mtu.edu/career/connect/staff/,section page (/staff)
647,https://www.mtu.edu/career/,parent of 21 other rows
647,https://www.mtu.edu/jobs/,section page (/jobs)
649,https://career.kzoo.edu/,site root
649,https://careersinhealth.kzoo.edu/,site root
649,https://careersinhealth.kzoo.edu,site root
649,https://provost.kzoo.edu/faculty-information/facultyjobs/,parent of 2 other rows
650,https://wmich.edu/career,parent of 32 other rows
650,https://wmich.edu/career/students,parent of 4 other rows
650,https://wmich.edu/career/jobfairprep,the careers link itself
650,https://wmich.joinhandshake.com/,site root
650,https://wmich.edu/career/employers,parent of 5 other rows
650,https://wmich.edu/career/faculty,section page (/faculty)
650,https://wmich.edu/career/campus,parent of 5 other rows
650,https://wmich.edu/career/campus/students,section page (/students)
650,https://wmich.edu/career/about,section page (/about)
650,https://wmich.edu/career/contact,section page (/contact)
652,https://jobs.nmu.edu/jobs/search,parent of 2 other rows
652,https://internaljobs.nmu.edu/home,section page (/home)
652,https://nmu.edu/careerservices/handshake,outside this school's posting path
652,https://jobs.nmu.edu/home,section page (/home)
653,https://www.schooljobs.com/careers/northwoodu,parent of 11 other rows
653,https://www.schooljobs.com/careers/northwoodu/jobInterestCards/categories,section page (/categories)
653,https://www.governmentjobs.com,site root
653,https://www.schooljobs.com,site root
654,https://www.jobs.cmich.edu/postings/search,the careers link itself
654,https://www.jobs.cmich.edu/postings/search?utf8=%E2%9C%93&query=&query_v0_posted_at_date=&369%5B%5D=29&372=&734=&commit=Search,section page (/search)
654,https://www.jobs.cmich.edu/postings/search?query=&query_v0_posted_at_date=&query_position_type_id=&369=17&370=Any&371=Any&372=&commit=Search,section page (/search)
654,https://www.jobs.cmich.edu/postings/search?utf8=%E2%9C%93&query=&query_v0_posted_at_date=&369%5B%5D=27&372=&734=&commit=Search,section page (/search)
654,https://www.jobs.cmich.edu/postings/search?query=&query_v0_posted_at_date=&query_position_type_id=2&369=Any&370=Any&371=Any&372=&commit=Search,section page (/search)
654,https://www.jobs.cmich.edu/postings/search?utf8=%E2%9C%93&query=&query_v0_posted_at_date=&369%5B%5D=28&372=&734=&commit=Search,section page (/search)
654,https://www.jobs.cmich.edu/postings/search?query=&query_v0_posted_at_date=&query_position_type_id=&369=13&370=Any&371=Any&372=&commit=Search,section page (/search)
654,https://www.jobs.cmich.edu/postings/search?query=&query_v0_posted_at_date=&query_position_type_id=&369=21&370=Any&371=Any&372=&commit=Search,section page (/search)
654,https://www.jobs.cmich.edu/postings/search?query=&query_v0_posted_at_date=&query_position_type_id=&369=14&370=Any&371=Any&372=&commit=Search,section page (/search)
654,https://www.jobs.cmich.edu/postings/search?query=&query_v0_posted_at_date=&query_position_type_id=&369=15&370=Any&371=Any&372=&commit=Search,section page (/search)
654,https://www.jobs.cmich.edu/postings/search?query=&query_v0_posted_at_date=&query_position_type_id=&369=10&370=Any&371=Any&372=&commit=Search,section page (/search)
654,https://www.jobs.cmich.edu/postings/search?query=&query_v0_posted_at_date=&query_position_type_id=&369=11&370=Any&371=Any&372=&commit=Search,section page (/search)
654,https://www.jobs.cmich.edu/postings/search?query=&query_v0_posted_at_date=&query_position_type_id=&369=16&370=Any&371=Any&372=&commit=Search,section page (/search)
654,https://www.jobs.cmich.edu/postings/search?query=&query_v0_posted_at_date=&query_position_type_id=&369=23&370=Any&371=Any&372=&734=&commit=Search,section page (/search)
654,https://www.jobs.cmich.edu/postings/search?query=&query_v0_posted_at_date=&query_position_type_id=&369=18&370=Any&371=Any&372=&commit=Search,section page (/search)
654,https://www.jobs.cmich.edu/postings/search?query=&query_v0_posted_at_date=&query_position_type_id=&369=20&370=Any&371=Any&372=&commit=Search,section page (/search)
654,http://med.cmich.edu/cmepcareers,outside this school's posting path
654,https://www.jobs.cmich.edu/postings/search?page=2,section page (/search)
654,https://www.jobs.cmich.edu/postings/search?page=3,section page (/search)
654,https://www.jobs.cmich.edu/postings/search?sort=773+asc,section page (/search)
654,https://www.jobs.cmich.edu/postings/search?sort=369+asc,section page (/search)
654,https://www.jobs.cmich.edu/postings/search?sort=370+asc,section page (/search)
654,https://www.jobs.cmich.edu/postings/search?sort=371+asc,section page (/search)
654,https://www.jobs.cmich.edu/postings/search?sort=374+asc,section page (/search)
654,https://www.jobs.cmich.edu/bookmarks?posting_id=45426,action page (/bookmarks)
654,https://www.jobs.cmich.edu/bookmarks?posting_id=45423,action page (/bookmarks)
654,https://www.jobs.cmich.edu/bookmarks?posting_id=45421,action page (/bookmarks)
654,https://www.jobs.cmich.edu/bookmarks?posting_id=45419,action page (/bookmarks)
654,https://www.jobs.cmich.edu/bookmarks?posting_id=45417,action page (/bookmarks)
654,https://www.jobs.cmich.edu/bookmarks?posting_id=45415,action page (/bookmarks)
654,https://www.jobs.cmich.edu/bookmarks?posting_id=45414,action page (/bookmarks)
654,https://www.jobs.cmich.edu/bookmarks?posting_id=45413,action page (/bookmarks)
654,https://www.jobs.cmich.edu/bookmarks?posting_id=45410,action page (/bookmarks)
654,https://www.jobs.cmich.edu/bookmarks?posting_id=45408,action page (/bookmarks)
654,https://www.jobs.cmich.edu/bookmarks?posting_id=45407,action page (/bookmarks)
654,https://www.jobs.cmich.edu/bookmarks?posting_id=45404,action page (/bookmarks)
654,https://www.jobs.cmich.edu/bookmarks?posting_id=45398,action page (/bookmarks)
654,https://www.jobs.cmich.edu/bookmarks?posting_id=45397,action page (/bookmarks)
654,https://www.jobs.cmich.edu/bookmarks?posting_id=45396,action page (/bookmarks)
654,https://www.jobs.cmich.edu/bookmarks?posting_id=45394,action page (/bookmarks)
654,https://www.jobs.cmich.edu/bookmarks?posting_id=45390,action page (/bookmarks)
654,https://www.jobs.cmich.edu/bookmarks?posting_id=45387,action page (/bookmarks)
654,https://www.jobs.cmich.edu/bookmarks?posting_id=45385,action page (/bookmarks)
654,https://www.jobs.cmich.edu/bookmarks?posting_id=45384,action page (/bookmarks)
654,https://www.jobs.cmich.edu/bookmarks?posting_id=45375,action page (/bookmarks)
654,https://www.jobs.cmich.edu/bookmarks?posting_id=45373,action page (/bookmarks)
654,https://www.jobs.cmich.edu/bookmarks?posting_id=45371,action page (/bookmarks)
654,https://www.jobs.cmich.edu/bookmarks?posting_id=45370,action page (/bookmarks)
654,https://www.jobs.cmich.edu/bookmarks?posting_id=45369,action page (/bookmarks)
654,https://www.jobs.cmich.edu/bookmarks?posting_id=45364,action page (/bookmarks)
654,https://www.jobs.cmich.edu/bookmarks?posting_id=45360,action page (/bookmarks)
654,https://www.jobs.cmich.edu/bookmarks?posting_id=45359,action page (/bookmarks)
654,https://www.jobs.cmich.edu/bookmarks?posting_id=45351,action page (/bookmarks)
654,https://www.jobs.cmich.edu/bookmarks?posting_id=45349,action page (/bookmarks)
657,https://jobs.oakland.edu/postings/search,the careers link itself
657,https://jobs.oakland.edu/postings/search?page=2,section page (/search)
657,https://jobs.oakland.edu/postings/search?page=3,section page (/search)
657,https://jobs.oakland.edu/postings/search?page=4,section page (/search)
657,https://jobs.oakland.edu/postings/search?page=5,section page (/search)
657,https://jobs.oakland.edu/postings/search?page=6,section page (/search)
657,https://jobs.oakland.edu/postings/search?page=7,section page (/search)
657,https://jobs.oakland.edu/postings/search?sort=244+asc,section page (/search)
657,https://jobs.oakland.edu/postings/search?sort=245+asc,section page (/search)
657,https://jobs.oakland.edu/postings/search?sort=246+asc,section page (/search)
657,https://jobs.oakland.edu/postings/search?sort=1197+asc,section page (/search)
657,https://jobs.oakland.edu/bookmarks?posting_id=38970,action page (/bookmarks)
657,https://jobs.oakland.edu/bookmarks?posting_id=38969,action page (/bookmarks)
657,https://jobs.oakland.edu/bookmarks?posting_id=38968,action page (/bookmarks)
657,https://jobs.oakland.edu/bookmarks?posting_id=38967,action page (/bookmarks)
657,https://jobs.oakland.edu/bookmarks?posting_id=38966,action page (/bookmarks)
657,https://jobs.oakland.edu/bookmarks?posting_id=38965,action page (/bookmarks)
657,https://jobs.oakland.edu/bookmarks?posting_id=38964,action page (/bookmarks)
657,https://jobs.oakland.edu/bookmarks?posting_id=38963,action page (/bookmarks)
657,https://jobs.oakland.edu/bookmarks?posting_id=38962,action page (/bookmarks)
657,https://jobs.oakland.edu/bookmarks?posting_id=38961,action page (/bookmarks)
657,https://jobs.oakland.edu/bookmarks?posting_id=38960,action page (/bookmarks)
657,https://jobs.oakland.edu/bookmarks?posting_id=38959,action page (/bookmarks)
657,https://jobs.oakland.edu/bookmarks?posting_id=38958,action page (/bookmarks)
657,https://jobs.oakland.edu/bookmarks?posting_id=38957,action page (/bookmarks)
657,https://jobs.oakland.edu/bookmarks?posting_id=38956,action page (/bookmarks)
657,https://jobs.oakland.edu/bookmarks?posting_id=38955,action page (/bookmarks)
657,https://jobs.oakland.edu/bookmarks?posting_id=38954,action page (/bookmarks)
657,https://jobs.oakland.edu/bookmarks?posting_id=38953,action page (/bookmarks)
657,https://jobs.oakland.edu/bookmarks?posting_id=38952,action page (/bookmarks)
657,https://jobs.oakland.edu/bookmarks?posting_id=38951,action page (/bookmarks)
657,https://jobs.oakland.edu/bookmarks?posting_id=38950,action page (/bookmarks)
657,https://jobs.oakland.edu/bookmarks?posting_id=38949,action page (/bookmarks)
657,https://jobs.oakland.edu/bookmarks?posting_id=38948,action page (/bookmarks)
657,https://jobs.oakland.edu/bookmarks?posting_id=38947,action page (/bookmarks)
657,https://jobs.oakland.edu/bookmarks?posting_id=38946,action page (/bookmarks)
657,https://jobs.oakland.edu/bookmarks?posting_id=38945,action page (/bookmarks)
657,https://jobs.oakland.edu/bookmarks?posting_id=38944,action page (/bookmarks)
657,https://jobs.oakland.edu/bookmarks?posting_id=38943,action page (/bookmarks)
657,https://jobs.oakland.edu/bookmarks?posting_id=38939,action page (/bookmarks)
657,https://jobs.oakland.edu/bookmarks?posting_id=38936,action page (/bookmarks)
660,https://ltu.edu/student-life/student-support/career-services/,outside this school's posting path
660,https://ltu.edu/student-life/student-support/career-services/co-ops/,outside this school's posting path
660,https://ltu.edu/about/human-resources/job-openings/,the careers link itself
669,https://www.schooljobs.com/careers/osb,parent of 12 other rows
669,https://www.schooljobs.com/careers/osb/jobInterestCards/categories,section page (/categories)
669,https://www.governmentjobs.com,site root
669,https://www.schooljobs.com,site root
670,https://crk.umn.edu/career-services,outside this school's posting path
670,https://crk.umn.edu/human-resources/employment,the careers link itself
672,https://hr.umn.edu/job,section page (/job)
672,https://hr.umn.edu/jobs/Why-UMN,parent of 2 other rows
672,https://hr.umn.edu/jobs/Find-Job,parent of 9 other rows
672,https://hr.umn.edu/jobs/Find-Job/UMN-Student-Jobs,category page (/UMN-Student-Jobs)
672,https://hr.umn.edu/jobs/Find-Job/Executive-Searches,parent of 4 other rows
672,https://hr.umn.edu/jobs/Applicant-Support/Veteran-Employment-Guidance,the careers link itself
672,https://hr.umn.edu/jobs/Contact,section page (/Contact)
672,https://hr.umn.edu/jobs,parent of 20 other rows
679,https://www.northcentral.edu/about/employment/current-job-openings/,the careers link itself
67,https://www.puc.edu/campus-services/career-center,outside this school's posting path
67,https://www.puc.edu/campus-services/human-resources/careers,parent of 7 other rows
67,https://www.puc.edu/campus-services/human-resources/faculty-job-postings,the careers link itself
680,https://hr.umn.edu/job,section page (/job)
680,https://hr.umn.edu/jobs/Why-UMN,parent of 2 other rows
680,https://hr.umn.edu/jobs/Find-Job,parent of 9 other rows
680,https://hr.umn.edu/jobs/Find-Job/UMN-Student-Jobs,category page (/UMN-Student-Jobs)
680,https://hr.umn.edu/jobs/Find-Job/Executive-Searches,parent of 4 other rows
680,https://hr.umn.edu/jobs/Applicant-Support/Veteran-Employment-Guidance,the careers link itself
680,https://hr.umn.edu/jobs/Contact,section page (/Contact)
680,https://hr.umn.edu/jobs,parent of 20 other rows
684,https://hr.umn.edu/job,section page (/job)
684,https://hr.umn.edu/jobs/Why-UMN,parent of 2 other rows
684,https://hr.umn.edu/jobs/Find-Job,parent of 9 other rows
684,https://hr.umn.edu/jobs/Find-Job/UMN-Student-Jobs,category page (/UMN-Student-Jobs)
684,https://hr.umn.edu/jobs/Find-Job/Executive-Searches,parent of 4 other rows
684,https://hr.umn.edu/jobs/Applicant-Support/Veteran-Employment-Guidance,the careers link itself
684,https://hr.umn.edu/jobs/Contact,section page (/Contact)
684,https://hr.umn.edu/jobs,parent of 20 other rows
689,https://www.schooljobs.com/careers/osb,parent of 12 other rows
689,https://www.schooljobs.com/careers/osb/jobInterestCards/categories,section page (/categories)
689,https://www.governmentjobs.com,site root
689,https://www.schooljobs.com,site root
68,https://hraps.humboldt.edu/jobs,section page (/jobs)
68,https://careers.humboldt.edu/hm/en-us/Search/?work-type=faculty&subscribe=true,section page (/Search)
696,https://jobs.unwsp.edu/jobs/search,section page (/search)
703,https://culver.edu/gps-core/,the careers link itself
704,https://www.governmentjobs.com/careers/semoedu,parent of 12 other rows
704,https://www.governmentjobs.com,site root
704,https://www.schooljobs.com,site root
705,https://www.ccis.edu/careers/index,section page (/index)
705,https://www.ccis.edu/careers/,section page (/careers)
714,https://www.avila.edu/about/administrative-offices/human-resources/careers/,the careers link itself
715,https://www.calvary.edu/student-affairs/resources/jobs/,section page (/jobs)
716,http://cityvisionuniversity.applytojob.com/apply/,action page (/apply)
717,https://www.rockhurst.edu/about/human-resources/faculty-staff-positions,category page (/faculty-staff-positions)
721,https://www.moval.edu/about/careers-at-mvc/,parent of 4 other rows
723,https://apply.cottey.edu/account/login?r=https%3a%2f%2fapply.cottey.edu%2fapply%2fstatus,action page (/login)
723,https://cottey.edu/employment/,the careers link itself
725,https://www.cofo.edu/jobs,the careers link itself
725,https://www.cofo.edu/Login?returnurl=%2fjobs,action page (/Login)
726,https://career.mst.edu,site root
726,https://jobs.mst.edu/careers/,parent of 6 other rows
726,https://career.mst.edu/resources/students/handshake/,outside this school's posting path
726,https://jobs.mst.edu/,site root
72,https://careers.csub.edu/en-us/Search/?search-keyword=&work-type=instructional+faculty+-+temporary%2flecturer%2cinstructional+faculty+%e2%80%93+tenured%2ftenure-track%2cinstructional+student+assistant%2cnon-instructional+faculty+(coach%2fcounselor%2flibrarian)%2cteaching+associate&subscribe=true,section page (/Search)
72,https://careers.csub.edu/en-us/search/?search-keyword=&work-type=instructional+faculty+-+temporary%2flecturer%2cinstructional+faculty+%e2%80%93+tenured%2ftenure-track%2cinstructional+student+assistant%2cnon-instructional+faculty+(coach%2fcounselor%2flibrarian)%2cteaching+associate&job-mail-subscribe-privacy=agree&page=2&page-items=20,section page (/search)
731,https://careers.maryville.edu/?_ga=2.65064999.867605969.1689610591-885137803.1623179314,site root
734,https://www.umsl.edu/services/hrs/careers/index.html,the careers link itself
734,https://www.umsl.edu/career-services/,outside this school's posting path
737,https://www.drury.edu/academic-affairs/open-faculty-positions/,category page (/open-faculty-positions)
737,https://www.drury.edu/hr/drury-university-jobs/,the careers link itself
741,https://www.schooljobs.com/home/privacypolicy,outside this school's posting path
741,https://www.schooljobs.com/careers/ucmo,parent of 17 other rows
741,https://www.schooljobs.com/careers/ucmo/user/RecoverUserName,outside this school's posting path
741,https://www.schooljobs.com/careers/ucmo/user/ResetPassword,outside this school's posting path
741,https://www.schooljobs.com/careers/ucmo/applications/submitted,outside this school's posting path
741,https://www.schooljobs.com/careers/ucmo/applications/accountsettings,outside this school's posting path
741,https://www.schooljobs.com/careers/ucmo/jobInterestCards/categories,section page (/categories)
741,https://www.schooljobs.com/careers/ucmo/helpandsupport/applicationguide,outside this school's posting path
741,https://www.governmentjobs.com,site root
741,https://www.schooljobs.com,site root
753,https://millsaps-csm.symplicity.com/students,section page (/students)
753,https://millsaps.edu/work-at-millsaps/,the careers link itself
755,https://www.msujobs.msstate.edu/,site root
755,https://www.msujobs.msstate.edu/#benefits,site root
755,https://www.msujobs.msstate.edu/#balance,site root
755,https://www.msujobs.msstate.edu/#starkville,site root
755,https://www.msujobs.msstate.edu/applicant-notices,outside this school's posting path
755,http://explore.msujobs.msstate.edu/jobs/search?page=1,section page (/search)
755,http://explore.msujobs.msstate.edu/jobs/search?page=2,section page (/search)
755,http://explore.msujobs.msstate.edu/jobs/search?page=3,section page (/search)
755,http://explore.msujobs.msstate.edu/jobs/search?page=4,section page (/search)
755,http://explore.msujobs.msstate.edu/jobs/search?page=5,section page (/search)
755,http://explore.msujobs.msstate.edu/jobs/search?page=6,section page (/search)
755,http://explore.msujobs.msstate.edu/jobs/search?page=7,section page (/search)
755,http://explore.msujobs.msstate.edu/jobs/search?page=8,section page (/search)
755,http://explore.msujobs.msstate.edu/jobs/search?page=9,section page (/search)
755,http://explore.msujobs.msstate.edu/jobs/search?page=10,section page (/search)
755,http://explore.msujobs.msstate.edu/jobs/search?page=11,section page (/search)
755,http://explore.msujobs.msstate.edu/jobs/search?page=12,section page (/search)
758,https://jobs.montana.edu/,site root
758,https://jobs.gfcmsu.edu/,site root
758,https://www.umt.edu/jobs/,section page (/jobs)
758,https://montanatechuniversity.applytojob.com/apply,action page (/apply)
758,https://www.fvcc.edu/about/careers-at-fvcc,outside this school's posting path
758,https://statecareers.mt.gov/,site root
75,https://app.joinhandshake.com/login?_ga=2.113061952.535718192.1600818091-680758845.1600818091,action page (/login)
75,https://woodbury.edu/about/people/employment-opportunities/,the careers link itself
760,https://jobs.montana.edu/postings/search,the careers link itself
760,https://jobs.montana.edu/postings/search?page=2,section page (/search)
760,https://jobs.montana.edu/postings/search?page=3,section page (/search)
760,https://jobs.montana.edu/postings/search?page=4,section page (/search)
760,https://jobs.montana.edu/postings/search?page=5,section page (/search)
760,https://jobs.montana.edu/postings/search?page=6,section page (/search)
760,https://jobs.montana.edu/postings/search?sort=435+asc,section page (/search)
760,https://jobs.montana.edu/postings/search?sort=225+asc,section page (/search)
760,https://jobs.montana.edu/postings/search?sort=437+asc,section page (/search)
760,https://jobs.montana.edu/postings/search?sort=226+asc,section page (/search)
760,https://jobs.montana.edu/postings/search?sort=434+asc,section page (/search)
760,https://jobs.montana.edu/postings/search?sort=227+asc,section page (/search)
760,https://jobs.montana.edu/bookmarks?posting_id=52840,action page (/bookmarks)
760,https://jobs.montana.edu/bookmarks?posting_id=52839,action page (/bookmarks)
760,https://jobs.montana.edu/bookmarks?posting_id=52838,action page (/bookmarks)
760,https://jobs.montana.edu/bookmarks?posting_id=52837,action page (/bookmarks)
760,https://jobs.montana.edu/bookmarks?posting_id=52835,action page (/bookmarks)
760,https://jobs.montana.edu/bookmarks?posting_id=52834,action page (/bookmarks)
760,https://jobs.montana.edu/bookmarks?posting_id=52828,action page (/bookmarks)
760,https://jobs.montana.edu/bookmarks?posting_id=52824,action page (/bookmarks)
760,https://jobs.montana.edu/bookmarks?posting_id=52821,action page (/bookmarks)
760,https://jobs.montana.edu/bookmarks?posting_id=52820,action page (/bookmarks)
760,https://jobs.montana.edu/bookmarks?posting_id=52815,action page (/bookmarks)
760,https://jobs.montana.edu/bookmarks?posting_id=52813,action page (/bookmarks)
760,https://jobs.montana.edu/bookmarks?posting_id=52801,action page (/bookmarks)
760,https://jobs.montana.edu/bookmarks?posting_id=52797,action page (/bookmarks)
760,https://jobs.montana.edu/bookmarks?posting_id=52789,action page (/bookmarks)
760,https://jobs.montana.edu/bookmarks?posting_id=52785,action page (/bookmarks)
760,https://jobs.montana.edu/bookmarks?posting_id=52783,action page (/bookmarks)
760,https://jobs.montana.edu/bookmarks?posting_id=52781,action page (/bookmarks)
760,https://jobs.montana.edu/bookmarks?posting_id=52777,action page (/bookmarks)
760,https://jobs.montana.edu/bookmarks?posting_id=52776,action page (/bookmarks)
760,https://jobs.montana.edu/bookmarks?posting_id=52772,action page (/bookmarks)
760,https://jobs.montana.edu/bookmarks?posting_id=52771,action page (/bookmarks)
760,https://jobs.montana.edu/bookmarks?posting_id=52765,action page (/bookmarks)
760,https://jobs.montana.edu/bookmarks?posting_id=52758,action page (/bookmarks)
760,https://jobs.montana.edu/bookmarks?posting_id=52757,action page (/bookmarks)
760,https://jobs.montana.edu/bookmarks?posting_id=52753,action page (/bookmarks)
760,https://jobs.montana.edu/bookmarks?posting_id=52751,action page (/bookmarks)
760,https://jobs.montana.edu/bookmarks?posting_id=52747,action page (/bookmarks)
760,https://jobs.montana.edu/bookmarks?posting_id=52746,action page (/bookmarks)
760,https://jobs.montana.edu/bookmarks?posting_id=52740,action page (/bookmarks)
760,http://jobs.montana.edu/,site root
761,http://montanatechuniversity.applytojob.com/apply/,action page (/apply)
762,https://www.umwestern.edu/section/vacancy-procedure-documents/,the careers link itself
764,https://jobs.msun.edu/postings/search,section page (/search)
764,https://jobs.msun.edu/bookmarks?posting_id=2687,action page (/bookmarks)
764,https://jobs.msun.edu/postings/2686,the careers link itself
764,https://jobs.msun.edu,site root
769,https://belmontabbeycollege.edu/about-us/employment/chemistry-adjunct-position/,category page (/chemistry-adjunct-position)
76,https://jobs.csuci.edu/en-us/listing/,the careers link itself
76,https://jobs.csuci.edu/en-us/listing/?page=2&page-items=20,section page (/listing)
76,https://jobs.csuci.edu/ci/en-us/subscribe,action page (/subscribe)
76,https://www.csuci.edu/careers/,section page (/careers)
772,__NEEDS_SCRAPER_FIX__,"would drop 11 of 12 rows -- scraper is collecting listing pages, not postings"
777,https://www.queens.edu/careers/,parent of 5 other rows
777,https://www.queens.edu/careers/why-work-at-queens/career-opportunities-at-queens/,the careers link itself
778,https://jobs.charlotte.edu/postings/search,the careers link itself
778,https://jobs.charlotte.edu/interest_cards,outside this school's posting path
778,https://hr.charlotte.edu/careers/opportunities-work-unc-charlotte#process,outside this school's posting path
778,https://jobs.charlotte.edu/postings/search?page=2,section page (/search)
778,https://jobs.charlotte.edu/postings/search?page=3,section page (/search)
778,https://jobs.charlotte.edu/postings/search?page=4,section page (/search)
778,https://jobs.charlotte.edu/postings/search?sort=2074+asc,section page (/search)
778,https://jobs.charlotte.edu/postings/search?sort=226+asc,section page (/search)
778,https://jobs.charlotte.edu/postings/search?sort=1956+asc,section page (/search)
778,https://jobs.charlotte.edu/postings/search?sort=227+asc,section page (/search)
778,https://jobs.charlotte.edu/bookmarks?posting_id=70354,action page (/bookmarks)
778,https://jobs.charlotte.edu/bookmarks?posting_id=70352,action page (/bookmarks)
778,https://jobs.charlotte.edu/bookmarks?posting_id=70348,action page (/bookmarks)
778,https://jobs.charlotte.edu/bookmarks?posting_id=70338,action page (/bookmarks)
778,https://jobs.charlotte.edu/bookmarks?posting_id=70329,action page (/bookmarks)
778,https://jobs.charlotte.edu/bookmarks?posting_id=70328,action page (/bookmarks)
778,https://jobs.charlotte.edu/bookmarks?posting_id=70325,action page (/bookmarks)
778,https://jobs.charlotte.edu/bookmarks?posting_id=70321,action page (/bookmarks)
778,https://jobs.charlotte.edu/bookmarks?posting_id=70306,action page (/bookmarks)
778,https://jobs.charlotte.edu/bookmarks?posting_id=70300,action page (/bookmarks)
778,https://jobs.charlotte.edu/bookmarks?posting_id=70290,action page (/bookmarks)
778,https://jobs.charlotte.edu/bookmarks?posting_id=70287,action page (/bookmarks)
778,https://jobs.charlotte.edu/bookmarks?posting_id=70286,action page (/bookmarks)
778,https://jobs.charlotte.edu/bookmarks?posting_id=70273,action page (/bookmarks)
778,https://jobs.charlotte.edu/bookmarks?posting_id=70270,action page (/bookmarks)
778,https://jobs.charlotte.edu/bookmarks?posting_id=70268,action page (/bookmarks)
778,https://jobs.charlotte.edu/bookmarks?posting_id=70267,action page (/bookmarks)
778,https://jobs.charlotte.edu/bookmarks?posting_id=70266,action page (/bookmarks)
778,https://jobs.charlotte.edu/bookmarks?posting_id=70260,action page (/bookmarks)
778,https://jobs.charlotte.edu/bookmarks?posting_id=70259,action page (/bookmarks)
778,https://jobs.charlotte.edu/bookmarks?posting_id=70249,action page (/bookmarks)
778,https://jobs.charlotte.edu/bookmarks?posting_id=70247,action page (/bookmarks)
778,https://jobs.charlotte.edu/bookmarks?posting_id=70231,action page (/bookmarks)
778,https://jobs.charlotte.edu/bookmarks?posting_id=70230,action page (/bookmarks)
778,https://jobs.charlotte.edu/bookmarks?posting_id=70221,action page (/bookmarks)
778,https://jobs.charlotte.edu/bookmarks?posting_id=70207,action page (/bookmarks)
778,https://jobs.charlotte.edu/bookmarks?posting_id=70202,action page (/bookmarks)
778,https://jobs.charlotte.edu/bookmarks?posting_id=70200,action page (/bookmarks)
778,https://jobs.charlotte.edu/bookmarks?posting_id=70199,action page (/bookmarks)
778,https://jobs.charlotte.edu/bookmarks?posting_id=70194,action page (/bookmarks)
779,https://jobs.wcu.edu/postings/search,the careers link itself
779,https://jobs.wcu.edu/postings/search?page=2,section page (/search)
779,https://jobs.wcu.edu/postings/search?page=3,section page (/search)
779,https://jobs.wcu.edu/postings/search?page=4,section page (/search)
779,https://jobs.wcu.edu/postings/search?sort=226+asc,section page (/search)
779,https://jobs.wcu.edu/postings/search?sort=434+asc,section page (/search)
779,https://jobs.wcu.edu/postings/search?sort=227+asc,section page (/search)
779,https://jobs.wcu.edu/postings/search?sort=2023+asc,section page (/search)
779,https://jobs.wcu.edu/postings/search?sort=436+asc,section page (/search)
779,https://jobs.wcu.edu/bookmarks?posting_id=35374,action page (/bookmarks)
779,https://jobs.wcu.edu/bookmarks?posting_id=35372,action page (/bookmarks)
779,https://jobs.wcu.edu/bookmarks?posting_id=35371,action page (/bookmarks)
779,https://jobs.wcu.edu/bookmarks?posting_id=35370,action page (/bookmarks)
779,https://jobs.wcu.edu/bookmarks?posting_id=35369,action page (/bookmarks)
779,https://jobs.wcu.edu/bookmarks?posting_id=35358,action page (/bookmarks)
779,https://jobs.wcu.edu/bookmarks?posting_id=35343,action page (/bookmarks)
779,https://jobs.wcu.edu/bookmarks?posting_id=35339,action page (/bookmarks)
779,https://jobs.wcu.edu/bookmarks?posting_id=35329,action page (/bookmarks)
779,https://jobs.wcu.edu/bookmarks?posting_id=35323,action page (/bookmarks)
779,https://jobs.wcu.edu/bookmarks?posting_id=35316,action page (/bookmarks)
779,https://jobs.wcu.edu/bookmarks?posting_id=35297,action page (/bookmarks)
779,https://jobs.wcu.edu/bookmarks?posting_id=35294,action page (/bookmarks)
779,https://jobs.wcu.edu/bookmarks?posting_id=35289,action page (/bookmarks)
779,https://jobs.wcu.edu/bookmarks?posting_id=35288,action page (/bookmarks)
779,https://jobs.wcu.edu/bookmarks?posting_id=35287,action page (/bookmarks)
779,https://jobs.wcu.edu/bookmarks?posting_id=35286,action page (/bookmarks)
779,https://jobs.wcu.edu/bookmarks?posting_id=35276,action page (/bookmarks)
779,https://jobs.wcu.edu/bookmarks?posting_id=35205,action page (/bookmarks)
779,https://jobs.wcu.edu/bookmarks?posting_id=35203,action page (/bookmarks)
779,https://jobs.wcu.edu/bookmarks?posting_id=35193,action page (/bookmarks)
779,https://jobs.wcu.edu/bookmarks?posting_id=35191,action page (/bookmarks)
779,https://jobs.wcu.edu/bookmarks?posting_id=35170,action page (/bookmarks)
779,https://jobs.wcu.edu/bookmarks?posting_id=35166,action page (/bookmarks)
779,https://jobs.wcu.edu/bookmarks?posting_id=35146,action page (/bookmarks)
779,https://jobs.wcu.edu/bookmarks?posting_id=35141,action page (/bookmarks)
779,https://jobs.wcu.edu/bookmarks?posting_id=35135,action page (/bookmarks)
779,https://jobs.wcu.edu/bookmarks?posting_id=35130,action page (/bookmarks)
779,https://jobs.wcu.edu/bookmarks?posting_id=35106,action page (/bookmarks)
779,https://jobs.wcu.edu/bookmarks?posting_id=35096,action page (/bookmarks)
781,https://hr.duke.edu/careers/,parent of 17 other rows
781,https://careers.duke.edu/,site root
781,https://hr.duke.edu/careers/faq/,section page (/faq)
781,https://hr.duke.edu/careers/new-duke/,the careers link itself
785,https://www.elon.edu/u/fa/hr/careers,section page (/careers)
785,https://jobs.elon.edu/jobs/search,the careers link itself
785,https://jobs.elon.edu/jobs/search?page=1,section page (/search)
785,https://jobs.elon.edu/jobs/search?page=2,section page (/search)
789,https://www.greensboro.edu?feed=job_feed&job_types=contract%2Cfreelance%2Cfull-time%2Cinternship%2Cpart-time%2Cseasonal%2Ctemporary&search_location&job_categories&search_keywords&author,site root
789,https://www.greensboro.edu/?post_type=job_listing&p=29031,site root
789,https://www.greensboro.edu/?post_type=job_listing&p=29021,site root
789,https://www.greensboro.edu/?post_type=job_listing&p=28833,site root
789,https://www.greensboro.edu/?post_type=job_listing&p=28831,site root
789,https://www.greensboro.edu/?post_type=job_listing&p=26593,site root
789,https://www.greensboro.edu/academics/student-success/career-personal-development/,parent of 3 other rows
789,https://www.greensboro.edu/?page_id=458,site root
789,https://www.greensboro.edu/?page_id=456,site root
78,https://jobs.csuchico.edu/en-us/listing/,section page (/listing)
78,https://jobs.csuchico.edu/ch/en-us/subscribe/,action page (/subscribe)
78,https://jobs.csuchico.edu/ch/en-us/Search/?search-keyword=&work-type=instructional+faculty+-+temporary%2flecturer%2cinstructional+faculty+%e2%80%93+tenured%2ftenure-track%2cvisiting+faculty%2cnon-instructional+faculty+(coach%2fCounselor%2flibrarian)&_gl=1*nuuf33*global_ga*Nzc4ODA3ODIwLjE3ODc4NzUwODE.*global_ga_VM2YX7L78G*czE3ODc4NzUwODAkbzEkZzEkdDE3ODc4NzUwOTAkajUwJGwwJGgw&subscribe=true,section page (/Search)
78,https://jobs.csuchico.edu/ch/en-us/search/?search-keyword=&work-type=instructional+faculty+-+temporary%2flecturer%2cinstructional+faculty+%e2%80%93+tenured%2ftenure-track%2cvisiting+faculty%2cnon-instructional+faculty+(coach%2fCounselor%2flibrarian)&job-mail-subscribe-privacy=agree&_gl=1*nuuf33*global_ga*Nzc4ODA3ODIwLjE3ODc4NzUwODE.*global_ga_VM2YX7L78G*czE3ODc4NzUwODAkbzEkZzEkdDE3ODc4NzUwOTAkajUwJGwwJGgw&page=2&page-items=20,section page (/search)
793,https://spartantalent.uncg.edu/postings/search,the careers link itself
793,https://myapps.northcarolina.edu/hr/careers/,section page (/careers)
793,https://spartantalent.uncg.edu/postings/search?page=2,section page (/search)
793,https://spartantalent.uncg.edu/postings/search?page=3,section page (/search)
793,https://spartantalent.uncg.edu/postings/search?page=4,section page (/search)
793,https://spartantalent.uncg.edu/postings/search?sort=731+asc,section page (/search)
793,https://spartantalent.uncg.edu/postings/search?sort=226+asc,section page (/search)
793,https://spartantalent.uncg.edu/postings/search?sort=732+asc,section page (/search)
793,https://spartantalent.uncg.edu/postings/search?sort=227+asc,section page (/search)
793,https://spartantalent.uncg.edu/postings/search?sort=1071+asc,section page (/search)
793,https://spartantalent.uncg.edu/bookmarks?posting_id=35905,action page (/bookmarks)
793,https://spartantalent.uncg.edu/bookmarks?posting_id=35903,action page (/bookmarks)
793,https://spartantalent.uncg.edu/bookmarks?posting_id=35902,action page (/bookmarks)
793,https://spartantalent.uncg.edu/bookmarks?posting_id=35900,action page (/bookmarks)
793,https://spartantalent.uncg.edu/bookmarks?posting_id=35899,action page (/bookmarks)
793,https://spartantalent.uncg.edu/bookmarks?posting_id=35897,action page (/bookmarks)
793,https://spartantalent.uncg.edu/bookmarks?posting_id=35894,action page (/bookmarks)
793,https://spartantalent.uncg.edu/bookmarks?posting_id=35889,action page (/bookmarks)
793,https://spartantalent.uncg.edu/bookmarks?posting_id=35886,action page (/bookmarks)
793,https://spartantalent.uncg.edu/bookmarks?posting_id=35881,action page (/bookmarks)
793,https://spartantalent.uncg.edu/bookmarks?posting_id=35872,action page (/bookmarks)
793,https://spartantalent.uncg.edu/bookmarks?posting_id=35871,action page (/bookmarks)
793,https://spartantalent.uncg.edu/bookmarks?posting_id=35870,action page (/bookmarks)
793,https://spartantalent.uncg.edu/bookmarks?posting_id=35857,action page (/bookmarks)
793,https://spartantalent.uncg.edu/bookmarks?posting_id=35856,action page (/bookmarks)
793,https://spartantalent.uncg.edu/bookmarks?posting_id=35855,action page (/bookmarks)
793,https://spartantalent.uncg.edu/bookmarks?posting_id=35854,action page (/bookmarks)
793,https://spartantalent.uncg.edu/bookmarks?posting_id=35853,action page (/bookmarks)
793,https://spartantalent.uncg.edu/bookmarks?posting_id=35852,action page (/bookmarks)
793,https://spartantalent.uncg.edu/bookmarks?posting_id=35851,action page (/bookmarks)
793,https://spartantalent.uncg.edu/bookmarks?posting_id=35850,action page (/bookmarks)
793,https://spartantalent.uncg.edu/bookmarks?posting_id=35849,action page (/bookmarks)
793,https://spartantalent.uncg.edu/bookmarks?posting_id=35841,action page (/bookmarks)
793,https://spartantalent.uncg.edu/bookmarks?posting_id=35838,action page (/bookmarks)
793,https://spartantalent.uncg.edu/bookmarks?posting_id=35834,action page (/bookmarks)
793,https://spartantalent.uncg.edu/bookmarks?posting_id=35833,action page (/bookmarks)
793,https://spartantalent.uncg.edu/bookmarks?posting_id=35832,action page (/bookmarks)
793,https://spartantalent.uncg.edu/bookmarks?posting_id=35828,action page (/bookmarks)
793,https://spartantalent.uncg.edu/bookmarks?posting_id=35825,action page (/bookmarks)
793,https://spartantalent.uncg.edu/bookmarks?posting_id=35807,action page (/bookmarks)
79,https://webapps.cmc.edu/jobs/faculty/faculty_opening.php,the careers link itself
7,https://www.samford.edu/departments/career-development-center/default,section page (/default)
800,https://www.pfeiffer.edu/career-success/,the careers link itself
804,https://jobs.uncp.edu/postings/search,the careers link itself
804,https://jobs.uncp.edu/postings/search?page=2,section page (/search)
804,https://jobs.uncp.edu/postings/search?sort=225+asc,section page (/search)
804,https://jobs.uncp.edu/postings/search?sort=226+asc,section page (/search)
804,https://jobs.uncp.edu/postings/search?sort=862+asc,section page (/search)
804,https://jobs.uncp.edu/postings/search?sort=227+asc,section page (/search)
804,https://jobs.uncp.edu/postings/search?sort=2130+asc,section page (/search)
804,https://jobs.uncp.edu/bookmarks?posting_id=13673,action page (/bookmarks)
804,https://jobs.uncp.edu/bookmarks?posting_id=13669,action page (/bookmarks)
804,https://jobs.uncp.edu/bookmarks?posting_id=13663,action page (/bookmarks)
804,https://jobs.uncp.edu/bookmarks?posting_id=13654,action page (/bookmarks)
804,https://jobs.uncp.edu/bookmarks?posting_id=13652,action page (/bookmarks)
804,https://jobs.uncp.edu/bookmarks?posting_id=13650,action page (/bookmarks)
804,https://jobs.uncp.edu/bookmarks?posting_id=13646,action page (/bookmarks)
804,https://jobs.uncp.edu/bookmarks?posting_id=13640,action page (/bookmarks)
804,https://jobs.uncp.edu/bookmarks?posting_id=13637,action page (/bookmarks)
804,https://jobs.uncp.edu/bookmarks?posting_id=13629,action page (/bookmarks)
804,https://jobs.uncp.edu/bookmarks?posting_id=13626,action page (/bookmarks)
804,https://jobs.uncp.edu/bookmarks?posting_id=13619,action page (/bookmarks)
804,https://jobs.uncp.edu/bookmarks?posting_id=13618,action page (/bookmarks)
804,https://jobs.uncp.edu/bookmarks?posting_id=13610,action page (/bookmarks)
804,https://jobs.uncp.edu/bookmarks?posting_id=13600,action page (/bookmarks)
804,https://jobs.uncp.edu/bookmarks?posting_id=13591,action page (/bookmarks)
804,https://jobs.uncp.edu/bookmarks?posting_id=13588,action page (/bookmarks)
804,https://jobs.uncp.edu/bookmarks?posting_id=13587,action page (/bookmarks)
804,https://jobs.uncp.edu/bookmarks?posting_id=13586,action page (/bookmarks)
804,https://jobs.uncp.edu/bookmarks?posting_id=13577,action page (/bookmarks)
804,https://jobs.uncp.edu/bookmarks?posting_id=13563,action page (/bookmarks)
804,https://jobs.uncp.edu/bookmarks?posting_id=13558,action page (/bookmarks)
804,https://jobs.uncp.edu/bookmarks?posting_id=13556,action page (/bookmarks)
804,https://jobs.uncp.edu/bookmarks?posting_id=13554,action page (/bookmarks)
804,https://jobs.uncp.edu/bookmarks?posting_id=13540,action page (/bookmarks)
804,https://jobs.uncp.edu/bookmarks?posting_id=13530,action page (/bookmarks)
804,https://jobs.uncp.edu/bookmarks?posting_id=13525,action page (/bookmarks)
804,https://jobs.uncp.edu/bookmarks?posting_id=13524,action page (/bookmarks)
804,https://jobs.uncp.edu/bookmarks?posting_id=13523,action page (/bookmarks)
804,https://jobs.uncp.edu/bookmarks?posting_id=13522,action page (/bookmarks)
805,https://meredith.career-pages.com/jobs/search,the careers link itself
805,https://www.meredith.edu/employers-career-planning/,outside this school's posting path
806,https://careers.dasa.ncsu.edu/,site root
806,https://jobs.ncsu.edu/postings/search,the careers link itself
806,https://jobs.ncsu.edu/interest_cards,outside this school's posting path
806,https://news.hr.ncsu.edu/you-belong-here/,outside this school's posting path
806,https://jobs.ncsu.edu/postings/search?page=2,section page (/search)
806,https://jobs.ncsu.edu/postings/search?page=3,section page (/search)
806,https://jobs.ncsu.edu/postings/search?page=4,section page (/search)
806,https://jobs.ncsu.edu/postings/search?page=5,section page (/search)
806,https://jobs.ncsu.edu/postings/search?page=6,section page (/search)
806,https://jobs.ncsu.edu/postings/search?page=7,section page (/search)
806,https://jobs.ncsu.edu/postings/search?page=8,section page (/search)
806,https://jobs.ncsu.edu/postings/search?page=9,section page (/search)
806,https://jobs.ncsu.edu/postings/search?page=13,section page (/search)
806,https://jobs.ncsu.edu/postings/search?page=14,section page (/search)
806,https://jobs.ncsu.edu/postings/search?sort=2131+asc,section page (/search)
806,https://jobs.ncsu.edu/postings/search?sort=226+asc,section page (/search)
806,https://jobs.ncsu.edu/postings/search?sort=1196+asc,section page (/search)
806,https://jobs.ncsu.edu/postings/search?sort=2309+asc,section page (/search)
806,https://jobs.ncsu.edu/bookmarks?posting_id=234719,action page (/bookmarks)
806,https://jobs.ncsu.edu/bookmarks?posting_id=234717,action page (/bookmarks)
806,https://jobs.ncsu.edu/bookmarks?posting_id=234716,action page (/bookmarks)
806,https://jobs.ncsu.edu/bookmarks?posting_id=234711,action page (/bookmarks)
806,https://jobs.ncsu.edu/bookmarks?posting_id=234710,action page (/bookmarks)
806,https://jobs.ncsu.edu/bookmarks?posting_id=234709,action page (/bookmarks)
806,https://jobs.ncsu.edu/bookmarks?posting_id=234706,action page (/bookmarks)
806,https://jobs.ncsu.edu/bookmarks?posting_id=234705,action page (/bookmarks)
806,https://jobs.ncsu.edu/bookmarks?posting_id=234704,action page (/bookmarks)
806,https://jobs.ncsu.edu/bookmarks?posting_id=234702,action page (/bookmarks)
806,https://jobs.ncsu.edu/bookmarks?posting_id=234701,action page (/bookmarks)
806,https://jobs.ncsu.edu/bookmarks?posting_id=234700,action page (/bookmarks)
806,https://jobs.ncsu.edu/bookmarks?posting_id=234699,action page (/bookmarks)
806,https://jobs.ncsu.edu/bookmarks?posting_id=234693,action page (/bookmarks)
806,https://jobs.ncsu.edu/bookmarks?posting_id=234685,action page (/bookmarks)
806,https://jobs.ncsu.edu/bookmarks?posting_id=234679,action page (/bookmarks)
806,https://jobs.ncsu.edu/bookmarks?posting_id=234677,action page (/bookmarks)
806,https://jobs.ncsu.edu/bookmarks?posting_id=234674,action page (/bookmarks)
806,https://jobs.ncsu.edu/bookmarks?posting_id=234661,action page (/bookmarks)
806,https://jobs.ncsu.edu/bookmarks?posting_id=234641,action page (/bookmarks)
806,https://jobs.ncsu.edu/bookmarks?posting_id=234635,action page (/bookmarks)
806,https://jobs.ncsu.edu/bookmarks?posting_id=234615,action page (/bookmarks)
806,https://jobs.ncsu.edu/bookmarks?posting_id=234610,action page (/bookmarks)
806,https://jobs.ncsu.edu/bookmarks?posting_id=234605,action page (/bookmarks)
806,https://jobs.ncsu.edu/bookmarks?posting_id=234603,action page (/bookmarks)
806,https://jobs.ncsu.edu/bookmarks?posting_id=234591,action page (/bookmarks)
806,https://jobs.ncsu.edu/bookmarks?posting_id=234580,action page (/bookmarks)
806,https://jobs.ncsu.edu/bookmarks?posting_id=234567,action page (/bookmarks)
806,https://jobs.ncsu.edu/bookmarks?posting_id=234563,action page (/bookmarks)
806,https://jobs.ncsu.edu/bookmarks?posting_id=234554,action page (/bookmarks)
80,https://www.hmc.edu/dean-of-faculty/available-faculty-positions/,the careers link itself
810,https://ncwu.edu/admissions/admitted-students/submit-your-deposit/,outside this school's posting path
810,https://ncwu.edu/community/careers/,parent of 5 other rows
810,https://ncwu.edu/community/careers/current-openings/,parent of 4 other rows
810,https://ncwu.edu/community/careers/current-openings/faculty-teaching-positions/,the careers link itself
810,https://ncwu.edu/community/careers/current-openings/faculty-teaching-positions/#adjunct,category page (/faculty-teaching-positions)
811,https://www.catawba.edu/jobs/,the careers link itself
811,https://www.catawba.edu/careers/,section page (/careers)
81,https://academicjobsonline.org/ajo/jobs/32359/apply,action page (/apply)
81,https://academicjobsonline.org/ajo/jobs/32196/apply,action page (/apply)
81,https://academicjobsonline.org/ajo/jobs/32289/apply,action page (/apply)
81,https://academicjobsonline.org/ajo/jobs/32020/apply,action page (/apply)
820,http://universityofmary.applytojob.com/apply/,action page (/apply)
821,https://dickinsonstate.edu/about/employment/open-positions/index.html,the careers link itself
824,https://careers.und.edu/jobs/search?employment_type_uids%5B%5D=afe7aeecda1cf319ef9b1e1319fcf960&page=1&query=,section page (/search)
824,https://careers.und.edu/jobs/search?employment_type_uids%5B%5D=afe7aeecda1cf319ef9b1e1319fcf960&page=2&query=,section page (/search)
824,https://campus.und.edu/human-resources/careers/,section page (/careers)
824,https://careers.und.edu/jobs/search?page=1&employment_type_uids%5B%5D=d4d1acecf47f03e7fafcd786f1beedf1&employment_type_uids%5B%5D=4bd845e0e4b772d61b24b828ed10e37c&employment_type_uids%5B%5D=5bceab85c042dc0a1bde1b45aacb3107&query=,section page (/search)
824,https://careers.und.edu/jobs/search?page=1&employment_type_uids%5B%5D=4080255948e5c089902cef1597fabd0a&employment_type_uids%5B%5D=2378467cba4cbc4c2b4237ae450b22f1&query=,section page (/search)
824,https://careers.und.edu/jobs/search?page=1&employment_type_uids%5B%5D=afe7aeecda1cf319ef9b1e1319fcf960&employment_type_uids%5B%5D=cec591ee4882243ee3a4b14c640fd30c&query=,section page (/search)
824,https://careers.und.edu/jobs/search?page=1&employment_type_uids%5B%5D=cec591ee4882243ee3a4b14c640fd30c&employment_type_uids%5B%5D=4bd845e0e4b772d61b24b828ed10e37c&employment_type_uids%5B%5D=5bceab85c042dc0a1bde1b45aacb3107&query=,section page (/search)
825,https://www.uj.edu/about/job-opportunities/,the careers link itself
826,https://www.mayvillestate.edu/student-resources/career-services/,parent of 2 other rows
828,https://www.vcsu.edu/jobs/,the careers link itself
828,https://www.vcsu.edu/student-life/career-services/,outside this school's posting path
828,https://ndus.edu/about-us/careers/,section page (/careers)
828,https://www.vcsu.edu/report-accessibility-issue/?url=www.vcsu.edu%2Fjobs%2F,outside this school's posting path
82,https://www.pomona.edu/administration/academic-dean/faculty-jobs/how-prepare-diversity-statement,outside this school's posting path
82,https://www.pomona.edu/administration/academic-dean/general/faculty-jobs,category page (/faculty-jobs)
832,https://www.midlandu.edu/about/careers/,the careers link itself
835,https://nebrwesleyan.applicantpro.com/jobs/,section page (/jobs)
837,https://employment.unl.edu/postings/search,section page (/search)
837,https://employment.unl.edu/postings/search?1258%5B%5D=3&1258%5B%5D=7&commit=Search&query_organizational_tier_3_id%5B%5D=any&sort=1256+asc&utf8=%E2%9C%93,section page (/search)
837,https://employment.unl.edu/postings/search?1258%5B%5D=3&1258%5B%5D=7&commit=Search&query_organizational_tier_3_id%5B%5D=any&sort=1260+asc&utf8=%E2%9C%93,section page (/search)
837,https://employment.unl.edu/postings/search?1258%5B%5D=3&1258%5B%5D=7&commit=Search&query_organizational_tier_3_id%5B%5D=any&sort=1261+asc&utf8=%E2%9C%93,section page (/search)
837,https://employment.unl.edu/postings/search?1258%5B%5D=3&1258%5B%5D=7&commit=Search&query_organizational_tier_3_id%5B%5D=any&sort=1262+asc&utf8=%E2%9C%93,section page (/search)
837,https://employment.unl.edu/bookmarks?posting_id=102190,action page (/bookmarks)
837,https://employment.unl.edu/bookmarks?posting_id=102173,action page (/bookmarks)
837,https://employment.unl.edu/bookmarks?posting_id=102137,action page (/bookmarks)
837,https://employment.unl.edu/bookmarks?posting_id=102132,action page (/bookmarks)
837,https://employment.unl.edu/bookmarks?posting_id=102084,action page (/bookmarks)
837,https://employment.unl.edu/bookmarks?posting_id=101249,action page (/bookmarks)
837,https://employment.unl.edu/bookmarks?posting_id=101227,action page (/bookmarks)
837,https://employment.unl.edu/bookmarks?posting_id=101188,action page (/bookmarks)
837,https://employment.unl.edu/bookmarks?posting_id=101086,action page (/bookmarks)
837,https://employment.unl.edu/bookmarks?posting_id=100974,action page (/bookmarks)
837,https://employment.unl.edu/bookmarks?posting_id=100595,action page (/bookmarks)
837,https://employment.unl.edu/bookmarks?posting_id=100424,action page (/bookmarks)
837,https://employment.unl.edu/bookmarks?posting_id=100401,action page (/bookmarks)
837,https://employment.unl.edu/bookmarks?posting_id=100212,action page (/bookmarks)
837,https://employment.unl.edu/bookmarks?posting_id=100201,action page (/bookmarks)
837,https://employment.unl.edu/bookmarks?posting_id=100083,action page (/bookmarks)
837,https://employment.unl.edu/bookmarks?posting_id=99159,action page (/bookmarks)
839,https://www.csm.edu/academics/career-pathways/,the careers link itself
83,https://www.scrippscollege.edu/student-services/career-planning-resources,outside this school's posting path
845,https://www.york.edu/about/employment.php#faculty,the careers link itself
845,https://www.york.edu/financial-aid/work-study.php,outside this school's posting path
847,https://www.buzzfeed.com/jobs?edition=us,section page (/jobs)
847,https://www.buzzfeed.com/about/jobs?edition=us,section page (/jobs)
84,https://www.vanguard.edu/resources/career-services,parent of 6 other rows
84,https://www.vanguard.edu/resources/career-services/for-employers,parent of 3 other rows
84,https://www.vanguard.edu/resources/career-services/for-employers/job-shadowing-program-21,parent of 2 other rows
851,https://jobs.snhu.edu/en/career-areas/,parent of 8 other rows
851,https://jobs.snhu.edu/en/career-areas/online-teaching-jobs/,the careers link itself
851,https://jobs.snhu.edu/en/career-areas/student-jobs/,category page (/student-jobs)
851,https://jobs.snhu.edu/en/jobs/,parent of 4 other rows
851,https://jobs.snhu.edu/en/jobs/?search=&pattern=Remote&cat=Academics+%26+Teaching&pagesize=20#results,parent of 4 other rows
851,https://jobs.snhu.edu/en/jobs/?orderby=0&pagesize=20&page=1&radius=40&team=Adjunct&team=Academics,parent of 4 other rows
853,https://manchester.unh.edu/careers,the careers link itself
854,https://www.schooljobs.com/careers/rivieredu,parent of 12 other rows
854,https://www.schooljobs.com/careers/rivieredu/jobInterestCards/categories,section page (/categories)
854,https://www.governmentjobs.com,site root
854,https://www.schooljobs.com,site root
857,https://franklinpierce.edu/paths,the careers link itself
859,https://www.caldwell.edu/hr/employment-opportunities/office-support-staff-positions/,category page (/office-support-staff-positions)
859,https://www.caldwell.edu/hr/employment-opportunities/faculty-full-time/,the careers link itself
860,https://jobs.rutgers.edu/postings/search,the careers link itself
860,https://jobs.rutgers.edu/interest_cards,outside this school's posting path
860,https://uhr.rutgers.edu/ura-aft-employee-resources,outside this school's posting path
860,https://foundationcareers.rutgers.edu/,site root
860,https://jobs.rutgers.edu/postings/search?page=2,section page (/search)
860,https://jobs.rutgers.edu/postings/search?page=3,section page (/search)
860,https://jobs.rutgers.edu/postings/search?page=4,section page (/search)
860,https://jobs.rutgers.edu/postings/search?page=5,section page (/search)
860,https://jobs.rutgers.edu/postings/search?page=6,section page (/search)
860,https://jobs.rutgers.edu/postings/search?page=7,section page (/search)
860,https://jobs.rutgers.edu/postings/search?page=8,section page (/search)
860,https://jobs.rutgers.edu/postings/search?page=9,section page (/search)
860,https://jobs.rutgers.edu/postings/search?page=29,section page (/search)
860,https://jobs.rutgers.edu/postings/search?page=30,section page (/search)
860,https://jobs.rutgers.edu/postings/search?sort=435+asc,section page (/search)
860,https://jobs.rutgers.edu/postings/search?sort=225+asc,section page (/search)
860,https://jobs.rutgers.edu/postings/search?sort=226+asc,section page (/search)
860,https://jobs.rutgers.edu/postings/search?sort=434+asc,section page (/search)
860,https://jobs.rutgers.edu/postings/search?sort=2282+asc,section page (/search)
860,https://jobs.rutgers.edu/postings/search?sort=2201+asc,section page (/search)
860,https://jobs.rutgers.edu/bookmarks?posting_id=280479,action page (/bookmarks)
860,https://jobs.rutgers.edu/bookmarks?posting_id=280477,action page (/bookmarks)
860,https://jobs.rutgers.edu/bookmarks?posting_id=280476,action page (/bookmarks)
860,https://jobs.rutgers.edu/bookmarks?posting_id=280472,action page (/bookmarks)
860,https://jobs.rutgers.edu/bookmarks?posting_id=280471,action page (/bookmarks)
860,https://jobs.rutgers.edu/bookmarks?posting_id=280467,action page (/bookmarks)
860,https://jobs.rutgers.edu/bookmarks?posting_id=280464,action page (/bookmarks)
860,https://jobs.rutgers.edu/bookmarks?posting_id=280460,action page (/bookmarks)
860,https://jobs.rutgers.edu/bookmarks?posting_id=280459,action page (/bookmarks)
860,https://jobs.rutgers.edu/bookmarks?posting_id=280458,action page (/bookmarks)
860,https://jobs.rutgers.edu/bookmarks?posting_id=280457,action page (/bookmarks)
860,https://jobs.rutgers.edu/bookmarks?posting_id=280456,action page (/bookmarks)
860,https://jobs.rutgers.edu/bookmarks?posting_id=280453,action page (/bookmarks)
860,https://jobs.rutgers.edu/bookmarks?posting_id=280452,action page (/bookmarks)
860,https://jobs.rutgers.edu/bookmarks?posting_id=280448,action page (/bookmarks)
860,https://jobs.rutgers.edu/bookmarks?posting_id=280446,action page (/bookmarks)
860,https://jobs.rutgers.edu/bookmarks?posting_id=280445,action page (/bookmarks)
860,https://jobs.rutgers.edu/bookmarks?posting_id=280441,action page (/bookmarks)
860,https://jobs.rutgers.edu/bookmarks?posting_id=280438,action page (/bookmarks)
860,https://jobs.rutgers.edu/bookmarks?posting_id=280433,action page (/bookmarks)
860,https://jobs.rutgers.edu/bookmarks?posting_id=280428,action page (/bookmarks)
860,https://jobs.rutgers.edu/bookmarks?posting_id=280423,action page (/bookmarks)
860,https://jobs.rutgers.edu/bookmarks?posting_id=280421,action page (/bookmarks)
860,https://jobs.rutgers.edu/bookmarks?posting_id=280418,action page (/bookmarks)
860,https://jobs.rutgers.edu/bookmarks?posting_id=280417,action page (/bookmarks)
860,https://jobs.rutgers.edu/bookmarks?posting_id=280408,action page (/bookmarks)
860,https://jobs.rutgers.edu/bookmarks?posting_id=280404,action page (/bookmarks)
860,https://jobs.rutgers.edu/bookmarks?posting_id=280389,action page (/bookmarks)
860,https://jobs.rutgers.edu/bookmarks?posting_id=280388,action page (/bookmarks)
860,https://jobs.rutgers.edu/bookmarks?posting_id=280387,action page (/bookmarks)
862,https://employment.stockton.edu/jobs/search,the careers link itself
862,https://employment.stockton.edu/jobs/search?page=1,section page (/search)
862,https://employment.stockton.edu/jobs/search?page=2,section page (/search)
863,https://jobs.rowan.edu/en-us/listing/,the careers link itself
863,http://jobs.rowan.edu/,site root
863,https://jobs.rowan.edu/en-us/listing/?page=2&page-items=20,section page (/listing)
870,https://www.schooljobs.com/careers/rideru,parent of 11 other rows
870,https://www.schooljobs.com/careers/rideru/jobInterestCards/categories,section page (/categories)
870,https://www.governmentjobs.com,site root
870,https://www.schooljobs.com,site root
871,https://felician.edu/about-felician-university/careers-at-felician/,the careers link itself
871,https://felician.edu/academics/center-for-academic-success-effectiveness/,outside this school's posting path
874,https://www.schooljobs.com/careers/ramapo,parent of 12 other rows
874,https://www.schooljobs.com/careers/ramapo/jobInterestCards/categories,section page (/categories)
874,https://www.ramapojobs.com/,site root
874,https://www.governmentjobs.com,site root
874,https://www.schooljobs.com,site root
877,https://jobs.rutgers.edu/postings/search,the careers link itself
877,https://jobs.rutgers.edu/interest_cards,outside this school's posting path
877,https://uhr.rutgers.edu/ura-aft-employee-resources,outside this school's posting path
877,https://foundationcareers.rutgers.edu/,site root
877,https://jobs.rutgers.edu/postings/search?page=2,section page (/search)
877,https://jobs.rutgers.edu/postings/search?page=3,section page (/search)
877,https://jobs.rutgers.edu/postings/search?page=4,section page (/search)
877,https://jobs.rutgers.edu/postings/search?page=5,section page (/search)
877,https://jobs.rutgers.edu/postings/search?page=6,section page (/search)
877,https://jobs.rutgers.edu/postings/search?page=7,section page (/search)
877,https://jobs.rutgers.edu/postings/search?page=8,section page (/search)
877,https://jobs.rutgers.edu/postings/search?page=9,section page (/search)
877,https://jobs.rutgers.edu/postings/search?page=29,section page (/search)
877,https://jobs.rutgers.edu/postings/search?page=30,section page (/search)
877,https://jobs.rutgers.edu/postings/search?sort=435+asc,section page (/search)
877,https://jobs.rutgers.edu/postings/search?sort=225+asc,section page (/search)
877,https://jobs.rutgers.edu/postings/search?sort=226+asc,section page (/search)
877,https://jobs.rutgers.edu/postings/search?sort=434+asc,section page (/search)
877,https://jobs.rutgers.edu/postings/search?sort=2282+asc,section page (/search)
877,https://jobs.rutgers.edu/postings/search?sort=2201+asc,section page (/search)
877,https://jobs.rutgers.edu/bookmarks?posting_id=280479,action page (/bookmarks)
877,https://jobs.rutgers.edu/bookmarks?posting_id=280477,action page (/bookmarks)
877,https://jobs.rutgers.edu/bookmarks?posting_id=280476,action page (/bookmarks)
877,https://jobs.rutgers.edu/bookmarks?posting_id=280472,action page (/bookmarks)
877,https://jobs.rutgers.edu/bookmarks?posting_id=280471,action page (/bookmarks)
877,https://jobs.rutgers.edu/bookmarks?posting_id=280467,action page (/bookmarks)
877,https://jobs.rutgers.edu/bookmarks?posting_id=280464,action page (/bookmarks)
877,https://jobs.rutgers.edu/bookmarks?posting_id=280460,action page (/bookmarks)
877,https://jobs.rutgers.edu/bookmarks?posting_id=280459,action page (/bookmarks)
877,https://jobs.rutgers.edu/bookmarks?posting_id=280458,action page (/bookmarks)
877,https://jobs.rutgers.edu/bookmarks?posting_id=280457,action page (/bookmarks)
877,https://jobs.rutgers.edu/bookmarks?posting_id=280456,action page (/bookmarks)
877,https://jobs.rutgers.edu/bookmarks?posting_id=280453,action page (/bookmarks)
877,https://jobs.rutgers.edu/bookmarks?posting_id=280452,action page (/bookmarks)
877,https://jobs.rutgers.edu/bookmarks?posting_id=280448,action page (/bookmarks)
877,https://jobs.rutgers.edu/bookmarks?posting_id=280446,action page (/bookmarks)
877,https://jobs.rutgers.edu/bookmarks?posting_id=280445,action page (/bookmarks)
877,https://jobs.rutgers.edu/bookmarks?posting_id=280441,action page (/bookmarks)
877,https://jobs.rutgers.edu/bookmarks?posting_id=280438,action page (/bookmarks)
877,https://jobs.rutgers.edu/bookmarks?posting_id=280433,action page (/bookmarks)
877,https://jobs.rutgers.edu/bookmarks?posting_id=280428,action page (/bookmarks)
877,https://jobs.rutgers.edu/bookmarks?posting_id=280423,action page (/bookmarks)
877,https://jobs.rutgers.edu/bookmarks?posting_id=280421,action page (/bookmarks)
877,https://jobs.rutgers.edu/bookmarks?posting_id=280418,action page (/bookmarks)
877,https://jobs.rutgers.edu/bookmarks?posting_id=280417,action page (/bookmarks)
877,https://jobs.rutgers.edu/bookmarks?posting_id=280408,action page (/bookmarks)
877,https://jobs.rutgers.edu/bookmarks?posting_id=280404,action page (/bookmarks)
877,https://jobs.rutgers.edu/bookmarks?posting_id=280389,action page (/bookmarks)
877,https://jobs.rutgers.edu/bookmarks?posting_id=280388,action page (/bookmarks)
877,https://jobs.rutgers.edu/bookmarks?posting_id=280387,action page (/bookmarks)
87,https://careers.fresnostate.edu/en-us/Search/?search-keyword=&work-type=instructional+faculty+-+temporary%2flecturer%2cinstructional+faculty+%e2%80%93+tenured%2ftenure-track%2cnon-instructional+faculty+(coach%2fcounselor%2flibrarian)%2cteaching+associate&location=&category=&subscribe=true,section page (/Search)
87,https://careers.fresnostate.edu/en-us/search/?search-keyword=&job-mail-subscribe-privacy=agree&work-type=instructional+faculty+-+temporary%2flecturer%2cinstructional+faculty+%e2%80%93+tenured%2ftenure-track%2cnon-instructional+faculty+(coach%2fcounselor%2flibrarian)%2cteaching+associate&location=&category=&page=2&page-items=20,section page (/search)
87,https://careers.pageuppeople.com/873/fr/en-us/subscribe,action page (/subscribe)
880,https://careers.newark.rutgers.edu/account/login/,action page (/login)
880,http://careers.newark.rutgers.edu/,site root
880,https://careers.newark.rutgers.edu/,site root
880,https://careers.newark.rutgers.edu/about/,section page (/about)
880,https://careers.newark.rutgers.edu/staff/,section page (/staff)
880,https://careers.newark.rutgers.edu/channels/student/,section page (/student)
880,https://careers.newark.rutgers.edu/channels/faculty/,section page (/faculty)
880,https://careers.newark.rutgers.edu/channels/detecting-fraudulent-job-postings/,the careers link itself
880,https://careers.newark.rutgers.edu/blog/?stag%5B%5D=detecting-fraudulent-job-postings,parent of 5 other rows
880,https://www.facebook.com/sharer/sharer.php?u=https%3A%2F%2Fcareers.newark.rutgers.edu%2Fresources%2Fwhat-to-do-if-youve-been-scammed%2F,filter variant of a listing URL
880,http://www.linkedin.com/cws/share?token&isFramed=false&url=https%3A%2F%2Fcareers.newark.rutgers.edu%2Fresources%2Fwhat-to-do-if-youve-been-scammed%2F,action page (/share)
880,https://twitter.com/intent/tweet?text=What+To+Do+if+You%27ve+Been+Scammed&url=https%3A%2F%2Fcareers.newark.rutgers.edu%2F%3Fp%3D305392,filter variant of a listing URL
880,https://www.facebook.com/sharer/sharer.php?u=https%3A%2F%2Fcareers.newark.rutgers.edu%2Fresources%2Fsigns-an-opportunity-might-be-a-scam%2F,filter variant of a listing URL
880,http://www.linkedin.com/cws/share?token&isFramed=false&url=https%3A%2F%2Fcareers.newark.rutgers.edu%2Fresources%2Fsigns-an-opportunity-might-be-a-scam%2F,action page (/share)
880,https://twitter.com/intent/tweet?text=Signs+an+Opportunity+Might+Be+a+Scam&url=https%3A%2F%2Fcareers.newark.rutgers.edu%2F%3Fp%3D305390,filter variant of a listing URL
880,https://www.facebook.com/sharer/sharer.php?u=https%3A%2F%2Fcareers.newark.rutgers.edu%2Fresources%2Fwhat-to-do-if-you-think-an-opportunity-is-a-scam%2F,filter variant of a listing URL
880,http://www.linkedin.com/cws/share?token&isFramed=false&url=https%3A%2F%2Fcareers.newark.rutgers.edu%2Fresources%2Fwhat-to-do-if-you-think-an-opportunity-is-a-scam%2F,action page (/share)
880,https://twitter.com/intent/tweet?text=What+To+Do+if+You+Think+an+Opportunity+Is+a+Scam&url=https%3A%2F%2Fcareers.newark.rutgers.edu%2F%3Fp%3D305391,filter variant of a listing URL
880,https://www.facebook.com/sharer/sharer.php?u=https%3A%2F%2Fcareers.newark.rutgers.edu%2Fresources%2Fstatement-on-addresses-2%2F,filter variant of a listing URL
880,http://www.linkedin.com/cws/share?token&isFramed=false&url=https%3A%2F%2Fcareers.newark.rutgers.edu%2Fresources%2Fstatement-on-addresses-2%2F,action page (/share)
880,https://twitter.com/intent/tweet?text=Statement+on+Addresses&url=https%3A%2F%2Fcareers.newark.rutgers.edu%2F%3Fp%3D171211,filter variant of a listing URL
880,https://www.facebook.com/sharer/sharer.php?u=https%3A%2F%2Fcareers.newark.rutgers.edu%2Fresources%2Ffederal-trade-commission-job-scams%2F,filter variant of a listing URL
880,http://www.linkedin.com/cws/share?token&isFramed=false&url=https%3A%2F%2Fcareers.newark.rutgers.edu%2Fresources%2Ffederal-trade-commission-job-scams%2F,action page (/share)
880,https://twitter.com/intent/tweet?text=Federal+Trade+Commission%3A+Job+Scams&url=https%3A%2F%2Fcareers.newark.rutgers.edu%2F%3Fp%3D125532,filter variant of a listing URL
880,https://www.facebook.com/sharer/sharer.php?u=https%3A%2F%2Fcareers.newark.rutgers.edu%2Fresources%2Fstatement-on-addresses%2F,filter variant of a listing URL
880,http://www.linkedin.com/cws/share?token&isFramed=false&url=https%3A%2F%2Fcareers.newark.rutgers.edu%2Fresources%2Fstatement-on-addresses%2F,action page (/share)
880,https://twitter.com/intent/tweet?text=Why+you+should+leave+your+address+off+your+resume&url=https%3A%2F%2Fcareers.newark.rutgers.edu%2F%3Fp%3D2432,filter variant of a listing URL
880,https://careers.newark.rutgers.edu/resources/?shared_category=detecting-fraudulent-job-postings&not_ctag[]=vault-guides,parent of 7 other rows
880,https://careers.newark.rutgers.edu/resources/,parent of 7 other rows
880,https://www.facebook.com/sharer/sharer.php?u=https%3A%2F%2Fcareers.newark.rutgers.edu%2Fresources%2Fthe-vault-guide-to-resumes-and-job-hunting-skills-second-edition%2F,filter variant of a listing URL
880,http://www.linkedin.com/cws/share?token&isFramed=false&url=https%3A%2F%2Fcareers.newark.rutgers.edu%2Fresources%2Fthe-vault-guide-to-resumes-and-job-hunting-skills-second-edition%2F,action page (/share)
880,https://twitter.com/intent/tweet?text=The+Vault+Guide+to+Resumes+and+Job-Hunting+Skills%2C+Second+Edition&url=https%3A%2F%2Fcareers.newark.rutgers.edu%2F%3Fp%3D25808,filter variant of a listing URL
880,https://careers.newark.rutgers.edu/resources/?shared_category=detecting-fraudulent-job-postings&ctag[]=vault-guides,parent of 7 other rows
880,https://www.gouconnect.com/?utm_source=careers.newark.rutgers.edu&utm_medium=client-footer,site root
882,https://apply.interfolio.com/14427/positions,section page (/positions)
883,https://careers.pageuppeople.com/763/cw/en-us/subscribe,action page (/subscribe)
883,http://jobs.shu.edu/cw/en-us/Search/?category=Faculty&subscribe=true,section page (/Search)
883,http://jobs.shu.edu/cw/en-us/search/?category=Faculty&page=2&page-items=20,section page (/search)
887,https://www.wpunj.edu/human-resources/jobs-careers-comp,parent of 6 other rows
887,https://www.wpunj.edu/human-resources/jobs-careers-comp/employment-opportunities,the careers link itself
887,https://www.wpunj.edu/human-resources/jobs-careers-comp/recruitment,section page (/recruitment)
887,https://www.wpunj.edu/career-center/,outside this school's posting path
887,https://www.wpunj.edu/career-center,outside this school's posting path
888,https://jobs.monmouth.edu/MON1000MON/JobBoard/d4da5ea7-24db-4f02-a484-7497ffffb76d/Account/Login,action page (/Login)
88,https://www.schooljobs.com/careers/fresnoedu,the careers link itself
88,https://www.schooljobs.com/careers/Home?page=2,section page (/Home)
88,https://www.schooljobs.com/careers/Home?page=3,section page (/Home)
88,https://www.schooljobs.com/careers/Home?page=4,section page (/Home)
88,https://www.schooljobs.com/careers/fresnoedu/jobInterestCards/categories,section page (/categories)
88,https://www.schooljobs.com/careers/fresnoedu/faculty,section page (/faculty)
88,https://www.schooljobs.com/careers/fresnoedu/staff,section page (/staff)
88,https://fresnoedu.attract.neoed.com/,site root
88,https://www.governmentjobs.com,site root
88,https://www.schooljobs.com,site root
891,https://unm.csod.com/ux/ats/careersite/18/home?c=unm,section page (/home)
891,https://unm.csod.com/ATS/careersite/ds.aspx?routename=ATS/CareerSite/MyProfile&c=unm&site=18&lang=en-US,outside this school's posting path
891,https://unm.csod.com/ux/ats/careersite/18/home?c=unm&cfdd[0][id]=255&cfdd[0][options][0]=1916,section page (/home)
891,https://unm.csod.com/ux/ats/careersite/18/home?c=unm&cfdd[0][id]=255&cfdd[0][options][0]=1915,section page (/home)
891,https://unm.csod.com/ux/ats/careersite/18/home?c=unm&cfdd[0][id]=255&cfdd[0][options][0]=1917,section page (/home)
891,https://unm.csod.com/ux/ats/careersite/18/home?c=unm&cfdd[0][id]=255&cfdd[0][options][0]=1918,section page (/home)
893,https://www.usw.edu/careers,section page (/careers)
894,https://careers.nmsu.edu/jobs/search,section page (/search)
894,https://jobs.nmsu.edu/,site root
894,https://careers.nmsu.edu/jobs/search?page=1,section page (/search)
894,https://careers.nmsu.edu/jobs/search?page=2,section page (/search)
894,https://careers.nmsu.edu/jobs/search?page=3,section page (/search)
894,https://careers.nmsu.edu/jobs/search?page=4,section page (/search)
896,https://www.schooljobs.com/careers/enmu,parent of 13 other rows
896,https://www.schooljobs.com/careers/enmu/jobInterestCards/categories,section page (/categories)
896,https://www.governmentjobs.com,site root
896,https://www.schooljobs.com,site root
897,https://iaia.edu/student-success-center/career-services/,outside this school's posting path
897,https://recruiting.paylocity.com/recruiting/jobs/List/3481/Institute-of-American-IndianAlaska,outside this school's posting path
89,https://www.fullerton.edu/career,section page (/career)
89,https://hr.fullerton.edu/careers,section page (/careers)
89,https://careersmanager.pageuppeople.com/873/fl/en-us/subscribe,action page (/subscribe)
89,https://careers.pageuppeople.com/873/fl/en-us/Search/?search-keyword=&work-type=instructional+faculty+%e2%80%93+tenured%2ftenure-track&subscribe=true,section page (/Search)
89,https://careers.pageuppeople.com/873/fl/en-us/search/?search-keyword=&work-type=instructional+faculty+%e2%80%93+tenured%2ftenure-track&job-mail-subscribe-privacy=agree&page=2&page-items=20,section page (/search)
905,https://www.excelsior.edu/career-training,the careers link itself
905,https://www.excelsior.edu/career-training/,the careers link itself
905,https://www.excelsior.edu/jobs/,section page (/jobs)
905,https://careertraining.excelsior.edu/,site root
905,https://www.excelsior.edu/es/career-training/,outside this school's posting path
908,https://www.alfred.edu/jobs-at-alfred/index.cfm,the careers link itself
912,https://www.brockport.edu/support/human-resources/careers/,the careers link itself
912,https://www.brockport.edu/go/employment,section page (/employment)
914,https://apply.interfolio.com/11646/positions,section page (/positions)
91,https://careers.pageuppeople.com/873/eb/en-us/,parent of 23 other rows
91,https://careers.pageuppeople.com/873/eb/en-us/Search/?search-keyword=&work-type=instructional+faculty+-+temporary%2flecturer%2cinstructional+faculty+%e2%80%93+tenured%2ftenure-track&subscribe=true,section page (/Search)
91,https://careers.pageuppeople.com/873/eb/en-us/search/?job-mail-subscribe-privacy=agree&search-keyword=&work-type=instructional+faculty+-+temporary%2flecturer%2cinstructional+faculty+%e2%80%93+tenured%2ftenure-track&page=2&page-items=20,section page (/search)
91,https://careers.pageuppeople.com/873/eb/en-us/subscribe/,action page (/subscribe)
920,https://www.pratt.edu/administrative-departments/human-resources/open-positions/,parent of 2 other rows
920,https://www.pratt.edu/administrative-departments/human-resources/open-positions/administrative-positions/,category page (/administrative-positions)
921,https://www.sfc.edu/why-sfc/careers-at-sfc,the careers link itself
921,https://www.sfc.edu/academics/career-pathways-articulation-agreements,outside this school's posting path
921,https://www.sfc.edu/student-life/center-for-career-exploration,outside this school's posting path
922,https://www.sjny.edu/alumni/career-services,outside this school's posting path
927,https://jobs.buffalostate.edu/postings/search,section page (/search)
927,https://jobs.buffalostate.edu/interest_cards,outside this school's posting path
927,https://jobs.buffalostate.edu/postings/search?&query=&query_v0_posted_at_date=&query_position_type_id%5B%5D=1&435=&commit=Search,section page (/search)
927,https://jobs.buffalostate.edu/postings/search?&query=&query_v0_posted_at_date=&query_position_type_id%5B%5D=5&435=&commit=Search,section page (/search)
927,https://jobs.buffalostate.edu/postings/search?&query=&query_v0_posted_at_date=&query_position_type_id%5B%5D=3&435=&commit=Search,section page (/search)
927,https://jobs.buffalostate.edu/postings/search?utf8=%E2%9C%93&query=&query_v0_posted_at_date=&query_position_type_id=4&435=&query_organizational_tier_3_id=any&commit=Search,section page (/search)
927,https://jobs.buffalostate.edu,site root
928,https://www.buffalo.edu/administrative-services/careers-at-ub/ny-helps-program.html,the careers link itself
928,https://www.ubjobs.buffalo.edu/postings/search?utf8=%E2%9C%93&query=&query_v0_posted_at_date=&query_position_type_id%5B%5D=2&435=&commit=Search,section page (/search)
928,https://www.ubjobs.buffalo.edu/postings/search?utf8=%E2%9C%93&query=&query_v0_posted_at_date=&query_position_type_id%5B%5D=2&435=Office+Assistant+1&commit=Search,section page (/search)
928,https://careermobilityoffice.cs.ny.gov/cmo/gotit/titleinfo.cfm?jobcode=2581100,filter variant of a listing URL
928,https://careermobilityoffice.cs.ny.gov/cmo/gotit/titleinfo.cfm?jobcode=2581110,filter variant of a listing URL
928,https://careermobilityoffice.cs.ny.gov/cmo/gotit/titleinfo.cfm?jobcode=2581150,filter variant of a listing URL
928,https://www.ubjobs.buffalo.edu/postings/search?utf8=%E2%9C%93&query=&query_v0_posted_at_date=&query_position_type_id%5B%5D=2&435=Office+Assistant+2&commit=Search,section page (/search)
928,https://careermobilityoffice.cs.ny.gov/cmo/gotit/titleinfo.cfm?jobcode=2581200,filter variant of a listing URL
928,https://careermobilityoffice.cs.ny.gov/cmo/gotit/titleinfo.cfm?jobcode=2581260,filter variant of a listing URL
928,https://careermobilityoffice.cs.ny.gov/cmo/gotit/titleinfo.cfm?jobcode=2581210,filter variant of a listing URL
928,https://careermobilityoffice.cs.ny.gov/cmo/gotit/titleinfo.cfm?jobcode=2581280,filter variant of a listing URL
928,https://www.ubjobs.buffalo.edu/postings/search?utf8=%E2%9C%93&query=&query_v0_posted_at_date=&query_position_type_id%5B%5D=2&435=Library+Clerk+2&commit=Search,section page (/search)
928,https://careermobilityoffice.cs.ny.gov/cmo/gotit/titleinfo.cfm?jobcode=2559200,filter variant of a listing URL
928,https://www.ubjobs.buffalo.edu/postings/search?utf8=%E2%9C%93&query=&query_v0_posted_at_date=&query_position_type_id%5B%5D=2&435=Administrative+Assistant+1&commit=Search,section page (/search)
928,https://careermobilityoffice.cs.ny.gov/cmo/gotit/titleinfo.cfm?jobcode=2900100,filter variant of a listing URL
928,https://www.ubjobs.buffalo.edu/postings/search?utf8=%E2%9C%93&query=&query_v0_posted_at_date=&query_position_type_id%5B%5D=2&435=Program+Aide&commit=Search,section page (/search)
928,https://careermobilityoffice.cs.ny.gov/cmo/gotit/titleinfo.cfm?jobcode=2800400,filter variant of a listing URL
928,https://www.ubjobs.buffalo.edu/postings/search?utf8=%E2%9C%93&query=&query_v0_posted_at_date=&query_position_type_id%5B%5D=2&435=plant+utilities+assistant&commit=Search,section page (/search)
928,https://careermobilityoffice.cs.ny.gov/cmo/gotit/titleinfo.cfm?jobcode=7520010,filter variant of a listing URL
928,https://www.ubjobs.buffalo.edu/postings/search?utf8=%E2%9C%93&query=&query_v0_posted_at_date=&query_position_type_id%5B%5D=2&435=supervising+Janitor&commit=Search,section page (/search)
928,https://careermobilityoffice.cs.ny.gov/cmo/gotit/titleinfo.cfm?jobcode=3016500&nu=03,filter variant of a listing URL
928,https://www.ubjobs.buffalo.edu/postings/search?utf8=%E2%9C%93&query=&query_v0_posted_at_date=&query_position_type_id%5B%5D=2&435=service+and+repair+mechanic+electronics&commit=Search,section page (/search)
928,https://careermobilityoffice.cs.ny.gov/cmo/gotit/titleinfo.cfm?jobcode=7347110&nu=03,filter variant of a listing URL
928,https://www.ubjobs.buffalo.edu/postings/search?utf8=%E2%9C%93&query=&query_v0_posted_at_date=&query_position_type_id%5B%5D=2&435=Plant+Utilities+Engineer+1&commit=Search,section page (/search)
928,https://careermobilityoffice.cs.ny.gov/cmo/gotit/titleinfo.cfm?jobcode=7520100,filter variant of a listing URL
928,https://www.ubjobs.buffalo.edu/postings/search?utf8=%E2%9C%93&query=&query_v0_posted_at_date=&query_position_type_id%5B%5D=2&435=Maintenance+Supervisor+1+Motor+Equipment&commit=Search,section page (/search)
928,https://careermobilityoffice.cs.ny.gov/cmo/gotit/titleinfo.cfm?jobcode=7101340&nu=03,filter variant of a listing URL
928,https://www.ubjobs.buffalo.edu/postings/search?utf8=%E2%9C%93&query=&query_v0_posted_at_date=&query_position_type_id%5B%5D=2&435=Maintenance+Supervisor+2&commit=Search,section page (/search)
928,https://careermobilityoffice.cs.ny.gov/cmo/gotit/titleinfo.cfm?jobcode=7101500&nu=05,filter variant of a listing URL
928,https://www.ubjobs.buffalo.edu/postings/search?utf8=%E2%9C%93&query=&query_v0_posted_at_date=&query_position_type_id%5B%5D=2&435=Maintenance+Supervisor+3&commit=Search,section page (/search)
928,https://www.ubjobs.buffalo.edu/postings/search?utf8=%E2%9C%93&query=&query_v0_posted_at_date=&query_position_type_id%5B%5D=2&435=Dental+Hygienist&commit=Search,section page (/search)
928,https://careermobilityoffice.cs.ny.gov/cmo/gotit/titleinfo.cfm?jobcode=5359000&nu=04,filter variant of a listing URL
928,https://www.ubjobs.buffalo.edu/postings/search?utf8=%E2%9C%93&query=&query_v0_posted_at_date=&query_position_type_id%5B%5D=2&435=Medical+Assistant&commit=Search,section page (/search)
928,https://careermobilityoffice.cs.ny.gov/cmo/gotit/titleinfo.cfm?jobcode=2587000&nu=04,filter variant of a listing URL
928,https://www.ubjobs.buffalo.edu/postings/search?utf8=%E2%9C%93&query=&query_v0_posted_at_date=&435=Medical+Laboratory+Technician+1&commit=Search,section page (/search)
928,https://careermobilityoffice.cs.ny.gov/cmo/gotit/titleinfo.cfm?jobcode=6225100&nu=04,filter variant of a listing URL
928,https://www.ubjobs.buffalo.edu/postings/search?utf8=%E2%9C%93&query=&query_v0_posted_at_date=&query_position_type_id%5B%5D=2&435=medical+laboratory+technician+2&commit=Search,section page (/search)
928,https://careermobilityoffice.cs.ny.gov/cmo/gotit/titleinfo.cfm?jobcode=6225200,filter variant of a listing URL
928,https://www.ubjobs.buffalo.edu/postings/search?utf8=%E2%9C%93&query=&query_v0_posted_at_date=&query_position_type_id%5B%5D=2&435=licensed+radiological+technologist&commit=Search,section page (/search)
928,https://careermobilityoffice.cs.ny.gov/cmo/gotit/titleinfo.cfm?jobcode=6212400&nu=04,filter variant of a listing URL
928,https://www.ubjobs.buffalo.edu/postings/search?utf8=%E2%9C%93&query=&query_v0_posted_at_date=&query_position_type_id%5B%5D=2&435=Registered+Nurse+1&commit=Search,section page (/search)
928,https://careermobilityoffice.cs.ny.gov/cmo/gotit/titleinfo.cfm?jobcode=5601200&nu=05,filter variant of a listing URL
928,https://www.ubjobs.buffalo.edu/postings/search?utf8=%E2%9C%93&query=&query_v0_posted_at_date=&query_position_type_id%5B%5D=2&435=Senior+Laboratory+Animal+Caretaker&commit=Search,section page (/search)
928,https://careermobilityoffice.cs.ny.gov/cmo/gotit/titleinfo.cfm?jobcode=0911300&nu=04,filter variant of a listing URL
928,https://www.ubjobs.buffalo.edu/postings/search?utf8=%E2%9C%93&query=&query_v0_posted_at_date=&query_position_type_id%5B%5D=2&435=Laboratory+Technician&commit=Search,section page (/search)
928,https://careermobilityoffice.cs.ny.gov/cmo/gotit/titleinfo.cfm?jobcode=6204200&nu=04,filter variant of a listing URL
928,https://www.ubjobs.buffalo.edu/postings/search?utf8=%E2%9C%93&query=&query_v0_posted_at_date=&query_position_type_id%5B%5D=2&435=Principal+Laboratory+Animal+Caretaker&commit=Search,section page (/search)
928,https://careermobilityoffice.cs.ny.gov/cmo/gotit/titleinfo.cfm?jobcode=0911500,filter variant of a listing URL
928,https://www.ubjobs.buffalo.edu/postings/search?utf8=%E2%9C%93&query=&query_v0_posted_at_date=&query_position_type_id%5B%5D=2&435=Senior+Laboratory+Animal+Technician&commit=Search,section page (/search)
928,https://careermobilityoffice.cs.ny.gov/cmo/gotit/titleinfo.cfm?jobcode=6204300,filter variant of a listing URL
928,https://www.ubjobs.buffalo.edu/postings/search?utf8=%E2%9C%93&query=&query_v0_posted_at_date=&query_position_type_id%5B%5D=2&435=security+Services+Assistant+1&commit=Search,section page (/search)
928,https://careermobilityoffice.cs.ny.gov/cmo/gotit/titleinfo.cfm?jobcode=8731100&nu=21,filter variant of a listing URL
928,https://www.ubjobs.buffalo.edu/postings/search?utf8=%E2%9C%93&query=&query_v0_posted_at_date=&query_position_type_id%5B%5D=2&435=university+police+communications&commit=Search,section page (/search)
928,https://careermobilityoffice.cs.ny.gov/cmo/gotit/titleinfo.cfm?jobcode=8750100&nu=21,filter variant of a listing URL
934,https://www.cobleskill.edu/about/offices-services/human-resources/career-cobleskill.aspx,outside this school's posting path
935,https://www2.cortland.edu/offices/career-services/student-employment/,category page (/student-employment)
935,https://jobs.cortland.edu/,site root
935,https://www.cortlandaux.com/employment,section page (/employment)
935,https://www2.cortland.edu/offices/asap/student-employment/,category page (/student-employment)
935,https://www2.cortland.edu/offices/hr/benefits/careers,section page (/careers)
935,https://www2.cortland.edu/offices/hr/benefits/,section page (/benefits)
935,https://www2.cortland.edu/offices/hr/jobs,the careers link itself
941,http://jobs.ecenglish.com,site root
941,https://www.fredonia.edu/student-life/career-development-office/student-employment,category page (/student-employment)
941,https://www.rfsuny.org/about-us/careers/,section page (/careers)
943,https://www.geneseo.edu/provost/applying-for-faculty-positions/,the careers link itself
943,https://jobs.geneseo.edu/postings/search,section page (/search)
944,https://www.hws.edu/offices/hr/employment-opportunities/faculty.aspx,the careers link itself
946,https://www.colgate.edu/success-after-colgate,the careers link itself
949,https://jobs.hr.cornell.edu/i/us/en/home,section page (/home)
949,https://jobs.hr.cornell.edu/us/en/academic-careers,category page (/academic-careers)
949,https://cornell.wd1.myworkdayjobs.com/CornellCareerPage/login,action page (/login)
949,https://jobs.hr.cornell.edu/us/en/apply?jobSeqNo=CUICUGUSWDR00056361EXTERNALENUS,action page (/apply)
949,https://jobs.hr.cornell.edu/us/en/job/WDR-00056873/Temporary-Catering-Events-Assistant-Cornell-Catering,outside this school's posting path
949,https://jobs.hr.cornell.edu/us/en/apply?jobSeqNo=CUICUGUSWDR00056873EXTERNALENUS,action page (/apply)
949,https://jobs.hr.cornell.edu/us/en/apply?jobSeqNo=CUICUGUSWDR00044391EXTERNALENUS,action page (/apply)
950,https://www.ithaca.edu/center-career-exploration-and-development,the careers link itself
950,https://www.ithaca.edu/center-career-exploration-and-development/who-we-support,parent of 8 other rows
950,https://www.ithaca.edu/center-career-exploration-and-development/who-we-support/alumni,section page (/alumni)
950,https://www.ithaca.edu/center-career-exploration-and-development/inspiring-internships,parent of 3 other rows
950,https://www.ithaca.edu/center-career-exploration-and-development/equity-inclusion-and-belonging,parent of 9 other rows
950,https://www.ithaca.edu/center-career-exploration-and-development/career-toolkit,parent of 10 other rows
950,https://www.ithaca.edu/center-career-exploration-and-development/student-employment,category page (/student-employment)
950,https://www.instagram.com/iccareers/?hl=en,filter variant of a listing URL
950,https://www.ithaca.edu/career-services/about,section page (/about)
954,https://www.newpaltz.edu/careers/,section page (/careers)
978,https://niagara.applicantpro.com/jobs/,the careers link itself
981,http://hartwickcollege.applytojob.com/apply/,action page (/apply)
984,https://www.oswego.edu/human-resources/content/your-opportunity-awaits-0,outside this school's posting path
986,https://jobs.plattsburgh.edu/postings/search,section page (/search)
986,https://www.plattsburgh.edu/about/offices-divisions/administration-finance/human-resources/jobs/index.html,the careers link itself
988,https://employment.potsdam.edu/postings/search,the careers link itself
988,https://employment.potsdam.edu/postings/search?sort=863+asc,section page (/search)
988,https://employment.potsdam.edu/postings/search?sort=809+asc,section page (/search)
988,https://employment.potsdam.edu/postings/search?sort=810+asc,section page (/search)
988,https://employment.potsdam.edu/postings/search?sort=832+asc,section page (/search)
988,https://employment.potsdam.edu/bookmarks?posting_id=5523,action page (/bookmarks)
988,https://employment.potsdam.edu/bookmarks?posting_id=5518,action page (/bookmarks)
988,https://employment.potsdam.edu/bookmarks?posting_id=5516,action page (/bookmarks)
988,https://employment.potsdam.edu/bookmarks?posting_id=5515,action page (/bookmarks)
988,https://employment.potsdam.edu/bookmarks?posting_id=5514,action page (/bookmarks)
988,https://employment.potsdam.edu/bookmarks?posting_id=5509,action page (/bookmarks)
988,https://employment.potsdam.edu/bookmarks?posting_id=5507,action page (/bookmarks)
988,https://employment.potsdam.edu/bookmarks?posting_id=5503,action page (/bookmarks)
988,https://employment.potsdam.edu/bookmarks?posting_id=5474,action page (/bookmarks)
988,https://employment.potsdam.edu/bookmarks?posting_id=5431,action page (/bookmarks)
990,https://www.ey.com/en_us/careers,parent of 22 other rows
990,https://www.ey.com/en_us/careers/how-to-join-us,the careers link itself
990,https://careers.ey.com/ey/search/?createNewAlert=false&q=&locationsearch&local=en_US.html,section page (/search)
990,https://usearlycareers.ey.com/,site root
990,https://careers.ey.com/ey/lp/TC/f7abb34d58e4b33e/,outside this school's posting path
990,https://eyglobal.yello.co/app/collect/form/iTmmUGgVq7gUlf2GLjazDg,outside this school's posting path
991,https://mville.exacthire.com/apply?section=0&jobs=[]&myAccount=1,action page (/apply)
994,https://www.schooljobs.com/careers/stjohns,parent of 21 other rows
994,https://www.schooljobs.com/careers/Home?page=2,section page (/Home)
994,https://www.schooljobs.com/careers/stjohns/jobInterestCards/categories,section page (/categories)
994,https://www.governmentjobs.com,site root
994,https://www.schooljobs.com,site root
996,https://jobs.naz.edu/postings/search,section page (/search)
996,https://jobs.naz.edu/postings/search?commit=Search&query_organizational_tier_3_id=any&query_position_type_id=2&sort=276+asc&utf8=%E2%9C%93,section page (/search)
996,https://jobs.naz.edu/postings/search?commit=Search&query_organizational_tier_3_id=any&query_position_type_id=2&sort=274+asc&utf8=%E2%9C%93,section page (/search)
996,https://jobs.naz.edu/bookmarks?posting_id=4485,action page (/bookmarks)
996,https://jobs.naz.edu/bookmarks?posting_id=4431,action page (/bookmarks)
999,https://jobs.sjf.edu/,site root
999,https://www.sjf.edu/services/human-resources/career-experience/,the careers link itself
