school_id,name,country,base_url,careers_link,ats_platform,confidence,notes,scraper_status
1,Alaska Pacific University,US,https://www.alaskapacific.edu/,https://www.alaskapacific.edu/about/employment/#openings,own website,medium,OK:2,generic scraper
2,University of Alaska Anchorage,US,https://www.uaa.alaska.edu/,https://careers.alaska.edu/jobs/search/faculty-jobs?page=1&cities%5B%5D=Anchorage&query=,own website,medium,OK:4,generic scraper
3,University of Alaska Fairbanks,US,https://www.uaf.edu/,https://careers.alaska.edu/jobs/search/faculty-jobs?page=1&cities%5B%5D=Fairbanks&query=,own website,medium,OK:4,generic scraper
4,Athens State University,US,https://www.athens.edu/,https://www.athens.edu/about/offices/human-resources/employment-opportunities/,own website,medium,OK:4,generic scraper
5,Auburn University,US,https://www.auburn.edu/,https://jobs.auburn.edu/auburn-careers-home/jobs?tags2=Faculty&page=1,own website,medium,OK:4,generic scraper
7,Samford University,US,https://www.samford.edu/,https://www.samford.edu/employee/faculty-employment-opportunities/default,own website,medium,OK:3,generic scraper
11,University of North Alabama,US,https://www.una.edu/,https://www.schooljobs.com/careers/una?jobType[0]=Faculty&sort=PositionTitle%7CAscending,own website,medium,OK:4,generic scraper
13,University of Alabama in Huntsville,US,https://www.uah.edu/,https://www.uah.edu/hr/careers/faculty-careers,own website,medium,OK:3,generic scraper
14,Jacksonville State University,US,https://www.jsu.edu/,https://careers.jsu.edu/jobs/search?page=1&category_uids%5B%5D=6221c7f16b88a1e8462b2d492ce7977f&query=,own website,medium,OK:4,generic scraper
15,University of West Alabama,US,https://www.uwa.edu/,https://www.uwa.edu/employment/,own website,medium,OK-2hop:OK:2,generic scraper
18,University of South Alabama,US,https://www.southalabama.edu/,https://www.southalabama.edu/departments/academicaffairs/facultyposition.html,own website,high,OK-2hop:OK:8,generic scraper
19,University of Montevallo,US,https://www.montevallo.edu/,https://jobs.montevallo.edu/postings/search?utf8=%E2%9C%93&query=&query_v0_posted_at_date=&query_organizational_tier_3_id%5B%5D=any&440=&query_position_type_id%5B%5D=2&commit=Search,own website,medium,OK:3,generic scraper
21,Amridge University,US,https://www.amridgeuniversity.edu/,http://www.amridgeuniversity.edu/about/employment/,own website,medium,OK:2,generic scraper
22,Auburn University at Montgomery,US,https://www.aum.edu/,https://jobs.aum.edu/aum-careers-home/jobs?tags2=Faculty,own website,medium,OK-2hop:OK:16,generic scraper
28,Troy University,US,https://www.troy.edu/,https://www.troyuniversityjobs.com/postings/search?utf8=%E2%9C%93&query=&query_v0_posted_at_date=&3481%5B%5D=3&225=&435=&commit=Search,own website,high,OK:7,generic scraper
30,The University of Alabama,US,https://www.ua.edu/,https://careers.ua.edu/faculty,own website,medium,OK-2hop:OK:16,generic scraper
32,Henderson State University,US,https://www.hsu.edu/,https://phe.tbe.taleo.net/phe02/ats/careers/v2/jobSearch?act=redirectCwsV2&cws=48&org=ARKASTAT2,Taleo,high,OK-2hop:OK:13,generic scraper (verified working)
34,Lyon College,US,https://www.lyon.edu/,http://www.lyon.edu/employment,own website,medium,OK-2hop:OK:5,generic scraper
35,University of the Ozarks,US,https://ozarks.edu/,https://ozarks.edu/about/employment/,own website,medium,OK-2hop:OK:2,generic scraper
37,Hendrix College,US,https://www.hendrix.edu/,https://www.hendrix.edu/humanresources/jobs.aspx,own website,high,OK-2hop:OK:6,generic scraper
38,University of Central Arkansas,US,https://www.uca.edu/,https://jobs.uca.edu/postings/search?utf8=%E2%9C%93&query=&query_v0_posted_at_date=&435=&225=&query_position_type_id%5B%5D=1&commit=Search,own website,medium,OK-2hop:OK:5,generic scraper
39,University of Arkansas,US,https://www.uark.edu/,https://uasys.wd5.myworkdayjobs.com/UAF_External_Career_Site?jobFamilyGroup=eaddfab9343f0113688d32d525e70000,Workday,high,OK-2hop:OK:6,adapter built
40,University of Arkansas-Fort Smith,US,https://uafs.edu/,https://uasys.wd5.myworkdayjobs.com/UASYS?locations=764b2d014314010f624ed3006e08cec1,Workday,high,OK:8,adapter built
41,Arkansas State University,US,https://www.astate.edu/,https://phe.tbe.taleo.net/phe02/ats/careers/v2/searchResults?org=ARKASTAT2&cws=56&act=sort&sortColumn=1&sortOrder=A,Taleo,high,OK-2hop:OK:10,generic scraper (verified working)
42,University of Arkansas Grantham,US,https://www.uagrantham.edu/,https://uasys.wd5.myworkdayjobs.com/UASYS?q=grantham,Workday,high,OK-2hop:OK:9,adapter built
46,University of Arkansas at Little Rock,US,https://ualr.edu/www/,https://uasys.wd5.myworkdayjobs.com/UASYS?hiringCompany=720b21cbdf2401e26b5b1759c4019006&locations=17a66cdad982014d322b8c49ca003c4a&timeType=8676082fcc89011e20fa6c2e71495700,Workday,high,OK:8 [playwright],adapter built
47,Southern Arkansas University Main Campus,US,https://www.saumag.edu/,https://www.saumag.edu/human-resources/category/employment-opportunities/faculty-positions/,own website,medium,OK-2hop:OK:13,generic scraper
54,Northern Arizona University,US,https://nau.edu/,https://careers.nau.edu/jobs/search?page=1&category_uids%5B%5D=16877518cdbd46262a1b4a995c2a65c2&query=,own website,medium,OK-2hop:OK:2,generic scraper
61,Embry-Riddle Aeronautical University-Prescott,US,https://prescott.erau.edu/,https://embryriddle.wd1.myworkdayjobs.com/External?workerSubType=ac0092a9a0de01b90ceaa516fb097e1d,Workday,high,OK-2hop:OK:8,adapter built
62,Arizona State University Digital Immersion,US,https://www.asu.edu/,https://facultypositions.asu.edu/#/api/Home/_InterfolioPostings,own website,medium,OK-2hop:OK:4,generic scraper
63,Arizona State University Campus Immersion,US,https://www.asu.edu/,https://facultypositions.asu.edu/#/api/Home/_InterfolioPostings,own website,medium,OK-2hop:OK:4,generic scraper
65,University of Arizona,US,https://www.arizona.edu/,https://arizona.csod.com/ux/ats/careersite/4/home?c=arizona&cfdd[0][id]=227&cfdd[0][options][0]=306,Cornerstone OnDemand,high,OK-2hop:OK:8,adapter built
67,Pacific Union College,US,https://www.puc.edu/,https://www.puc.edu/campus-services/human-resources/faculty-job-postings,own website,medium,OK-2hop:OK:12 [playwright],generic scraper
68,California State Polytechnic University-Humboldt,US,https://www.humboldt.edu/,https://careers.humboldt.edu/hm/en-us/filter/?work-type=faculty,own website,medium,OK-2hop:OK:8,generic scraper
69,Menlo College,US,https://www.menlo.edu/,https://www.menlo.edu/employment-opportunities/,own website,medium,OK-2hop:OK:3,generic scraper
72,California State University-Bakersfield,US,https://www.csub.edu/,https://careers.csub.edu/en-us/filter/?search-keyword=&work-type=instructional%20faculty%20-%20temporary%2flecturer&work-type=instructional%20faculty%20%e2%80%93%20tenured%2ftenure-track&work-type=instructional%20student%20assistant&work-type=non-instructional%20faculty%20(coach%2fcounselor%2flibrarian)&work-type=teaching%20associate&job-mail-subscribe-privacy=agree,own website,medium,OK-2hop:OK:3,generic scraper
73,Notre Dame de Namur University,US,https://www.ndnu.edu/,https://workforcenow.adp.com/mascsr/default/mdf/recruitment/recruitment.html?cid=fde135bd-bf6a-4ebd-965f-43a1d08a2241&ccId=19000101_000001&source=CC2&lang=en_US&selectedMenuKey=CurrentOpenings,ADP,high,OK-2hop:OK:7,adapter built
74,University of California-Berkeley,US,https://www.berkeley.edu/,https://aprecruit.berkeley.edu/apply,own website,medium,OK-2hop:OK:5,generic scraper
75,Woodbury University,US,https://woodbury.edu/,https://woodbury.edu/about/people/employment-opportunities/,own website,medium,OK-2hop:OK:5,generic scraper
76,California State University-Channel Islands,US,https://www.csuci.edu/,https://jobs.csuci.edu/en-us/listing/,own website,medium,OK-2hop:OK:2,generic scraper
77,California State University-Dominguez Hills,US,https://www.csudh.edu/,https://careers.csudh.edu/en-us/filter/?ie=utf-8&q=&search-keyword=&work-type=instructional%20faculty%20-%20temporary%2flecturer&work-type=instructional%20faculty%20%e2%80%93%20tenured%2ftenure-track&work-type=non-instructional%20faculty%20(coach%2fcounselor%2flibrarian)&category=unit%203%20-%20cfa%20-%20california%20faculty%20association&category=faculty&job-mail-subscribe-privacy=agree,own website,medium,OK-2hop:OK:4,generic scraper
78,California State University-Chico,US,https://www.csuchico.edu/,https://jobs.csuchico.edu/en-us/filter/?search-keyword=&work-type=instructional%20faculty%20-%20temporary%2flecturer&work-type=instructional%20faculty%20%E2%80%93%20tenured%2ftenure-track&work-type=visiting%20faculty&work-type=non-instructional%20faculty%20(coach/Counselor/librarian)&job-mail-subscribe-privacy=agree&_gl=1*nuuf33*global_ga*Nzc4ODA3ODIwLjE3ODc4NzUwODE.*global_ga_VM2YX7L78G*czE3ODc4NzUwODAkbzEkZzEkdDE3ODc4NzUwOTAkajUwJGwwJGgw,own website,medium,OK-2hop:OK:5,generic scraper
79,Claremont McKenna College,US,https://www.cmc.edu/,https://webapps.cmc.edu/jobs/faculty/faculty_opening.php,own website,high,OK-2hop:OK:9,generic scraper
80,Harvey Mudd College,US,https://www.hmc.edu/,https://www.hmc.edu/dean-of-faculty/available-faculty-positions/,own website,high,OK-2hop:OK:9,generic scraper
81,Pitzer College,US,https://www.pitzer.edu/,https://academicjobsonline.org/ajo/Pitzer%20College/Office%20of%20the%20Dean%20of%20Faculty,AcademicJobsOnline,medium,OK-2hop:OK:18,adapter built
82,Pomona College,US,https://www.pomona.edu/,https://www.pomona.edu/administration/academic-dean/faculty-jobs,own website,medium,OK-2hop:OK:14,generic scraper
83,Scripps College,US,https://www.scrippscollege.edu/,http://www.scrippscollege.edu/hr/faculty,own website,medium,OK-2hop:OK:12,generic scraper
84,Vanguard University of Southern California,US,https://www.vanguard.edu/,https://www.vanguard.edu/resources/human-resources/vu-careers?post_category_id=165,own website,medium,OK-2hop:OK:3,generic scraper
85,University of California-Davis,US,https://ucdavis.edu/,https://recruit.ucdavis.edu/apply?_gl=1*1802h74*_gcl_au*MTUyNDgyMzMzMy4xNzg3ODc1NDE4*_ga*MTE2MzE3NjkzLjE3ODc4NzU0MTg.*_ga_2N9JP0W2PC*czE3ODc4NzU0MTgkbzEkZzAkdDE3ODc4NzU0MjAkajU4JGwwJGgw,own website,not_found,NO_MATCH [playwright],generic scraper
87,California State University-Fresno,US,https://www.fresnostate.edu/,https://careers.fresnostate.edu/en-us/filter/?search-keyword=&job-mail-subscribe-privacy=agree&work-type=instructional%20faculty%20-%20temporary%2flecturer&work-type=instructional%20faculty%20%e2%80%93%20tenured%2ftenure-track&work-type=non-instructional%20faculty%20(coach%2fcounselor%2flibrarian)&work-type=teaching%20associate&location=&category=,own website,medium,OK-2hop:OK:1,generic scraper
88,Fresno Pacific University,US,https://www.fresno.edu/,https://www.schooljobs.com/careers/fresnoedu,own website,medium,OK-2hop:OK:2,generic scraper
89,California State University-Fullerton,US,https://www.fullerton.edu/,https://careers.pageuppeople.com/873/fl/en-us/filter/?search-keyword=&work-type=instructional%20faculty%20%e2%80%93%20tenured%2ftenure-track&job-mail-subscribe-privacy=agree,PageUp,medium,OK-2hop:OK:3,generic scraper (verified working)
91,California State University-East Bay,US,https://www.csueastbay.edu/,https://careers.pageuppeople.com/873/eb/en-us/filter/?job-mail-subscribe-privacy=agree&search-keyword=&work-type=instructional%20faculty%20-%20temporary%2flecturer&work-type=instructional%20faculty%20%e2%80%93%20tenured%2ftenure-track,PageUp,high,OK-2hop:OK:13,generic scraper (verified working)
93,University of California-Irvine,US,https://www.uci.edu/,https://recruit.ap.uci.edu/apply,own website,medium,OK-2hop:OK:7,generic scraper
94,University of Massachusetts Global,US,https://www.umassglobal.edu/,https://umassglobal.wd5.myworkdayjobs.com/UMassGlobalCareers,Workday,high,OK-2hop:OK:6,adapter built
95,University of California-San Diego,US,https://www.ucsd.edu/,https://apol-recruit.ucsd.edu/apply,own website,medium,OK-2hop:OK:4,generic scraper
97,University of La Verne,US,https://www.laverne.edu/,https://laverne.peopleadmin.com/postings/search?utf8=%E2%9C%93&query=&query_v0_posted_at_date=&341=&query_position_type_id%5B%5D=2&343=&commit=Search,PeopleAdmin,medium,OK:4 [playwright],adapter built
98,California State University-Long Beach,US,https://www.csulb.edu/,https://csucareers.calstate.edu/en-us/filter/?=&leftNavSearchFormQuery=&=&search=&search-keyword=&job-mail-subscribe-privacy=agree&work-type=instructional%20faculty%20-%20temporary%2flecturer&work-type=instructional%20faculty%20%e2%80%93%20tenured%2ftenure-track&location=long%20beach&job-mail-subscribe-privacy=agree,own website,medium,OK-2hop:OK:5,generic scraper
100,California State University-Los Angeles,US,https://www.calstatela.edu/,https://csucareers.calstate.edu/en-us/filter/?=&leftNavSearchFormQuery=&=&search=&search-keyword=&job-mail-subscribe-privacy=agree&work-type=instructional%20faculty%20-%20temporary%2flecturer&work-type=instructional%20faculty%20%e2%80%93%20tenured%2ftenure-track&location=los%20angeles&job-mail-subscribe-privacy=agree,own website,not_found,NO_MATCH [playwright],generic scraper
102,Mount Saint Mary's University,US,https://www.msmu.edu/,https://www.msmu.edu/about-the-mount/university-offices/administration--finance/human-resources/employment-opportunities/,own website,medium,OK-2hop:OK:4,generic scraper
103,Occidental College,US,https://www.oxy.edu/,https://www.oxy.edu/working-oxy/faculty-positions,own website,medium,OK-2hop:OK:4,generic scraper
104,Pacific States University,US,https://www.psuca.edu/,https://psuca.edu/jobs-opportunities/,own website,medium,OK:3 [playwright],generic scraper
105,University of California-Los Angeles,US,https://www.ucla.edu/,https://recruit.apo.ucla.edu/apply,own website,medium,OK-2hop:OK:10,generic scraper
106,University of Southern California,US,https://www.usc.edu/,https://usccareers.usc.edu/search-jobs,own website,high,OK-2hop:OK:8,generic scraper
107,Pepperdine University,US,https://www.pepperdine.edu/,https://jobs.pepperdine.edu/jobs/search/temporary-opportunities?page=1&dropdown_field_3_uids%5B%5D=dcaa7a03ab89b8b42952f428d59046b3&query=,own website,medium,OK-2hop:OK:8,generic scraper
108,University of California-Merced,US,https://ucmerced.edu/,https://aprecruit.ucmerced.edu/apply,own website,not_found,playwright_failed:TimeoutError,generic scraper
109,Saint Mary's College of California,US,https://www.stmarys-ca.edu/,https://www.stmarys-ca.edu/offices-services/academic-affairs/faculty-openings,own website,medium,OK-2hop:OK:9,generic scraper
110,California State University-Northridge,US,https://www.csun.edu/,https://careers.pageuppeople.com/873/nr/en-us/filter/?search-keyword=&work-type=instructional%20faculty%20%e2%80%93%20tenured%2ftenure-track&job-mail-subscribe-privacy=agree,PageUp,high,OK-2hop:OK:11,generic scraper (verified working)
114,Chapman University,US,https://www.chapman.edu/,https://apply.interfolio.com/44328/positions,own website,medium,OK-2hop:OK:1,generic scraper
115,California Institute of Technology,US,https://www.caltech.edu/,https://phf.tbe.taleo.net/phf03/ats/careers/v2/jobSearch?act=redirectCwsV2&cws=37&org=CALTECH,Taleo,high,OK-2hop:OK:10,generic scraper (verified working)
116,California State Polytechnic University-Pomona,US,https://www.cpp.edu/,https://careers.cpp.edu/po/en-us/filter/?search-keyword=&work-type=instructional%20faculty%20-%20temporary%2flecturer&work-type=instructional%20faculty%20%e2%80%93%20tenured%2ftenure-track&job-mail-subscribe-privacy=agree,own website,medium,OK:2,generic scraper
117,Simpson University,US,https://www.simpsonu.edu/,https://secure.onehcm.com/ta/Simpson.careers?CareersSearch&InFrameset=1&HostedBy=simpsonu.edu,own website,medium,OK-2hop:OK:5,generic scraper
118,University of Redlands,US,https://www.redlands.edu/,https://recruiting2.ultipro.com/UNI1089UOR/JobBoard/6af23b67-9dd3-4a6a-bda1-676b92a4fcb4/?q=&o=postedDateDesc&w=&wc=&we=&wpst=&f5=2751WKaSbU2nBtQmI-bCAA,UKG/Ultipro,high,OK-2hop:OK:9,adapter built
121,University of California-Riverside,US,https://www.ucr.edu/,https://aprecruit.ucr.edu/apply,own website,medium,OK-2hop:OK:8,generic scraper
123,Sonoma State University,US,https://sonoma.edu/,https://employment.sonoma.edu/en-us/filter/?search-keyword=&work-type=instructional%20faculty%20-%20temporary%2flecturer&job-mail-subscribe-privacy=agree,own website,medium,OK:2 [playwright],generic scraper
124,University of the West,US,https://www.uwest.edu/,https://workforcenow.adp.com/mascsr/default/mdf/recruitment/recruitment.html?cid=31cd0b73-92c3-4ed2-84f8-5a6de61f8f2c&ccId=19000101_000001&lang=en_US&source=CC2&selectedMenuKey=CurrentOpenings,ADP,high,OK-2hop:OK:7,adapter built
125,California State University-Sacramento,US,https://www.csus.edu/,https://careers.csus.edu/en-us/filter/?job-mail-subscribe-privacy=agree&search-keyword=&work-type=instructional%20faculty%20-%20temporary%2flecturer&work-type=instructional%20faculty%20%e2%80%93%20tenured%2ftenure-track,own website,medium,OK:5,generic scraper
126,California State University-San Bernardino,US,https://www.csusb.edu/,https://careers.csusb.edu/sb/en-us/filter/?job-mail-subscribe-privacy=agree&search-keyword=&work-type=instructional%20faculty%20-%20temporary%2flecturer&work-type=instructional%20faculty%20%e2%80%93%20tenured%2ftenure-track,own website,medium,OK:7,generic scraper
129,National University,US,https://www.nu.edu/,https://nus.wd1.myworkdayjobs.com/en-US/Careers,Workday,high,OK-2hop:OK:8,adapter built
131,Northcentral University,US,https://www.nu.edu/,https://www.northcentral.edu/about/employment/current-job-openings/,own website,high,OK-2hop:OK:8,generic scraper
133,San Diego State University,US,https://www.sdsu.edu/,https://careers.sdsu.edu/en-us/filter/?search-keyword=&work-type=instructional%20faculty%20-%20temporary%2flecturer&work-type=instructional%20faculty%20%e2%80%93%20tenured%2ftenure-track&job-mail-subscribe-privacy=agree,own website,high,OK-2hop:OK:12,generic scraper
135,University of San Diego,US,https://www.sandiego.edu/,https://www.sandiego.edu/outcomes/careers/,own website,medium,OK-2hop:OK:2 [playwright],generic scraper
138,Golden Gate University,US,https://www.ggu.edu/,https://www.paycomonline.net/v4/ats/web.php/jobs?clientkey=1A449B35167BB40706C055A54E4FB0DA,own website,medium,OK-2hop:OK:4,generic scraper
139,San Francisco State University,US,https://www.sfsu.edu/,https://careers.pageuppeople.com/873/sf/en-us/filter/?search-keyword=&job-mail-subscribe-privacy=agree,PageUp,medium,OK:1,generic scraper (verified working)
140,University of San Francisco,US,https://www.usfca.edu/,https://usfca.wd5.myworkdayjobs.com/USF_Full-Time_Faculty,Workday,high,OK-2hop:OK:8,adapter built
141,San Jose State University,US,https://www.sjsu.edu/,https://jobs.sjsu.edu/en-us/filter/?search-keyword=&work-type=instructional%20faculty%20-%20temporary%2flecturer&work-type=instructional%20faculty%20%e2%80%93%20tenured%2ftenure-track&job-mail-subscribe-privacy=agree,own website,not_found,NO_MATCH [playwright],generic scraper
143,California Polytechnic State University-San Luis Obispo,US,https://calpoly.edu/,https://jobs.calpoly.edu/sl/en-us/filter/?search-keyword=&work-type=instructional%20faculty%20-%20temporary%2flecturer&work-type=instructional%20faculty%20%e2%80%93%20tenured%2ftenure-track&job-mail-subscribe-privacy=agree,own website,medium,OK-2hop:OK:5,generic scraper
144,California State University-San Marcos,US,https://www.csusm.edu/,https://careersmanager.pageuppeople.com/873/sm/en-us/filter/?job-mail-subscribe-privacy=agree&search-keyword=&work-type=instructional%20faculty%20-%20temporary%2flecturer&work-type=instructional%20faculty%20%e2%80%93%20tenured%2ftenure-track,PageUp,medium,OK-2hop:OK:12,generic scraper (verified working)
145,Dominican University of California,US,https://www.dominican.edu/,https://www.paycomonline.net/v4/ats/web.php/portal/379D25BEB04D4E67539308A7BD902D82/career-page,own website,medium,OK-2hop:OK:4,generic scraper
146,University of California-Santa Barbara,US,https://www.ucsb.edu/,http://recruit.ap.ucsb.edu/apply,own website,medium,OK-2hop:OK:10,generic scraper
147,Westmont College,US,https://www.westmont.edu/,https://www.westmont.edu/office-provost/open-positions,own website,medium,OK-2hop:OK:4,generic scraper
148,Santa Clara University,US,https://www.scu.edu/,https://wd1.myworkdaysite.com/recruiting/scu/scu?jobFamilyGroup=e834aa15daf9010b7a0b3994871b132d,Workday,medium,OK-2hop:OK:5,adapter built
150,University of California-Santa Cruz,US,https://www.ucsc.edu/,https://recruit.ucsc.edu/apply,own website,medium,OK:7 [playwright],generic scraper
152,California State University-Monterey Bay,US,https://csumb.edu/,https://careers.csumb.edu/en-us/filter/?search-keyword=&job-mail-subscribe-privacy=agree,own website,medium,OK:7,generic scraper
153,Stanford University,US,https://www.stanford.edu/,https://facultypositions.stanford.edu/jobs/search?page=1&query=,own website,medium,OK-2hop:OK:11,generic scraper
154,Humphreys University-Stockton and Modesto Campuses,US,https://www.humphreys.edu/,https://www.humphreys.edu/career-opportunities/,own website,medium,OK-2hop:OK:3,generic scraper
155,University of the Pacific,US,https://www.pacific.edu/,https://pacific.peopleadmin.com/postings/search?utf8=‚úì&query=&query_v0_posted_at_date=&1195%5B%5D=any&query_position_type_id%5B%5D=6&commit=Search,PeopleAdmin,high,OK-2hop:OK:11,adapter built
156,California Lutheran University,US,https://www.callutheran.edu/,https://careers.callutheran.edu/postings/search?utf8=%E2%9C%93&query=&query_v0_posted_at_date=&435=&517=3&query_organizational_tier_3_id=any&225=&commit=Search,own website,medium,OK-2hop:OK:7,generic scraper
157,California State University-Stanislaus,US,https://www.csustan.edu/,https://careers.csustan.edu/st/en-us/filter/?job-mail-subscribe-privacy=agree&search-keyword=&work-type=instructional%20faculty%20-%20temporary%2flecturer&work-type=instructional%20faculty%20%E2%80%93%20tenured%2ftenure-track&work-type=non-instructional%20faculty%20(coach%2fcounselor%2flibrarian)&category=unit%203%20-%20cfa%20-%20california%20faculty%20association,own website,medium,OK-2hop:OK:6,generic scraper
158,California State University Maritime Academy,US,https://www.csum.edu/,https://jobs.csum.edu/en-us/filter/?job-mail-subscribe-privacy=agree&search-keyword=&location=maritime%20academy,own website,not_found,NO_MATCH [playwright],generic scraper
159,Whittier College,US,https://www.whittier.edu/,https://www.whittier.edu/humanresources/faculty,own website,medium,OK-2hop:OK:3,generic scraper
160,Adams State University,US,https://www.adams.edu/,https://adams.wd1.myworkdayjobs.com/ASU?jobFamilyGroup=17a14ea6887710013425d08f0be90001,Workday,high,OK-2hop:OK:9,adapter built
161,Colorado State University Global,US,https://csuglobal.edu/,https://faculty-csuglobal.icims.com/,iCIMS,high,OK-2hop:OK:6,adapter built
162,University of Colorado Boulder,US,https://www.colorado.edu/,https://jobs.colorado.edu/jobs/SearchJobs/?6110=13216702&6110_format=2267&listFilterMode=1,own website,high,OK-2hop:OK:8,generic scraper
163,Colorado College,US,https://www.coloradocollege.edu/,https://jobs.coloradocollege.edu/jobs/search?page=1&employment_type_uids%5B%5D=af4b3dfad1990996aeb4c3915f93088f&query=,own website,medium,OK-2hop:OK:5,generic scraper
165,University of Colorado Colorado Springs,US,https://www.uccs.edu/,https://cu.taleo.net/careersection/2/moresearch.ftl?lang=en&location=6300103016&portal=101430233&radius=1&radiusType=K&searchExpanded=true,Taleo,high,OK-2hop:OK:6,generic scraper (verified working)
166,Metropolitan State University of Denver,US,https://www.msudenver.edu/,https://msudenver.wd1.myworkdayjobs.com/MSUDenver?jobFamilyGroup=8d65815eea0f1001bc3bbe0cff1b0000,Workday,high,OK-2hop:OK:8,adapter built
167,Regis University,US,https://www.regis.edu/,https://regis.wd501.myworkdayjobs.com/en-US/RegisUniversity?workerSubType=fc38a5df8390014dab5ec5517918b909,Workday,high,OK-2hop:OK:8,adapter built
168,University of Colorado Denver/Anschutz Medical Campus,US,https://www.ucdenver.edu/,https://cu.taleo.net/careersection/2/moresearch.ftl?lang=en,Taleo,high,OK-2hop:OK:9,generic scraper (verified working)
169,University of Denver,US,https://www.du.edu/,https://jobs.du.edu/en-us/filter/?search=&search-keyword=&work-type=adjunct%20faculty&work-type=faculty%20full-time&job-mail-subscribe-privacy=agree,own website,medium,OK:5,generic scraper
170,Fort Lewis College,US,https://fortlewis.edu/,https://fortlewiscollege.wd1.myworkdayjobs.com/FLC,Workday,high,OK-2hop:OK:8,adapter built
171,Colorado State University-Fort Collins,US,https://colostate.edu/,https://csusystem.wd12.myworkdayjobs.com/fortcollins_careers?jobFamilyGroup=c42207b011c11000d2dd549d70320000&locations=c42207b011c11000e4a225433e0b0000,Workday,not_found,playwright_failed:Error,adapter built
172,Colorado School of Mines,US,https://www.mines.edu/,https://mines.wd1.myworkdayjobs.com/Mines_Careers?jobFamilyGroup=85a299df18611045ecca88cb10a70000,Workday,medium,OK-2hop:OK:5,adapter built
173,Colorado Mesa University,US,https://www.coloradomesa.edu/,https://coloradomesa.wd501.myworkdayjobs.com/CMUCareers?jobFamilyGroup=b27d1ee81d9410015e55e09cd01e0000,Workday,high,OK-2hop:OK:11,adapter built
174,University of Northern Colorado,US,https://www.unco.edu/,https://unco.csod.com/ux/ats/careersite/1/home?c=unco,Cornerstone OnDemand,high,OK:8,adapter built
175,Western Colorado University,US,https://www.western.edu/,https://western.wd1.myworkdayjobs.com/WESTERN?locations=f0acdfc60ce81008f9018ce54da70000&jobFamilyGroup=f0acdfc60ce81008d439787fbb740000,Workday,high,OK-2hop:OK:8,adapter built
178,Colorado State University Pueblo,US,https://www.csupueblo.edu/,https://csusystem.wd12.myworkdayjobs.com/en-US/pueblo_careers?locations=c42207b011c11000e4a22ee1cf1e0000&jobFamilyGroup=c42207b011c11000d2dd549d70320000,Workday,high,OK-2hop:OK:8,adapter built
179,University of Bridgeport,US,https://www.bridgeport.edu/,https://www.paycomonline.net/v4/ats/web.php/portal/A1640D81A59AFDAFC5501F5B06EF1B08/career-page,own website,medium,OK-2hop:OK:3,generic scraper
180,Western Connecticut State University,US,https://www.wcsu.edu/,http://wcsu.edu/hr/employment/current-opportunities/,own website,medium,OK-2hop:OK:4,generic scraper
181,Fairfield University,US,https://fairfield.edu/,https://ffd.wd1.myworkdayjobs.com/EmploymentOpportunities?jobFamilyGroup=744fdc6270fe01eb4c7fbb71b6825329,Workday,high,OK-2hop:OK:8,adapter built
182,Sacred Heart University,US,https://www.sacredheart.edu/,https://jobs.dayforcehcm.com/shu/CANDIDATEPORTAL,own website,medium,OK-2hop:OK:5,generic scraper
183,University of Connecticut-Avery Point,US,https://averypoint.uconn.edu/,https://jobs.hr.uconn.edu/cw/en-us/filter/?search-keyword=&job-mail-subscribe-privacy=agree,own website,not_found,NO_MATCH [playwright],generic scraper
184,Quinnipiac University,US,https://www.qu.edu/,https://career.qu.edu/en-us/filter/?job-mail-subscribe-privacy=agree&search-keyword=&category=faculty,own website,medium,OK-2hop:OK:5,generic scraper
185,Trinity College,US,https://www.trincoll.edu/,https://trincore-ibvxjb.fa.ocs.oraclecloud.com/hcmUI/CandidateExperience/en/sites/CX_1/jobs,Oracle Cloud HCM,high,OK-2hop:OK:6,adapter built
186,Wesleyan University,US,https://www.wesleyan.edu/,https://wesleyan.wd5.myworkdayjobs.com/careers?jobFamilyGroup=2f94686d89e0100a36c029ae4aa50000,Workday,high,OK-2hop:OK:8,adapter built
187,Central Connecticut State University,US,https://www.ccsu.edu/,https://www.ccsu.edu/hr/administrative/faculty/management,own website,not_found,NO_MATCH [playwright],generic scraper
188,Charter Oak State College,US,https://www.charteroak.edu/,https://www.charteroak.edu/aboutus/employment.php,own website,medium,OK-2hop:OK:2,generic scraper
189,Albertus Magnus College,US,https://www.albertus.edu/,https://www.albertus.edu/employment/,own website,medium,OK-2hop:OK:2,generic scraper
190,Southern Connecticut State University,US,https://www.southernct.edu/,https://inside.southernct.edu/human-resources/jobs,own website,medium,OK-2hop:OK:5,generic scraper
191,Yale University,US,https://www.yale.edu/,https://academicpositions.yale.edu/,own website,medium,OK-2hop:OK:9,generic scraper
192,Connecticut College,US,https://www.conncoll.edu/,https://conncoll.peopleadmin.com/postings/search?utf8=%E2%9C%93&query=&query_v0_posted_at_date=&query_position_type_id%5B%5D=2&435=&query_organizational_tier_3_id%5B%5D=any&commit=Search,PeopleAdmin,high,OK-2hop:OK:10,adapter built
193,Mitchell College,US,https://www.mitchell.edu/,https://mitchell.edu/careers/,own website,medium,OK-2hop:OK:2,generic scraper
194,University of Connecticut-Stamford,US,https://stamford.uconn.edu/,https://jobs.hr.uconn.edu/mob/en-us/listing/,own website,high,NO_MATCH [playwright];hand-verified-sync,generic scraper
195,University of Connecticut,US,https://uconn.edu/,https://jobs.uconn.edu/,own website,medium,OK-2hop:OK:5,generic scraper
197,University of Connecticut-Waterbury Campus,US,https://waterbury.uconn.edu/,https://jobs.hr.uconn.edu/mob/en-us/listing/,own website,high,NO_MATCH [playwright];hand-verified-sync,generic scraper
198,University of Hartford,US,https://www.hartford.edu/,https://hartford.peopleadmin.com/,PeopleAdmin,high,OK-2hop:OK:6,adapter built
199,University of Saint Joseph,US,https://www.usj.edu/,https://www.usj.edu/academics/health-care-careers/,own website,medium,OK-2hop:OK:2,generic scraper
200,University of New Haven,US,https://www.newhaven.edu/,https://www.newhaven.edu:443/about/employment/job-opportunities/index.php,own website,medium,OK-2hop:OK:7,generic scraper
201,Eastern Connecticut State University,US,https://www.easternct.edu/,https://easternctstateuniversity.applytojob.com/apply/Zz4qJq9Kac/Assistant-Professor-Of-Nursing-Tenure-Track,own website,high,OK-2hop:OK:8,generic scraper
202,American University,US,https://www.american.edu/,https://www.american.edu/hr/,own website,medium,OK:3 [playwright],generic scraper
203,Gallaudet University,US,https://www.gallaudet.edu/,https://gallaudet.edu/academic-career-success/,own website,medium,OK-2hop:OK:11 [playwright],generic scraper
204,George Washington University,US,https://www.gwu.edu/,https://careers.gwu.edu/,own website,medium,OK-2hop:OK:5,generic scraper
205,Georgetown University,US,https://www.georgetown.edu/,https://georgetown.wd1.myworkdayjobs.com/Georgetown_Admin_Careers,Workday,high,OK-2hop:OK:6 [playwright],adapter built
209,Trinity Washington University,US,https://www.trinitydc.edu/,https://www2.trinitydc.edu/hr/employment-openings/,own website,medium,OK-2hop:OK:4,generic scraper
213,Wilmington University,US,https://www.wilmu.edu/,https://phh.tbe.taleo.net/phh02/ats/careers/v2/searchResults?org=WILMU&cws=60,Taleo,high,OK-2hop:OK:13,generic scraper (verified working)
214,University of Delaware,US,https://www.udel.edu/,https://www.udel.edu/apply/career-outcomes/,own website,medium,OK-2hop:OK:2,generic scraper
215,Goldey-Beacom College,US,https://www.gbc.edu/,https://www.paycomonline.net/v4/ats/web.php/portal/019DF7F6E271614BAB2785B88C6A379F/career-page,own website,medium,OK-2hop:OK:11,generic scraper
217,Ave Maria University,US,https://www.avemaria.edu/,https://workforcenow.adp.com/mascsr/default/mdf/recruitment/recruitment.html?cid=70cb71c1-96f8-4956-8cce-ce625b0b2943&ccId=19000101_000001&type=JS&lang=en_US,ADP,high,OK:9,adapter built
218,Webber International University,US,https://www.webber.edu/,https://www.webber.edu/jobs-at-webber/,own website,medium,OK-2hop:OK:2,generic scraper
219,Everglades University,US,https://www.evergladesuniversity.edu/,https://www.evergladesuniversity.edu/employment-opportunities/,own website,medium,OK-2hop:OK:3 [playwright],generic scraper
220,Florida Atlantic University,US,https://www.fau.edu/,https://www.fau.edu/jobs/,own website,medium,OK-2hop:OK:2,generic scraper
221,Lynn University,US,https://www.lynn.edu/,https://www.lynn.edu/employment,own website,medium,OK:2 [playwright],generic scraper
222,University of Miami,US,https://www.miami.edu/,https://careers.miami.edu/,own website,medium,OK:7,generic scraper
224,Embry-Riddle Aeronautical University-Daytona Beach,US,https://daytonabeach.erau.edu/,https://embryriddle.wd1.myworkdayjobs.com/External,Workday,high,OK-2hop:OK:8,adapter built
225,Stetson University,US,https://www.stetson.edu/,https://www.stetson.edu/administration/human-resources/job-opportunities.php,own website,medium,OK:6 [playwright],generic scraper
228,Nova Southeastern University,US,https://www.nova.edu/,https://www.nova.edu/resources/employment.html,own website,medium,OK-2hop:OK:4,generic scraper
229,Florida Gulf Coast University,US,https://www.fgcu.edu/,https://jobs.fgcu.edu/jobs/search/search-page-faculty,own website,medium,OK-2hop:OK:14,generic scraper
231,University of Florida,US,https://www.ufl.edu/,https://jobs.ufl.edu/career-growth/professional-development/,own website,medium,OK-2hop:OK:7,generic scraper
235,Jacksonville University,US,https://www.ju.edu/index.php,https://workforcenow.adp.com/mascsr/default/mdf/recruitment/recruitment.html?cid=77bf9053-07ed-47ba-b601-d78b61854199&ccId=9200563802212_2&lang=en_US,ADP,high,OK-2hop:OK:16,adapter built
236,University of North Florida,US,https://www.unf.edu/,https://unf.wd5.myworkdayjobs.com/unfjobs,Workday,high,OK:8,adapter built
237,Warner University,US,https://www.warner.edu/academics/undergraduate_programs/admissions/criteria-for-admission/,https://warner.edu/offices/human-resources/careers/,own website,medium,OK-2hop:OK:3 [playwright],generic scraper
238,Florida Southern College,US,https://www.flsouthern.edu/,http://www.guestservices.com/our-people/careers/,own website,medium,OK-2hop:OK:4,generic scraper
240,University of Fort Lauderdale,US,https://uftl.edu/,https://uftlathletics.com/sports/2021/6/23/recruiting-questionnaire.aspx,own website,medium,OK-2hop:OK:1,generic scraper
241,Beacon College,US,https://www.beaconcollege.edu/,https://www.beaconcollege.edu/career-opportunities/,own website,medium,OK-2hop:OK:3,generic scraper
242,Florida Institute of Technology,US,https://www.fit.edu/,https://floridatech.wd5.myworkdayjobs.com/FloridaTechCareers,Workday,high,OK-2hop:OK:6,adapter built
244,Albizu University-Miami,US,https://www.albizu.edu/,https://workforcenow.adp.com/mascsr/default/mdf/recruitment/recruitment.html?cid=89df2234-abda-481d-9d9f-d75161691110&ccId=19000101_000001&type=JS&lang=en_US,ADP,high,OK-2hop:OK:7,adapter built
246,Barry University,US,https://www.barry.edu/,https://www.barry.edu/en/human-resources/,own website,medium,OK-2hop:OK:4,generic scraper
247,Florida International University,US,https://www.fiu.edu/,https://search.careers.fiu.edu/?role=employee&sort=newest,own website,medium,OK-2hop:OK:4,generic scraper
248,Polytechnic University of Puerto Rico-Miami,US,https://www.pupr.edu/miami/,https://pupr.edu/hr/,own website,high,NO_MATCH [playwright];hand-verified-sync,generic scraper
249,Trinity International University-Florida,US,https://tiu.edu/florida/,https://www.tiu.edu/human-resources/,own website,high,NO_MATCH [playwright];hand-verified-sync,generic scraper
251,St. Thomas University,US,https://www.stu.edu/,https://www.stu.edu/jobs,own website,medium,OK:5,generic scraper
253,Polytechnic University of Puerto Rico-Orlando,US,https://www.pupr.edu/orlando,https://workforcenow.adp.com/mascsr/default/mdf/recruitment/recruitment.html?cid=5388a0c5-18fe-449e-b500-098740269275&ccId=19000101_000001&type=JS&lang=en_US,ADP,high,OK-2hop:OK:9,adapter built
254,University of Central Florida,US,https://www.ucf.edu/,https://ucf.wd1.myworkdayjobs.com/athletics,Workday,high,OK-2hop:OK:8,adapter built
255,University of West Florida,US,https://uwf.edu/,https://uwf.edu/careers,own website,medium,OK:4,generic scraper
257,Flagler College,US,https://www.flagler.edu/,https://fa-ewbi-saasfaprod1.fa.ocs.oraclecloud.com/hcmUI/CandidateExperience/en/sites/CX_1,Oracle Cloud HCM,high,OK-2hop:OK:8,adapter built
258,Saint Leo University,US,https://www.saintleo.edu/,https://saintleo.wd503.myworkdayjobs.com/en-US/SLU,Workday,high,OK:8,adapter built
259,Eckerd College,US,https://www.eckerd.edu/,https://eckerd.exacthire.com/,own website,medium,OK-2hop:OK:3,generic scraper
261,Florida State University,US,https://www.fsu.edu/,https://hr.fsu.edu/working-fsu/prospective-employees/faculty-careers,own website,medium,OK-2hop:OK:11,generic scraper
265,The University of Tampa,US,https://www.ut.edu/,https://utampa.wd1.myworkdayjobs.com/Faculty,Workday,high,OK-2hop:OK:11,adapter built
266,University of South Florida,US,https://www.usf.edu/,https://jobs.usf.edu/,own website,medium,OK:7,generic scraper
267,Trinity College of Florida,US,https://trinitycollege.edu/,https://www.trinitycollege.edu/gainful-employment/,own website,medium,OK-2hop:OK:2,generic scraper
270,Rollins College,US,https://www.rollins.edu/,https://jobs.rollins.edu/jobs/search?page=1&employment_type_uids%5B%5D=d91743ca44174bbd090511f6296aee4a&employment_type_uids%5B%5D=84166d8d43b4a50451c61120f9f39415&query=,own website,medium,OK-2hop:OK:16,generic scraper
271,Georgia Southwestern State University,US,https://gsw.edu/,https://www.gsw.edu/human-resources/careers,own website,medium,OK-2hop:OK:4,generic scraper
272,University of Georgia,US,https://www.uga.edu/,https://www.ugajobsearch.com/postings/search?utf8=%E2%9C%93&query=&query_v0_posted_at_date=&225=&436=&query_position_type_id%5B%5D=7&query_position_type_id%5B%5D=8&commit=Search,own website,medium,OK-2hop:OK:4 [playwright],generic scraper
275,Emory University,US,https://www.emory.edu/,http://www.hr.emory.edu/careers/index.html,own website,medium,OK-2hop:OK:5,generic scraper
276,Georgia Institute of Technology-Main Campus,US,https://www.gatech.edu/,https://hr.gatech.edu/employment/careers,own website,medium,OK-2hop:OK:5,generic scraper
277,Georgia State University,US,https://www.gsu.edu/,https://gsu.taleo.net/,Taleo,high,OK-2hop:OK:6,generic scraper (verified working)
279,Oglethorpe University,US,https://oglethorpe.edu/,https://oglethorpe.edu/about/offices-departments/human-resources/jobs/,own website,medium,OK-2hop:OK:3,generic scraper
282,Augusta University,US,https://www.augusta.edu/,https://www.augusta.edu/hr/jobs/university/index.php,own website,medium,OK-2hop:OK:2 [playwright],generic scraper
284,College of Coastal Georgia,US,https://www.ccga.edu/,https://careers.hprod.onehcm.usg.edu/psc/careers/CAREERS/HRMS/c/HRS_HRAM_FL.HRS_CG_SEARCH_FL.GBL?FOCUS=Applicant&SiteId=63000,own website,medium,OK:4,generic scraper
285,University of West Georgia,US,https://www.westga.edu/,https://careers.hprod.onehcm.usg.edu/psc/careers/CAREERS/HRMS/c/HRS_HRAM_FL.HRS_CG_SEARCH_FL.GBL?FOCUS=Applicant&SiteId=54000,own website,medium,OK-2hop:OK:3,generic scraper
288,Columbus State University,US,https://www.columbusstate.edu/,https://careers.hprod.onehcm.usg.edu/psc/careers/CAREERS/HRMS/c/HRS_HRAM_FL.HRS_CG_SEARCH_FL.GBL?FOCUS=Applicant&SiteId=30000,own website,medium,OK:4,generic scraper
289,University of North Georgia,US,https://www.ung.edu/,https://careers.hprod.onehcm.usg.edu/psc/careers/CAREERS/HRMS/c/HRS_HRAM_FL.HRS_CG_SEARCH_FL.GBL?FOCUS=Applicant&SiteId=53000,own website,medium,OK-2hop:OK:5,generic scraper
290,Dalton State College,US,https://www.daltonstate.edu/index.cms,https://www.daltonstate.edu/about/marketing-communications-workforce/career-and-professional-development/,own website,medium,OK-2hop:OK:2,generic scraper
291,Agnes Scott College,US,https://www.agnesscott.edu/,https://www.agnesscott.edu/careers/faculty-openings/index.html,own website,medium,OK-2hop:OK:11,generic scraper
293,Piedmont University,US,https://www.piedmont.edu/,https://www.piedmont.edu/employment/,own website,medium,OK-2hop:OK:2,generic scraper
296,Brenau University,US,https://www.brenau.edu/,https://workforcenow.adp.com/mascsr/default/mdf/recruitment/recruitment.html?cid=3f4d8b79-e717-4293-ae26-578741f6ef88&ccId=19000101_000001&lang=en_US,ADP,high,OK:9,adapter built
297,Kennesaw State University,US,https://www.kennesaw.edu/,https://campus.kennesaw.edu/offices-services/careers/campus-community/faculty-career-champions.php,own website,medium,OK-2hop:OK:11,generic scraper
298,LaGrange College,US,https://www.lagrange.edu/,https://lagrangecollege.applicantstack.com/x/openings,own website,medium,OK:2,generic scraper
299,Georgia Gwinnett College,US,https://www.ggc.edu/,https://careers.hprod.onehcm.usg.edu/psc/careers/CAREERS/HRMS/c/HRS_HRAM_FL.HRS_CG_SEARCH_FL.GBL?FOCUS=Applicant&SiteId=40000&,own website,medium,OK-2hop:OK:5,generic scraper
301,Mercer University,US,https://www.mercer.edu/,https://hr.mercer.edu/prospective-employees/career-opportunities/,own website,medium,OK-2hop:OK:4,generic scraper
302,Middle Georgia State University,US,https://www.mga.edu/,https://www.mga.edu/human-resources/jobs/index.php,own website,medium,OK-2hop:OK:5,generic scraper
303,Wesleyan College,US,https://www.wesleyancollege.edu/,https://workforcenow.adp.com/mascsr/default/mdf/recruitment/recruitment.html?cid=acafb953-757f-4fc8-b0ee-c3d3b317c413&ccId=19000101_000001&lang=en_US,ADP,high,OK-2hop:OK:7,adapter built
304,Life University,US,https://www.life.edu/,https://life-csm.symplicity.com/employers/?signin_tab=0,own website,high,OK:6,generic scraper
305,Georgia College & State University,US,https://www.gcsu.edu/,https://careers.hprod.onehcm.usg.edu/psc/careers/CAREERS/HRMS/c/HRS_HRAM_FL.HRS_CG_SEARCH_FL.GBL?FOCUS=Applicant&SiteId=36000,own website,medium,OK:4,generic scraper
306,Clayton  State University,US,https://www.clayton.edu/,https://www.clayton.edu/human-resources/employment-opportunities,own website,medium,OK-2hop:OK:4,generic scraper
307,Berry College,US,https://www.berry.edu/,https://www.berry.edu/employment/,own website,medium,OK:2,generic scraper
312,Georgia Southern University,US,https://www.georgiasouthern.edu/,https://careers.hprod.onehcm.usg.edu/psc/careers/CAREERS/HRMS/c/HRS_HRAM_FL.HRS_CG_SEARCH_FL.GBL?FOCUS=Applicant&SiteId=39000,own website,medium,OK-2hop:OK:4,generic scraper
313,Thomas University,US,https://www.thomasu.edu/,https://www.thomasu.edu/about/employment/,own website,medium,OK-2hop:OK:2,generic scraper
314,Abraham Baldwin Agricultural College,US,https://www.abac.edu/,https://www.abac.edu/about/administration/human-resources.html,own website,medium,OK-2hop:OK:4,generic scraper
316,Valdosta State University,US,https://www.valdosta.edu/,http://www.valdosta.edu/administration/finance-admin/human-resources/employment-opportunities.php,own website,medium,OK-2hop:OK:4,generic scraper
317,Reinhardt University,US,https://www.reinhardt.edu/,https://www.reinhardt.edu/careers/,own website,high,NO_MATCH [playwright];hand-verified-sync,generic scraper
319,Young Harris College,US,https://www.yhc.edu/,https://www.yhc.edu/careers/,own website,medium,OK-2hop:OK:2,generic scraper
320,University of Guam,US,https://www.uog.edu/,https://uog.peopleadmin.com/,PeopleAdmin,high,OK-2hop:OK:8,adapter built
321,University of Hawaii at Hilo,US,https://hilo.hawaii.edu/,https://www.schooljobs.com/careers/hawaiiedu?jobType[0]=Faculty&sort=PositionTitle%7CAscending,own website,high,OK-2hop:OK:9,generic scraper
322,Chaminade University of Honolulu,US,https://www.chaminade.edu/,https://workforcenow.adp.com/mascsr/default/mdf/recruitment/recruitment.html?cid=052b3ffb-78d8-40ac-bd43-f6ee902354e2&ccId=2543893806_3653&lang=en_US,ADP,high,OK-2hop:OK:16,adapter built
323,Hawaii Pacific University,US,https://www.hpu.edu/,https://www.schooljobs.com/careers/hpu?jobType[0]=Faculty&sort=PositionTitle%7CAscending,own website,high,OK-2hop:OK:8,generic scraper
324,University of Hawaii at Manoa,US,https://manoa.hawaii.edu/,https://www.schooljobs.com/careers/hawaiiedu?jobType[0]=Faculty&sort=PositionTitle%7CAscending,own website,high,OK:10,generic scraper
325,University of Hawaii-West Oahu,US,https://westoahu.hawaii.edu/,https://www.governmentjobs.com/careers/hawaiiedu?jobType[0]=Faculty&sort=PositionTitle%7CAscending,own website,high,OK:10,generic scraper
328,Iowa State University,US,https://www.iastate.edu/,https://isu.wd1.myworkdayjobs.com/IowaStateJobs,Workday,high,OK-2hop:OK:8,adapter built
330,University of Northern Iowa,US,https://www.uni.edu/,https://uni.wd5.myworkdayjobs.com/UNI,Workday,high,OK-2hop:OK:6,adapter built
331,Coe College,US,https://www.coe.edu/,https://www.coe.edu/why-coe/discover-coe/human-resources/careers,own website,medium,OK-2hop:OK:3,generic scraper
332,Mount Mercy University,US,https://www.mtmercy.edu/,https://www.mtmercy.edu/careers/index.php,own website,medium,OK-2hop:OK:2,generic scraper
333,Saint Ambrose University,US,https://www.sau.edu/,https://sau.edu/about-sau/employment/,own website,medium,OK-2hop:OK:2,generic scraper
334,Luther College,US,https://www.luther.edu/,https://www.luther.edu/offices/hr/careers?utm_source=website&utm_medium=footer&utm_campaign=marketing&utm_content=careers,own website,medium,OK-2hop:OK:5,generic scraper
335,Drake University,US,https://www.drake.edu/,https://jobs.drake.edu/jobs/search,own website,medium,OK:5,generic scraper
336,Grand View University,US,https://www.grandview.edu/,https://www.grandview.edu/about/directory/careers-at-gv,own website,medium,OK-2hop:OK:2,generic scraper
337,Clarke University,US,https://www.clarke.edu/,https://clarke.applicantpool.com/jobs/,own website,medium,OK-2hop:OK:2,generic scraper
338,Loras College,US,https://www.loras.edu/,https://loras.applicantpool.com/jobs/,own website,medium,OK-2hop:OK:4,generic scraper
339,University of Dubuque,US,https://www.dbq.edu/,https://www.dbq.edu/AboutUD/Employment/Jobs/,own website,medium,OK-2hop:OK:4,generic scraper
340,Maharishi International University,US,https://www.miu.edu/,https://services.miu.edu/human-resources/faculty-positions-available/,own website,medium,OK-2hop:OK:10,generic scraper
341,Upper Iowa University,US,https://www.uiu.edu/,https://my.uiu.edu/ICS/Employment_Opportunities.jnz,own website,medium,OK-2hop:OK:3,generic scraper
343,Grinnell College,US,https://www.grinnell.edu/,https://apply.interfolio.com/11893/positions,own website,high,OK-2hop:OK:15,generic scraper
344,Simpson College,US,https://simpson.edu/,https://apply.interfolio.com/191426,own website,high,OK-2hop:OK:7,generic scraper
345,University of Iowa,US,https://uiowa.edu/,https://jobs.uiowa.edu/,own website,medium,OK-2hop:OK:5,generic scraper
346,Graceland University-Lamoni,US,https://www.graceland.edu/,https://sfp.ocs.oraclecloud.com/graceland/portal/saml),Oracle Cloud HCM,high,OK:6,adapter built
348,Cornell College,US,https://www.cornellcollege.edu/,https://www.cornellcollege.edu/human-resources/employment/,own website,high,NO_MATCH [playwright];hand-verified-sync,generic scraper
349,Northwestern College,US,https://www.nwciowa.edu/,https://www.nwciowa.edu/employment,own website,medium,OK-2hop:OK:4,generic scraper
350,William Penn University,US,https://www.wmpenn.edu/,https://www.wmpenn.edu/adjunct-instructor-in-english-adjunct-faculty-position/,own website,medium,OK-2hop:OK:9,generic scraper
351,Central College,US,https://www.central.edu/,https://central.edu/job-seekers/,own website,medium,OK-2hop:OK:2,generic scraper
352,Dordt University,US,https://www.dordt.edu/,https://ibmxjb.fa.ocs.oraclecloud.com/hcmUI/CandidateExperience/en/sites/CX_2/requisitions?lastSelectedFacet=CATEGORIES&selectedCategoriesFacet=300000008610535,Oracle Cloud HCM,high,OK-2hop:OK:11,adapter built
353,Briar Cliff University,US,https://www.briarcliff.edu/,https://Briarcliff.elluciancrmrecruit.com/Apply/Account/ProspectInquiry?f=9b05884a-c1c6-4c53-a445-22ac49ba3594&o=538fedc1-2f8d-4f30-89b1-d13415d0429c,own website,high,OK:7,generic scraper
354,Morningside University,US,https://www.morningside.edu/,https://www.morningside.edu/about/employment/adjunct-instructors-rosen-school-of-business,own website,medium,OK-2hop:OK:2,generic scraper
355,Buena Vista University,US,https://www.bvu.edu/,https://www.bvu.edu/en/undergraduate-on-campus/careers--outcomes/,own website,medium,OK-2hop:OK:2,generic scraper
356,Wartburg College,US,https://www.wartburg.edu/,https://www.wartburg.edu/carson-research-opportunities-focused-my-career-goals/,own website,medium,OK-2hop:OK:3,generic scraper
357,Boise State University,US,https://www.boisestate.edu/,https://www.boisestate.edu/jobs/boise-state-faculty-careers/,own website,medium,OK-2hop:OK:13,generic scraper
358,The College of Idaho,US,https://www.collegeofidaho.edu/,https://collegeofidaho.edu/academics/undergrad/career-sectors/health-scientific-research,own website,medium,OK-2hop:OK:2,generic scraper
359,Lewis-Clark State College,US,https://www.lcsc.edu/,https://www.lcsc.edu/career-technical-education,own website,medium,OK-2hop:OK:2,generic scraper
360,University of Idaho,US,https://www.uidaho.edu/,https://uidaho.peopleadmin.com/,PeopleAdmin,high,OK:8,adapter built
362,Idaho State University,US,https://www.isu.edu/,https://isu.csod.com/ux/ats/careersite/5/home?c=isu,Cornerstone OnDemand,high,OK:8,adapter built
364,Aurora University,US,https://aurora.edu/,https://www.schooljobs.com/careers/aurorauniversity?jobType[0]=Full-Time%20Faculty&sort=PositionTitle%7CAscending,own website,high,OK-2hop:OK:9,generic scraper
365,Illinois Wesleyan University,US,https://www.iwu.edu/,https://www.iwu.edu/human-resources/job-openings/,own website,medium,OK-2hop:OK:3,generic scraper
367,Southern Illinois University-Carbondale,US,https://siu.edu/,https://www.schooljobs.com/careers/siu?jobType[0]=Faculty&sort=PositionTitle%7CAscending,own website,high,OK-2hop:OK:8,generic scraper
368,Blackburn College,US,https://www.blackburn.edu/,https://blackburn.edu/jobs/,own website,medium,OK-2hop:OK:5,generic scraper
369,University of Illinois Urbana-Champaign,US,https://www.illinois.edu/,https://humanresources.illinois.edu/job-seekers/?utm_source=illinois_homepage&utm_medium=referral&utm_campaign=footer,own website,medium,OK:5 [playwright],generic scraper
370,Eastern Illinois University,US,https://www.eiu.edu/,https://apply.interfolio.com/190519,own website,high,OK-2hop:OK:6,generic scraper
371,Chicago State University,US,https://www.csu.edu/,https://chicagostate.peopleadmin.com/,PeopleAdmin,high,OK:8,adapter built
372,Columbia College Chicago,US,https://www.colum.edu/,https://about.colum.edu/provost/faculty-careers/index,own website,medium,OK-2hop:OK:12,generic scraper
373,DePaul University,US,https://www.depaul.edu/,https://ekze.fa.us2.oraclecloud.com/hcmUI/faces/FndOverview?fnd=%3B%3B%3B%3Bfalse%3B256%3B%3B%3B&fndGlobalItemNodeId=PER_HCMPEOPLETOP_FUSE_DIRECTORY,Oracle Cloud HCM,high,OK:6,adapter built
374,East-West University,US,https://www.eastwest.edu/,,,not_found,NO_MATCH [playwright],
375,Illinois Institute of Technology,US,https://www.iit.edu/,https://www.iit.edu/hr/about/employment-verification,own website,medium,OK-2hop:OK:3,generic scraper
376,Loyola University Chicago,US,https://www.luc.edu/,https://www.careers.luc.edu/postings/search?&query=&query_v0_posted_at_date=&855%5B%5D=5&440=&436=&commit=Search,own website,medium,OK-2hop:OK:9,generic scraper
377,National Louis University,US,https://www.nl.edu/,https://nl.edu/employment/,own website,medium,OK-2hop:OK:5,generic scraper
378,North Park University,US,https://www.northpark.edu/,https://apply.workable.com/north-park-university/,own website,high,OK-2hop:OK:6,generic scraper
379,Northeastern Illinois University,US,https://www.neiu.edu/,https://www.neiu.edu/about/working-here/employment-opportunities/faculty-employment-opportunities,own website,high,NO_MATCH [playwright];hand-verified-sync,generic scraper
380,Roosevelt University,US,https://www.roosevelt.edu/,https://jobs.roosevelt.edu:443/postings/search,own website,medium,OK-2hop:OK:5,generic scraper
381,Saint Xavier University,US,https://www.sxu.edu/,https://www.schooljobs.com/careers/sxuedu?jobType[0]=Faculty&sort=PositionTitle%7CAscending,own website,high,OK-2hop:OK:11,generic scraper
382,University of Chicago,US,https://www.uchicago.edu/,https://voices.uchicago.edu/interfolio/academic-jobs/,own website,medium,OK-2hop:OK:12,generic scraper
383,University of Illinois Chicago,US,https://www.uic.edu/,https://www.uic.edu/about/job-opportunities/,own website,medium,OK:3 [playwright],generic scraper
384,Millikin University,US,https://millikin.edu/,https://www.schooljobs.com/careers/millikin?jobType[0]=Faculty&sort=PositionTitle%7CAscending,own website,high,OK-2hop:OK:10,generic scraper
385,Trinity International University-Illinois,US,https://www.tiu.edu/,https://www.tiu.edu/human-resources/,own website,medium,OK-2hop:OK:1,generic scraper
386,Northern Illinois University,US,https://www.niu.edu/,https://employment.niu.edu/,own website,medium,OK-2hop:OK:2,generic scraper
387,Southern Illinois University-Edwardsville,US,https://www.siue.edu/,https://apply.interfolio.com/69563/positions,own website,high,OK-2hop:OK:15,generic scraper
389,Elmhurst University,US,https://www.elmhurst.edu/,https://apply.workable.com/elmhurst-edu/,own website,high,OK:8,generic scraper
390,Eureka College,US,https://www.eureka.edu/,https://www.eureka.edu/employment,own website,medium,OK-2hop:OK:2,generic scraper
391,Northwestern University,US,https://www.northwestern.edu/,https://careers.northwestern.edu,own website,medium,OK-2hop:OK:7,generic scraper
392,Knox College,US,https://www.knox.edu/,https://www.knox.edu/employment-at-knox/faculty,own website,medium,OK-2hop:OK:11,generic scraper
393,Greenville University,US,https://www.greenville.edu/,https://recruiting.paylocity.com/Recruiting/Jobs/All/d5acfd2f-a668-4134-9285-d94527cdadde/Greenville-University?location=Greenville%20University&department=Faculty,own website,medium,OK-2hop:OK:12,generic scraper
394,Illinois College,US,https://www.ic.edu/,https://www.ic.edu/employment,own website,medium,OK-2hop:OK:3,generic scraper
395,University of St Francis,US,https://www.stfrancis.edu/,https://stfrancis.edu/career-success-center/,own website,medium,OK-2hop:OK:2,generic scraper
396,Lake Forest College,US,https://www.lakeforest.edu/,https://www.lakeforest.edu/offices-and-departments/human-resources/lake-forest-college-employment,own website,medium,OK-2hop:OK:3,generic scraper
397,McKendree University,US,https://www.mckendree.edu/,https://www.schooljobs.com/careers/mckendree?jobType[0]=Faculty&sort=PositionTitle%7CAscending,own website,high,OK:8,generic scraper
399,Benedictine University,US,https://ben.edu/,https://benu.csod.com/ux/ats/careersite/5/home?c=benu,Cornerstone OnDemand,high,OK-2hop:OK:6,adapter built
400,Western Illinois University,US,https://www.wiu.edu/,https://sso.interviewexchange.com/wiu/sso.jsp,own website,high,OK:6,generic scraper
401,Monmouth College,US,https://www.monmouthcollege.edu/,https://www.monmouthcollege.edu/offices/hr/employment-opportunities/,own website,medium,OK-2hop:OK:4,generic scraper
402,North Central College,US,https://northcentralcollege.edu/,https://www.northcentralcollege.edu/academic-affairs/staff-openings,own website,high,NO_MATCH [playwright];hand-verified-sync,generic scraper
403,Illinois State University,US,https://illinoisstate.edu/,https://isu.dc4.pageuppeople.com/default.aspx,PageUp,high,OK-2hop:OK:6,generic scraper (verified working)
405,Bradley University,US,https://www.bradley.edu/,https://workforcenow.adp.com/mascsr/default/mdf/recruitment/recruitment.html?cid=df6f93d4-2277-4999-ac63-88a55668ffd3&ccId=9200110706773_2&type=JS&lang=en_US,ADP,high,OK-2hop:OK:16,adapter built
406,Quincy University,US,https://www.quincy.edu/,https://www.quincy.edu/about/work-at-qu/job-openings/,own website,medium,OK-2hop:OK:4,generic scraper
408,Dominican University,US,https://www.dom.edu/,https://jobs.dom.edu,own website,medium,OK-2hop:OK:5,generic scraper
409,Augustana College,US,https://www.augustana.edu/,https://www.augustana.edu/about-us/offices/hr/employment/opportunities,own website,medium,OK-2hop:OK:6,generic scraper
410,Rockford University,US,https://www.rockford.edu/,https://www.rockford.edu/community/humanresources/faculty/,own website,medium,OK-2hop:OK:4,generic scraper
411,Lewis University,US,https://www.lewisu.edu/,https://jobs.lewisu.edu,own website,medium,OK-2hop:OK:8 [playwright],generic scraper
412,University of Illinois Springfield,US,https://www.uis.edu/,https://uis.csod.com/ux/ats/careersite/1/home?c=uis,Cornerstone OnDemand,high,OK-2hop:OK:8,adapter built
413,Governors State University,US,https://www.govst.edu/,https://www.schooljobs.com/careers/govst/?jobType[0]=Faculty&sort=PositionTitle%7CAscending,own website,high,OK:10,generic scraper
416,Trine University,US,https://www.trine.edu/,https://www.trine.edu/human-resources/careers/,own website,medium,OK-2hop:OK:5,generic scraper
417,Trine University-Regional/Non-Traditional Campuses,US,https://trine.edu/online/index.aspx,https://www.trine.edu/human-resources/careers/index.aspx,own website,high,NO_MATCH [playwright];hand-verified-sync,generic scraper
418,Indiana University-Bloomington,US,https://www.indiana.edu/,https://bloomington.iu.edu/academics/experiential-learning/research-opportunities/,own website,medium,OK-2hop:OK:1,generic scraper
419,Wabash College,US,https://www.wabash.edu/,https://www.wabash.edu/employment,own website,medium,OK-2hop:OK:2,generic scraper
420,University of Evansville,US,https://www.evansville.edu/,https://www.altogethergreat.com/careers/job-opportunities-compassgroupusa/,own website,medium,OK-2hop:OK:5,generic scraper
421,University of Southern Indiana,US,https://www.usi.edu/,https://careers.usi.edu/jobs/search?page=1&employment_type_uids%5B%5D=2870671dfb7b1b2953f9187844ba74a2&query=,own website,medium,OK-2hop:OK:9,generic scraper
422,Indiana Institute of Technology,US,https://www.indianatech.edu/,https://www.paycomonline.net/v4/ats/web.php/jobs?clientkey=9B7DD7DDF4B46DE388E0D590C86BBE1D,own website,medium,OK:4,generic scraper
423,Purdue University Fort Wayne,US,https://www.pfw.edu/,https://purdueuniversity.valhalla.stage.jobs2web.com/FW,own website,high,OK-2hop:OK:6,generic scraper
424,University of Saint Francis-Fort Wayne,US,https://www.sf.edu/,https://www.sf.edu/about/offices-and-departments/careers/,own website,medium,OK-2hop:OK:4,generic scraper
425,Franklin College,US,https://www.franklincollege.edu/,https://franklincollege.edu/about/key-offices/office-of-human-resources/employment-opportunities/,own website,medium,OK-2hop:OK:4,generic scraper
426,Indiana University-Northwest,US,https://www.iun.edu/,https://indiana.peopleadmin.com/postings/search?&query=&query_v0_posted_at_date=&query_organizational_tier_2_id=any&query_organizational_tier_3_id=any&query_organizational_tier_1_id=441&query_position_type_id=&commit=Search,PeopleAdmin,high,OK-2hop:OK:11,adapter built
427,Goshen College,US,https://www.goshen.edu/,https://www.goshen.edu/employment/director-of-human-resources/,own website,medium,OK-2hop:OK:3,generic scraper
428,DePauw University,US,https://www.depauw.edu/,https://www.depauw.edu/offices/human-resources/employment/,own website,medium,OK-2hop:OK:5,generic scraper
429,Hanover College,US,https://www.hanover.edu/,https://www.hanover.edu/about/employment/,own website,medium,OK-2hop:OK:4,generic scraper
430,Huntington University,US,https://www.huntington.edu/,https://workforcenow.adp.com/mascsr/default/mdf/recruitment/recruitment.html?cid=7353b4b0-47be-41c8-bcb3-dc2ae3843581&ccId=19000101_000001&lang=en_US,ADP,high,OK-2hop:OK:7,adapter built
431,Butler University,US,https://www.butler.edu/,https://fa-exer-saasfaprod1.fa.ocs.oraclecloud.com/hcmUI/CandidateExperience/en/sites/CX_1,Oracle Cloud HCM,high,OK-2hop:OK:11,adapter built
432,Horizon University,US,https://www.horizonuniversity.edu/,,,not_found,NO_MATCH [playwright],
433,Indiana University-Indianapolis,US,https://indianapolis.iu.edu/,https://indianapolis.iu.edu/academics/hands-on-learning/profiles-of-learning.html,own website,medium,OK-2hop:OK:2,generic scraper
434,Marian University,US,https://www.marian.edu/,https://marian.elluciancrmrecruit.com/Apply/Account/Create?f=a0ee650e-16a5-4b95-b901-c5b3f4d00dd4&o=a3e67df5-dead-4937-a82d-f42c212e56d1&IsInquiry=True,own website,high,OK:7,generic scraper
435,Martin University,US,https://www.martin.edu/,https://www.martin.edu/jobreadyindy,own website,medium,OK-2hop:OK:2,generic scraper
436,University of Indianapolis,US,https://uindy.edu/,https://hrjobs.uindy.edu,own website,medium,OK:2,generic scraper
437,Indiana University-Kokomo,US,https://www.iuk.edu/,https://indiana.peopleadmin.com/postings/search,PeopleAdmin,high,NO_MATCH [playwright];hand-verified-sync,adapter built
440,Ball State University,US,https://www.bsu.edu/,https://wd12.myworkday.com/bsu/d/task/2998$42366.htmld#backheader=true,own website,high,OK-2hop:OK:8,generic scraper
441,Indiana University-Southeast,US,https://ius.edu/,https://southeast.iu.edu/academics/explore-careers/index.html,own website,medium,OK-2hop:OK:2,generic scraper
442,Manchester University,US,https://www.manchester.edu/,https://www.manchester.edu/employment-opportunities/,own website,medium,OK-2hop:OK:5,generic scraper
443,Holy Cross College,US,https://www.hcc-nd.edu/,https://www.hcc-nd.edu/career-opportunities/,own website,medium,OK-2hop:OK:3,generic scraper
444,Saint Mary's College,US,https://www.saintmarys.edu/,https://www.saintmarys.edu/hr,own website,medium,OK-2hop:OK:2,generic scraper
445,University of Notre Dame,US,https://www.nd.edu/,https://jobs.smartrecruiters.com/my-applications/UniversityOfNotreDame?dcr_ci=UniversityOfNotreDame,SmartRecruiters,high,OK-2hop:OK:9,adapter built
446,Oakland City University,US,https://www.oak.edu/,https://www.oak.edu/academics/career-pathways-program/,own website,medium,OK-2hop:OK:2,generic scraper
447,Earlham College,US,https://earlham.edu/,https://hr.earlham.edu/careers,own website,medium,OK:3,generic scraper
448,Indiana University-East,US,https://www.iue.edu/,https://east.iu.edu/red-wolf-central/academic-career/index.html,own website,medium,OK-2hop:OK:11,generic scraper
449,Saint Mary-of-the-Woods College,US,https://www.smwc.edu/,https://www.smwc.edu/offices-resources/offices/office-of-people-success-and-opportunity/employment-opportunities/,own website,medium,OK-2hop:OK:3,generic scraper
450,Indiana University-South Bend,US,https://iusb.edu/,https://indiana.peopleadmin.com/postings/search,PeopleAdmin,high,NO_MATCH [playwright];hand-verified-sync,adapter built
451,Indiana State University,US,https://www.indstate.edu/,https://jobs.indstate.edu/,own website,medium,OK-2hop:OK:5,generic scraper
452,Rose-Hulman Institute of Technology,US,https://www.rose-hulman.edu/,https://rosehulman.csod.com/ux/ats/careersite/9/home?c=rosehulman,Cornerstone OnDemand,high,OK-2hop:OK:6,adapter built
454,Valparaiso University,US,https://www.valpo.edu/,https://apply.interfolio.com/16338/positions,own website,high,OK-2hop:OK:17 [playwright],generic scraper
455,Purdue University-Main Campus,US,https://www.purdue.edu/,https://careers.purdue.edu/content/Job-Seeker/,own website,medium,OK-2hop:OK:7,generic scraper
456,Calumet College of Saint Joseph,US,https://www.ccsj.edu/,https://recruiting.paylocity.com/recruiting/jobs/All/d3b73b32-f518-47ab-82f7-ac57a8a45ce4/Calumet-College,own website,medium,OK-2hop:OK:3,generic scraper
458,Benedictine College,US,https://www.benedictine.edu/,https://recruiting.paylocity.com/recruiting/jobs/Details/3764624/Benedictine-College/AssistantAssociate-Professor-of-Psychology,own website,medium,OK-2hop:OK:3 [playwright],generic scraper
459,Baker University,US,https://www.bakeru.edu/,https://www.bakeru.edu/about-baker/careers-baker,own website,medium,OK-2hop:OK:2,generic scraper
460,Emporia State University,US,https://www.emporia.edu/,https://hr.hornet365.com/open-positions,own website,medium,OK-2hop:OK:3,generic scraper
461,Barclay College,US,https://www.barclaycollege.edu/,https://www.barclaycollege.edu/jobs/,own website,medium,OK-2hop:OK:2,generic scraper
462,Fort Hays State University,US,https://www.fhsu.edu/,https://www.fhsu.edu/humanresourceoffice/positions,own website,medium,OK-2hop:OK:2,generic scraper
463,Tabor College,US,https://tabor.edu/,https://tabor.edu/about/employment/,own website,medium,OK-2hop:OK:2,generic scraper
464,University of Kansas,US,https://ku.edu/,https://employment.ku.edu,own website,medium,OK-2hop:OK:4,generic scraper
465,University of Saint Mary,US,https://www.stmary.edu/,https://workforcenow.adp.com/mascsr/default/mdf/recruitment/recruitment.html?cid=e2fb3536-f8be-437c-9f7d-7fc0a8bdb42a&ccId=9200479212914_2&lang=en_US,ADP,high,OK-2hop:OK:16,adapter built
466,Bethany College,US,https://www.bethanylb.edu/,https://workforcenow.adp.com/mascsr/default/mdf/recruitment/recruitment.html?cid=06849628-1ff9-4555-9b68-cb637d20bae8&ccId=19000101_000001&type=JS&lang=en_US,ADP,high,OK-2hop:OK:9,adapter built
467,Kansas State University,US,https://www.k-state.edu/,https://www.k-state.edu/employment/,own website,medium,OK:4,generic scraper
470,McPherson College,US,https://www.mcpherson.edu/,https://my.mcpherson.edu/ICS/Employment/Employment_Landing_Page.jnz?portlet=Employment_Position_Application,own website,medium,OK-2hop:OK:4,generic scraper
471,Bethel College-North Newton,US,https://www.bethelks.edu/,https://jobs.bethelks.edu/,own website,medium,OK-2hop:OK:5,generic scraper
473,Ottawa University-Ottawa,US,https://www.ottawa.edu/,https://www.paycomonline.net/v4/ats/web.php/jobs?clientkey=AB201C499D53A5D603D5BE296513B383,own website,medium,OK-2hop:OK:2 [playwright],generic scraper
474,Ottawa University-Kansas City,US,https://www.ottawa.edu/,https://www.paycomonline.net/v4/ats/web.php/jobs?clientkey=AB201C499D53A5D603D5BE296513B383,own website,medium,OK-2hop:OK:2 [playwright],generic scraper
475,Pittsburg State University,US,https://www.pittstate.edu/,https://ebyf.fa.us2.oraclecloud.com/hcmUI/CandidateExperience/en/sites/CX_1001/jobs/preview/76/?mode=location,Oracle Cloud HCM,high,OK-2hop:OK:8,adapter built
476,Kansas Wesleyan University,US,https://www.kwu.edu/,https://www.kwu.edu/about/careers/,own website,medium,OK-2hop:OK:5,generic scraper
477,Sterling College,US,https://www.sterling.edu/,https://www.sterling.edu/about/employment,own website,medium,OK-2hop:OK:2,generic scraper
478,Washburn University,US,https://www.washburn.edu/,https://careers.washburn.edu/jobs/search,own website,high,NO_MATCH [playwright];hand-verified-sync,generic scraper
480,Newman University,US,https://www.newmanu.edu/,https://newmanu.edu/administration/human-resources/job-openings,own website,medium,OK-2hop:OK:3,generic scraper
481,Wichita State University,US,https://www.wichita.edu/,https://wichita-state-university-careers.career-pages.com/jobs/search?query=,own website,high,OK-2hop:OK:10 [playwright],generic scraper
482,Southwestern College,US,https://www.sckans.edu/,https://www.sckans.edu/about/employment/,own website,high,NO_MATCH [playwright];hand-verified-sync,generic scraper
483,Union College,US,https://www.unionky.edu/,https://www.unionky.edu/about/human-resources/employment-opportunities/faculty-positions,own website,medium,OK-2hop:OK:13,generic scraper
484,Berea College,US,https://www.berea.edu/,https://www.schooljobs.com/careers/berea?jobType[0]=Faculty&sort=PositionTitle%7CAscending,own website,high,OK-2hop:OK:10,generic scraper
485,Western Kentucky University,US,https://www.wku.edu/,https://sso.interviewexchange.com/wku/sso.jsp,own website,high,OK-2hop:OK:6,generic scraper
487,Lindsey Wilson College,US,https://www.lindsey.edu/,https://lindsey.elluciancrmrecruit.com/Apply/Account/Create,own website,high,OK:7,generic scraper
488,Thomas More University,US,https://www.thomasmore.edu/,https://workforcenow.adp.com/mascsr/default/mdf/recruitment/recruitment.html?cid=4f8993d7-7486-4f03-a125-59b813eb0331&ccId=19000101_000001&lang=en_US,ADP,high,OK:10,adapter built
489,Centre College,US,https://www.centre.edu/,https://careers.centre.edu/channels/search-for-a-job/,own website,medium,OK-2hop:OK:7,generic scraper
491,Georgetown College,US,https://www.georgetowncollege.edu/,https://www.georgetowncollege.edu/careers-georgetown-college,own website,medium,OK-2hop:OK:3,generic scraper
493,Northern Kentucky University,US,https://www.nku.edu/,https://nku.wd108.myworkdayjobs.com/NKU_External,Workday,high,OK:8,adapter built
494,Transylvania University,US,https://www.transy.edu/,https://www.transy.edu/employment-opportunities/,own website,medium,OK-2hop:OK:3,generic scraper
495,University of Kentucky,US,https://www.uky.edu/,https://careers.uky.edu/careers/hr,own website,medium,OK-2hop:OK:8,generic scraper
496,Bellarmine University,US,https://www.bellarmine.edu/,https://bellarmine.interviewexchange.com/static/clients/459BMM1/index.jsp,own website,high,OK-2hop:OK:8,generic scraper
497,Spalding University,US,https://www.spalding.edu/,https://spalding.edu/careers/,own website,medium,OK-2hop:OK:4,generic scraper
498,University of Louisville,US,https://www.louisville.edu/,https://cardinalcareers-csm.symplicity.com/,own website,high,OK:8,generic scraper
499,Midway University,US,https://www.midway.edu/,https://www.paycomonline.net/v4/ats/web.php/jobs?clientkey=0360F3B5A2EC741788B51C99C6E17513&jpt=,own website,medium,OK:2,generic scraper
500,Morehead State University,US,https://www.moreheadstate.edu/,https://www.moreheadstate.edu/about-msu/leadership/administration/human-resources/careers,own website,medium,OK-2hop:OK:2,generic scraper
501,Murray State University,US,https://www.murraystate.edu/,https://www.murraystatejobs.com/postings/search,own website,medium,OK-2hop:OK:2,generic scraper
502,Brescia University,US,https://www.brescia.edu/,https://www.brescia.edu/employment/,own website,high,NO_MATCH [playwright];hand-verified-sync,generic scraper
503,Kentucky Wesleyan College,US,https://kwc.edu/,https://kwc.edu/about-wesleyan/employment-opportunities/,own website,high,NO_MATCH [playwright];hand-verified-sync,generic scraper
504,University of Pikeville,US,https://www.upike.edu/,https://www.upike.edu/offices/human-resources/careers/,own website,medium,OK-2hop:OK:3,generic scraper
505,Alice Lloyd College,US,https://www.alc.edu/,https://alc.edu/special-learning-opportunities/,own website,medium,OK-2hop:OK:1,generic scraper
506,Eastern Kentucky University,US,https://www.eku.edu/,https://careers.eku.edu/jobs/search,own website,medium,OK:7,generic scraper
507,University of the Cumberlands,US,https://www.ucumberlands.edu/,https://www.myworkday.com/ucumberlands/,own website,high,OK:6,generic scraper
508,Asbury University,US,https://www.asbury.edu/,https://jobs.asbury.edu/,own website,medium,OK-2hop:OK:5,generic scraper
509,Louisiana State University-Alexandria,US,https://www.lsua.edu/,https://lsu.wd1.myworkdayjobs.com/LSU,Workday,high,OK-2hop:OK:8,adapter built
510,Louisiana State University and Agricultural & Mechanical College,US,https://www.lsu.edu/,https://lsu.wd1.myworkdayjobs.com/LSU,Workday,high,OK-2hop:OK:8,adapter built
513,Southeastern Louisiana University,US,https://www.southeastern.edu/,https://wd503.myworkday.com/ulsselu/,own website,high,OK:6,generic scraper
514,University of Louisiana at Lafayette,US,https://www.louisiana.edu/,https://louisiana.csod.com/ats/careersite/search.aspx?site=1&c=louisiana,Cornerstone OnDemand,high,OK-2hop:OK:8,adapter built
515,McNeese State University,US,https://www.mcneese.edu/,https://www.mcneese.edu/financial-aid/gainful-employment-disclosure-information/,own website,medium,OK-2hop:OK:2,generic scraper
516,University of Louisiana at Monroe,US,https://www.ulm.edu/,https://agency.governmentjobs.com/louisiana/default.cfm?&promotionaljobs=0&transfer=0&jobType[0]=Faculty&sort=PositionTitle%7CAscending,own website,high,OK-2hop:OK:6,generic scraper
517,Northwestern State University of Louisiana,US,https://www.nsula.edu/,https://www.governmentjobs.com/careers/louisiana/northwesternstate?jobType[0]=Faculty&sort=PositionTitle%7CAscending,own website,high,OK:11,generic scraper
519,Loyola University New Orleans,US,https://www.loyno.edu/,https://www.governmentjobs.com/careers/loyno?jobType[0]=Faculty&sort=PositionTitle%7CAscending,own website,high,OK-2hop:OK:11 [playwright],generic scraper
521,Tulane University of Louisiana,US,https://tulane.edu/,https://tulane-ibqejb.fa.ocs.oraclecloud.com/hcmUI/CandidateExperience/en/sites/CX_1001,Oracle Cloud HCM,high,OK-2hop:OK:13,adapter built
522,University of Holy Cross,US,https://uhcno.edu/,https://uhcno.edu/hr/jobs/index.php,own website,medium,OK-2hop:OK:5,generic scraper
523,University of New Orleans,US,https://new.uno.edu/,https://www.uno.edu/careers,own website,high,playwright_failed:Error;hand-verified-sync,generic scraper
526,Louisiana Tech University,US,https://www.latech.edu/,https://ulsltu.wd1.myworkdayjobs.com/LATECHCareers,Workday,high,NO_MATCH [playwright];hand-verified-sync,adapter built
527,Centenary College of Louisiana,US,https://www.centenary.edu/,https://www.centenary.edu/directories/offices-services-directory/human-resources/job-opportunities/,own website,medium,OK-2hop:OK:4,generic scraper
528,Louisiana State University-Shreveport,US,https://www.lsus.edu/,https://lsus.edu2.com/topic/programsteps,own website,medium,OK-2hop:OK:2,generic scraper
529,Nicholls State University,US,https://www.nicholls.edu/,https://jobs.nicholls.edu,own website,medium,OK-2hop:OK:8,generic scraper
530,Amherst College,US,https://www.amherst.edu/,https://wd5.myworkday.com/amherst/d/home.htmld,own website,high,OK:6,generic scraper
531,Hampshire College,US,https://www.hampshire.edu/,https://www.hampshire.edu/offices/human-resources/employment-opportunities,own website,high,NO_MATCH [playwright];hand-verified-sync,generic scraper
532,University of Massachusetts-Amherst,US,https://www.umass.edu/,https://umassamherst.dc4.pageuppeople.com/,PageUp,high,OK-2hop:OK:6,generic scraper (verified working)
533,Endicott College,US,https://www.endicott.edu/,https://endicott.wd1.myworkdayjobs.com/Endicott,Workday,high,OK:8,adapter built
534,Boston University,US,https://www.bu.edu/,https://jobs.silkroad.com/BU/External,own website,medium,OK-2hop:OK:4,generic scraper
535,Cambridge College,US,https://www.cambridgecollege.edu/,https://www.cambridgecollege.edu/es/life-at-cc/career-life-planning-center,own website,medium,OK-2hop:OK:2,generic scraper
536,Emerson College,US,https://www.emerson.edu/,https://emerson.wd5.myworkdayjobs.com/en-US/Emerson_College_ft_faculty,Workday,high,OK-2hop:OK:11,adapter built
537,Emmanuel College,US,https://www.emmanuel.edu/,https://emmanuel.interviewexchange.com/static/clients/13EM1/listJobs.jsp;jsessionid=47B469F5FF02B2ECA11624165C411A0F,own website,high,OK:9,generic scraper
538,Fisher College,US,https://www.fisher.edu/,https://www.fisher.edu/careers,own website,medium,OK-2hop:OK:4,generic scraper
539,Northeastern University,US,https://www.northeastern.edu/,https://hr.northeastern.edu/careers/job-listings/,own website,medium,OK-2hop:OK:5,generic scraper
540,Simmons University,US,https://www.simmons.edu/,https://simmons.wd504.myworkdayjobs.com/Simmons-Careers,Workday,high,OK-2hop:OK:10,adapter built
541,Suffolk University,US,https://www.suffolk.edu/,https://suffolk.wd1.myworkdayjobs.com/External,Workday,high,OK-2hop:OK:6,adapter built
542,University of Massachusetts-Boston,US,https://www.umb.edu/,https://hr.umb.edu/employees/payroll/job-aids/,own website,medium,OK-2hop:OK:2,generic scraper
543,Wentworth Institute of Technology,US,https://wit.edu/,https://wit.wd1.myworkdayjobs.com/en-US/WIT/,Workday,high,OK:8,adapter built
544,Bridgewater State University,US,https://www.bridgew.edu/,https://careers.bridgew.edu/blog/2024/02/16/how-transparency-in-job-postings-improves-recruiting-outcomes/,own website,medium,OK-2hop:OK:8,generic scraper
546,Massachusetts Maritime Academy,US,https://www.maritime.edu/,https://www.maritime.edu/human-resources/employment-opportunities,own website,medium,OK-2hop:OK:4,generic scraper
547,Harvard University,US,https://www.harvard.edu/,https://hr.harvard.edu/careers,own website,medium,OK:5,generic scraper
548,Lesley University,US,https://www.lesley.edu/,https://lesley.edu/my-organizations-goals/recruit-talent/priority-job-matching-program,own website,medium,OK-2hop:OK:3,generic scraper
549,Massachusetts Institute of Technology,US,https://web.mit.edu/,https://hr.mit.edu/jobs,own website,medium,OK-2hop:OK:2,generic scraper
550,Boston College,US,https://www.bc.edu/,https://www.bc.edu/jobs,own website,medium,OK:4,generic scraper
551,College of Our Lady of the Elms,US,https://www.elms.edu/,https://www.elms.edu/about-elms/administrative-offices/human-resources/employment/,own website,medium,OK-2hop:OK:3,generic scraper
552,Nichols College,US,https://www.nichols.edu/,https://www.nichols.edu/offices/human-resources/,own website,medium,OK-2hop:OK:3,generic scraper
553,Stonehill College,US,https://www.stonehill.edu/,https://jobs.stonehill.edu/hr/sessions/new,own website,medium,OK:6,generic scraper
554,Fitchburg State University,US,https://www.fitchburgstate.edu/,https://jobs.fitchburgstate.edu,own website,medium,OK:7,generic scraper
555,Framingham State University,US,https://www.framingham.edu/,https://www.framingham.edu/about-fsu/careers-fsu,own website,medium,OK-2hop:OK:2,generic scraper
556,Dean College,US,https://www.dean.edu/,https://dean.interviewexchange.com/static/clients/546DCM1/index.jsp;jsessionid=B99AF4CBF8F48028C4C2A57CA7B22854;jsessionid=49F38EB85CB1939CD931C68B308F08D5;jsessionid=574D474F3F83E48CEF82024F83FD533A,own website,high,OK-2hop:OK:6,generic scraper
557,Bay Path University,US,https://www.baypath.edu/,https://www.paycomonline.net/v4/ats/web.php/portal/3A2948EF284B8722FEE42E01FB156C27/career-page,own website,medium,OK-2hop:OK:5,generic scraper
558,University of Massachusetts-Lowell,US,https://www.uml.edu/,https://www.uml.edu/academics/programs/?career=undergraduate&utm_source=home,own website,medium,OK:2,generic scraper
559,Tufts University,US,https://www.tufts.edu/,https://jobs.tufts.edu/jobs,own website,medium,OK-2hop:OK:7,generic scraper
560,Curry College,US,https://www.curry.edu/,https://www.curry.edu/about-us/community-resources/human-resources-and-employment/job-opportunities,own website,medium,OK-2hop:OK:6,generic scraper
561,Lasell University,US,https://www.lasell.edu/,https://www.lasell.edu/discover-lasell/employment/about-human-resources.html#nav,own website,medium,OK-2hop:OK:3,generic scraper
562,Massachusetts College of Liberal Arts,US,https://www.mcla.edu/,http://mcla.interviewexchange.com/,own website,high,OK:9,generic scraper
563,Merrimack College,US,https://www.merrimack.edu/,https://merrimack-advocate.symplicity.com/care_report/index.php/pid854103,own website,high,OK-2hop:OK:6,generic scraper
564,University of Massachusetts-Dartmouth,US,https://www.umassd.edu/,https://careers.umassd.edu,own website,medium,OK-2hop:OK:7,generic scraper
565,Smith College,US,https://www.smith.edu/,https://smithcollege.wd5.myworkdayjobs.com/smithcollege?q=dining,Workday,high,OK-2hop:OK:8,adapter built
566,Wheaton College (Massachusetts),US,https://www.wheatoncollege.edu/,https://www.wheatoncollege.edu/academics/life-and-career-design-institute/,own website,medium,OK-2hop:OK:2,generic scraper
567,Anna Maria College,US,https://www.annamaria.edu/,https://annamaria.edu/work-at-anna-maria/,own website,medium,OK-2hop:OK:2,generic scraper
569,Salem State University,US,https://www.salemstate.edu/,https://salem-state-university.career-pages.com/jobs/search,own website,high,OK-2hop:OK:14,generic scraper
570,Mount Holyoke College,US,https://www.mtholyoke.edu/,https://mtholyoke.wd504.myworkdayjobs.com/External,Workday,high,OK-2hop:OK:8,adapter built
571,American International College,US,https://www.aic.edu/,https://workforcenow.adp.com/mascsr/default/mdf/recruitment/recruitment.html?cid=4f7bf2c8-4d1c-459f-99e3-bc1939cfa417&ccId=9201445022114_2&lang=en_US,ADP,high,OK:9,adapter built
572,Springfield College,US,https://www.springfield.edu/,https://www.schooljobs.com/careers/springfieldcollege?jobType[0]=Faculty&sort=PositionTitle%7CAscending,own website,high,OK-2hop:OK:11,generic scraper
573,Western New England University,US,https://wne.edu/,https://www.paycomonline.net/v4/ats/web.php/jobs?clientkey=3C67A483237F6A324625AB95D568B0C1&fromClientSide=true,own website,medium,OK-2hop:OK:4,generic scraper
574,Bentley University,US,https://www.bentley.edu/,https://bentley.wd503.myworkdayjobs.com/faculty,Workday,high,OK-2hop:OK:11,adapter built
575,Brandeis University,US,https://www.brandeis.edu/,https://www.brandeis.edu/human-resources/careers/faculty-positions.html,own website,medium,OK-2hop:OK:9,generic scraper
576,Babson College,US,https://www.babson.edu/,https://entrepreneurship.babson.edu/career-outcomes-mba-class-2025/?share=linkedin,own website,medium,OK-2hop:OK:2,generic scraper
577,Wellesley College,US,https://www.wellesley.edu/,https://careereducation.wellesley.edu/career_exploration,own website,medium,OK-2hop:OK:2,generic scraper
579,Westfield State University,US,https://www.westfield.ma.edu/,https://careers.westfield.ma.edu/labor-market-insights/,own website,medium,OK-2hop:OK:7,generic scraper
580,Regis College,US,https://www.regiscollege.edu/,https://www.regiscollege.edu/about-regis/administrative-offices/department-human-resources/working-regis,own website,high,NO_MATCH [playwright];hand-verified-sync,generic scraper
581,Williams College,US,https://www.williams.edu/,https://employment.williams.edu/,own website,medium,OK:2 [playwright],generic scraper
582,Assumption University,US,https://www.assumption.edu/,https://recruiting.paylocity.com/recruiting/jobs/All/0ceaa085-bdf4-42db-8905-07c4a3c989e1/Assumption-University-Staff,own website,medium,OK-2hop:OK:6,generic scraper
583,Clark University,US,https://www.clarku.edu/,https://clarku.interviewexchange.com/static/clients/569CUM1/index.jsp,own website,high,OK-2hop:OK:6,generic scraper
584,College of the Holy Cross,US,https://www.holycross.edu/,https://holycross.wd12.myworkdayjobs.com/en-US/Careers/,Workday,high,OK-2hop:OK:11,adapter built
585,Worcester Polytechnic Institute,US,https://www.wpi.edu/,https://wpi.wd5.myworkdayjobs.com/WPI_External_Career_Site,Workday,high,OK-2hop:OK:6,adapter built
586,Worcester State University,US,https://www.worcester.edu/,https://worcester.interviewexchange.com/,own website,high,OK:8,generic scraper
587,University of Maryland Global Campus,US,https://www.umgc.edu/,https://careers.umgc.edu/faculty.html,own website,medium,OK-2hop:OK:14,generic scraper
589,Goucher College,US,https://www.goucher.edu/,https://goucher.wd1.myworkdayjobs.com/Goucher_Careers,Workday,high,OK-2hop:OK:6,adapter built
590,Johns Hopkins University,US,https://www.jhu.edu/,https://facultyjobs.jhu.edu,own website,medium,OK-2hop:OK:11 [playwright],generic scraper
591,Loyola University Maryland,US,https://www.loyola.edu/,https://loyola.wd5.myworkdayjobs.com/External,Workday,high,OK-2hop:OK:6,adapter built
593,Notre Dame of Maryland University,US,https://www.ndm.edu/,https://workforcenow.adp.com/mascsr/default/mdf/recruitment/recruitment.html?cid=ac3ea3a3-1795-4ceb-80c1-668296dbec35&ccId=19000101_000001&lang=en_US,ADP,high,OK:9,adapter built
594,University of Baltimore,US,https://www.ubalt.edu/,https://marylandconnect.wd1.myworkdayjobs.com/UBaltCareers,Workday,high,OK:8,adapter built
595,University of Maryland-Baltimore County,US,https://umbc.edu/,https://facultyjobs.umbc.edu/cwfac/en-us/listing/,own website,medium,OK-2hop:OK:9,generic scraper
597,Washington College,US,https://www.washcoll.edu/,https://www.washcoll.edu/people_departments/offices/human-resources/employment/index.php,own website,medium,OK-2hop:OK:3,generic scraper
598,University of Maryland-College Park,US,https://www.umd.edu/,https://umd.wd1.myworkdayjobs.com/UMCP,Workday,high,OK-2hop:OK:8,adapter built
599,Mount St. Mary's University,US,https://msmary.edu/,https://inside.msmary.edu/more/human-resources/employment-opportunities/index.html#faculty-jobs,own website,medium,OK-2hop:OK:15,generic scraper
600,Hood College,US,https://www.hood.edu/,https://recruiting.ultipro.com/HOO1003HOODC/JobBoard/58a51caa-edd5-4489-a43e-478413a6c821/?q=&o=postedDateDesc This new address will ne,UKG/Ultipro,high,OK:9,adapter built
601,Frostburg State University,US,https://www.frostburg.edu/,https://marylandconnect.wd1.myworkdayjobs.com/FSU_Careers,Workday,high,OK:8,adapter built
602,Capitol Technology University,US,https://www.captechu.edu/,https://captechu-csm.symplicity.com/,own website,high,OK-2hop:OK:6,generic scraper
603,Stevenson University,US,https://www.stevenson.edu/,https://stevenson.peopleadmin.com/,PeopleAdmin,high,OK-2hop:OK:8,adapter built
605,Salisbury University,US,https://www.salisbury.edu/,https://marylandconnect.wd1.myworkdayjobs.com/SU_Careers,Workday,high,OK:8,adapter built
606,St. Mary's College of Maryland,US,https://www.smcm.edu/,https://apply.interfolio.com/190337,own website,high,OK-2hop:OK:6,generic scraper
609,Towson University,US,https://www.towson.edu/,https://towson.taleo.net/careersection/ex/jobsearch.ftl,Taleo,high,OK-2hop:OK:6,generic scraper (verified working)
610,McDaniel College,US,https://www.mcdaniel.edu/,https://mcdaniel.interviewexchange.com/static/clients/561MCM1/index.jsp,own website,high,OK:8,generic scraper
611,University of Maine at Augusta,US,https://www.uma.edu/,https://uma.careers.maine.edu/,own website,medium,OK:4,generic scraper
612,Husson University,US,https://www.husson.edu/,https://www.husson.edu/about/human-resources/index.html,own website,medium,OK-2hop:OK:3,generic scraper
613,University of New England,US,https://www.une.edu/,https://une.peopleadmin.com/,PeopleAdmin,high,OK:8,adapter built
614,Bowdoin College,US,https://www.bowdoin.edu/,https://careers.bowdoin.edu/postings/search?utf8=%E2%9C%93&query=&query_v0_posted_at_date=&435=&query_position_type_id%5B%5D=2&commit=Search,own website,medium,OK-2hop:OK:16,generic scraper
615,Maine Maritime Academy,US,https://mainemaritime.edu/,https://mainemaritime.edu/employment-at-mma/faculty-positions/,own website,medium,OK-2hop:OK:11,generic scraper
616,University of Maine at Farmington,US,https://www.umf.maine.edu/,#VALUE!,own website,high,OK:11 [playwright];hand-verified-sync,generic scraper
617,University of Maine at Fort Kent,US,https://www.umfk.maine.edu/,https://www.maine.edu/careers/,own website,high,playwright_failed:Error;hand-verified-sync,generic scraper
618,Bates College,US,https://www.bates.edu/,https://www.bates.edu/career/,own website,medium,OK-2hop:OK:2,generic scraper
619,University of Maine,US,https://www.umaine.edu/,https://fa-ewca-saasfaprod1.fa.ocs.oraclecloud.com/hcmUI/CandidateExperience/en/sites/CX_1/requisitions?lastSelectedFacet=ORGANIZATIONS&mode=location&selectedOrganizationsFacet=300000014113612,Oracle Cloud HCM,high,OK-2hop:OK:9,adapter built
620,University of Southern Maine,US,https://usm.maine.edu/,https://usm.careers.maine.edu/,own website,medium,OK:5,generic scraper
621,University of Maine at Presque Isle,US,https://www.umpi.edu/,https://www.umpi.edu/human-resources/jobs-at-umpi/,own website,medium,OK-2hop:OK:3,generic scraper
622,Saint Joseph's College of Maine,US,https://www.sjcme.edu/,https://workforcenow.adp.com/mascsr/default/mdf/recruitment/recruitment.html?cid=f2ec343d-85b4-4d7e-8b95-cb8f7884af77&ccId=1046385866_1069&type=JS&lang=en_US,ADP,high,OK-2hop:OK:7,adapter built
623,Colby College,US,https://www.colby.edu/,https://www.colby.edu/people/offices-directory/human-resources/employment/academic-positions-available/,own website,medium,OK-2hop:OK:12 [playwright],generic scraper
624,Thomas College,US,https://www.thomas.edu/,https://recruiting.paylocity.com/recruiting/jobs/All/8755daac-bdc4-49b9-9a03-9f77f304512b/Thomas-College,own website,medium,OK:5,generic scraper
625,Adrian College,US,https://www.adrian.edu/,https://www.adrian.edu/academics/academics/career-planning/job-search,own website,medium,OK-2hop:OK:4,generic scraper
626,Siena Heights University,US,https://www.sienaheights.edu/,https://www.sienaheights.edu/past-syllabi-employment-and-financial-aid/,own website,medium,OK-2hop:OK:2,generic scraper
627,Albion College,US,https://www.albion.edu/,https://apply.interfolio.com/9409/positions,own website,high,OK-2hop:OK:8,generic scraper
628,Grand Valley State University,US,https://www.gvsu.edu/,https://gvsu.wd1.myworkdayjobs.com/careers,Workday,high,NO_MATCH [playwright];hand-verified-sync,adapter built
629,Alma College,US,https://www.alma.edu/,https://www.schooljobs.com/careers/alma/promotionaljobs?jobType[0]=Faculty&sort=PositionTitle%7CAscending,own website,high,OK-2hop:OK:11,generic scraper
631,University of Michigan-Ann Arbor,US,https://umich.edu/,https://careers.umich.edu/search-jobs,own website,medium,OK-2hop:OK:5 [playwright],generic scraper
632,Andrews University,US,https://www.andrews.edu/,https://andrewsu-advocate.symplicity.com/care_report/index.php/pid627169,own website,high,OK:6,generic scraper
633,Ferris State University,US,https://www.ferris.edu/,https://jobs.ferris.edu/en-us/listing/,own website,medium,OK-2hop:OK:5,generic scraper
634,University of Michigan-Dearborn,US,https://umdearborn.edu/,https://careers.umich.edu/search-jobs,own website,medium,OK-2hop:OK:5 [playwright],generic scraper
635,University of Detroit Mercy,US,https://www.udmercy.edu/,https://www.udmercy.edu/faculty-staff/hr/jobs.php,own website,high,NO_MATCH [playwright];hand-verified-sync,generic scraper
636,Wayne State University,US,https://wayne.edu/,https://waynetalent.csod.com/ux/ats/careersite/2/home?c=waynetalent,Cornerstone OnDemand,high,OK-2hop:OK:8,adapter built
637,Michigan State University,US,https://www.msu.edu/,https://careers.msu.edu/homepage,own website,high,NO_MATCH [playwright];hand-verified-sync,generic scraper
638,Kettering University,US,https://www.kettering.edu/,https://www.kettering.edu/co-op-career-design,own website,medium,OK-2hop:OK:2,generic scraper
639,University of Michigan-Flint,US,https://www.umflint.edu/,https://careers.umich.edu/search-jobs,own website,medium,OK-2hop:OK:5 [playwright],generic scraper
640,Aquinas College,US,https://www.aquinas.edu/,https://workforcenow.adp.com/mascsr/default/mdf/recruitment/recruitment.html?cid=0d6a119c-4b29-473d-aa54-b44806014631&ccId=19000101_000001&lang=en_US,ADP,high,OK:9,adapter built
642,Cornerstone University,US,https://www.cornerstone.edu/,https://www.cornerstone.edu/about/employment/employment-applications/,own website,medium,OK-2hop:OK:4,generic scraper
643,Davenport University,US,https://www.davenport.edu/,https://post.davenport.edu/category/careers/,own website,medium,OK-2hop:OK:2,generic scraper
644,Kuyper College,US,https://www.kuyper.edu/,https://www.kuyper.edu/employment/,own website,medium,OK-2hop:OK:2,generic scraper
646,Hope College,US,https://www.hope.edu/,https://hope.edu/offices/boerigter-center/,own website,medium,OK-2hop:OK:2,generic scraper
647,Michigan Technological University,US,https://www.mtu.edu/,https://www.mtu.edu/career/on-campus-jobs/index.html,own website,medium,OK-2hop:OK:6,generic scraper
648,Cleary University,US,https://www.cleary.edu/,https://recruitingbypaycor.com/career/CareerHome.action?clientId=8a7883d096d0d55a019731393c7f56d9,own website,medium,OK-2hop:OK:3,generic scraper
649,Kalamazoo College,US,https://www.kzoo.edu/,https://provost.kzoo.edu/faculty-information/facultyjobs/?_gl=1*bwrqnp*_ga*Mjg4OTI5Nzk5LjE2MDk5ODgxODg.*_ga_2XRJV6H0DR*MTcwNzY4NzYyNi4yOC4xLjE3MDc2OTMzNzQuMC4wLjA.,own website,medium,OK-2hop:OK:9,generic scraper
650,Western Michigan University,US,https://wmich.edu/,https://wmich.edu/career/jobfairprep,own website,medium,OK-2hop:OK:4,generic scraper
651,Madonna University,US,https://www.madonna.edu/,https://www.madonna.edu/resources/human-resources/,own website,medium,OK-2hop:OK:3,generic scraper
652,Northern Michigan University,US,https://www.nmu.edu/,https://jobs.nmu.edu,own website,medium,OK:7,generic scraper
653,Northwood University,US,https://www.northwood.edu/,https://www.schooljobs.com/careers/northwoodu?jobType[0]=Faculty&sort=PositionTitle%7CAscending,own website,high,OK-2hop:OK:9,generic scraper
654,Central Michigan University,US,https://www.cmich.edu/,https://www.jobs.cmich.edu/postings/search,own website,medium,OK-2hop:OK:2,generic scraper
655,The University of Olivet,US,https://www.uolivet.edu/,https://workforcenow.adp.com/mascsr/default/mdf/recruitment/recruitment.html?cid=1e5bff11-ae4c-4b3c-a51f-a1212f1c4119&ccId=19000101_000001&type=MP&lang=en_US,ADP,high,OK-2hop:OK:7,adapter built
656,Baker College,US,https://www.baker.edu/,https://www.baker.edu/about/get-to-know-us/careers/,own website,medium,OK-2hop:OK:2,generic scraper
657,Oakland University,US,https://www.oakland.edu/,https://jobs.oakland.edu/postings/search,own website,medium,OK-2hop:OK:5,generic scraper
658,Rochester University,US,https://rochesteru.edu/,https://workforcenow.adp.com/mascsr/default/mdf/recruitment/recruitment.html?cid=4ec54663-0058-4347-9828-d4720a7524f4&ccId=19000101_000001&lang=en_US&selectedMenuKey=CareerCenter,ADP,high,playwright_failed:Error;hand-verified-sync,adapter built
659,Lake Superior State University,US,https://www.lssu.edu/,https://lssu.elluciancrmrecruit.com/Apply/Account/Create?f=74d097fd-e977-4014-8c74-57ea15a7d036&o=c32620df-99a6-4d73-825b-e072a3556b81&s=35d02c13-f240-e811-80d9-0a19abd13584&IsInquiry=True,own website,high,OK:7,generic scraper
660,Lawrence Technological University,US,https://www.ltu.edu/,https://ltu.edu/about/human-resources/job-openings/,own website,medium,OK-2hop:OK:3,generic scraper
661,Spring Arbor University,US,https://www.arbor.edu/,https://springarbor.edu/about/offices-and-schools/human-resources/careers.php,own website,medium,OK-2hop:OK:3,generic scraper
662,Walsh College,US,https://walshcollege.edu/,https://www.paycomonline.net/v4/ats/web.php/jobs?clientkey=8B50A1FFE490890FFF138330679CB02A&fromClientSide=true,own website,medium,OK:4,generic scraper
663,Saginaw Valley State University,US,https://www.svsu.edu/,https://wd503.myworkday.com/svsu/d/home.htmld,own website,high,OK-2hop:OK:6,generic scraper
665,Eastern Michigan University,US,https://www.emich.edu/,https://secure.dc4.pageuppeople.com/apply/1092/aw/applicationForm/default.asp,PageUp,high,OK-2hop:OK:6 [playwright],generic scraper (verified working)
666,Bemidji State University,US,https://www.bemidjistate.edu/,https://minnstate.wd115.myworkdayjobs.com/Minnesota_State_Careers?Institution=a7c1912089511000d545d2b3d8c70002,Workday,not_found,NO_MATCH [playwright],adapter built
669,Saint Johns University,US,https://csbsju.edu/,https://www.schooljobs.com/careers/osb?jobType[0]=Faculty&sort=PositionTitle%7CAscending,own website,high,OK-2hop:OK:11,generic scraper
670,University of Minnesota-Crookston,US,https://crk.umn.edu/,https://crk.umn.edu/human-resources/employment,own website,medium,OK-2hop:OK:3,generic scraper
671,The College of Saint Scholastica,US,https://www.css.edu/,https://workforcenow.adp.com/mascsr/default/mdf/recruitment/recruitment.html?cid=f49f191a-7524-465b-8442-e0768f85867a&ccId=31713375_2&lang=en_US,ADP,high,OK-2hop:OK:7,adapter built
672,University of Minnesota-Duluth,US,https://www.d.umn.edu/,https://hr.umn.edu/jobs/Applicant-Support/Veteran-Employment-Guidance,own website,medium,OK-2hop:OK:4,generic scraper
674,Minnesota State University-Mankato,US,https://mnsu.edu/,https://minnstate.wd115.myworkdayjobs.com/Minnesota_State_Careers?Institution=a7c1912089511000d545e0844e430004,Workday,high,OK-2hop:OK:6,adapter built
675,Southwest Minnesota State University,US,https://www.smsu.edu/,https://minnstate.wd115.myworkdayjobs.com/Minnesota_State_Careers?Institution=a7c1912089511000d545c27b54900000,Workday,medium,OK-2hop:OK:6,adapter built
676,Augsburg University,US,https://www.augsburg.edu/,https://careers.smartrecruiters.com/AugsburgUniversity-MinneapolisMN/faculty,SmartRecruiters,high,OK-2hop:OK:11,adapter built
679,North Central University,US,https://www.northcentral.edu/,https://www.northcentral.edu/about/employment/current-job-openings/,own website,medium,OK-2hop:OK:4,generic scraper
680,University of Minnesota-Twin Cities,US,https://twin-cities.umn.edu/,https://hr.umn.edu/jobs/Applicant-Support/Veteran-Employment-Guidance,own website,medium,OK-2hop:OK:4,generic scraper
683,Minnesota State University Moorhead,US,https://www.mnstate.edu/,https://minnstate.wd115.myworkdayjobs.com/Minnesota_State_Careers?Institution=a7c1912089511000d545deb6e32a0001,Workday,high,OK-2hop:OK:8,adapter built
684,University of Minnesota-Morris,US,https://morris.umn.edu/,https://hr.umn.edu/jobs/Applicant-Support/Veteran-Employment-Guidance,own website,medium,OK-2hop:OK:4,generic scraper
685,Carleton College,US,https://www.carleton.edu/,https://www.myworkday.com/carleton/d/home.htmld,own website,high,OK:6,generic scraper
686,St Olaf College,US,https://wp.stolaf.edu/,https://fa-ewur-saasfaprod1.fa.ocs.oraclecloud.com/hcmUI/CandidateExperience/en/sites/CX_3,Oracle Cloud HCM,high,OK-2hop:OK:8,adapter built
687,Crown College,US,https://www.crown.edu/,https://secure5.entertimeonline.com/ta/CBIZ20706.careers?CareersSearch,own website,medium,OK-2hop:OK:4,generic scraper
688,Saint Cloud State University,US,https://www.stcloudstate.edu/,https://minnstate.wd115.myworkdayjobs.com/Minnesota_State_Careers,Workday,high,OK-2hop:OK:6 [playwright],adapter built
689,College of Saint Benedict,US,https://csbsju.edu/,https://www.schooljobs.com/careers/osb?jobType[0]=Faculty&sort=PositionTitle%7CAscending,own website,high,OK-2hop:OK:11,generic scraper
692,Hamline University,US,https://www.hamline.edu/,https://hamline.wd5.myworkdayjobs.com/Faculty_Career_Site,Workday,high,OK-2hop:OK:12,adapter built
693,Macalester College,US,https://www.macalester.edu/,https://macalester.wd108.myworkdayjobs.com/humanresources-careers,Workday,high,OK-2hop:OK:9,adapter built
694,Metropolitan State University,US,https://www.metrostate.edu/,https://minnstate.wd115.myworkdayjobs.com/Minnesota_State_Careers?Institution=a7c1912089511000d545c57bc0dd0001,Workday,high,OK-2hop:OK:8,adapter built
695,St Catherine University,US,https://www.stkate.edu/,https://stcatherine.peopleadmin.com/,PeopleAdmin,high,OK-2hop:OK:6,adapter built
696,University of Northwestern-St Paul,US,https://www.unwsp.edu/,https://jobs.unwsp.edu/jobs/search/search-page,own website,medium,OK-2hop:OK:6,generic scraper
697,University of St Thomas,US,https://www.stthomas.edu/,https://staffemployment-stthomas.icims.com/,iCIMS,high,OK-2hop:OK:10,adapter built
698,Gustavus Adolphus College,US,https://gustavus.edu/,https://gustavus.edu/about/administrative-offices/human-resources/employment-opportunities-human-resources,own website,medium,OK-2hop:OK:4,generic scraper
699,Herzing University-Minneapolis,US,https://www.herzing.edu/,https://recruiting2.ultipro.com/HER1009HRZ/JobBoard/267d2e37-abff-4559-8a18-a754503d3749,UKG/Ultipro,high,OK:9,adapter built
700,Saint Mary's University of Minnesota,US,https://www.smumn.edu/,https://faculty-saintmarysuniversity.icims.com/jobs/search?ss=1&in_iframe=1&hashed=-625950295,iCIMS,high,OK-2hop:OK:13,adapter built
701,Winona State University,US,https://www.winona.edu/,https://minnstate.wd115.myworkdayjobs.com/Minnesota_State_Careers?Institution=a7c1912089511000d545c9b0beeb0000,Workday,high,OK-2hop:OK:8,adapter built
703,Culver-Stockton College,US,https://www.culver.edu/,https://culver.edu/gps-core/,own website,medium,OK-2hop:OK:2,generic scraper
704,Southeast Missouri State University,US,https://www.semo.edu/,https://www.governmentjobs.com/careers/semoedu/promotionaljobs?jobType[0]=Faculty&sort=PositionTitle%7CAscending,own website,high,OK-2hop:OK:17,generic scraper
705,Columbia College,US,https://www.ccis.edu/,https://www.ccis.edu/careers/jobs,own website,medium,OK-2hop:OK:5,generic scraper
706,Stephens College,US,https://www.stephens.edu/,https://recruiting.paylocity.com/recruiting/jobs/All/d53f2230-ae23-44c3-8a0e-3b1b9a0697a7/Stephens-College,own website,medium,OK:5,generic scraper
707,University of Missouri-Columbia,US,https://missouri.edu/,https://www.umsystem.edu/ums/hr/income,own website,medium,OK-2hop:OK:3,generic scraper
708,Central Methodist University-College of Liberal Arts and Sciences,US,https://www.centralmethodist.edu/,https://centralmethodist.edu/about/offices/human-resources/jobs-fayette/index.html,own website,high,NO_MATCH [playwright];hand-verified-sync,generic scraper
709,Westminster College,US,https://www.wcmo.edu/,https://recruiting.paylocity.com/recruiting/jobs/All/a5d7af06-7587-4fed-8c04-2df22f7d0e9b/Westminster-College?location=Westminster%20College%20-%20Fulton%2C%20MO&department=All%20Departments,own website,medium,OK-2hop:OK:5,generic scraper
710,William Woods University,US,https://www.williamwoods.edu/,https://www.williamwoods.edu/employment/adjunct-faculty-employment/,own website,medium,OK-2hop:OK:2,generic scraper
711,Hannibal-LaGrange University,US,https://www.hlg.edu/,https://www.hlg.edu/forms/adjunctfacultyapplication/,own website,medium,OK-2hop:OK:9,generic scraper
713,Missouri Southern State University,US,https://www.mssu.edu/,https://www.mssu.edu/financial-services/human-resources/eeoc.php,own website,medium,OK-2hop:OK:3,generic scraper
714,Avila University,US,https://www.avila.edu/,https://www.avila.edu/about/administrative-offices/human-resources/careers/,own website,medium,OK-2hop:OK:5,generic scraper
715,Calvary University,US,https://www.calvary.edu/,https://www.calvary.edu/employment/work-at-calvary/,own website,medium,OK-2hop:OK:4,generic scraper
716,City Vision University,US,https://www.cityvision.edu/,https://cityvisionuniversity.applytojob.com,own website,high,OK:8,generic scraper
717,Rockhurst University,US,https://www.rockhurst.edu/,https://www.rockhurst.edu/about/human-resources/equal-employment-opportunity,own website,medium,OK-2hop:OK:3,generic scraper
718,University of Missouri-Kansas City,US,https://www.umkc.edu/,https://www.umkc.edu/hr/careers/index.html,own website,medium,OK-2hop:OK:5 [playwright],generic scraper
719,Truman State University,US,https://www.truman.edu/,https://trumansu.peopleadmin.com/postings/search?utf8=‚úì&query=&query_v0_posted_at_date=&query_position_type_id%5B%5D=3&435=&commit=Search,PeopleAdmin,high,OK-2hop:OK:11,adapter built
720,William Jewell College,US,https://www.jewell.edu/,https://www.jewell.edu/employment,own website,medium,OK-2hop:OK:4,generic scraper
721,Missouri Valley College,US,https://www.moval.edu/,https://www.moval.edu/?post_type=page&p=524,own website,medium,OK-2hop:OK:3,generic scraper
722,Northwest Missouri State University,US,https://www.nwmissouri.edu/,https://nwmissouri.wd108.myworkdayjobs.com/External,Workday,high,OK:8,adapter built
723,Cottey College,US,https://www.cottey.edu/,https://cottey.edu/employment/,own website,medium,OK-2hop:OK:4,generic scraper
724,Park University,US,https://www.park.edu/,https://park.wd1.myworkdayjobs.com/ParkUniversityCareers,Workday,high,OK-2hop:OK:8,adapter built
725,College of the Ozarks,US,https://www.cofo.edu/,https://www.cofo.edu/jobs,own website,medium,OK-2hop:OK:3,generic scraper
726,Missouri University of Science and Technology,US,https://www.mst.edu/,https://jobs.mst.edu/,own website,medium,OK-2hop:OK:7,generic scraper
727,Lindenwood University,US,https://www.lindenwood.edu/,https://lindenwood.wd1.myworkdayjobs.com/CareerOpportunities,Workday,high,OK-2hop:OK:8,adapter built
728,Missouri Western State University,US,https://www.missouriwestern.edu/,https://mwsu.peopleadmin.com/,PeopleAdmin,high,OK:9,adapter built
731,Maryville University of Saint Louis,US,https://www.maryville.edu/,https://careers.maryville.edu/?_ga=2.65064999.867605969.1689610591-885137803.1623179314,own website,medium,OK-2hop:OK:7,generic scraper
733,Saint Louis University,US,https://www.slu.edu/,https://slu.wd5.myworkdayjobs.com/Careers,Workday,high,OK-2hop:OK:10,adapter built
734,University of Missouri-St Louis,US,https://www.umsl.edu/,https://www.umsl.edu/services/hrs/careers/index.html,own website,medium,OK-2hop:OK:2,generic scraper
735,Washington University in St Louis,US,https://wustl.edu/,https://wustl.wd1.myworkdayjobs.com/External,Workday,high,OK-2hop:OK:8,adapter built
736,Webster University,US,https://www.webster.edu/,https://recruiting.adp.com/srccar/public/RTI.home?c=1180715&d=ExternalCareerSite,own website,medium,OK-2hop:OK:4,generic scraper
737,Drury University,US,https://www.drury.edu/,https://www.drury.edu/hr/drury-university-jobs/,own website,medium,OK-2hop:OK:3,generic scraper
739,Mission University,US,https://www.mission.edu/,https://mission.edu/jobs/,own website,medium,OK-2hop:OK:3,generic scraper
740,Missouri State University-Springfield,US,https://www.missouristate.edu/,https://jobs.missouristate.edu/,own website,medium,OK-2hop:OK:5,generic scraper
741,University of Central Missouri,US,https://www.ucmo.edu/,https://www.schooljobs.com/careers/ucmo?jobType[0]=Faculty&sort=PositionTitle%7CAscending,own website,high,OK-2hop:OK:8,generic scraper
744,Delta State University,US,https://www.deltastate.edu/,https://deltastate.peopleadmin.com/,PeopleAdmin,high,OK:8 [playwright],adapter built
746,Mississippi University for Women,US,https://www.muw.edu/,https://muw.peopleadmin.com/,PeopleAdmin,high,OK-2hop:OK:8,adapter built
747,University of Southern Mississippi,US,https://www.usm.edu/,https://usm.csod.com/ats/careersite/search.aspx?site=1&c=usm,Cornerstone OnDemand,high,OK:8,adapter built
748,William Carey University,US,https://www.wmcarey.edu/,https://www.paycomonline.net/v4/ats/web.php/jobs?clientkey=E66B3C1689D7CACD88837E5AD889588C,own website,medium,OK:4,generic scraper
753,Millsaps College,US,https://www.millsaps.edu/,https://millsaps.edu/work-at-millsaps/,own website,medium,OK-2hop:OK:5,generic scraper
755,Mississippi State University,US,https://www.msstate.edu/,http://explore.msujobs.msstate.edu/,own website,medium,OK-2hop:OK:2,generic scraper
757,University of Mississippi,US,https://www.olemiss.edu/,https://olemiss.wd12.myworkdayjobs.com/External__Faculty,Workday,high,OK-2hop:OK:11,adapter built
758,Montana State University Billings,US,https://www.msubillings.edu/,http://www.mus.edu/hr/jobs.asp,own website,medium,OK-2hop:OK:6,generic scraper
759,Rocky Mountain College,US,https://www.rocky.edu/,https://www.facebook.com/rockymountaincollege/,own website,medium,OK:2,generic scraper
760,Montana State University,US,https://www.montana.edu/,https://jobs.montana.edu/postings/search,own website,medium,OK-2hop:OK:5,generic scraper
761,Montana Technological University,US,https://www.mtech.edu/,https://montanatechuniversity.applytojob.com/apply,own website,high,OK:8,generic scraper
762,The University of Montana-Western,US,https://umwestern.edu/,https://www.umwestern.edu/section/vacancy-procedure-documents/,own website,medium,OK-2hop:OK:2,generic scraper
763,University of Providence,US,https://www.uprovidence.edu/,https://www.uprovidence.edu/employment/,own website,medium,OK:2,generic scraper
764,Montana State University-Northern,US,https://www.msun.edu/,https://jobs.msun.edu/postings/2686,own website,medium,OK-2hop:OK:6,generic scraper
765,Carroll College,US,https://www.carroll.edu/,https://www.carroll.edu/about/work-carroll,own website,medium,OK-2hop:OK:2,generic scraper
766,The University of Montana,US,https://www.umt.edu/,https://apply.interfolio.com/53871/positions,own website,high,OK-2hop:OK:17,generic scraper
767,University of North Carolina Asheville,US,https://unca.edu/,https://uncash-sb.peopleadmin.com/,PeopleAdmin,high,OK-2hop:OK:6,adapter built
768,Lees-McRae College,US,https://www.lmc.edu/,https://leesmcrae.peopleadmin.com/,PeopleAdmin,high,OK:9,adapter built
769,Belmont Abbey College,US,https://www.belmontabbeycollege.edu/,https://belmontabbeycollege.edu/about-us/employment,own website,medium,OK-2hop:OK:3,generic scraper
771,Appalachian State University,US,https://www.appstate.edu/,https://appstate.peopleadmin.com/postings/search?utf8=%E2%9C%93&query=&query_v0_posted_at_date=&query_position_type_id%5B%5D=3&commit=Search,PeopleAdmin,high,OK-2hop:OK:11,adapter built
772,Brevard College,US,https://www.brevard.edu/,https://brevard.edu/employment-opportunities/,own website,medium,OK-2hop:OK:5,generic scraper
773,Campbell University,US,https://www.campbell.edu/,https://phg.tbe.taleo.net/phg01/ats/careers/v2/jobSearch?act=redirectCwsV2&cws=37&org=CAMPUNIV,Taleo,high,OK-2hop:OK:10,generic scraper (verified working)
774,University of North Carolina at Chapel Hill,US,https://www.unc.edu/,https://unc.peopleadmin.com/postings/search,PeopleAdmin,not_found,NO_MATCH [playwright],adapter built
777,Queens University of Charlotte,US,https://www.queens.edu/,https://www.queens.edu/careers/why-work-at-queens/career-opportunities-at-queens/,own website,medium,OK-2hop:OK:5,generic scraper
778,University of North Carolina at Charlotte,US,https://www.charlotte.edu/,https://jobs.charlotte.edu/postings/search,own website,medium,OK-2hop:OK:5,generic scraper
779,Western Carolina University,US,https://www.wcu.edu/,https://jobs.wcu.edu/postings/search,own website,medium,OK-2hop:OK:5,generic scraper
780,Davidson College,US,https://davidson.edu/,https://fa-exci-saasfaprod1.fa.ocs.oraclecloud.com/hcmUI/CandidateExperience/en/sites/CX_2,Oracle Cloud HCM,high,OK-2hop:OK:8,adapter built
781,Duke University,US,https://www.duke.edu/,https://hr.duke.edu/careers/new-duke/,own website,medium,OK-2hop:OK:2,generic scraper
785,Elon University,US,https://www.elon.edu/,https://jobs.elon.edu/jobs/search,own website,medium,OK-2hop:OK:7,generic scraper
787,Methodist University,US,https://www.methodist.edu/,https://www.methodist.edu/offices-services/human-resources/,own website,medium,OK-2hop:OK:1,generic scraper
789,Greensboro College,US,https://www.greensboro.edu/,https://www.greensboro.edu/employment/,own website,medium,OK-2hop:OK:2,generic scraper
790,Guilford College,US,https://www.guilford.edu/,https://guilford.wd1.myworkdayjobs.com/Guilford_Careers,Workday,high,OK:6,adapter built
793,University of North Carolina at Greensboro,US,https://www.uncg.edu/,https://spartantalent.uncg.edu/postings/search,own website,high,OK-2hop:OK:6,generic scraper
794,East Carolina University,US,https://www.ecu.edu/,https://ecu.peopleadmin.com//postings/search?utf8=%E2%9C%93&query=&query_v0_posted_at_date=&query_position_type_id%5B%5D=3&435=&commit=Search,PeopleAdmin,high,OK-2hop:OK:11,adapter built
795,Lenoir-Rhyne University,US,https://www.lr.edu/,https://www.lr.edu/work-at-lr/human-resources,own website,medium,OK-2hop:OK:3,generic scraper
796,High Point University,US,https://www.highpoint.edu/,https://highpoint.wd503.myworkdayjobs.com/Highpoint-Faculty,Workday,high,OK-2hop:OK:11,adapter built
799,Mars Hill University,US,https://www.mhu.edu/,https://jobs.appone.com/marshilluniversity,own website,medium,OK:4,generic scraper
800,Pfeiffer University,US,https://www.pfeiffer.edu/,https://www.pfeiffer.edu/career-success/,own website,medium,OK-2hop:OK:2,generic scraper
802,University of Mount Olive,US,https://umo.edu/,https://www.umo.edu/employment/,own website,medium,OK-2hop:OK:2,generic scraper
803,Chowan University,US,https://www.chowan.edu/,https://www.chowan.edu/about/offices/human-resources/workstudyjobs/,own website,medium,OK-2hop:OK:3,generic scraper
804,University of North Carolina at Pembroke,US,https://www.uncp.edu/,https://jobs.uncp.edu/postings/search,own website,medium,OK-2hop:OK:7,generic scraper
805,Meredith College,US,https://www.meredith.edu/,https://meredith.career-pages.com/jobs/search,own website,high,OK-2hop:OK:14,generic scraper
806,North Carolina State University at Raleigh,US,https://www.ncsu.edu/,https://jobs.ncsu.edu/postings/search,own website,medium,OK-2hop:OK:5,generic scraper
809,William Peace University,US,https://www.peace.edu/,https://peace.peopleadmin.com/postings/search?&query=&query_v0_posted_at_date=&1229%5B%5D=2&435=&commit=Search,PeopleAdmin,high,OK-2hop:OK:13,adapter built
810,North Carolina Wesleyan University,US,https://www.ncwc.edu/,https://ncwu.edu/community/careers/current-openings/faculty-teaching-positions/,own website,medium,OK-2hop:OK:11,generic scraper
811,Catawba College,US,https://www.catawba.edu/,https://www.catawba.edu/jobs/,own website,medium,OK-2hop:OK:5,generic scraper
813,Warren Wilson College,US,https://www.warren-wilson.edu/,https://www.warren-wilson.edu/about/employment/,own website,medium,OK-2hop:OK:3,generic scraper
814,University of North Carolina Wilmington,US,https://www.uncw.edu/,https://jobs.uncw.edu/,own website,medium,OK-2hop:OK:6,generic scraper
815,Barton College,US,https://www.barton.edu/,https://www.barton.edu/academics/academic-career-planning/,own website,medium,OK-2hop:OK:11,generic scraper
816,Wingate University,US,https://www.wingate.edu/,https://wingate.wd5.myworkdayjobs.com/WU,Workday,high,OK-2hop:OK:8,adapter built
817,Salem College,US,https://www.salem.edu/,https://www.salem.edu/about/employment/limitedtermcustodian/,own website,medium,OK-2hop:OK:4,generic scraper
818,Wake Forest University,US,https://www.wfu.edu/,https://wfu.wd1.myworkdayjobs.com/Faculty_Career_Website_live,Workday,high,OK-2hop:OK:11,adapter built
820,University of Mary,US,https://www.umary.edu/,https://universityofmary.applytojob.com/apply,own website,high,OK-2hop:OK:8,generic scraper
821,Dickinson State University,US,https://www.dickinsonstate.edu/,https://dickinsonstate.edu/about/employment/open-positions/index.html,own website,medium,OK-2hop:OK:4,generic scraper
823,North Dakota State University-Main Campus,US,https://www.ndsu.edu/,https://www.ndsu.edu/employment,own website,medium,OK-2hop:OK:4,generic scraper
824,University of North Dakota,US,https://und.edu/,https://careers.und.edu/jobs/search?page=1&employment_type_uids%5B%5D=afe7aeecda1cf319ef9b1e1319fcf960&query=,own website,medium,OK-2hop:OK:18,generic scraper
825,University of Jamestown,US,https://www.uj.edu/,https://www.uj.edu/about/job-opportunities/,own website,medium,OK-2hop:OK:3,generic scraper
826,Mayville State University,US,https://www.mayvillestate.edu/,https://www.mayvillestate.edu/campus-life/campus-employment/,own website,medium,OK-2hop:OK:2,generic scraper
827,Minot State University,US,https://www.minotstateu.edu/,https://www.minotstateu.edu/hr,own website,medium,OK-2hop:OK:2,generic scraper
828,Valley City State University,US,https://www.vcsu.edu/,https://www.vcsu.edu/jobs/,own website,medium,OK-2hop:OK:4,generic scraper
829,Bellevue University,US,https://www.bellevue.edu/,https://workforcenow.adp.com/mascsr/default/mdf/recruitment/recruitment.html?cid=191fb38a-3b70-4f49-b37f-cb2eda186474&ccId=9201943470232_2&lang=en_US,ADP,high,OK-2hop:OK:16,adapter built
830,Chadron State College,US,https://www.csc.edu/,https://nscs.peopleadmin.com/postings/13006,PeopleAdmin,high,OK-2hop:OK:6,adapter built
831,Doane University,US,https://www.doane.edu/,https://doane.peopleadmin.com/postings/search,PeopleAdmin,high,OK-2hop:OK:8 [playwright],adapter built
832,Midland University,US,https://www.midlandu.edu/,https://www.midlandu.edu/about/careers/,own website,medium,OK-2hop:OK:2,generic scraper
833,Hastings College,US,https://www.hastings.edu/,https://www.hastings.edu/academics/academic-opportunities/,own website,medium,OK-2hop:OK:1,generic scraper
834,University of Nebraska at Kearney,US,https://www.unk.edu/,https://unknews.unk.edu/2026/08/25/vail-ziolkowski-beissel-heath-selected-for-endowed-faculty-positions-at-unk/,own website,medium,OK-2hop:OK:9,generic scraper
835,Nebraska Wesleyan University,US,https://www.nebrwesleyan.edu/,https://www.nebrwesleyan.edu/about-nwu/employment/business-office-hr-associate,own website,medium,OK-2hop:OK:3,generic scraper
837,University of Nebraska-Lincoln,US,https://www.unl.edu/,https://employment.unl.edu/postings/search?utf8=%E2%9C%93&query=&query_v0_posted_at_date=&query_organizational_tier_3_id%5B%5D=any&1257=&1258%5B%5D=3&1258%5B%5D=7&commit=Search,own website,medium,OK-2hop:OK:11,generic scraper
838,Clarkson College,US,https://www.clarksoncollege.edu/,https://nebraskamed.wd5.myworkdayjobs.com/en-US/Clarkson,Workday,high,OK-2hop:OK:9,adapter built
839,College of Saint Mary,US,https://www.csm.edu/,https://www.csm.edu/academics/career-pathways/,own website,medium,OK:2 [playwright],generic scraper
840,Creighton University,US,https://www.creighton.edu/,https://hcps.fa.us2.oraclecloud.com/hcmUI/CandidateExperience/en/sites/CX_1/jobs,Oracle Cloud HCM,high,OK-2hop:OK:8,adapter built
841,University of Nebraska at Omaha,US,https://www.unomaha.edu/,https://unomaha.peopleadmin.com/,PeopleAdmin,high,OK-2hop:OK:8,adapter built
842,Peru State College,US,https://www.peru.edu/,https://nscs.peopleadmin.com/postings/search?utf8=%E2%9C%93&query=&query_v0_posted_at_date=&435=&query_organizational_tier_3_id%5B%5D=any&1349%5B%5D=2&commit=Search,PeopleAdmin,high,OK:8,adapter built
844,Wayne State College,US,https://www.wsc.edu/,https://www.wsc.edu/directory/16/employment-opportunities/category/300,own website,medium,OK-2hop:OK:12,generic scraper
845,York University,US,https://www.york.edu/,https://www.york.edu/about/employment.php#faculty,own website,medium,OK-2hop:OK:11,generic scraper
846,University of New Hampshire-Main Campus,US,https://www.unh.edu/,https://usnh.wd5.myworkdayjobs.com/Careers,Workday,high,OK-2hop:OK:10,adapter built
847,Dartmouth College,US,https://www.dartmouth.edu/,https://www.buzzfeed.com/about/jobs,own website,medium,OK-2hop:OK:4,generic scraper
848,New England College,US,https://www.nec.edu/,https://nec.peopleadmin.com,PeopleAdmin,high,OK:8,adapter built
849,Keene State College,US,https://www.keene.edu/,https://usnh.wd5.myworkdayjobs.com/Careers,Workday,high,NO_MATCH [playwright];hand-verified-sync,adapter built
850,Saint Anselm College,US,https://www.anselm.edu/,https://anselm.wd1.myworkdayjobs.com/Anselm,Workday,high,OK-2hop:OK:8,adapter built
851,Southern New Hampshire University,US,https://www.snhu.edu/,https://jobs.snhu.edu/en/career-areas/online-teaching-jobs/,own website,medium,OK-2hop:OK:7 [playwright],generic scraper
852,University of New Hampshire College of Professional Studies Online,US,https://cps.unh.edu/online,https://cps.unh.edu/online/why-unh-cps-online/career-support,own website,medium,OK-2hop:OK:2,generic scraper
853,University of New Hampshire at Manchester,US,https://manchester.unh.edu/,https://manchester.unh.edu/careers,own website,medium,OK-2hop:OK:2,generic scraper
854,Rivier University,US,https://www.rivier.edu/,https://www.schooljobs.com/careers/rivieredu?jobType[0]=Faculty&sort=PositionTitle%7CAscending,own website,high,OK-2hop:OK:9,generic scraper
855,Colby-Sawyer College,US,https://www.colby-sawyer.edu/,https://secure.entertimeonline.com/ta/ColbySawyer.careers?CareersSearch&ein_id=85020931&career_portal_id=1130757,own website,medium,OK-2hop:OK:3,generic scraper
856,Plymouth State University,US,https://www.plymouth.edu/,https://usnh.wd5.myworkdayjobs.com/Careers,Workday,high,NO_MATCH [playwright];hand-verified-sync,adapter built
857,Franklin Pierce University,US,https://www.franklinpierce.edu/,https://franklinpierce.edu/paths,own website,medium,OK-2hop:OK:2,generic scraper
858,Bloomfield College,US,https://www.bloomfield.edu/,https://montclair.wd1.myworkdayjobs.com/JobOpportunities,Workday,high,OK-2hop:OK:8,adapter built
859,Caldwell University,US,https://www.caldwell.edu/,https://www.caldwell.edu/hr/employment-opportunities/faculty-full-time/,own website,medium,OK-2hop:OK:13,generic scraper
860,Rutgers University-Camden,US,https://camden.rutgers.edu/,https://jobs.rutgers.edu/postings/search,own website,medium,OK-2hop:OK:5,generic scraper
861,The College of New Jersey,US,https://www.tcnj.edu/,https://tcnj.taleo.net/careersection/00_ex_faculty/jobsearch.ftl?lang=en,Taleo,high,OK-2hop:OK:6 [playwright],generic scraper (verified working)
862,Stockton University,US,https://www.stockton.edu/,https://employment.stockton.edu/jobs/search,own website,medium,OK:4,generic scraper
863,Rowan University,US,https://www.rowan.edu/,https://jobs.rowan.edu/en-us/listing/,own website,medium,OK:5,generic scraper
864,Centenary University,US,https://www.centenaryuniversity.edu/,https://www.instagram.com/p/DcMh4Y-oP_M/,own website,medium,OK:2,generic scraper
865,Stevens Institute of Technology,US,https://www.stevens.edu/,https://stevens.wd5.myworkdayjobs.com/External,Workday,high,OK-2hop:OK:8,adapter built
867,New Jersey City University,US,https://www.njcu.edu/,https://kean.wd503.myworkdayjobs.com/Kean,Workday,high,OK-2hop:OK:9,adapter built
868,Saint Peter's University,US,https://www.saintpeters.edu/,https://www.paycomonline.net/v4/ats/web.php/portal/055E28882001FE667534B0880CFCD275/career-page,own website,medium,OK:3,generic scraper
869,Georgian Court University,US,https://georgian.edu/,https://workforcenow.adp.com/mascsr/default/mdf/recruitment/recruitment.html?cid=0674ba22-8f97-458a-80c0-91217826b19b&ccId=9151465763873_19553&lang=en_US,ADP,high,OK:10,adapter built
870,Rider University,US,https://www.rider.edu/,https://www.schooljobs.com/careers/rideru?jobType[0]=Faculty&sort=PositionTitle%7CAscending,own website,high,OK:11,generic scraper
871,Felician University,US,https://www.felician.edu/,https://felician.edu/about-felician-university/careers-at-felician/,own website,medium,OK-2hop:OK:2,generic scraper
872,Drew University,US,https://www.drew.edu/,https://drew.edu/about/human-resources/employment-opportunities/,own website,medium,OK:4,generic scraper
873,Fairleigh Dickinson University-Florham Campus,US,https://www.fdu.edu/,https://www.instagram.com/reel/Db53N_YDMHp/,own website,medium,OK:2,generic scraper
874,Ramapo College of New Jersey,US,https://www.ramapo.edu/,https://www.schooljobs.com/careers/ramapo/?jobType[0]=Faculty&sort=PositionTitle%7CAscending,own website,high,OK:8,generic scraper
875,Montclair State University,US,https://www.montclair.edu/,https://montclair.wd1.myworkdayjobs.com/JobOpportunities,Workday,high,OK-2hop:OK:8,adapter built
876,Saint Elizabeth University,US,https://www.steu.edu/,https://workforcenow.adp.com/mascsr/default/mdf/recruitment/recruitment.html?cid=08c27dfd-4a66-473e-ac0f-70b2d10bc070&ccId=19000101_000001&source=CC2&lang=en_US&selectedMenuKey=CurrentOpenings,ADP,high,OK:9,adapter built
877,Rutgers University-New Brunswick,US,https://newbrunswick.rutgers.edu/,https://jobs.rutgers.edu/postings/search,own website,medium,OK-2hop:OK:5,generic scraper
878,New Jersey Institute of Technology,US,https://www.njit.edu/,https://jobs.njit.edu,own website,medium,OK:7,generic scraper
879,Pillar College,US,https://www.pillar.edu/,https://www.pillar.edu/careers,own website,medium,OK-2hop:OK:2,generic scraper
880,Rutgers University-Newark,US,https://www.newark.rutgers.edu/,https://careers.newark.rutgers.edu/channels/detecting-fraudulent-job-postings/,own website,medium,OK-2hop:OK:7,generic scraper
882,Princeton University,US,https://www.princeton.edu/,http://dof.princeton.edu/academicjobs,own website,medium,OK:9,generic scraper
883,Seton Hall University,US,https://www.shu.edu/,http://jobs.shu.edu/cw/en-us/search/?category=Faculty,own website,medium,OK-2hop:OK:7,generic scraper
884,Fairleigh Dickinson University-Metropolitan Campus,US,https://www.fdu.edu/,https://www.instagram.com/reel/Db53N_YDMHp/,own website,medium,OK:2,generic scraper
885,Thomas Edison State University,US,https://www.tesu.edu/,https://tesu.elluciancrmrecruit.com/Apply/Account/ProspectInquiry?f=a5c390e3-cba0-4376-b596-8fba5466af6e&o=8a362f72-262c-48bc-a36d-c5d6e0f75af6&s=c1a80143-768e-e311-a614-00155d01181f,own website,high,OK:7,generic scraper
886,Kean University,US,https://www.kean.edu/,https://kean.wd503.myworkdayjobs.com/Kean,Workday,high,OK-2hop:OK:9,adapter built
887,William Paterson University of New Jersey,US,https://www.wpunj.edu/,https://www.wpunj.edu/human-resources/jobs-careers-comp/employment-opportunities,own website,medium,OK-2hop:OK:8,generic scraper
888,Monmouth University,US,https://www.monmouth.edu/,https://jobs.monmouth.edu/,own website,medium,OK:7,generic scraper
891,University of New Mexico-Main Campus,US,https://www.unm.edu/,https://unmjobs.unm.edu/,own website,high,NO_MATCH [playwright];hand-verified-sync,generic scraper
892,Northern New Mexico College,US,https://nnmc.edu/,https://chess.wd1.myworkdayjobs.com/nnmcjobs,Workday,high,OK:8,adapter built
893,University of the Southwest,US,https://www.usw.edu/,https://www.usw.edu/faculty-openings,own website,medium,OK-2hop:OK:9,generic scraper
894,New Mexico State University-Main Campus,US,https://www.nmsu.edu/,https://careers.nmsu.edu/,own website,medium,OK:8,generic scraper
895,New Mexico Highlands University,US,https://www.nmhu.edu/,https://www.paycomonline.net/v4/ats/web.php/portal/2881FFE43C19E2921F626A9C2B366153/career-page,own website,medium,OK-2hop:OK:4,generic scraper
896,Eastern New Mexico University-Main Campus,US,https://www.enmu.edu/,https://www.schooljobs.com/careers/enmu?jobType[0]=Faculty&sort=PositionTitle%7CAscending,own website,high,OK:10,generic scraper
897,Institute of American Indian and Alaska Native Culture and Arts Development,US,https://iaia.edu/,https://iaia.edu/about/employment/,own website,medium,OK:2 [playwright],generic scraper
898,Western New Mexico University,US,https://www.wnmu.edu/,https://wnmu.peopleadmin.com/,PeopleAdmin,high,OK:9,adapter built
899,New Mexico Institute of Mining and Technology,US,https://www.nmt.edu/,https://www.nmt.edu/hr/employment.php,own website,medium,OK-2hop:OK:4,generic scraper
901,Nevada State University,US,https://nsc.edu/,https://nshe.wd1.myworkdayjobs.com/NSU-external,Workday,high,NO_MATCH [playwright];hand-verified-sync,adapter built
902,University of Nevada-Las Vegas,US,https://www.unlv.edu/,https://nshe.wd1.myworkdayjobs.com/UNLV-External,Workday,high,OK-2hop:OK:6,adapter built
904,University of Nevada-Reno,US,https://www.unr.edu/,https://nshe.wd1.myworkdayjobs.com/UNR-external,Workday,high,OK-2hop:OK:6,adapter built
905,Excelsior University,US,https://www.excelsior.edu/,https://www.excelsior.edu/career-training,own website,medium,OK-2hop:OK:2,generic scraper
907,University at Albany,US,https://www.albany.edu/,https://albany.interviewexchange.com/jobsearchfrm.jsp,own website,high,OK-2hop:OK:8,generic scraper
908,Alfred University,US,https://www.alfred.edu/,https://www.alfred.edu/jobs-at-alfred/index.cfm,own website,medium,OK-2hop:OK:2,generic scraper
909,Daemen University,US,https://www.daemen.edu/,https://www.daemen.edu/about/working-daemen/employment-opportunities,own website,high,NO_MATCH [playwright];hand-verified-sync,generic scraper
910,Bard College,US,https://www.bard.edu/,https://www.bard.edu/humanresources/employment/,own website,medium,OK-2hop:OK:5,generic scraper
912,SUNY Brockport,US,https://www.brockport.edu/,https://www.brockport.edu/support/human-resources/careers/,own website,medium,OK-2hop:OK:5,generic scraper
913,CUNY Lehman College,US,https://www.lehman.edu/,https://cuny.jobs/campus/lehman-college/job-category/faculty/jobs/,own website,medium,OK:4,generic scraper
914,Fordham University,US,https://www.fordham.edu/,https://www.fordham.edu/info/30759/faculty_opportunities,own website,medium,OK-2hop:OK:10,generic scraper
916,University of Mount Saint Vincent,US,https://www.mountsaintvincent.edu/,https://mountsaintvincent.edu/employment-opportunities/,own website,medium,OK:3,generic scraper
917,CUNY Brooklyn College,US,https://www.brooklyn.cuny.edu/,https://cuny.jobs/campus/brooklyn-college/job-category/faculty/jobs/,own website,medium,OK-2hop:OK:2,generic scraper
918,CUNY Medgar Evers College,US,https://www.mec.cuny.edu/,https://cuny.jobs/campus/medgar-evers-college/job-category/faculty/jobs/,own website,medium,OK-2hop:OK:3,generic scraper
919,CUNY New York City College of Technology,US,https://www.citytech.cuny.edu/,https://cuny.jobs/campus/new-york-city-college-of-technology/job-category/faculty/jobs/,own website,high,OK:6,generic scraper
920,Pratt Institute-Main,US,https://www.pratt.edu/,https://www.pratt.edu/administrative-departments/human-resources/open-positions/faculty-positions/,own website,medium,OK-2hop:OK:12,generic scraper
921,St. Francis College,US,https://www.sfc.edu/,https://www.sfc.edu/why-sfc/careers-at-sfc,own website,medium,OK-2hop:OK:2,generic scraper
922,St. Joseph's University-New York,US,https://www.sjny.edu/,https://www.sjny.edu/employment,own website,high,NO_MATCH [playwright];hand-verified-sync,generic scraper
923,Long Island University,US,https://www.liu.edu/,https://jobs.liu.edu/job_details/4967,own website,medium,OK-2hop:OK:12,generic scraper
924,Canisius University,US,https://www.canisius.edu/,https://canisiusuniversity-puzzlehr.icims.com/,iCIMS,high,OK-2hop:OK:9,adapter built
925,D'Youville  University,US,https://www.dyu.edu/,https://dyouville-university.prismhr-hire.com/job/726161/college-of-osteopathic-medicine-chair-primary-care,own website,medium,OK-2hop:OK:2,generic scraper
927,SUNY Buffalo State University,US,https://suny.buffalostate.edu/,https://jobs.buffalostate.edu/,own website,medium,OK-2hop:OK:6,generic scraper
928,University at Buffalo,US,https://www.buffalo.edu/,https://www.buffalo.edu/administrative-services/careers-at-ub/ny-helps-program.html,own website,medium,OK-2hop:OK:5,generic scraper
929,Villa Maria College,US,https://www.villa.edu/,https://www.villa.edu/about-us/employment-opportunities/employment-application/,own website,medium,OK-2hop:OK:3,generic scraper
930,SUNY College of Technology at Canton,US,https://www.canton.edu/,https://canton-accommodate.symplicity.com/,own website,high,OK:6,generic scraper
931,St Lawrence University,US,https://www.stlawu.edu/,https://careerhub-clarkson.icims.com/jobs/search?hashed=-625885781&mobile=false&width=1246&height=500&bga=true&needsRedirect=false&jan1offset=-300&jun1offset=-240,iCIMS,high,OK-2hop:OK:8,adapter built
933,Hamilton College,US,https://www.hamilton.edu/,https://www.hamilton.edu/offices/human-resources/employment/job-opportunities,own website,high,playwright_failed:Error;hand-verified-sync,generic scraper
934,SUNY College of Agriculture and Technology at Cobleskill,US,https://www.cobleskill.edu/,https://cobleskill.interviewexchange.com/static/clients/474SCM1/index.jsp,own website,high,OK:8,generic scraper
935,State University of New York at Cortland,US,https://www2.cortland.edu/,https://www2.cortland.edu/offices/hr/jobs,own website,medium,OK-2hop:OK:3,generic scraper
936,SUNY College of Technology at Delhi,US,https://www.delhi.edu/,https://delhi.interviewexchange.com/static/clients/409SDM1/index.jsp,own website,high,OK:8,generic scraper
938,Mercy University,US,https://www.mercy.edu/,https://www.mercy.edu/about/human-resources/employment-mercy,own website,medium,OK-2hop:OK:6,generic scraper
939,Elmira College,US,https://www.elmira.edu/,https://www.elmira.edu/welcome-to-elmira/about-ec/careers/careers,own website,medium,OK:2,generic scraper
940,Farmingdale State College,US,https://www.farmingdale.edu/,https://farmingdale.interviewexchange.com/static/clients/383FAM1/index.jsp,own website,high,OK-2hop:OK:6,generic scraper
941,SUNY at Fredonia,US,https://www.fredonia.edu/,https://www.fredonia.edu/about/offices/human-resources/jobs,own website,medium,OK:5 [playwright],generic scraper
942,Adelphi University,US,https://www.adelphi.edu/,https://phf.tbe.taleo.net/phf02/ats/careers/v2/searchResults?org=ADELPHI&cws=43,Taleo,high,OK-2hop:OK:13,generic scraper (verified working)
943,SUNY College at Geneseo,US,https://www.geneseo.edu/,https://www.geneseo.edu/provost/applying-for-faculty-positions,own website,medium,OK-2hop:OK:10,generic scraper
944,Hobart William Smith Colleges,US,https://www.hws.edu/,https://www.hws.edu/offices/hr/employment-opportunities/faculty.aspx,own website,medium,OK-2hop:OK:13,generic scraper
945,Hilbert College,US,https://www.hilbert.edu/,https://recruiting.myapps.paychex.com/appone/Branding/ReqTemplate/BrowseAllJobsbyCategory.asp?Type=REQ&FromID=1&ClientID=20341&B_ID=91&JobCode=0&CountryID=3&LanguageID=2&servervar=hilbertcollege.appone.com,own website,medium,OK-2hop:OK:1,generic scraper
946,Colgate University,US,https://www.colgate.edu/,https://www.colgate.edu/success-after-colgate,own website,medium,OK-2hop:OK:2,generic scraper
947,Hofstra University,US,https://www.hofstra.edu/,https://hofstra.peopleadmin.com/,PeopleAdmin,high,OK:8,adapter built
949,Cornell University,US,https://www.cornell.edu/,https://jobs.hr.cornell.edu/us/en,own website,medium,OK-2hop:OK:6,generic scraper
950,Ithaca College,US,https://www.ithaca.edu/,https://www.ithaca.edu/center-career-exploration-and-development,own website,medium,OK-2hop:OK:2,generic scraper
951,CUNY York College,US,https://www.york.cuny.edu/,https://cuny.jobs/campus/york-college/job-category/faculty/jobs/,own website,medium,OK-2hop:OK:5,generic scraper
952,Keuka College,US,https://www.keuka.edu/,https://www.keuka.edu/hr/employment-opportunities,own website,medium,OK-2hop:OK:4,generic scraper
953,Siena College,US,https://www.siena.edu/,https://siena.interviewexchange.com/jobsearchfrm.jsp,own website,high,OK-2hop:OK:8,generic scraper
954,State University of New York at New Paltz,US,https://www.newpaltz.edu/,https://www.newpaltz.edu/hr/displayjobs.php?type=Faculty,own website,medium,OK-2hop:OK:12,generic scraper
955,Iona University,US,https://www.iona.edu/,https://www.paycomonline.net/v4/ats/web.php/jobs?clientkey=F28471DFA0F4183976163E181A695BE1,own website,medium,OK-2hop:OK:5,generic scraper
957,Barnard College,US,https://www.barnard.edu/,https://barnard.wd1.myworkdayjobs.com/Faculty,Workday,high,OK-2hop:OK:11,adapter built
959,Boricua College,US,https://www.boricuacollege.edu/,https://www.boricuacollege.edu/careers,own website,medium,OK-2hop:OK:2,generic scraper
960,CUNY Bernard M Baruch College,US,https://www.baruch.cuny.edu/,https://cuny.jobs/campus/baruch-college/job-category/faculty/jobs/,own website,high,OK:6,generic scraper
961,CUNY City College,US,https://www.ccny.cuny.edu/,https://cuny.jobs/campus/city-college/job-category/faculty/jobs/,own website,high,OK:6 [playwright],generic scraper
962,CUNY Graduate School and University Center,US,https://www.gc.cuny.edu/,https://cuny.jobs/campus/graduate-center/job-category/faculty/jobs/,own website,medium,OK:6 [playwright],generic scraper
963,CUNY Hunter College,US,https://www.hunter.cuny.edu/,https://cuny.jobs/campus/hunter-college/job-category/faculty/jobs/,own website,medium,OK:5,generic scraper
964,CUNY John Jay College of Criminal Justice,US,https://www.jjay.cuny.edu/,https://cuny.jobs/campus/john-jay-college-of-criminal-justice/job-category/faculty/jobs/,own website,medium,OK-2hop:OK:1,generic scraper
965,Columbia University in the City of New York,US,https://www.columbia.edu/,https://academic.careers.columbia.edu/,own website,medium,OK-2hop:OK:13 [playwright],generic scraper
968,Marymount Manhattan College,US,https://www.mmm.edu/,https://service.northeastern.edu/hr?id=kb_article_view&sysparm_article=KB000024399&sys_kb_id=0216c71c47168f10c5a12675d36d43c8&spa=1,own website,medium,OK:3,generic scraper
969,Metropolitan College of New York,US,https://www.mcny.edu/,https://www.paycomonline.net/v4/ats/web.php/portal/0AFB6B93B59D609A2037FAB5547D9B02/career-page,own website,medium,OK-2hop:OK:5,generic scraper
970,New York University,US,https://www.nyu.edu/,https://www.nyu.edu/about/university-initiatives/nyu-irl.html,own website,medium,OK:2,generic scraper
971,Pace University,US,https://www.pace.edu/,https://secure6.saashr.com/ta/6000630.careers?CareersSearch,own website,medium,OK-2hop:OK:4,generic scraper
973,The King's College,US,https://www.tkc.edu/,https://www.tkc.edu/?page_id=1006,own website,medium,OK:3,generic scraper
974,The New School,US,https://www.newschool.edu/,https://newschool.wd1.myworkdayjobs.com/External,Workday,high,OK-2hop:OK:8,adapter built
977,Mount Saint Mary College,US,https://www.msmc.edu/,https://workforcenow.adp.com/mdf/recruitment/recruitment.html?cid=9553338f-c93c-40ce-9a23-04b38f1294de&jobId=579084&lang=en_US,ADP,high,OK-2hop:OK:7,adapter built
978,Niagara University,US,https://www.niagara.edu/,https://niagara.applicantpro.com/jobs/,own website,medium,OK-2hop:OK:2,generic scraper
979,New York Institute of Technology,US,https://www.nyit.edu/,https://www.nyit.edu/human_resources/careers,own website,medium,OK-2hop:OK:5,generic scraper
980,SUNY Old Westbury,US,https://www.oldwestbury.edu/,https://oldwestbury.interviewexchange.com/static/clients/519OWM1/index.jsp,own website,high,OK:10,generic scraper
981,Hartwick College,US,https://www.hartwick.edu/,https://hartwickcollege.applytojob.com/apply,own website,high,OK-2hop:OK:6,generic scraper
982,SUNY Oneonta,US,https://suny.oneonta.edu/,https://oneonta.interviewexchange.com/static/clients/336ONM1/index.jsp,own website,high,OK-2hop:OK:8,generic scraper
983,Dominican University New York,US,https://www.duny.edu/,https://www.duny.edu/category/employment-opportunities/,own website,high,NO_MATCH [playwright];hand-verified-sync,generic scraper
984,State University of New York at Oswego,US,https://www.oswego.edu/,https://oswego.interviewexchange.com/static/clients/313OSM1/index.jsp,own website,high,OK-2hop:OK:9,generic scraper
985,Paul Smiths College of Arts and Science,US,https://www.paulsmiths.edu/,https://www.paulsmiths.edu/careers/,own website,medium,OK-2hop:OK:2,generic scraper
986,SUNY College at Plattsburgh,US,https://www.plattsburgh.edu/,https://www.plattsburgh.edu/about/offices-divisions/administration-finance/human-resources/jobs/index.html,own website,medium,OK-2hop:OK:5,generic scraper
987,Clarkson University,US,https://www.clarkson.edu/,https://careerhub-clarkson.icims.com,iCIMS,high,OK-2hop:OK:9,adapter built
988,SUNY College at Potsdam,US,https://www.potsdam.edu/,https://employment.potsdam.edu/postings/search,own website,high,NO_MATCH [playwright];hand-verified-sync,generic scraper
989,Marist College,US,https://www.marist.edu/,https://www.marist.edu/careers,own website,medium,OK-2hop:OK:2,generic scraper
990,Vassar College,US,https://www.vassar.edu/,https://www.ey.com/en_us/careers/how-to-join-us,own website,medium,OK-2hop:OK:4,generic scraper
991,Manhattanville College,US,https://www.mville.edu/,https://mville.exacthire.com/All_Open_Jobs_at_All_Locations?jobs=[],own website,medium,OK-2hop:OK:5,generic scraper
992,SUNY at Purchase College,US,https://www.purchase.edu/,https://jobs.purchase.edu/,own website,medium,OK-2hop:OK:5,generic scraper
993,CUNY Queens College,US,https://www.qc.cuny.edu/,https://cuny.jobs/campus/queens-college/job-category/faculty/jobs/,own website,medium,OK-2hop:OK:2,generic scraper
994,St. John's University-New York,US,https://www.stjohns.edu/,https://www.schooljobs.com/careers/stjohns?jobType[0]=Contract%20Faculty&jobType[1]=Full-Time%20Faculty&jobType[2]=Part-Time%20Faculty&sort=PositionTitle%7CAscending,own website,high,OK-2hop:OK:17,generic scraper
996,Nazareth University,US,https://www2.naz.edu/,https://jobs.naz.edu/postings/search?utf8=%E2%9C%93&query=&query_v0_posted_at_date=&273=&query_organizational_tier_3_id=any&493=&query_position_type_id=2&commit=Search,own website,medium,OK-2hop:OK:15,generic scraper
998,Rochester Institute of Technology,US,https://www.rit.edu/,https://rit.wd12.myworkdayjobs.com/careers,Workday,high,OK-2hop:OK:10,adapter built
999,St. John Fisher University,US,https://www.sjf.edu/,https://www.sjf.edu/services/human-resources/career-experience/,own website,medium,OK-2hop:OK:5,generic scraper
1000,University of Rochester,US,https://www.rochester.edu/,https://www.rochester.edu/human-resources/careers/,own website,medium,OK-2hop:OK:5,generic scraper
1001,Molloy College,US,https://www.molloy.edu/,https://workforcenow.adp.com/mascsr/default/mdf/recruitment/recruitment.html?cid=f1758074-bb0b-4d6b-8d46-3a90ce325365&ccId=19000101_000001&lang=en_US,ADP,high,OK-2hop:OK:9,adapter built
1002,St Bonaventure University,US,https://www.sbu.edu/,https://www.schooljobs.com/careers/sbuedu/?jobType[0]=Faculty&sort=PositionTitle%7CAscending,own website,high,OK-2hop:OK:8,generic scraper
1003,Empire State University,US,https://www.sunyempire.edu/,https://esc.interviewexchange.com/static/clients/397ESM1/index.jsp?catid=802,own website,high,OK-2hop:OK:15,generic scraper
1004,Skidmore College,US,https://www.skidmore.edu/,https://www.skidmore.edu/advancement/giving-opportunities/index.php,own website,medium,OK-2hop:OK:1,generic scraper
1005,Union College,US,https://www.union.edu/,https://unioncollege.wd5.myworkdayjobs.com/UnionCollegeCareers,Workday,high,OK-2hop:OK:9,adapter built
1006,St. Thomas Aquinas College,US,https://www.stac.edu/,https://stac.edu/offices/human-resources/employment-opportunities/faculty-positions/,own website,medium,OK-2hop:OK:13,generic scraper
1007,College of Staten Island CUNY,US,https://www.csi.cuny.edu/,https://cuny.jobs/campus/college-of-staten-island/job-category/faculty/jobs/,own website,not_found,NO_MATCH [playwright],generic scraper
1008,Wagner College,US,https://www.wagner.edu/,https://wagner.edu/hr/hr_openings/,own website,medium,OK:4,generic scraper
1009,Stony Brook University,US,https://www.stonybrook.edu/,https://stonybrook-advocate.symplicity.com/collections/reportit/4a9adc9d6aa24c3cf581ea5daa46cd25,own website,high,OK:6,generic scraper
1010,Le Moyne College,US,https://www.lemoyne.edu/,https://agilitas.wd503.myworkdayjobs.com/LMC,Workday,high,OK-2hop:OK:6,adapter built
1011,SUNY College of Environmental Science and Forestry,US,https://www.esf.edu/,https://esf.interviewexchange.com/static/clients/444ESM1/index.jsp,own website,high,OK:8,generic scraper
1012,Syracuse University,US,https://www.syracuse.edu/,https://www.syracuse.edu/academics/career-paths/,own website,medium,OK-2hop:OK:2,generic scraper
1013,SUNY Maritime College,US,https://www.sunymaritime.edu/,https://maritime.interviewexchange.com/static/clients/373SMM1/index.jsp;jsessionid=107D5B11653B69221F22BF3DD4622539,own website,high,OK:8,generic scraper
1014,Rensselaer Polytechnic Institute,US,https://www.rpi.edu/,https://rpi.dc4.pageuppeople.com/dashboard,PageUp,high,OK-2hop:OK:6,generic scraper (verified working)
1015,Russell Sage College,US,https://sage.edu/,https://sage.interviewexchange.com/,own website,high,NO_MATCH [playwright];hand-verified-sync,generic scraper
1016,SUNY Polytechnic Institute,US,https://www.sunypoly.edu/,https://sunypoly.interviewexchange.com/static/clients/511SPM1/hiring.jsp,own website,high,OK:9,generic scraper
1017,Utica University,US,https://www.utica.edu/,https://www.utica.edu/hr/employment.cfm,own website,high,NO_MATCH [playwright];hand-verified-sync,generic scraper
1018,Binghamton University,US,https://www.binghamton.edu/,https://www.binghamton.edu/offices/human-resources/jobs/,own website,medium,OK-2hop:OK:3,generic scraper
1019,Ohio Northern University,US,https://www.onu.edu/,https://onu.wd501.myworkdayjobs.com/ONU,Workday,high,OK-2hop:OK:10,adapter built
1020,University of Akron Main Campus,US,https://www.uakron.edu/,https://uakron.wd1.myworkdayjobs.com/en-US/UACareers,Workday,high,OK-2hop:OK:6,adapter built
1021,University of Mount Union,US,https://www.mountunion.edu/,https://www.schooljobs.com/careers/mountunion/faculty?jobType[0]=Faculty&sort=PositionTitle%7CAscending,own website,high,OK-2hop:OK:19,generic scraper
1022,Ashland University,US,https://www.ashland.edu/,https://jobs.ashland.edu/postings/search?utf8=%E2%9C%93&query=&query_v0_posted_at_date=&query_position_type_id%5B%5D=3&435=&query_organizational_tier_3_id%5B%5D=any&1615=&commit=Search,own website,medium,OK-2hop:OK:14,generic scraper
1023,Ohio University-Main Campus,US,https://www.ohio.edu/,https://www.ohiouniversityjobs.com/postings/search?utf8=%E2%9C%93&query=&query_v0_posted_at_date=&225=&query_position_type_id%5B%5D=2&commit=Search,own website,medium,OK-2hop:OK:11,generic scraper
1024,Baldwin Wallace University,US,https://www.bw.edu/,https://workforcenow.adp.com/mascsr/default/mdf/recruitment/recruitment.html?cid=4ca93b73-7ad8-4b7e-9865-fba9ae4e8e47&ccId=9200344927168_2&lang=en_US,ADP,high,OK-2hop:OK:8,adapter built
1025,Bluffton University,US,https://www.bluffton.edu/,https://www.bluffton.edu/academiclife/career/index.aspx,own website,medium,OK-2hop:OK:2,generic scraper
1026,Bowling Green State University-Main Campus,US,https://www.bgsu.edu/,https://www.bgsu.edu/provost/resources/employment-recruitment/faculty-employment-opportunities.html,own website,medium,OK-2hop:OK:4,generic scraper
1029,Wright State University-Lake Campus,US,https://lake.wright.edu/,https://jobs.wright.edu/,own website,medium,OK-2hop:OK:5,generic scraper
1031,Mount St. Joseph University,US,https://www.msj.edu/,https://www.msj.edu/employment-at-the-university/index.html,own website,medium,OK-2hop:OK:3,generic scraper
1033,University of Cincinnati-Main Campus,US,https://www.uc.edu/,https://jobs.uc.edu/go/Faculty/7912200/,own website,medium,OK-2hop:OK:14,generic scraper
1034,Xavier University,US,https://www.xavier.edu/,https://xavier.wd108.myworkdayjobs.com/XavierCareers,Workday,high,OK-2hop:OK:6,adapter built
1036,Case Western Reserve University,US,https://www.case.edu/,https://apply.interfolio.com/31694/positions,own website,high,OK-2hop:OK:15,generic scraper
1037,Cleveland State University,US,https://www.csuohio.edu/,https://www.csuohio.edu/hrd/hr-employment,own website,medium,OK-2hop:OK:3,generic scraper
1039,Capital University,US,https://www.capital.edu/,https://capital.applicantpro.com/jobs/,own website,medium,OK-2hop:OK:2,generic scraper
1041,Franklin University,US,https://www.franklin.edu/,https://www.franklin.edu/blog/careers,own website,medium,OK-2hop:OK:2,generic scraper
1042,Ohio Dominican University,US,https://www.ohiodominican.edu/,https://www.ohiodominican.edu/about/human-resources/index.html,own website,medium,OK-2hop:OK:4,generic scraper
1043,Ohio State University-Main Campus,US,https://www.osu.edu/,https://osu.wd1.myworkdayjobs.com/OSUCareers,Workday,high,OK-2hop:OK:6,adapter built
1044,University of Dayton,US,https://udayton.edu/,https://careers.pageuppeople.com/875/cw/en-us/subscribe,PageUp,high,OK-2hop:OK:10,generic scraper (verified working)
1045,Wright State University-Main Campus,US,https://www.wright.edu/,#VALUE!,own website,medium,OK-2hop:OK:2;hand-verified-sync,generic scraper
1046,Defiance College,US,https://www.defiance.edu/,https://www.defiance.edu/employment-opportunities/,own website,medium,OK-2hop:OK:3,generic scraper
1047,Ohio Wesleyan University,US,https://www.owu.edu/,https://careers.owu.edu/ambassadors/,own website,medium,OK-2hop:OK:5,generic scraper
1048,The University of Findlay,US,https://findlay.edu/,https://findlay.wd5.myworkdayjobs.com/careers,Workday,high,OK:8,adapter built
1049,Kenyon College,US,https://www.kenyon.edu/,https://www.kenyon.edu/offices-and-services/office-of-human-resources/job-opportunities/,own website,medium,OK-2hop:OK:4,generic scraper
1050,Denison University,US,https://www.denison.edu/,https://apply.interfolio.com/11076/positions,own website,high,OK-2hop:OK:7,generic scraper
1051,Miami University-Hamilton,US,https://miamioh.edu/regionals/,https://miamioh.wd5.myworkdayjobs.com/miamioh-faculty,Workday,high,OK-2hop:OK:11,adapter built
1052,Hiram College,US,https://www.hiram.edu/,https://www.hiram.edu/about-hiram-college/human-resources/careers-at-hiram/,own website,medium,OK-2hop:OK:3,generic scraper
1053,Kent State University at Kent,US,https://www.kent.edu/,https://jobs.kent.edu/,own website,medium,OK:7,generic scraper
1055,Ohio State University-Lima Campus,US,https://lima.osu.edu/,https://lima.osu.edu/weserve/weserve-volunteer-opportunities,own website,medium,OK-2hop:OK:1,generic scraper
1056,Marietta College,US,https://www.marietta.edu/,https://marietta.interviewexchange.com/static/clients/465MCM1/index.jsp;jsessionid=4A76C959178576990FFE1A7A68DCDAB7,own website,high,OK:8,generic scraper
1057,Ohio State University-Marion Campus,US,https://osumarion.osu.edu/,https://osumarion.osu.edu/engineering/career-opportunities-engineering,own website,medium,OK-2hop:OK:3,generic scraper
1058,Miami University-Middletown,US,https://miamioh.edu/regionals/,https://miamioh.wd5.myworkdayjobs.com/miamioh-faculty,Workday,high,OK-2hop:OK:11,adapter built
1060,Muskingum University,US,https://www.muskingum.edu/,https://www.muskingum.edu/human-resources/careers,own website,medium,OK-2hop:OK:3,generic scraper
1061,Walsh University,US,https://www.walsh.edu/,https://www.walsh.edu/careers.html,own website,medium,OK-2hop:OK:4,generic scraper
1062,Oberlin College,US,https://www.oberlin.edu/,https://jobs.oberlin.edu,own website,medium,OK:5,generic scraper
1063,Miami University-Oxford,US,https://miamioh.edu/,https://miamioh.wd5.myworkdayjobs.com/miamioh-faculty,Workday,high,OK-2hop:OK:11,adapter built
1064,Lake Erie College,US,https://www.lec.edu/,https://www.lec.edu/career-closet,own website,medium,OK-2hop:OK:2,generic scraper
1065,Ursuline College,US,https://www.ursuline.edu/,https://www.ursuline.edu/inside-ursuline/employment/inside-ursuline/employment/job-opportunities,own website,medium,OK-2hop:OK:5,generic scraper
1066,Shawnee State University,US,https://www.shawnee.edu/,https://www.schooljobs.com/careers/SSUOH?jobType[0]=Faculty&sort=PositionTitle%7CAscending,own website,high,OK:10,generic scraper
1067,Wittenberg University,US,https://www.wittenberg.edu/,http://wittenberg.interviewexchange.com/jobofferdetails.jsp?JOBID=204109,own website,high,OK-2hop:OK:6,generic scraper
1068,Franciscan University of Steubenville,US,https://www.franciscan.edu/,http://franciscan.edu/faculty-openings/,own website,medium,OK-2hop:OK:9,generic scraper
1069,Lourdes University,US,https://www.lourdes.edu/,https://recruiting.paylocity.com/recruiting/jobs/All/6800f223-2b60-47fe-ba0e-3602afc127d6/Lourdes-University,own website,high,NO_MATCH [playwright];hand-verified-sync,generic scraper
1070,Heidelberg University,US,https://www.heidelberg.edu/,https://workforcenow.adp.com/mascsr/default/mdf/recruitment/recruitment.html?cid=e95d68be-1e4e-4259-96d9-6c28cf64c801&ccId=19000101_000001&lang=en_US,ADP,high,OK:9,adapter built
1071,Tiffin University,US,https://www.tiffin.edu/,https://recruiting.paylocity.com/recruiting/jobs/All/d48417f4-7a59-4e2c-b5f0-6f1677141828/Tiffin-University,own website,medium,OK-2hop:OK:3,generic scraper
1072,University of Toledo,US,https://www.utoledo.edu/,https://university-of-toledo-careers.career-pages.com/jobs/search,own website,high,OK-2hop:OK:12,generic scraper
1073,John Carroll University,US,https://jcu.edu/,https://jcu.peopleadmin.com/,PeopleAdmin,high,OK-2hop:OK:8,adapter built
1074,Otterbein University,US,https://www.otterbein.edu/,https://www.schooljobs.com/careers/otterbein?jobType[0]=Faculty&sort=PositionTitle%7CAscending,own website,high,OK-2hop:OK:8,generic scraper
1077,Wilmington College,US,https://www.wilmington.edu/,https://www.wilmington.edu/about/employment,own website,medium,OK-2hop:OK:2 [playwright],generic scraper
1078,The College of Wooster,US,https://wooster.edu/,https://wooster.edu/employment/jobs,own website,medium,OK-2hop:OK:7,generic scraper
1079,Antioch University,US,https://www.antioch.edu/,https://www.antioch.edu/employment/,own website,medium,OK-2hop:OK:2,generic scraper
1080,Youngstown State University,US,https://ysu.edu/,http://www.governmentjobs.com/careers/ysu/Faculty?jobType[0]=Faculty&sort=PositionTitle%7CAscending,own website,high,OK-2hop:OK:18,generic scraper
1081,East Central University,US,https://www.ecok.edu/,https://ecokedu.bamboohr.com/careers,own website,high,OK-2hop:OK:8,generic scraper
1082,Northwestern Oklahoma State University,US,https://www.nwosu.edu/,https://nwosu.jotform.com/form/app-for-employment-non-exemt,own website,medium,OK-2hop:OK:4,generic scraper
1086,University of Science and Arts of Oklahoma,US,https://usao.edu/,https://usao.edu/about/human-resources/careers-at-usao.html,own website,medium,OK-2hop:OK:3,generic scraper
1087,Rogers State University,US,https://www.rsu.edu/,https://my.rsu.edu/ICS/RSU_Jobs/RSU_Employment_Opportunities.jnz,own website,medium,OK-2hop:OK:4,generic scraper
1088,Southeastern Oklahoma State University,US,https://www.se.edu/,https://seok.csod.com/ux/ats/careersite/1/home?c=seok,Cornerstone OnDemand,high,OK:8,adapter built
1090,University of Central Oklahoma,US,https://www.uco.edu/,https://www.uco.edu/offices/people-culture/hr/,own website,high,NO_MATCH [playwright];hand-verified-sync,generic scraper
1091,Oklahoma Panhandle State University,US,https://www.opsu.edu/,https://opsu.edu/job-opportunities/,own website,medium,OK-2hop:OK:5,generic scraper
1093,Cameron University,US,https://www.cameron.edu/,https://jobs.silkroad.com/Cameron/Careers/jobs/1802,own website,medium,OK-2hop:OK:7,generic scraper
1094,Randall University,US,https://www.ru.edu/,https://ru.edu/about-randall/jobs/,own website,medium,OK-2hop:OK:2,generic scraper
1095,Bacone College,US,https://www.bacone.edu/,https://www.bacone.edu/job-openings/,own website,high,playwright_failed:Error;hand-verified-sync,generic scraper
1096,University of Oklahoma-Norman Campus,US,https://www.ou.edu/,https://jobs.ou.edu/,own website,medium,OK:5,generic scraper
1098,Oklahoma City University,US,https://www.okcu.edu/,https://careers.okcu.edu/jobs/search,own website,high,NO_MATCH [playwright];hand-verified-sync,generic scraper
1100,Oklahoma State University-Main Campus,US,https://www.okstate.edu/,https://jobs.okstate.edu/jobs/search/search-page-oklahoma-state?page=1&employment_type_uids%5B%5D=369d5b24d91990b57f28e9ebbee41ffa&employment_type_uids%5B%5D=5c5da7ec2907fcbb8822ceda56aa53d0&query=,own website,medium,OK-2hop:OK:16 [playwright],generic scraper
1101,Northeastern State University,US,https://www.nsuok.edu/,https://nsuok.csod.com/ux/ats/careersite/4/home?c=nsuok,Cornerstone OnDemand,high,OK:8,adapter built
1103,University of Tulsa,US,https://utulsa.edu/,https://utulsa-ibvjjb.fa.ocs.oraclecloud.com/hcmUI/CandidateExperience/en/sites/CX_1,Oracle Cloud HCM,high,OK:9,adapter built
1104,Southwestern Oklahoma State University,US,https://www.swosu.edu/,https://swosu.csod.com/ux/ats/careersite/4/home?c=swosu,Cornerstone OnDemand,high,OK-2hop:OK:11,adapter built
1105,Southern Oregon University,US,https://www.sou.edu/,https://hrs.sou.edu/working-at-sou/search-jobs/,own website,medium,OK-2hop:OK:2,generic scraper
1106,Oregon State University-Cascades Campus,US,https://osucascades.edu/,https://oregonstate.wd501.myworkdayjobs.com/OSU_Careers_Site,Workday,high,OK-2hop:OK:8,adapter built
1107,Oregon State University,US,https://oregonstate.edu/,https://oregonstate.wd501.myworkdayjobs.com/OSU_Careers_Site,Workday,high,OK-2hop:OK:8,adapter built
1108,Bushnell University,US,https://www.bushnell.edu/,https://recruitingbypaycor.com/career/CareerHome.action?clientId=8a7883d0821e1a630182266519e502b6,own website,medium,OK-2hop:OK:5,generic scraper
1109,University of Oregon,US,https://www.uoregon.edu/,https://careers.uoregon.edu/cw/en-us/job/536245/temporary-employment-pool-2026,own website,medium,OK-2hop:OK:9,generic scraper
1110,Pacific University,US,https://www.pacificu.edu/,https://www.pacificu.edu/directory/finance-administration/human-resources/jobs-pacific,own website,medium,OK-2hop:OK:3,generic scraper
1111,Oregon Institute of Technology,US,https://www.oit.edu/,https://jobs.oit.edu/postings/search,own website,medium,OK-2hop:OK:5,generic scraper
1112,Eastern Oregon University,US,https://www.eou.edu/,http://eou.peopleadmin.com,PeopleAdmin,high,OK-2hop:OK:8,adapter built
1113,Linfield University,US,https://www.linfield.edu/,https://www.linfield.edu/humanresources/employment.html,own website,medium,OK-2hop:OK:3,generic scraper
1114,Western Oregon University,US,https://wou.edu/,https://wou.edu/hr/employment/jobs/,own website,medium,OK-2hop:OK:5,generic scraper
1115,George Fox University,US,https://www.georgefox.edu/,https://www.georgefox.edu/offices/hr/careers/index.html,own website,medium,OK-2hop:OK:5,generic scraper
1116,Lewis & Clark College,US,https://www.lclark.edu/,https://www.lclark.edu/offices/human_resources/jobs/,own website,medium,OK-2hop:OK:3,generic scraper
1118,Portland State University,US,https://www.pdx.edu/,https://jobs.hrc.pdx.edu/,own website,medium,OK-2hop:OK:7,generic scraper
1119,Reed College,US,https://www.reed.edu/,https://reed-college.breezy.hr/,own website,high,OK-2hop:OK:10,generic scraper
1120,University of Portland,US,https://www.up.edu/,https://uportland.peopleadmin.com/,PeopleAdmin,high,OK:8,adapter built
1121,Warner Pacific University,US,https://www.warnerpacific.edu/,https://warnerpacific.catsone.com/careers/1611/jobs/16840743-Vice-President-for-Enrollment-Management-and-Marketing,own website,medium,OK-2hop:OK:4,generic scraper
1122,Corban University,US,https://www.corban.edu/,https://www.corban.edu/human-resources/,own website,medium,OK-2hop:OK:1,generic scraper
1123,Willamette University,US,https://www.willamette.edu/,https://willamette.wd501.myworkdayjobs.com/WillametteUniversityJobs,Workday,high,OK-2hop:OK:8,adapter built
1124,Pennsylvania State University-Penn State Abington,US,https://www.abington.psu.edu/,https://psu.wd1.myworkdayjobs.com/PSU_Academic?locations=b0858b72065c01db6fcc2c00c501ea12,Workday,high,OK-2hop:OK:6,adapter built
1125,Cedar Crest College,US,https://www.cedarcrest.edu/,https://www.paycomonline.net/v4/ats/web.php/portal/62D4FBF25A09F3EBE58345A7B7B899F9/career-page,own website,medium,OK-2hop:OK:5,generic scraper
1126,Muhlenberg College,US,https://www.muhlenberg.edu/,https://muhlenberg.wd1.myworkdayjobs.com/MuhlenbergCareers,Workday,high,OK-2hop:OK:8,adapter built
1127,Pennsylvania State University-Penn State Altoona,US,https://altoona.psu.edu/,https://psu.wd1.myworkdayjobs.com/PSU_Academic?locations=ac1efd63d810019d9b1dec32c7010c1c,Workday,high,OK-2hop:OK:6,adapter built
1128,Lebanon Valley College,US,https://www.lvc.edu/,https://www.lvc.edu/breen-center/,own website,medium,OK-2hop:OK:2,generic scraper
1129,Neumann University,US,https://www.neumann.edu/,https://www.neumann.edu/about/humanresources/employment#Faculty,own website,medium,OK-2hop:OK:12,generic scraper
1131,Lehigh University,US,https://www.lehigh.edu/,http://careers.pageuppeople.com/865/cw/en-us/listing,PageUp,high,OK-2hop:OK:8,generic scraper (verified working)
1132,Moravian University,US,https://www.moravian.edu/,https://www.moravian.edu/career-success,own website,medium,OK-2hop:OK:2,generic scraper
1133,University of Pittsburgh-Bradford,US,https://www.upb.pitt.edu/,https://cfopitt.taleo.net/careersection/pitt_staff_external/jobdetail.ftl?job=26003465&tz=GMT-04%3A00&tzname=America%2FNew_York,Taleo,high,OK-2hop:OK:8,generic scraper (verified working)
1134,Bryn Mawr College,US,https://www.brynmawr.edu/,https://brynmawr.wd12.myworkdayjobs.com/External,Workday,high,OK-2hop:OK:6,adapter built
1135,Dickinson College,US,https://www.dickinson.edu/,https://jobs.dickinson.edu/,own website,medium,OK:7,generic scraper
1136,DeSales University,US,https://www.desales.edu/,https://recruitingbypaycor.com/career/CareerHome.action?clientId=8a7883d0930d0e990193232e613f0336,own website,medium,OK-2hop:OK:5,generic scraper
1137,Pennsylvania State University-Penn State Lehigh Valley,US,https://lehighvalley.psu.edu/,https://psu.wd1.myworkdayjobs.com/PSU_Academic?locations=c80ecc155645012544a5405fc50190d3,Workday,high,OK-2hop:OK:6,adapter built
1138,Wilson College,US,https://www.wilson.edu/,https://www.paycomonline.net/v4/ats/web.php/jobs?clientkey=04C041120ED4B4CA39C09ACAC69625CF,own website,medium,OK-2hop:OK:4,generic scraper
1139,Widener University,US,https://www.widener.edu/,https://www.widener.edu/academics/academic-resources-success/academic-career-support,own website,medium,OK-2hop:OK:11,generic scraper
1142,Ursinus College,US,https://www.ursinus.edu/,https://www.ursinus.edu/offices/human-resources/employment-opportunities/,own website,medium,OK-2hop:OK:4,generic scraper
1143,Mount Aloysius College,US,https://www.mtaloy.edu/,https://recruitingbypaycor.com/career/CareerHome.action?clientId=8a7883d098156f9c01982e34a60801d2,own website,medium,OK-2hop:OK:5,generic scraper
1144,Misericordia University,US,https://www.misericordia.edu/,https://www.misericordia.edu/campus-community/other-offices/human-resources/employment-opportunities,own website,medium,OK-2hop:OK:4,generic scraper
1145,Pennsylvania State University-Penn State Wilkes-Barre,US,https://wilkesbarre.psu.edu/,https://psu.wd1.myworkdayjobs.com/PSU_Academic?locations=ac1efd63d81001c8b2334232c701021c,Workday,high,OK-2hop:OK:6,adapter built
1146,Delaware Valley University,US,https://www.delval.edu/,https://delval.edu/careers-delval,own website,medium,OK:2 [playwright],generic scraper
1147,Pennsylvania State University-Penn State Scranton,US,https://scranton.psu.edu/,https://psu.wd1.myworkdayjobs.com/PSU_Academic?locations=12c4a9bad727016b853043abc5019111,Workday,high,OK-2hop:OK:6,adapter built
1148,East Stroudsburg University of Pennsylvania,US,https://www.esu.edu/,https://ESU.csod.com/ux/ats/careersite/6/home?c=esu,Cornerstone OnDemand,high,OK-2hop:OK:11,adapter built
1149,Lafayette College,US,https://www.lafayette.edu/,http://hr.lafayette.edu/employment/job-opportunities/,own website,medium,OK-2hop:OK:7,generic scraper
1150,Elizabethtown College,US,https://www.etown.edu/,https://www.etown.edu/offices/human-resources/careers.aspx,own website,medium,OK-2hop:OK:5,generic scraper
1151,Gannon University,US,https://www.gannon.edu/,https://gannon.peopleadmin.com/,PeopleAdmin,high,OK-2hop:OK:8,adapter built
1152,Mercyhurst University,US,https://www.mercyhurst.edu/,https://www.mercyhurst.edu/human-resources/jobs,own website,medium,OK-2hop:OK:6,generic scraper
1153,Pennsylvania State University-Penn State Erie-Behrend College,US,https://behrend.psu.edu/,https://psu.wd1.myworkdayjobs.com/PSU_Academic?locations=52f02272e496018b56ce3eacc501b417,Workday,medium,OK-2hop:OK:3,adapter built
1154,Gettysburg College,US,https://www.gettysburg.edu/,https://www.gettysburg.edu/offices/provost/academic-positions/,own website,medium,OK-2hop:OK:18,generic scraper
1155,Arcadia University,US,https://www.arcadia.edu/,https://www.arcadia.edu/about-arcadia/offices-facilities-services/human-resources,own website,medium,OK-2hop:OK:3,generic scraper
1156,Seton Hill University,US,https://www.setonhill.edu/,https://www.setonhill.edu/success-after-seton-hill/your-career-team.html,own website,medium,OK-2hop:OK:2,generic scraper
1157,University of Pittsburgh-Greensburg,US,https://www.greensburg.pitt.edu/,https://cfopitt.taleo.net/careersection/pitt_faculty_external/jobsearch.ftl?lang=en&portal=12100023232,Taleo,high,OK-2hop:OK:11,generic scraper (verified working)
1158,Thiel College,US,https://www.thiel.edu/,https://www.thiel.edu/offices/human-resources/employment-opportunities,own website,medium,OK-2hop:OK:4,generic scraper
1159,Gwynedd Mercy University,US,https://www.gmercyu.edu/,https://workforcenow.adp.com/mascsr/default/mdf/recruitment/recruitment.html?cid=26d7eba1-7ff1-4642-a01e-31acc49de6f5&ccId=19000101_000001&lang=en_US,ADP,high,OK-2hop:OK:7,adapter built
1160,Harrisburg University of Science and Technology,US,https://www.harrisburgu.edu/,https://workforcenow.adp.com/mascsr/default/mdf/recruitment/recruitment.html?lang=en_US&cid=d7d41d6e-e9f2-43e0-af0f-ac2146083d4f&ccId=19000101_000001,ADP,high,OK-2hop:OK:9,adapter built
1161,Haverford College,US,https://www.haverford.edu/,https://www.myworkday.com/haverford,own website,high,OK:6 [playwright],generic scraper
1162,Pennsylvania State University-Penn State Hazleton,US,https://hazleton.psu.edu/,https://psu.wd1.myworkdayjobs.com/PSU_Academic?locations=e0040d8047ed01d55af7b563c5015f14,Workday,medium,OK-2hop:OK:1,adapter built
1163,Juniata College,US,https://www.juniata.edu/,https://juniata.peopleadmin.com/postings/search,PeopleAdmin,high,NO_MATCH [playwright];hand-verified-sync,adapter built
1164,Immaculata University,US,https://www.immaculata.edu/,https://immaculata.interviewexchange.com/static/clients/534IMM1/index.jsp,own website,high,OK-2hop:OK:6,generic scraper
1165,Indiana University of Pennsylvania-Main Campus,US,https://www.iup.edu/,https://www.iup.edu/career/about/index.html,own website,medium,OK-2hop:OK:2,generic scraper
1166,University of Pittsburgh-Johnstown,US,https://www.upj.pitt.edu/,https://www.johnstown.pitt.edu/node/384,own website,medium,OK-2hop:OK:1,generic scraper
1167,Kutztown University of Pennsylvania,US,https://www.kutztown.edu/,https://www.schooljobs.com/careers/kutztownedu/promotionaljobs?jobType[0]=Faculty&sort=PositionTitle%7CAscending,own website,high,OK-2hop:OK:8,generic scraper
1168,Keystone College,US,https://www.keystone.edu/,https://www.keystone.edu/jobs_at_keystone/,own website,medium,OK-2hop:OK:2,generic scraper
1169,Franklin and Marshall College,US,https://www.fandm.edu/,https://www.fandm.edu/career-and-professional-development/index.html,own website,medium,OK-2hop:OK:2,generic scraper
1170,Cairn University-Langhorne,US,https://www.cairn.edu/,https://cairn.edu/hr/jobs/,own website,medium,OK-2hop:OK:6,generic scraper
1171,Saint Vincent College,US,https://www.stvincent.edu/,https://www.stvincent.edu/resources/careers.html,own website,medium,OK-2hop:OK:2,generic scraper
1172,Pennsylvania State University-Penn State Fayette- Eberly,US,https://fayette.psu.edu/,https://psu.wd1.myworkdayjobs.com/PSU_Academic?locations=cbe735ea2e6d019fa0b439b4c5015712,Workday,medium,OK-2hop:OK:5,adapter built
1173,Bucknell University,US,https://www.bucknell.edu/,https://bucknell.wd1.myworkdayjobs.com/External?jobFamilyGroup=3ce5feabe53e01fb2262242fcb6e5c06,Workday,high,OK-2hop:OK:12,adapter built
1175,Saint Francis University,US,https://www.francis.edu/,https://www.francis.edu/about-us/employment,own website,medium,OK-2hop:OK:2,generic scraper
1176,Pennsylvania State University-Penn State Greater Allegheny,US,https://greaterallegheny.psu.edu/,https://psu.wd1.myworkdayjobs.com/PSU_Academic?locations=e0040d8047ed01e51b54ca63c5016914,Workday,medium,OK-2hop:OK:1,adapter built
1177,Allegheny College,US,https://allegheny.edu/,https://alleghenycollege-ibwwjb.fa.ocs.oraclecloud.com/hcmUI/CandidateExperience/en/sites/CX_1,Oracle Cloud HCM,high,OK:8,adapter built
1179,Pennsylvania State University-Penn State Brandywine,US,https://www.brandywine.psu.edu/,https://psu.wd1.myworkdayjobs.com/PSU_Academic?locations=52f02272e496014b250d54acc501b917,Workday,not_found,NO_MATCH [playwright],adapter built
1180,Pennsylvania State University-Penn State Harrisburg,US,https://harrisburg.psu.edu/,https://psu.wd1.myworkdayjobs.com/PSU_Academic?locations=e0040d8047ed016207d5bf63c5016414,Workday,not_found,NO_MATCH [playwright],adapter built
1181,Millersville University of Pennsylvania,US,https://www.millersville.edu/,https://jobs.millersville.edu/,own website,medium,OK-2hop:OK:5,generic scraper
1182,Pennsylvania State University-Penn State Beaver,US,https://beaver.psu.edu/,https://psu.wd1.myworkdayjobs.com/PSU_Academic?locations=52f02272e496018002c169acc501be17,Workday,medium,OK:2,adapter built
1183,Pennsylvania State University-Penn State Mont Alto,US,https://montalto.psu.edu/,https://psu.wd1.myworkdayjobs.com/PSU_Academic?locations=b0858b72065c01f8a82a5102c5011c13,Workday,not_found,NO_MATCH [playwright],adapter built
1184,Robert Morris University,US,https://www.rmu.edu/,https://careers.pageuppeople.com/856/cw/en-us/filter/?search=&bgresponse=&search-keyword=&work-type=faculty%20part-time,PageUp,high,OK-2hop:OK:13,generic scraper (verified working)
1185,Pennsylvania State University-Penn State New Kensington,US,https://newkensington.psu.edu/,https://psu.wd1.myworkdayjobs.com/PSU_Academic,Workday,medium,OK-2hop:OK:3,adapter built
1186,Westminster College,US,https://www.westminster.edu/,https://my.westminster.edu/ics/Campus_Life/Campus_Groups/Human_Resources__Employment/Overview.jnz,own website,medium,OK-2hop:OK:3,generic scraper
1187,Chestnut Hill College,US,https://www.chc.edu/,https://www.chc.edu/careers-at-chc/employment-opportunities/,own website,medium,OK-2hop:OK:7,generic scraper
1188,Drexel University,US,https://drexel.edu/,https://drexel.edu/hr/working-here/career-opportunities,own website,medium,OK-2hop:OK:4,generic scraper
1189,Holy Family University,US,https://www.holyfamily.edu/,https://www.holyfamily.edu/about/administrative-services/human-resources/jobs,own website,medium,OK-2hop:OK:3,generic scraper
1190,La Salle University,US,https://www.lasalle.edu/,https://lasalle.peopleadmin.com/,PeopleAdmin,high,OK:9,adapter built
1191,Peirce College,US,https://www.peirce.edu/,https://www3.peirce.edu/about-peirce/additional-resources/careers-at-peirce,own website,high,NO_MATCH [playwright];hand-verified-sync,generic scraper
1192,Saint Joseph's University,US,https://www.sju.edu/,https://sju.wd1.myworkdayjobs.com/sju,Workday,high,OK:8,adapter built
1193,Temple University,US,https://www.temple.edu/,https://careers.temple.edu/careers-temple/search-and-apply-jobs,own website,medium,OK-2hop:OK:7,generic scraper
1194,University of Pennsylvania,US,https://www.upenn.edu/,https://facultyjobs.upenn.edu/,own website,high,NO_MATCH [playwright];hand-verified-sync,generic scraper
1195,University of Valley Forge,US,https://www.valleyforge.edu/,https://valleyforge.edu/careers-at-uvf/adjunct-instructor-in-person-masters-of-business-administration/,own website,medium,OK-2hop:OK:2,generic scraper
1196,Carlow University,US,https://www.carlow.edu/,https://forms.office.com/r/pLvbzux3Wv,own website,medium,OK-2hop:OK:3,generic scraper
1197,Carnegie Mellon University,US,https://www.cmu.edu/,https://www.cmu.edu/faculty-office/faculty-recruitment/faculty-careers.html,own website,medium,OK-2hop:OK:12,generic scraper
1198,Chatham University,US,https://www.chatham.edu/,https://chatham.wd12.myworkdayjobs.com/ChathamUniversity,Workday,high,OK-2hop:OK:6,adapter built
1199,Duquesne University,US,https://www.duq.edu/,https://www.duq.edu/work-at-du/index.php,own website,medium,OK-2hop:OK:2,generic scraper
1200,La Roche University,US,https://www.laroche.edu/,https://laroche.edu/About/Employment_Opportunities/Faculty_Openings/,own website,medium,OK-2hop:OK:11,generic scraper
1201,Point Park University,US,https://www.pointpark.edu/,https://www.pointpark.edu/careerready/index,own website,medium,OK-2hop:OK:2,generic scraper
1202,University of Pittsburgh-Pittsburgh Campus,US,https://www.pitt.edu/,https://cfopitt.taleo.net/careersection/pitt_internal/jobsearch.ftl?lang=en&portal=10100023232,Taleo,high,OK-2hop:OK:6,generic scraper (verified working)
1204,Albright College,US,https://www.albright.edu/home/,https://workforcenow.adp.com/mascsr/default/mdf/recruitment/recruitment.html?cid=c4e80d96-7749-44bb-aa20-2c7594475725&ccId=19000101_000001&source=CC2&lang=en_US&selectedMenuKey=CurrentOpenings,ADP,high,OK-2hop:OK:9,adapter built
1205,Alvernia University,US,https://www.alvernia.edu/,https://www.alvernia.edu/community-engagement/holleran-center-community-and-global-engagement/holleran-center-community-service%C2%A0,own website,medium,OK:1,generic scraper
1206,Pennsylvania State University-Penn State Berks,US,https://berks.psu.edu/,https://psu.wd1.myworkdayjobs.com/PSU_Academic?locations=a85e9b4f6d2001e9e53607fbc4019110,Workday,not_found,NO_MATCH [playwright],adapter built
1207,Rosemont College,US,https://www.rosemont.edu/,https://workforcenow.adp.com/mascsr/default/mdf/recruitment/recruitment.html?cid=73e335b6-c8b9-44c9-bb2d-c83d54941069&ccId=9200074416396_2&lang=en_US&selectedMenuKey=CurrentOpenings,ADP,high,OK:9,adapter built
1209,Pennsylvania State University-Penn State Schuylkill,US,https://schuylkill.psu.edu/,https://psu.wd1.myworkdayjobs.com/PSU_Academic?locations=b0858b72065c016f25d63c02c5011713,Workday,not_found,NO_MATCH [playwright],adapter built
1210,Marywood University,US,https://www.marywood.edu/,https://www.marywood.edu/depts/human-resources/employment-opportunities/,own website,medium,OK-2hop:OK:4,generic scraper
1211,University of Scranton,US,https://www.scranton.edu/,https://www.follett.com/careerportal/find-career.cfm,own website,medium,OK-2hop:OK:4,generic scraper
1212,Susquehanna University,US,https://www.susqu.edu/,https://www.governmentjobs.com/careers/susqu/faculty?jobType[0]=Faculty&sort=PositionTitle%7CAscending,own website,high,OK-2hop:OK:19,generic scraper
1213,Pennsylvania State University-Penn State Shenango,US,https://shenango.psu.edu/,https://psu.wd1.myworkdayjobs.com/PSU_Academic?locations=c1cfc9c255a401aad5f3f94bc5016c12,Workday,high,OK-2hop:OK:6,adapter built
1214,Shippensburg University of Pennsylvania,US,https://www.ship.edu/,https://jobs.ship.edu/postings/search,own website,medium,OK-2hop:OK:5,generic scraper
1215,Slippery Rock University of Pennsylvania,US,https://www.sru.edu/,https://careers.sru.edu/postings/search?query=&query_v0_posted_at_date=&query_organizational_tier_3_id=any&query_position_type_id=&372=2&373=&commit=Search,own website,medium,OK-2hop:OK:12,generic scraper
1217,Swarthmore College,US,https://www.swarthmore.edu/,http://careers.swarthmore.edu/cw/en-us/listing/,own website,medium,OK-2hop:OK:5,generic scraper
1219,Pennsylvania State University-Main Campus,US,https://www.psu.edu/,https://psu.wd1.myworkdayjobs.com/PSU_Academic?locations=cbe735ea2e6d018bc3b657b2c5014812,Workday,high,OK-2hop:OK:6,adapter built
1220,Villanova University,US,https://www.villanova.edu/,http://jobs.villanova.edu,own website,medium,OK-2hop:OK:8,generic scraper
1221,Washington & Jefferson College,US,https://www.washjeff.edu/,https://www.washjeff.edu/applicantpro/job/Pennsylvania/Washington/Human-Resources-Coordinator/4110192,own website,medium,OK-2hop:OK:3,generic scraper
1222,Waynesburg University,US,https://www.waynesburg.edu/,http://www.facebook.com/share.php?u=https://www.waynesburg.edu/careers&title=Careers,own website,medium,OK-2hop:OK:2,generic scraper
1223,West Chester University of Pennsylvania,US,https://www.wcupa.edu/,https://www.wcupa.edu/hr/,own website,high,NO_MATCH [playwright];hand-verified-sync,generic scraper
1224,King's College,US,https://www.kings.edu/,https://www.kings.edu/human-resources/careers.html,own website,medium,OK-2hop:OK:4,generic scraper
1225,Wilkes University,US,https://www.wilkes.edu/,https://wilkesuniversitycareers.applicantpro.com/jobs/,own website,medium,OK-2hop:OK:2,generic scraper
1226,Lycoming College,US,https://www.lycoming.edu/,https://www.lycoming.edu/human-resources/employment-opportunities.aspx,own website,medium,OK-2hop:OK:4,generic scraper
1227,Pennsylvania State University-Penn State York,US,https://www.york.psu.edu/,https://psu.wd1.myworkdayjobs.com/PSU_Academic?locations=ac1efd63d81001e62e623732c701fd1b,Workday,not_found,NO_MATCH [playwright],adapter built
1228,York College of Pennsylvania,US,https://www.ycp.edu/,https://www.governmentjobs.com/careers/ycp/administrative?jobType[0]=Faculty&sort=PositionTitle%7CAscending,own website,high,OK-2hop:OK:8,generic scraper
1229,Inter American University of Puerto Rico-Aguadilla,US,https://aguadilla.inter.edu/,https://iaupr.elluciancrmrecruit.com/Apply/,own website,high,OK:7,generic scraper
1230,University of Puerto Rico-Aguadilla,US,https://www.uprag.edu/,https://www.uprag.edu/convocatorias/,own website,high,NO_MATCH [playwright];hand-verified-sync,generic scraper
1231,Inter American University of Puerto Rico-Arecibo,US,https://www.arecibo.inter.edu/,https://iaupr.elluciancrmrecruit.com/Apply/Account/Create,own website,high,OK:7,generic scraper
1233,University of Puerto Rico-Arecibo,US,https://www.upra.edu/,https://upra.edu/recursos-humanos/convocatorias/,own website,high,NO_MATCH [playwright];hand-verified-sync,generic scraper
1234,Inter American University of Puerto Rico-Barranquitas,US,https://www.br.inter.edu/,https://iaupr.elluciancrmrecruit.com/Apply,own website,high,OK:7,generic scraper
1235,American University of Puerto Rico,US,https://aupr.edu/,https://aupr.edu/empleo-remunerado/,own website,high,NO_MATCH [playwright];hand-verified-sync,generic scraper
1236,Caribbean University-Bayamon,US,https://www.caribbean.edu/,https://careers.smartrecruiters.com/CaribbeanUniversity,SmartRecruiters,high,OK:9,adapter built
1237,Inter American University of Puerto Rico-Bayamon,US,https://bayamon.inter.edu/,https://www.inter.edu/en/department/bayamon/,own website,high,NO_MATCH [playwright];hand-verified-sync,generic scraper
1238,University of Puerto Rico-Bayamon,US,https://www.uprb.edu/,https://www.upr.edu/ac/oficinas-adscritas/recursos-humanos/oficina-de-recursos-humanos-convocatorias/,own website,high,NO_MATCH [playwright];hand-verified-sync,generic scraper
1239,Universidad Central de Bayamon,US,https://ucb.edu.pr/,https://ucb.edu.pr/oficina-de-recursos-humanos/,own website,high,NO_MATCH [playwright];hand-verified-sync,generic scraper
1240,Caribbean University-Carolina,US,https://www.caribbean.edu/,https://careers.smartrecruiters.com/CaribbeanUniversity,SmartRecruiters,high,OK:9,adapter built
1241,Universidad Ana G. Mendez-Carolina Campus,US,https://uagm.edu/,https://jobs.uagm.edu/Home?lang=es,own website,medium,OK:5,generic scraper
1242,University of Puerto Rico-Carolina,US,https://www.uprc.edu/,https://carolina-upr-csm.symplicity.com/,own website,high,OK-2hop:OK:10,generic scraper
1243,University of Puerto Rico at Cayey,US,https://www.cayey.upr.edu/,https://www.cayey.upr.edu/oficina-de-recursos-humanos/,own website,high,NO_MATCH [playwright];hand-verified-sync,generic scraper
1244,Inter American University of Puerto Rico-Fajardo,US,https://www.fajardo.inter.edu/,https://fajardo.inter.edu/empleos/,own website,high,playwright_failed:Error;hand-verified-sync,generic scraper
1245,Inter American University of Puerto Rico-Guayama,US,https://www.guayama.inter.edu/,https://iaupr.elluciancrmrecruit.com/Apply,own website,high,OK:7,generic scraper
1246,Atlantic University,US,https://www.atlanticu.edu/,https://www.indeed.com/cmp/Atlantic-University-1/jobs,own website,medium,OK:2,generic scraper
1247,Universidad Ana G. Mendez-Gurabo Campus,US,https://uagm.edu/,https://jobs.uagm.edu/Home?lang=es,own website,medium,OK:5,generic scraper
1248,Universidad Politecnica de Puerto Rico,US,https://www.pupr.edu/,https://workforcenow.adp.com/mascsr/default/mdf/recruitment/recruitment.html?cid=5388a0c5-18fe-449e-b500-098740269275&ccId=19000101_000001&type=JS&lang=en_US,ADP,high,OK-2hop:OK:9,adapter built
1249,University of Puerto Rico-Humacao,US,https://www.upr.edu/humacao/,https://www.uprh.edu/empleos/,own website,high,NO_MATCH [playwright];hand-verified-sync,generic scraper
1250,American University of Puerto Rico,US,https://aupr.edu/,https://aupr.edu/empleo-remunerado/,own website,high,NO_MATCH [playwright];hand-verified-sync,generic scraper
1253,University of Puerto Rico-Mayaguez,US,https://www.uprm.edu/,https://www.eventbrite.com/e/38th-job-fair-tickets-1992770470120,own website,medium,OK:2,generic scraper
1254,Inter American University of Puerto Rico-Ponce,US,https://www.ponce.inter.edu/,https://ponce.inter.edu/recursos-humanos-2/,own website,high,playwright_failed:Error;hand-verified-sync,generic scraper
1255,Caribbean University-Ponce,US,https://www.caribbean.edu/,https://careers.smartrecruiters.com/CaribbeanUniversity,SmartRecruiters,high,OK:9,adapter built
1257,University of Puerto Rico at Ponce,US,https://www.uprp.edu/,https://www.uprp.edu/en/articulos/administracion/recursos-humanos/,own website,high,NO_MATCH [playwright];hand-verified-sync,generic scraper
1258,Inter American University of Puerto Rico-San German,US,https://www.sg.inter.edu/,https://iaupr.elluciancrmrecruit.com/Apply,own website,high,OK:7,generic scraper
1259,Colegio Universitario de San Juan,US,https://www.cunisanjuan.edu/,,,not_found,NO_MATCH [playwright],
1260,Inter American University of Puerto Rico-Metro,US,https://metro.inter.edu/,https://iaupr.elluciancrmrecruit.com/Apply/Account/Create?returnUrl=%2FApply,own website,high,OK:7 [playwright],generic scraper
1261,Universidad Ana G. Mendez-Cupey Campus,US,https://uagm.edu/,https://jobs.uagm.edu/Home?lang=es,own website,medium,OK:5,generic scraper
1262,University of Puerto Rico-Rio Piedras,US,https://www.uprrp.edu/,https://recursoshumanos.uprrp.edu/,own website,high,NO_MATCH [playwright];hand-verified-sync,generic scraper
1263,Universidad del Sagrado Corazon,US,https://www.sagrado.edu/,https://workforcenow.adp.com/mascsr/default/mdf/recruitment/recruitment.html?cid=78334d6d-1342-4b7f-9674-a7916c71caa7&ccId=19000101_000001&lang=en_US,ADP,high,OK:7,adapter built
1264,Caribbean University-Vega Baja,US,https://www.caribbean.edu/,https://careers.smartrecruiters.com/CaribbeanUniversity,SmartRecruiters,high,OK:9,adapter built
1265,Roger Williams University,US,https://www.rwu.edu/,https://rwu.interviewexchange.com/static/clients/420RWM1/index.jsp;jsessionid=EC42F0851F36A5B1CEF1AF67ECFAFE46,own website,high,OK-2hop:OK:8,generic scraper
1266,University of Rhode Island,US,https://web.uri.edu/,https://jobs.uri.edu/postings/search,own website,medium,OK-2hop:OK:5,generic scraper
1267,Salve Regina University,US,https://www.salve.edu/,https://salve.interviewexchange.com/static/clients/288SRM1/administrative.jsp,own website,high,OK-2hop:OK:6 [playwright],generic scraper
1268,Brown University,US,https://www.brown.edu/,https://brown.wd5.myworkdayjobs.com/staff-careers-brown/jobs,Workday,high,OK-2hop:OK:10,adapter built
1269,Johnson & Wales University-Providence,US,https://www.jwu.edu/campuses/providence/,https://jobs.jwu.edu/en-us/listing/,own website,high,NO_MATCH [playwright];hand-verified-sync,generic scraper
1270,Providence College,US,https://www.providence.edu/,https://www.schooljobs.com/careers/providencecollege?jobType[0]=Faculty&sort=PositionTitle%7CAscending,own website,high,OK-2hop:OK:10,generic scraper
1271,Rhode Island College,US,https://www.ric.edu/,https://employment.ric.edu/postings/search,own website,medium,OK-2hop:OK:2,generic scraper
1272,Bryant University,US,https://www.bryant.edu/,https://www.bryant.edu/why-bryant/career-outcomes,own website,medium,OK-2hop:OK:2,generic scraper
1273,University of South Carolina Aiken,US,https://www.usca.edu/,https://www.usca.edu/departments/human-resources/employment/internal-job-postings/,own website,medium,OK-2hop:OK:5,generic scraper
1275,University of South Carolina Beaufort,US,https://www.uscb.edu/,https://uscjobs.sc.edu/,own website,medium,OK-2hop:OK:4 [playwright],generic scraper
1278,Citadel Military College of South Carolina,US,https://citadel.edu/,https://jobs.citadel.edu/jobs/search/search-page-faculty,own website,medium,OK-2hop:OK:14,generic scraper
1279,College of Charleston,US,https://www.cofc.edu/,https://charleston.edu/academic-affairs/faculty-careers.php,own website,medium,OK-2hop:OK:22,generic scraper
1280,Clemson University,US,https://www.clemson.edu/,https://www.clemson.edu/human-resources/careers/,own website,medium,OK-2hop:OK:6,generic scraper
1281,Presbyterian College,US,https://www.presby.edu/,https://www.presby.edu/about/offices-and-services/human-resources/job-opportunities/,own website,medium,OK-2hop:OK:6,generic scraper
1284,Columbia College,US,https://www.columbiasc.edu/,https://www.columbiasc.edu/academics/academic-career-support,own website,medium,OK-2hop:OK:11,generic scraper
1287,University of South Carolina-Columbia,US,https://www.sc.edu/,https://www.sc.edu/experience/career-prep/index.php,own website,medium,OK-2hop:OK:2,generic scraper
1288,Coastal Carolina University,US,https://www.coastal.edu/,https://www.coastal.edu:443/hreo/,own website,medium,OK-2hop:OK:3,generic scraper
1291,Francis Marion University,US,https://www.fmarion.edu/,https://www.fmarion.edu/availablepositions/,own website,medium,OK-2hop:OK:3,generic scraper
1294,Furman University,US,https://www.furman.edu/,https://furman.wd115.myworkdayjobs.com/Furman_Careers,Workday,high,OK-2hop:OK:8,adapter built
1296,Lander University,US,https://www.lander.edu/,https://www.lander.edu/about/offices-departments/human-resources/employment-opportunities/faculty-vacancies.html,own website,medium,OK-2hop:OK:11,generic scraper
1297,Coker University,US,https://coker.edu/,https://www.coker.edu/offices-services/careers/faculty-jobs/,own website,medium,OK-2hop:OK:13,generic scraper
1298,Newberry College,US,https://www.newberry.edu/,https://www.newberry.edu/employment,own website,medium,OK-2hop:OK:4,generic scraper
1301,Winthrop University,US,https://www.winthrop.edu/,https://winthrop.peopleadmin.com/postings/search?query=&query_v0_posted_at_date=&query_position_type_id%5B%5D=3&435=&commit=Search,PeopleAdmin,high,OK-2hop:OK:6,adapter built
1302,Converse University,US,https://www.converse.edu/,https://converse.isolvedhire.com/jobs/,own website,medium,OK-2hop:OK:2,generic scraper
1303,University of South Carolina-Upstate,US,https://www.uscupstate.edu/,https://uscupstate.edu/employment/faculty-positions/,own website,medium,OK-2hop:OK:11,generic scraper
1304,Wofford College,US,https://www.wofford.edu/,https://wofford.wd5.myworkdayjobs.com/Wofford,Workday,high,OK:8,adapter built
1307,Northern State University,US,https://www.northern.edu/,https://northern.edu/about/departments/human-resources,own website,medium,OK-2hop:OK:3,generic scraper
1310,South Dakota State University,US,https://www.sdstate.edu/,https://www.sdstate.edu/human-resources/sdsu-employment,own website,high,NO_MATCH [playwright];hand-verified-sync,generic scraper
1311,Dakota State University,US,https://dsu.edu/,https://dsu.edu/careers/benefits.html,own website,medium,OK-2hop:OK:4,generic scraper
1312,Dakota Wesleyan University,US,https://www.dwu.edu/,https://www.dwu.edu/employment,own website,medium,OK-2hop:OK:2,generic scraper
1314,South Dakota School of Mines and Technology,US,https://www.sdsmt.edu/,https://www.sdsmt.edu/about/offices-and-administration/human-resources/careers-at-mines.html,own website,medium,OK-2hop:OK:3,generic scraper
1315,Augustana University,US,https://www.augie.edu/,https://www.augie.edu/faculty-positions,own website,medium,OK-2hop:OK:9,generic scraper
1317,University of Sioux Falls,US,https://www.usiouxfalls.edu/,https://workforcenow.adp.com/mascsr/default/mdf/recruitment/recruitment.html?cid=08ce06d2-27ab-4676-8c36-86d2c62ffacf&ccId=19000101_000001&lang=en_US,ADP,high,OK-2hop:OK:9,adapter built
1318,Black Hills State University,US,https://www.bhsu.edu/,https://yourfuture.sdbor.edu/postings/search,own website,medium,OK-2hop:OK:2,generic scraper
1319,University of South Dakota,US,https://www.usd.edu/,https://yourfuture.sdbor.edu/postings/search,own website,medium,OK-2hop:OK:2,generic scraper
1320,Mount Marty University,US,https://www.mountmarty.edu/,https://recruitingbypaycor.com/career/CareerHome.action?clientId=8a7883c68ab5129a018abce5b6dc034a,own website,medium,OK-2hop:OK:6,generic scraper
1321,Tennessee Wesleyan University,US,https://www.tnwesleyan.edu/,https://www.tnwesleyan.edu/about/departments/human-resources/,own website,medium,OK-2hop:OK:4,generic scraper
1323,The University of Tennessee-Chattanooga,US,https://utc.edu/,https://fa-ewlq-saasfaprod1.fa.ocs.oraclecloud.com/fscmUI/faces/deeplink?objType=IRC_RECRUITING&action=ICE_JOB_SEARCH_RESP,Oracle Cloud HCM,high,OK-2hop:OK:7,adapter built
1324,Austin Peay State University,US,https://www.apsu.edu/,https://www.apsu.edu/human-resources/govs-suite.php,own website,medium,OK-2hop:OK:3,generic scraper
1327,Tennessee Technological University,US,https://www.tntech.edu/,https://jobs.tntech.edu/,own website,medium,OK:7,generic scraper
1331,Tusculum University,US,https://www.tusculum.edu/,https://www3.tusculum.edu/hr/employment-opportunities/,own website,medium,OK-2hop:OK:4,generic scraper
1332,Lincoln Memorial University,US,https://www.lmunet.edu/,https://www.peopleadmin.com/,PeopleAdmin,high,OK-2hop:OK:6,adapter built
1337,East Tennessee State University,US,https://www.etsu.edu/,https://fa-evyu-saasfaprod1.fa.ocs.oraclecloud.com/hcmUI/CandidateExperience/en/sites/CX_1/,Oracle Cloud HCM,high,OK-2hop:OK:6,adapter built
1339,The University of Tennessee-Knoxville,US,https://www.utk.edu/,https://hr.utk.edu/faculty-positions/,own website,medium,OK-2hop:OK:10,generic scraper
1340,Cumberland University,US,https://www.cumberland.edu/,https://www.cumberland.edu/about/employment/,own website,medium,OK-2hop:OK:2,generic scraper
1341,The University of Tennessee-Martin,US,https://www.utm.edu/,https://www.utm.edu/offices-and-services/human-resources/employment-opportunities.php,own website,medium,OK-2hop:OK:4,generic scraper
1342,Maryville College,US,https://www.maryvillecollege.edu/,https://www.maryvillecollege.edu/about/inside/human-resources/careers/,own website,medium,OK-2hop:OK:3,generic scraper
1344,Christian Brothers University,US,https://www.cbu.edu/,http://cbu.interviewexchange.com/jobofferdetails.jsp?JOBID=200928,own website,high,OK-2hop:OK:6,generic scraper
1346,Rhodes College,US,https://www.rhodes.edu/,https://rhodes.wd5.myworkdayjobs.com/Rhodes_Careers,Workday,high,OK-2hop:OK:8,adapter built
1348,University of Memphis,US,https://www.memphis.edu/,https://workforum.memphis.edu/,own website,medium,OK:2,generic scraper
1350,Middle Tennessee State University,US,https://www.mtsu.edu/,https://careers.mtsu.edu/en-us/listing/,own website,medium,OK:7,generic scraper
1351,Belmont University,US,https://www.belmont.edu/,https://jobs.belmont.edu,own website,medium,OK-2hop:OK:5,generic scraper
1356,Vanderbilt University,US,https://www.vanderbilt.edu/,https://www.vanderbilt.edu/work-at-vanderbilt/,own website,medium,OK-2hop:OK:2,generic scraper
1357,The University of Tennessee Southern,US,https://www.utsouthern.edu/,https://fa-ewlq-saasfaprod1.fa.ocs.oraclecloud.com/hcmUI/CandidateExperience/en/sites/CX_1/requisitions?location=Pulaski%2C+TN%2C+United+States&locationId=300000010467855&locationLevel=city&mode=location&radius=25&radiusUnit=MI,Oracle Cloud HCM,high,OK-2hop:OK:8,adapter built
1358,The University of the South,US,https://www.sewanee.edu/,https://www.schooljobs.com/careers/sewanee?category[0]=Faculty&amp;amp;amp;amp;amp;amp;amp;amp;sort=PostingDate%7CDescending&jobType[0]=Faculty&sort=PositionTitle%7CAscending,own website,high,OK-2hop:OK:17,generic scraper
1361,McMurry University,US,https://mcm.edu/,https://oncampusdining.com/mcm/job-opportunities/,own website,medium,OK-2hop:OK:5,generic scraper
1362,Sul Ross State University,US,https://www.sulross.edu/,https://sulross.peopleadmin.com/,PeopleAdmin,high,OK:9,adapter built
1363,The University of Texas at Arlington,US,https://www.uta.edu/,https://uta.peopleadmin.com/postings/search?utf8=%E2%9C%93&query=&query_v0_posted_at_date=&query_position_type_id%5B%5D=3&435=&commit=Search,PeopleAdmin,high,OK-2hop:OK:11,adapter built
1366,Saint Edward's University,US,https://www.stedwards.edu/,http://stedwards.applicantpro.com/jobs/,own website,medium,OK-2hop:OK:3,generic scraper
1367,The University of Texas at Austin,US,https://www.utexas.edu/,https://faculty.utexas.edu/career,own website,medium,OK-2hop:OK:11,generic scraper
1369,Lamar University,US,https://www.lamar.edu/,https://www.schooljobs.com/careers/lamar/jobInterestCards/categories?jobType[0]=Faculty&sort=PositionTitle%7CAscending,own website,high,OK-2hop:OK:10,generic scraper
1372,West Texas A & M University,US,https://www.wtamu.edu/,https://tamus.wd1.myworkdayjobs.com/WTAMU_External,Workday,not_found,NO_MATCH [playwright],adapter built
1373,Texas A & M University-College Station,US,https://www.tamu.edu/,https://faculty.tamu.edu/,own website,high,OK:6,generic scraper
1374,Texas A & M University-Commerce,US,https://www.tamuc.edu/,https://tamus.wd1.myworkdayjobs.com/ETAMU_External,Workday,high,OK-2hop:OK:6,adapter built
1375,Texas A & M University-Corpus Christi,US,https://www.tamucc.edu/,https://tamus.wd1.myworkdayjobs.com/TAMUCC_External,Workday,high,OK-2hop:OK:6,adapter built
1380,Southern Methodist University,US,https://www.smu.edu/,https://smu.taleo.net/careersection/ex/jobsearch.ftl?lang=en&portal=101430233,Taleo,high,OK-2hop:OK:8,generic scraper (verified working)
1382,Texas Woman's University,US,https://www.twu.edu/,https://twu.edu/humanresources/careers-at-twu/jobs/,own website,medium,OK:5,generic scraper
1383,University of North Texas,US,https://www.unt.edu/,https://careers.untsystem.edu/unt/home,own website,medium,OK:4,generic scraper
1384,The University of Texas Rio Grande Valley,US,https://www.utrgv.edu/,https://careers.utrgv.edu/postings/search,own website,medium,OK-2hop:OK:5,generic scraper
1385,The University of Texas at El Paso,US,https://www.utep.edu/,https://utep.interviewexchange.com/static/clients/533UTM1/index.jsp,own website,high,OK-2hop:OK:6,generic scraper
1387,Texas Christian University,US,https://www.tcu.edu/,https://jobs.tcu.edu,own website,medium,OK:7,generic scraper
1388,Texas Wesleyan University,US,https://www.txwes.edu/,https://txwes.peopleadmin.com/,PeopleAdmin,high,OK-2hop:OK:6,adapter built
1389,Southwestern University,US,https://www.southwestern.edu/,https://www.schooljobs.com/careers/southwestern?jobType[0]=Faculty&sort=PositionTitle%7CAscending,own website,high,OK-2hop:OK:11,generic scraper
1394,Rice University,US,https://www.rice.edu/,https://vpaa.rice.edu/faculty/open-positions,own website,medium,OK-2hop:OK:13,generic scraper
1397,University of Houston,US,https://www.uh.edu/,https://www.uh.edu/human-resources/careers/,own website,medium,OK-2hop:OK:3,generic scraper
1398,University of Houston-Clear Lake,US,https://www.uhcl.edu/,https://careers.uh.edu/jobs/search/uhcl-postings,own website,medium,OK-2hop:OK:5,generic scraper
1399,University of Houston-Downtown,US,https://www.uhd.edu/,https://www.uhd.edu/hr/careers/temporary-employment.aspx,own website,medium,OK-2hop:OK:5,generic scraper
1400,University of St Thomas,US,https://www.stthom.edu/,https://stthom.applicantpro.com/jobs/,own website,medium,OK-2hop:OK:2,generic scraper
1401,Sam Houston State University,US,https://www.shsu.edu/,https://www.shsu.edu/offices-departments/career-success-center/index.php,own website,medium,OK-2hop:OK:2,generic scraper
1403,University of Dallas,US,https://udallas.edu/,https://udallas.edu/offices-services/human-resources/open-positions.php,own website,medium,OK-2hop:OK:3,generic scraper
1405,Schreiner University,US,https://www.schreiner.edu/,https://schreiner.edu/careers/,own website,medium,OK:2,generic scraper
1406,Texas A&M University-Central Texas,US,https://tamuct.edu/,https://tamus.wd1.myworkdayjobs.com/TAMUCT_External,Workday,medium,OK-2hop:OK:6,adapter built
1407,Texas A & M University-Kingsville,US,https://www.tamuk.edu/,https://tamus.wd1.myworkdayjobs.com/TAMUK_External,Workday,high,OK-2hop:OK:6 [playwright],adapter built
1408,Texas A & M International University,US,https://www.tamiu.edu/,https://tamus.wd1.myworkdayjobs.com/TAMIU_External,Workday,medium,OK-2hop:OK:2,adapter built
1411,Texas Tech University,US,https://www.ttu.edu/,https://sjobs.brassring.com/TGnewUI/Search/Home/Home?partnerid=25898&siteid=5637#home,own website,medium,OK-2hop:OK:9,generic scraper
1414,Stephen F Austin State University,US,https://www.sfasu.edu/,https://www.sfasu.edu/hr,own website,medium,OK-2hop:OK:2,generic scraper
1415,The University of Texas Permian Basin,US,https://www.utpb.edu/,https://zahr-prd-candidate-ada.utshare.utsystem.edu/psc/ZAHRPRDADA/EMPLOYEE/UTZ_CG/c/HRS_HRAM_FL.HRS_CG_SEARCH_FL.GBL?Page=HRS_APP_SCHJOB&Action=U&FOCUS=Applicant&SiteId=10,own website,medium,OK-2hop:OK:2,generic scraper
1418,The University of Texas at Dallas,US,https://www.utdallas.edu/,https://jobs.utdallas.edu/postings/search?query=&query_v0_posted_at_date=&query_position_type_id%5B%5D=2&commit=Search,own website,medium,OK-2hop:OK:12,generic scraper
1420,Angelo State University,US,https://www.angelo.edu/,https://www.angelo.edu/work-at-asu/,own website,medium,OK-2hop:OK:4,generic scraper
1422,Hallmark University,US,https://www.hallmarkuniversity.edu/,https://careers.hallmarkuniversity.edu/jobs/instructional-designer/,own website,medium,OK-2hop:OK:7,generic scraper
1423,Our Lady of the Lake University,US,https://www.ollusa.edu/,https://ollusa.interviewexchange.com/static/clients/485OLM1/index.jsp,own website,high,OK-2hop:OK:9,generic scraper
1424,St. Mary's University,US,https://www.stmarytx.edu/,https://www.stmarytx.edu/about/jobs/,own website,medium,OK-2hop:OK:3,generic scraper
1425,Texas A&M University-San Antonio,US,https://www.tamusa.edu/,https://tamus.wd1.myworkdayjobs.com/TAMUSA_External,Workday,high,OK-2hop:OK:8,adapter built
1427,The University of Texas at San Antonio,US,https://www.utsa.edu/,https://www.utsa.edu/people-excellence/careers/,own website,medium,OK-2hop:OK:2,generic scraper
1428,Trinity University,US,https://new.trinity.edu/,https://trinity.edu/hr/careers,own website,high,playwright_failed:Error;hand-verified-sync,generic scraper
1429,University of the Incarnate Word,US,https://www.uiw.edu/,https://jobs.uiw.edu/postings/search,own website,medium,OK-2hop:OK:5,generic scraper
1430,Texas State University,US,https://www.txst.edu/,https://jobs.hr.txstate.edu/postings/search?utf8=%E2%9C%93&query=&query_v0_posted_at_date=&query_position_type_id%5B%5D=2&435=&commit=Search,own website,medium,OK-2hop:OK:6,generic scraper
1431,Texas Lutheran University,US,https://www.tlu.edu/,https://www.tlu.edu/about-tlu/careers-at-tlu/faculty-positions/,own website,medium,OK-2hop:OK:11,generic scraper
1432,Austin College,US,https://www.austincollege.edu/,https://www.austincollege.edu/human-resources/careers,own website,medium,OK-2hop:OK:6,generic scraper
1433,North American University,US,https://www.na.edu/,https://www.na.edu/faculty-staff/human-resources/employment-opportunities/,own website,high,NO_MATCH [playwright];hand-verified-sync,generic scraper
1434,Tarleton State University,US,https://www.tarleton.edu/,https://tamus.wd1.myworkdayjobs.com/TARLETON_External,Workday,high,OK-2hop:OK:8,adapter built
1435,Texas A&M University-Texarkana,US,https://www.tamut.edu/,https://tamus.wd1.myworkdayjobs.com/TAMUT_External,Workday,high,OK-2hop:OK:6,adapter built
1437,The University of Texas at Tyler,US,https://www.uttyler.edu/,https://www.uttyler.edu/careers/clery-act/index.php,own website,medium,OK-2hop:OK:4,generic scraper
1438,University of Houston-Victoria,US,https://uhv.edu/,https://tamus.wd1.myworkdayjobs.com/TAMUV_External,Workday,high,OK-2hop:OK:6 [playwright],adapter built
1439,Baylor University,US,https://www.baylor.edu/,https://hr.web.baylor.edu/careers-opportunities/research-learn/staff-job-descriptions,own website,medium,OK-2hop:OK:5,generic scraper
1441,Midwestern State University,US,https://www.msutexas.edu/,https://msutexas.edu/human-resources/jobs/index.php,own website,medium,OK-2hop:OK:6,generic scraper
1443,Utah State University,US,https://www.usu.edu/,https://careers-usu.icims.com/,iCIMS,high,OK-2hop:OK:10,adapter built
1447,Utah Tech University,US,https://utahtech.edu/,https://www.schooljobs.com/careers/utahtech?jobType[0]=Faculty&sort=PositionTitle%7CAscending,own website,high,OK:11,generic scraper
1449,University of Utah,US,https://www.utah.edu/,https://careers.utah.edu/employers/recruiting-policies/,own website,medium,OK-2hop:OK:6,generic scraper
1450,Western Governors University,US,https://www.wgu.edu/,https://jobs.wgu.edu/academic-careers,own website,medium,OK-2hop:OK:14,generic scraper
1451,Westminster University,US,https://www.westminstercollege.edu/,https://workforcenow.adp.com/mascsr/default/mdf/recruitment/recruitment.html?cid=8b104a38-45ac-4682-9e01-117585322eb0,ADP,high,OK-2hop:OK:9,adapter built
1453,Marymount University,US,https://www.marymount.edu/,https://marymount.wd5.myworkdayjobs.com/Careers,Workday,high,OK:8 [playwright],adapter built
1456,Randolph-Macon College,US,https://www.rmc.edu/,https://www.rmc.edu/about-rmc/offices-departments/human-resources/employment-opportunities/,own website,high,NO_MATCH [playwright];hand-verified-sync,generic scraper
1457,Virginia Polytechnic Institute and State University,US,https://www.vt.edu/,https://careers.pageuppeople.com/968/ci/en-us/listing,PageUp,high,OK-2hop:OK:10,generic scraper (verified working)
1459,Bridgewater College,US,https://www.bridgewater.edu/,https://www.bridgewater.edu/careers/,own website,medium,OK-2hop:OK:4,generic scraper
1460,Southern Virginia University,US,https://svu.edu/,https://svu.edu/about/careers/open-rank-professor-of-biology/,own website,medium,OK-2hop:OK:4,generic scraper
1461,University of Virginia-Main Campus,US,https://www.virginia.edu/,https://jobs.virginia.edu/us/en/uva-faculty-positions,own website,medium,OK-2hop:OK:14,generic scraper
1462,Averett University,US,https://www.averett.edu/,https://www.averett.edu/about-us/employment-opportunities/,own website,medium,OK-2hop:OK:3,generic scraper
1463,Emory & Henry University,US,https://www.ehc.edu/,https://www.paycomonline.net/v4/ats/web.php/jobs?clientkey=4271964D5A23CB0A237D41AAC40830FA&fromClientSide=true,own website,medium,OK-2hop:OK:5,generic scraper
1464,George Mason University,US,https://www2.gmu.edu/,https://jobs.gmu.edu,own website,medium,OK-2hop:OK:5,generic scraper
1466,Longwood University,US,https://www.longwood.edu/,https://www.longwood.edu/career/,own website,medium,OK-2hop:OK:2,generic scraper
1467,Ferrum College,US,https://www.ferrum.edu/,https://ferrumcollege.applytojob.com/apply,own website,high,OK-2hop:OK:9,generic scraper
1468,University of Mary Washington,US,https://www.umw.edu/,https://jobs.umw.edu,own website,medium,OK:5,generic scraper
1470,Hampden-Sydney College,US,https://www.hsc.edu/,https://www.hsc.edu/human-resources/job-openings,own website,medium,OK-2hop:OK:5,generic scraper
1473,James Madison University,US,https://www.jmu.edu/,https://jobs.jmu.edu/,own website,medium,OK:5,generic scraper
1474,Virginia Military Institute,US,https://www.vmi.edu/,https://www.vmi.edu/job-openings/,own website,medium,OK-2hop:OK:2,generic scraper
1475,Washington and Lee University,US,https://www.wlu.edu/,https://www.wlu.edu/employment-opportunities/faculty-positions,own website,medium,OK-2hop:OK:12,generic scraper
1477,Randolph College,US,https://www.randolphcollege.edu/,https://www.randolphcollege.edu/humanresources/job-openings/,own website,medium,OK-2hop:OK:3 [playwright],generic scraper
1478,University of Lynchburg,US,https://www.lynchburg.edu/,https://www.lynchburg.edu/about/human-resources/jobs/,own website,medium,OK-2hop:OK:3,generic scraper
1480,Christopher Newport University,US,https://cnu.edu/,https://jobs.cnu.edu/,own website,medium,OK-2hop:OK:5,generic scraper
1482,Old Dominion University,US,https://www.odu.edu/,https://www.odu.edu/career-leadership,own website,medium,OK-2hop:OK:2,generic scraper
1484,Radford University,US,https://www.radford.edu/,https://jobs.radford.edu/,own website,medium,OK:7,generic scraper
1485,Virginia Commonwealth University,US,https://www.vcu.edu/,https://vcujobs.com,own website,medium,OK:2,generic scraper
1487,Hollins University,US,https://www.hollins.edu/,https://www.hollins.edu/about-hollins/jobs/faculty-positions/,own website,medium,OK-2hop:OK:11,generic scraper
1488,Roanoke College,US,https://www.roanoke.edu/,https://www.roanoke.edu/inside/human_resources/jobs_roanoke,own website,medium,OK-2hop:OK:3,generic scraper
1489,Mary Baldwin University,US,https://www.marybaldwin.edu/,https://marybaldwin.edu/employment-and-jobs-at-mary-baldwin/,own website,medium,OK-2hop:OK:4,generic scraper
1490,Sweet Briar College,US,https://www.sbc.edu/,https://www.sbc.edu/human-resources/employment-opportunities/,own website,medium,OK-2hop:OK:4,generic scraper
1491,University of Richmond,US,https://www.richmond.edu/,https://richmond.wd5.myworkdayjobs.com/staff_faculty,Workday,high,OK-2hop:OK:8,adapter built
1495,Virginia Wesleyan University,US,https://www.vwu.edu/,https://fa-ewic-saasfaprod1.fa.ocs.oraclecloud.com/hcmUI/CandidateExperience/en/sites/CX_1/requisitions,Oracle Cloud HCM,high,OK-2hop:OK:9,adapter built
1496,William & Mary,US,https://www.wm.edu/,https://wm-csm.symplicity.com/employers/,own website,high,OK-2hop:OK:6,generic scraper
1497,Shenandoah University,US,https://www.su.edu/,https://jobs.silkroad.com/ShenandoahUniversity/EmploymentPortal,own website,medium,OK-2hop:OK:5,generic scraper
1498,University of Virginia's College at Wise,US,https://www.uvawise.edu/,https://apply.interfolio.com/50272/positions,own website,high,OK-2hop:OK:17,generic scraper
1500,Bennington College,US,https://www.bennington.edu/,https://www.bennington.edu/employment-opportunities,own website,medium,OK-2hop:OK:3,generic scraper
1501,Champlain College,US,https://www.champlain.edu/,https://champlain-ibumjb.fa.ocs.oraclecloud.com/hcmUI/CandidateExperience/en/sites/CX_1/jobs,Oracle Cloud HCM,high,OK:10,adapter built
1502,University of Vermont,US,https://www.uvm.edu/,https://www.uvm.edu/human-resources/careers,own website,medium,OK-2hop:OK:3,generic scraper
1503,Castleton University,US,https://www.castleton.edu/,https://vsc.wd108.myworkdayjobs.com/VTSU,Workday,high,OK-2hop:OK:6,adapter built
1504,Saint Michael's College,US,https://www.smcvt.edu/,https://www.smcvt.edu/offices-and-services/human-resources/,own website,high,NO_MATCH [playwright];hand-verified-sync,generic scraper
1505,Northern Vermont University,US,https://www.northernvermont.edu/,https://vsc.wd108.myworkdayjobs.com/VTSU,Workday,high,OK-2hop:OK:6,adapter built
1506,Middlebury College,US,https://www.middlebury.edu/college/,https://www.middlebury.edu/office/human-resources/work-middlebury/employment-opportunities,own website,medium,OK-2hop:OK:6,generic scraper
1507,Norwich University,US,https://www.norwich.edu/,https://www.norwich.edu/campus-resources/academic-career-success,own website,medium,OK-2hop:OK:11,generic scraper
1508,Western Washington University,US,https://wwu.edu/,https://hr.wwu.edu/work-western,own website,medium,OK-2hop:OK:4,generic scraper
1509,University of Washington-Bothell Campus,US,https://www.uwb.edu/,https://ap.washington.edu/ahr/academic-jobs/?unit_id=29084,own website,medium,OK-2hop:OK:12,generic scraper
1510,Eastern Washington University,US,https://www.ewu.edu/,https://jobs.hr.ewu.edu/postings/search?utf8=%E2%9C%93&query=Adjunct&query_v0_posted_at_date=&query_position_type_id%5B%5D=any&commit=Search,own website,medium,OK-2hop:OK:15,generic scraper
1511,Walla Walla University,US,https://www.wallawalla.edu/,https://wallawalla-accommodate.symplicity.com/,own website,high,OK:6,generic scraper
1512,Central Washington University,US,https://www.cwu.edu/,https://cwuhrprdcg.peoplesoft.cwu.edu/psc/careers/EMPLOYEE/CAREERS/c/HRS_HRAM_FL.HRS_CG_SEARCH_FL.GBL?FOCUS=Applicant&&siteid=1,own website,medium,OK-2hop:OK:4,generic scraper
1513,Northwest University,US,https://www.northwestu.edu/,http://careers.cccu.org/jobs,own website,medium,OK-2hop:OK:4,generic scraper
1514,Saint Martin's University,US,https://www.stmartin.edu/,https://workforcenow.adp.com/mascsr/default/mdf/recruitment/recruitment.html?cid=7138f757-560b-432d-a0d6-3a29cd79033e&ccId=19000101_000001&type=MP&lang=en_US,ADP,high,OK:9,adapter built
1515,Washington State University,US,https://wsu.edu/,https://wd5.myworkday.com/wsu/d/task/1422$478.htmld,own website,high,OK-2hop:OK:6,generic scraper
1517,City University of Seattle,US,https://www.cityu.edu/,http://cityu.interviewexchange.com/static/clients/447CSM1/index.jsp;jsessionid=77C75F0E480695E12DADFF9F669D13C0,own website,high,OK-2hop:OK:7,generic scraper
1518,Seattle Pacific University,US,https://spu.edu/,https://spu.wd12.myworkdayjobs.com/SPU,Workday,high,OK-2hop:OK:10,adapter built
1519,Seattle University,US,https://www.seattleu.edu/,https://seattleu.wd108.myworkdayjobs.com/SeattleUJobs,Workday,high,OK-2hop:OK:8,adapter built
1520,University of Washington-Seattle Campus,US,https://www.washington.edu/,https://ap.washington.edu/ahr/academic-jobs/,own website,medium,OK-2hop:OK:11,generic scraper
1521,Gonzaga University,US,https://www.gonzaga.edu/,https://employment.gonzaga.edu/jobs/search?page=1&category_uids%5B%5D=ccb5730a856e3e50b7226edb37c1facb&query=,own website,medium,OK-2hop:OK:15 [playwright],generic scraper
1522,Whitworth University,US,https://www.whitworth.edu/,https://www.schooljobs.com/careers/whitworth/staff?jobType[0]=Faculty&sort=PositionTitle%7CAscending,own website,high,OK-2hop:OK:8 [playwright],generic scraper
1523,Faith International University,US,https://www.faithiu.edu/,,,not_found,NO_MATCH [playwright],
1524,Pacific Lutheran University,US,https://www.plu.edu/,https://employment.plu.edu/postings/search?query=&query_v0_posted_at_date=&392=&394=&395%5B%5D=3&commit=Search,own website,medium,OK-2hop:OK:11,generic scraper
1525,University of Puget Sound,US,https://www.pugetsound.edu/,https://www2.pugetsound.jobs/psc/HR92PRD/EMPLOYEE/HRMS/c/HRS_HRAM_FL.HRS_CG_SEARCH_FL.GBL?Page=HRS_APP_SCHJOB_FL&Action=U&FOCUS=Applicant&siteid=3,own website,medium,OK-2hop:OK:11,generic scraper
1526,University of Washington-Tacoma Campus,US,https://www.tacoma.uw.edu/,https://ap.washington.edu/ahr/academic-jobs/,own website,medium,OK-2hop:OK:20,generic scraper
1527,Heritage University,US,https://www.heritage.edu/,https://heritage.edu/faculty-staff/human-resources/,own website,high,NO_MATCH [playwright];hand-verified-sync,generic scraper
1528,Whitman College,US,https://www.whitman.edu/,https://whitman-advocate.symplicity.com/public_report/index.php,own website,high,OK:6,generic scraper
1529,Lawrence University,US,https://www.lawrence.edu/,https://lawrence.peopleadmin.com/,PeopleAdmin,high,OK:8,adapter built
1531,Beloit College,US,https://www.beloit.edu/,https://www.beloit.edu/offices/human-resources/,own website,medium,OK-2hop:OK:1,generic scraper
1532,Herzing University-Brookfield,US,https://www.herzing.edu/,https://recruiting2.ultipro.com/HER1009HRZ/JobBoard/267d2e37-abff-4559-8a18-a754503d3749,UKG/Ultipro,high,OK:9,adapter built
1533,Ottawa University-Milwaukee,US,https://www.ottawa.edu/,https://www.paycomonline.net/v4/ats/web.php/jobs?clientkey=AB201C499D53A5D603D5BE296513B383,own website,medium,OK-2hop:OK:2 [playwright],generic scraper
1534,Saint Norbert College,US,https://www.snc.edu/,https://snc.edu/search/careers,own website,medium,OK-2hop:OK:2,generic scraper
1535,University of Wisconsin-Eau Claire,US,https://www.uwec.edu/,https://wisconsin.wd1.myworkdayjobs.com/en-US/UW_Comprehensives,Workday,medium,OK-2hop:OK:3,adapter built
1536,Marian University,US,https://www.marianuniversity.edu/,https://www.marianuniversity.edu/about-marian/employment/,own website,high,NO_MATCH [playwright];hand-verified-sync,generic scraper
1537,University of Wisconsin-Green Bay,US,https://www.uwgb.edu/,https://wisconsin.wd1.myworkdayjobs.com/en-US/UW_Comprehensives?Institution=5adf054562b610142325cf0d5f910000,Workday,high,OK-2hop:OK:8,adapter built
1538,Carthage College,US,https://www.carthage.edu/,https://www.carthage.edu/about/offices-services/human-resources/careers-at-carthage/faculty-positions/,own website,medium,OK-2hop:OK:12,generic scraper
1539,Herzing University-Kenosha,US,https://www.herzing.edu/,https://recruiting2.ultipro.com/HER1009HRZ/JobBoard/267d2e37-abff-4559-8a18-a754503d3749,UKG/Ultipro,high,OK:9,adapter built
1540,University of Wisconsin-Parkside,US,https://www.uwp.edu/,https://wisconsin.wd1.myworkdayjobs.com/UW_Comprehensives,Workday,high,OK:8,adapter built
1541,University of Wisconsin-La Crosse,US,https://www.uwlax.edu/,https://wisconsin.wd1.myworkdayjobs.com/UW_Comprehensives?primaryLocation=5adf054562b610142601c3db67eb0000,Workday,high,OK:9,adapter built
1542,Viterbo University,US,https://www.viterbo.edu/,https://www.viterbo.edu/human-resources/job-announcements,own website,medium,OK:5 [playwright],generic scraper
1543,Edgewood College,US,https://www.edgewood.edu/,https://www.edgewood.edu/employment/human-resources-generalist/,own website,medium,OK-2hop:OK:3,generic scraper
1544,University of Wisconsin-Madison,US,https://www.wisc.edu/,https://jobs.wisc.edu/,own website,medium,OK:5,generic scraper
1545,University of Wisconsin-Stout,US,https://www.uwstout.edu/,https://wisconsin.wd1.myworkdayjobs.com/UW_Comprehensives?primaryLocation=5adf054562b610142602517fd4330000,Workday,high,OK-2hop:OK:8,adapter built
1547,Alverno College,US,https://www.alverno.edu/,https://www.alverno.edu/Career-Recruit-a-Grad,own website,medium,OK-2hop:OK:3,generic scraper
1549,Marquette University,US,https://www.marquette.edu/,http://www.marquette.edu/hr/,own website,medium,OK-2hop:OK:2,generic scraper
1550,Milwaukee School of Engineering,US,https://www.msoe.edu/,https://www.msoe.edu/about-msoe/careers-at-msoe/employment-opportunities/faculty-positions/,own website,medium,OK-2hop:OK:14,generic scraper
1551,Mount Mary University,US,https://www.mtmary.edu/,https://mtmary.edu/about/employment.html,own website,medium,OK-2hop:OK:2,generic scraper
1552,University of Wisconsin-Milwaukee,US,https://uwm.edu/,https://wisconsin.wd1.myworkdayjobs.com/UW_Milwaukee,Workday,high,OK-2hop:OK:8,adapter built
1554,University of Wisconsin-Oshkosh,US,https://www.uwosh.edu/,https://wisconsin.wd1.myworkdayjobs.com/UW_Comprehensives?Institution=5adf054562b610142325cb73e24d0000,Workday,high,OK-2hop:OK:9,adapter built
1555,University of Wisconsin-Platteville,US,https://www.uwplatt.edu/,https://wisconsin.wd1.myworkdayjobs.com/en-US/UW_Comprehensives?Institution=5adf054562b610142325c3a6f20a0000,Workday,high,OK:8,adapter built
1556,Lakeland University,US,https://www.lakeland.edu/,https://lakeland.applicantpro.com/jobs/,own website,medium,OK-2hop:OK:2,generic scraper
1557,Ripon College,US,https://www.ripon.edu/,https://ripon.edu/career-discovery-tour/,own website,medium,OK-2hop:OK:2,generic scraper
1558,University of Wisconsin-River Falls,US,https://www.uwrf.edu/,https://wisconsin.wd1.myworkdayjobs.com/UW_Comprehensives?primaryLocation=5adf054562b610142603a19cdfd30000,Workday,high,OK:8,adapter built
1559,University of Wisconsin-Stevens Point,US,https://www.uwsp.edu/,https://wisconsin.wd1.myworkdayjobs.com/en-US/UW_Comprehensives,Workday,medium,OK-2hop:OK:4,adapter built
1560,University of Wisconsin-Superior,US,https://www.uwsuper.edu/,https://wisconsin.wd1.myworkdayjobs.com/en-US/UW_Comprehensives?primaryLocation=5adf054562b610142604546cce0f0000,Workday,high,OK-2hop:OK:8,adapter built
1562,Carroll University,US,https://www.carrollu.edu/,https://secure4.saashr.com/ta/6153588.careers?CareersSearch,own website,medium,OK-2hop:OK:5,generic scraper
1563,University of Wisconsin-Whitewater,US,https://www.uww.edu/,https://wisconsin.wd1.myworkdayjobs.com/en-US/UW_Comprehensives,Workday,medium,OK-2hop:OK:2,adapter built
1564,Concord University,US,https://www.concord.edu/,https://jobs.concord.edu/,own website,medium,OK-2hop:OK:6,generic scraper
1565,West Virginia University Institute of Technology,US,https://www.wvutech.edu/,https://careers.wvu.edu/career-opportunities/internal-and-external-faculty-portal,own website,medium,OK-2hop:OK:15,generic scraper
1566,Bethany College,US,https://www.bethanywv.edu/,https://www.bethanywv.edu/about/employment/,own website,medium,OK-2hop:OK:2,generic scraper
1568,West Virginia Wesleyan College,US,https://www.wvwc.edu/,https://www.wvwc.edu/jobs/?faculty,own website,medium,OK-2hop:OK:11,generic scraper
1570,University of Charleston,US,https://www.ucwv.edu/,https://ucwv.elluciancrmrecruit.com/Apply/Account/Create?f=586ce4f3-d79d-4f52-9540-5138661f6dcd&o=538fedc1-2f8d-4f30-89b1-d13415d0429c&IsInquiry=True,own website,high,OK:7,generic scraper
1571,Davis & Elkins College,US,https://www.dewv.edu/,https://www.dewv.edu/explore/employment/,own website,medium,OK-2hop:OK:4,generic scraper
1572,Fairmont State University,US,https://www.fairmontstate.edu/,https://www.fairmontstatejobs.com/postings/search?utf8=%E2%9C%93&query=&query_v0_posted_at_date=&query_position_type_id%5B%5D=3&435=&query_organizational_tier_3_id%5B%5D=any&2894%5B%5D=any&commit=Search,own website,medium,OK-2hop:OK:9,generic scraper
1573,Glenville State University,US,https://www.glenville.edu/,https://www.schooljobs.com/careers/glenvilleedu?jobType[0]=Faculty&sort=PositionTitle%7CAscending,own website,high,OK:11 [playwright],generic scraper
1574,Marshall University,US,https://www.marshall.edu/,https://marshall.peopleadmin.com/postings/search?utf8=%E2%9C%93&query=&query_v0_posted_at_date=&query_position_type_id=3&commit=Search,PeopleAdmin,high,OK-2hop:OK:8,adapter built
1576,West Virginia University,US,https://www.wvu.edu/,https://careers.wvu.edu/career-opportunities/internal-and-external-faculty-portal,own website,medium,OK-2hop:OK:15,generic scraper
1577,Alderson Broaddus University,US,https://ab.edu/,https://ab.edu/employment/,own website,high,playwright_failed:Error;hand-verified-sync,generic scraper
1580,Shepherd University,US,https://www.shepherd.edu/,https://jobs-shepherd.peopleadmin.com/,PeopleAdmin,high,OK-2hop:OK:8,adapter built
1581,West Liberty University,US,https://www.westliberty.edu/,https://westliberty.edu/human-resources/search/,own website,medium,OK-2hop:OK:2,generic scraper
1582,Wheeling University,US,https://www.wheeling.edu/,https://wheeling.edu/about/employment/,own website,medium,OK-2hop:OK:2,generic scraper
1583,University of Wyoming,US,https://www.uwyo.edu/,https://eeik.fa.us2.oraclecloud.com/hcmUI/CandidateExperience/en/sites/CX_1,Oracle Cloud HCM,high,OK-2hop:OK:8,adapter built
1584,Athabasca University,Canada,https://www.athabascau.ca/,https://athabascau.acquiretm.com/home.aspx,own website,high,Careers page links out to Acquire ATS portal listing all current openings,generic scraper
1586,University of Calgary,Canada,https://www.ucalgary.ca/,https://careers.ucalgary.ca/search/academic-staff/jobs/in,own website,high,Direct academic-staff filtered search results on UCalgary careers portal,generic scraper
1587,University of Alberta,Canada,https://www.ualberta.ca/,https://iaejup.fa.ocs.oraclecloud.com/hcmUI/CandidateExperience/en/sites/UOA-Careers/jobs?lastSelectedFacet=CATEGORIES&selectedCategoriesFacet=300000005480178,Oracle Cloud HCM,high,New Career Portal (careers.ualberta.ca redirects here) listing current openings,adapter built
1588,Burman University,Canada,https://www.burmanu.ca/,https://www.burmanu.ca/careers,own website,medium,OK-2hop:OK:5,generic scraper
1589,University of Lethbridge,Canada,https://www.ulethbridge.ca/,https://uleth.peopleadmin.ca/postings/search,PeopleAdmin,high,Direct PeopleAdmin applicant portal job search,adapter built
1590,University of the Fraser Valley,Canada,https://www.ufv.ca/,https://ufv.njoyn.com/CL3/xweb/Xweb.asp?page=joblisting&CLID=56144,Njoyn,high,Direct njoyn ATS job listing page linked from ufv.ca/careers,generic scraper (verified working)
1591,Simon Fraser University,Canada,https://www.sfu.ca/,https://www.sfu.ca/vpacademic/academic-careers/current-openings.html,own website,high,VP Academic current openings page listing live faculty postings,generic scraper
1592,Thompson Rivers University,Canada,https://www.tru.ca/,https://tru.hua.hrsmart.com/hr/ats/JobSearch/search,HRSmart,high,Dedicated faculty positions page,generic scraper (verified working)
1593,Vancouver Island University,Canada,https://www.viu.ca/,https://careers.viu.ca/vacancies.html,own website,high,External vacancies portal linked from VIU HR careers page,generic scraper
1594,University of Northern British Columbia,Canada,https://www.unbc.ca/,https://unbc.njoyn.com/CL/xweb/xweb.asp?tbtoken=Y1xaSxoXCGouJS5ALiReFC4lLkAuJF4ENlRQCFQ7AmdEcFkuckggVFF%2FExYtWDVuUTUecBYuJS5ALiRecAkbVRdXQHJiF3U%3D&chk=ZVpaShM%3D&clid=125926&page=joblisting&categoryid=1385,Njoyn,high,OK-2hop:OK:6,generic scraper (verified working)
1595,University Canada West,Canada,https://www.ucanwest.ca/,https://workforcenow.adp.com/mascsr/default/mdf/recruitment/recruitment.html?cid=e6860882-d6d8-416e-b077-9b347c9c81f9&ccId=9200536072124_2&type=JS&lang=en_CA&selectedMenuKey=CareerCenter,ADP,medium,OK-2hop:OK:3,adapter built
1596,University of British Columbia,Canada,https://www.ubc.ca/,https://ubc.wd10.myworkdayjobs.com/ubcfacultyjobs,Workday,high,Direct UBC Faculty Jobs Workday portal,adapter built
1597,Royal Roads University,Canada,https://www.royalroads.ca/,https://royalroads.mua.hrdepartment.com/hr/ats/JobSearch/viewAll,HRdepartment/MUA,not_found,NO_MATCH [playwright],generic scraper (verified working)
1598,University of Victoria,Canada,https://www.uvic.ca/,https://www.uvic.ca/faculty-staff/careers/faculty-and-librarian-postings/index.php,own website,high,Direct faculty and librarian postings listing page,generic scraper
1599,Brandon University,Canada,https://www.brandonu.ca/,https://www.brandonu.ca/jobs/,own website,high,Employment Opportunities page listing current postings,generic scraper
1600,Booth University College,Canada,https://www.booth.edu/,https://boothuc.ca/about/our-people/careers/,own website,high,Confirmed direct listing of current openings incl. faculty/instructor roles,generic scraper
1601,University of Manitoba,Canada,https://www.umanitoba.ca/,https://viprecprod.ad.umanitoba.ca/A,own website,high,VIP Recruitment academic and research postings portal linked from umanitoba.ca/careers,generic scraper
1602,University of Winnipeg,Canada,https://www.uwinnipeg.ca/,https://plus.avanti.ca/job-board/5da7a070-4efb-4f6e-b846-5d1e55cc2abe/abc8cefc-8900-4f89-a11a-169e8102b2be/view?LOCALE=en-CA&SEARCH=UWFA-RAS,Avanti,high,Direct NorthStar ATS listing incl. Tenure Track Assistant Professor postings,generic scraper (verified working)
1603,St. Thomas University,Canada,https://www.stu.ca/,https://www.stu.ca/employment/,own website,high,Employment Opportunities page listing current postings incl. Tenure Track Appointment,generic scraper
1604,University of New Brunswick,Canada,https://www.unb.ca/,https://www.unb.ca/hr/careers/academic.php,own website,high,Direct academic postings page,generic scraper
1605,Yorkville University,Canada,https://www.yorkvilleu.ca/,https://www.yorkvilleu.ca/job-postings/,own website,high,Direct job postings page,generic scraper
1606,Crandall University,Canada,https://www.crandallu.ca/,https://www.crandallu.ca/employment/,own website,high,Employment Opportunities page,generic scraper
1608,Mount Allison University,Canada,https://www.mta.ca/,https://mta.ca/about/work-at-mta/employment-opportunities-academic,own website,high,Direct academic employment opportunities page listing current faculty postings,generic scraper
1609,Memorial University of Newfoundland,Canada,https://www.mun.ca/,https://mun.ca/academic-careers/opportunities/,own website,medium,OK-2hop:OK:12,generic scraper
1610,St. Francis Xavier University,Canada,https://www.stfx.ca/,https://recruiting.ultipro.ca/GOV5000GOVE/JobBoard/b0aac1dd-538d-4eb2-91aa-e8ce062974c9/?q=&o=postedDateDesc,own website,not_found,NO_MATCH [playwright],generic scraper
1612,Dalhousie University,Canada,https://www.dal.ca/,https://dal.peopleadmin.ca/postings/search?query=&query_v0_posted_at_date=&query_position_type_id%5B%5D=3&435=&commit=Search,PeopleAdmin,medium,OK-2hop:OK:2,adapter built
1613,Mount Saint Vincent University,Canada,https://www.msvu.ca/,https://www.msvu.ca/about-msvu/careers-at-the-mount/current-openings/,own website,medium,OK-2hop:OK:4,generic scraper
1614,NSCAD University,Canada,https://www.nscad.ca/,https://nscad.ca/careers/,own website,medium,OK-2hop:OK:2,generic scraper
1616,Cape Breton University,Canada,https://www.cbu.ca/,https://jobs.dayforcehcm.com/cbu/CANDIDATEPORTAL,own website,medium,OK:2,generic scraper
1617,Acadia University,Canada,https://www.acadiau.ca/,https://hr.acadiau.ca/employment/career-opportunities/faculty-per-course.html,own website,medium,OK-2hop:OK:5,generic scraper
1618,University of Guelph,Canada,https://www.uoguelph.ca/,https://careers.uoguelph.ca/go/Faculty%2C-Librarian-and-Veterinarian/8665747/,own website,not_found,NO_MATCH [playwright],generic scraper
1619,McMaster University,Canada,https://www.mcmaster.ca/,https://careers.mcmaster.ca/psp/prcsprd/EMPLOYEE/HRMS/c/HRS_HRAM.HRS_APP_SCHJOB.GBL?Page=HRS_APP_SCHJOB&Action=U&FOCUS=Applicant&SiteId=1000&cmd=uninav&Rnode=HRMS&uninavpath=Root{PORTAL_ROOT_OBJECT}.Portal%20Objects{PORTAL_BASE_DATA}.Navigation%20Collections{CO_NAVIGATION_COLLECTIONS}.Custom%20Tabs{PAPP_CUSTOM_TABS}&customTab=MCM_TAB_FACULTY_POS&IgnoreParamTempl=customTab,own website,medium,OK-2hop:OK:5,generic scraper
1620,Queen's University,Canada,https://www.queensu.ca/,https://www.queensu.ca/faculty-positions/,own website,high,OK-2hop:OK:6,generic scraper
1621,Western University,Canada,https://www.uwo.ca/,https://www.uwo.ca/facultyrelations/careers/faculty.html,own website,medium,OK-2hop:OK:11,generic scraper
1622,Nipissing University,Canada,https://www.nipissingu.ca/,https://www.nipissingu.ca/careers/employment-postings/faculty,own website,medium,OK-2hop:OK:5,generic scraper
1623,Ontario Tech University,Canada,https://www.ontariotechu.ca/,https://ontariotechu.csod.com/ux/ats/careersite/4/home?c=ontariotechu&date=WithinThirtyDays,Cornerstone OnDemand,high,OK-2hop:OK:7,adapter built
1624,Carleton University,Canada,https://www.carleton.ca/,https://carleton.ca/deputyprovost/jobs/academics/,own website,medium,OK-2hop:OK:4,generic scraper
1625,University of Ottawa,Canada,https://www.uottawa.ca/,https://uottawa.wd3.myworkdayjobs.com/en-US/uOttawa_External_Career_Site,Workday,medium,OK-2hop:OK:6,adapter built
1626,Trent University,Canada,https://www.trentu.ca/,https://www.trentu.ca/humanresources/employment-opportunities/full-time-faculty-positions,own website,medium,OK-2hop:OK:13,generic scraper
1627,Algoma University,Canada,https://www.algomau.ca/,https://algomau.ca/careers/,own website,medium,OK-2hop:OK:4,generic scraper
1628,Brock University,Canada,https://www.brocku.ca/,https://brocku.wd3.myworkdayjobs.com/brocku_careers,Workday,high,OK-2hop:OK:9,adapter built
1629,Laurentian University,Canada,https://www.laurentian.ca/,https://laurentian.ca/about/careers/faculty-vacancies,own website,medium,OK-2hop:OK:13,generic scraper
1630,Lakehead University,Canada,https://www.lakeheadu.ca/,https://www.lakeheadu.ca/faculty-and-staff/departments/services/hr/employment-opportunities/faculty,own website,medium,OK-2hop:OK:1,generic scraper
1631,OCAD University,Canada,https://www.ocadu.ca/,https://tre.tbe.taleo.net/tre01/ats/careers/v2/searchResults?org=OCADU&cws=37,Taleo,high,OK-2hop:OK:9,generic scraper (verified working)
1632,Toronto Metropolitan University,Canada,https://www.torontomu.ca/,https://careers.torontomu.ca/psc/hrcgprd/EMPLOYEE/HRMS/c/HRS_HRAM_FL.HRS_CG_SEARCH_FL.GBL?Page=HRS_APP_SCHJOB_FL&Action=U,own website,medium,OK-2hop:OK:4,generic scraper
1633,University of Toronto,Canada,https://www.utoronto.ca/,https://jobs.utoronto.ca/go/All-Opportunities/2607117/,own website,medium,OK-2hop:OK:4,generic scraper
1634,York University,Canada,https://www.yorku.ca/,https://www.yorku.ca/vpepc/faculty-affairs/faculty-positions/,own website,medium,OK-2hop:OK:3,generic scraper
1635,University of Waterloo,Canada,https://www.uwaterloo.ca/,https://uwaterloo.ca/careers/current-opportunities/faculty-opportunities,own website,medium,OK-2hop:OK:3,generic scraper
1636,Wilfrid Laurier University,Canada,https://www.wlu.ca/,https://careers.wlu.ca/go/Academic-Positions/505047/,own website,not_found,NO_MATCH [playwright],generic scraper
1637,University of Windsor,Canada,https://www.uwindsor.ca/,https://efhc.fa.ca2.oraclecloud.com/hcmUI/CandidateExperience/en/sites/CX_1/jobs?sortBy=POSTING_DATES_DESC,Oracle Cloud HCM,not_found,NO_MATCH [playwright],adapter built
1638,University of Prince Edward Island,Canada,https://www.upei.ca/,https://www.upei.ca/hr/competitions?field_position_type_value=academic,own website,medium,OK-2hop:OK:10,generic scraper
1639,Université du Québec en Outaouais,Canada,https://www.uqo.ca/,https://uqo.ca/direction-services/decanat-gestion-academique/postes-professeurs,own website,not_found,NO_MATCH [playwright],generic scraper
1640,Concordia University,Canada,https://www.concordia.ca/,https://www.concordia.ca/hr/jobs/openings.html#academic,own website,medium,OK-2hop:OK:5,generic scraper
1641,McGill University,Canada,https://www.mcgill.ca/,https://mcgill.wd3.myworkdayjobs.com/mcgill_careers,Workday,high,OK-2hop:OK:6,adapter built
1642,Polytechnique Montréal,Canada,https://www.polymtl.ca/,https://www.polymtl.ca/carriere/offres-demploi,own website,not_found,NO_MATCH [playwright],generic scraper
1643,Université de Montréal,Canada,https://www.umontreal.ca/,https://www.umontreal.ca/carrieres/professeurs/,own website,not_found,NO_MATCH [playwright],generic scraper
1644,Université du Québec à Montréal,Canada,https://www.uqam.ca/,https://rh.uqam.ca/emplois/,own website,not_found,NO_MATCH [playwright],generic scraper
1646,École des Hautes Études Commerciales (HEC Montréal),Canada,https://www.hec.ca/,https://tre.tbe.taleo.net/tre01/ats/careers/v2/jobSearch?act=redirectCwsV2&cws=43&org=NYQEDG,Taleo,not_found,NO_MATCH [playwright],generic scraper (verified working)
1647,Université Laval,Canada,https://www.ulaval.ca/,https://www.rh.ulaval.ca/emplois-disponibles/personnel-enseignant-et-de-recherche,own website,not_found,NO_MATCH [playwright],generic scraper
1649,Université du Québec à Rimouski,Canada,https://www.uqar.ca/,https://www.uqar.ca/en/the-institut-des-sciences-de-la-mer-of-the-universite-du-quebec-a-rimouski-ismer-uqar/opportunities/jobs-at-ismer-uqar/,own website,not_found,NO_MATCH [playwright],generic scraper
1650,Université du Québec en Abitibi-Témiscamingue,Canada,https://www.uqat.ca/,https://www.uqat.ca/uqat/faire-carriere/#jobsEnseignement,own website,not_found,NO_MATCH [playwright],generic scraper
1651,Université du Québec à Chicoutimi,Canada,https://www.uqac.ca/,https://www.uqac.ca/emploi/,own website,not_found,NO_MATCH [playwright],generic scraper
1652,Bishop's University,Canada,https://www.ubishops.ca/,https://working.ubishops.ca/,own website,medium,OK-2hop:OK:4,generic scraper
1653,Université de Sherbrooke,Canada,https://www.usherbrooke.ca/,https://www.usherbrooke.ca/recherche/en/udes/career-opportunities,own website,not_found,NO_MATCH [playwright],generic scraper
1654,Université du Québec à Trois-Rivières,Canada,https://www.uqtr.ca/,https://atlas.workland.com/careers/uqtr/jobs?page=1,own website,not_found,NO_MATCH [playwright],generic scraper
1655,University of Regina,Canada,https://www.uregina.ca/,https://urcareers.uregina.ca/postings/search?utf8=%E2%9C%93&query=&query_v0_posted_at_date=&435=&225=&1245%5B%5D=2&commit=Search,own website,high,OK-2hop:OK:6,generic scraper
1656,University of Saskatchewan,Canada,https://www.usask.ca/,https://usask.csod.com/ux/ats/careersite/14/home?c=usask&date=WithinThirtyDays&_gl=1*8k2uoh*_ga*MTgxNDk1ODUyNy4xNzg4MDMyNzk4*_ga_7P8QY8C9QK*czE3ODgwMzI3OTckbzEkZzAkdDE3ODgwMzI3OTckajYwJGwwJGgw,Cornerstone OnDemand,high,OK-2hop:OK:7,adapter built
1657,University of Innsbruck,Austria,https://www.uibk.ac.at/,https://lfuonline.uibk.ac.at/public/karriereportal.home?lang=de,own website,not_found,NO_MATCH [playwright],generic scraper
1658,TU Wien,Austria,https://www.tuwien.at/,https://jobs.tuwien.ac.at/jobs?jobProfiles=Associate%20Professor_in|Laufbahnstelle|Professuren|Rektor_in,own website,medium,OK-2hop:OK:7,generic scraper
1659,University of Vienna,Austria,https://www.univie.ac.at/,https://jobs.univie.ac.at/go/Tenure-Track-(E)/8877301/,own website,medium,OK-2hop:OK:6,generic scraper
1660,Vienna University of Economics and Business,Austria,https://www.wu.ac.at/,https://jobs.wu.ac.at/eng,own website,medium,OK-2hop:OK:6,generic scraper
1661,Université Libre de Bruxelles,Belgium,https://www.ulb.be/,https://www.ulb.be/fr/travailler-et-collaborer/vacances-d-emplois-academiques-et-scientifiques,own website,medium,OK-2hop:OK:2,generic scraper
1662,Ghent University,Belgium,https://www.ugent.be/,https://jobs.ugent.be/go/Professoren/8808802/,own website,medium,OK-2hop:OK:5,generic scraper
1663,Vlerick Business School,Belgium,https://www.vlerick.com/,https://www.vlerick.com/en/working-vlerick/join-the-faculty-team/,own website,medium,OK-2hop:OK:2,generic scraper
1664,KU Leuven,Belgium,https://www.kuleuven.be/,https://www.kuleuven.be/personeel/jobsite/jobs/professor?lang=nl,own website,medium,OK-2hop:OK:2,generic scraper
1665,Université catholique de Louvain,Belgium,https://www.uclouvain.be/,https://uclouvain.be/fr/emploi/listes-des-cours-vacants-par-faculte,own website,not_found,NO_MATCH [playwright],generic scraper
1666,Aarhus University,Denmark,https://www.au.dk/,https://international.au.dk/about/profile/vacant-positions,own website,medium,OK-2hop:OK:3,generic scraper
1667,University of Copenhagen,Denmark,https://www.ku.dk/,https://jobportal.ku.dk/tenure-track/,own website,medium,OK-2hop:OK:2,generic scraper
1668,Copenhagen Business School,Denmark,https://www.cbs.dk/,https://www.cbs.dk/en/about-cbs/job-and-career/vacant-positions?page=1,own website,medium,OK-2hop:OK:6,generic scraper
1669,Technical University of Denmark,Denmark,https://www.dtu.dk/,https://efzu.fa.em2.oraclecloud.com/hcmUI/CandidateExperience/da/sites/CX_2001/jobs?location=Denmark&locationId=300000000228648&locationLevel=country&mode=job-location,Oracle Cloud HCM,high,OK:8,adapter built
1670,Aalto University,Finland,https://www.aalto.fi/,https://www.aalto.fi/en/open-positions?sort_by=created&field_unit_target_id=All,own website,high,OK:6 [playwright],generic scraper
1671,Hanken School of Economics,Finland,https://www.hanken.fi/,https://hanken.rekrytointi.com/paikat/index.php?o=A_LOJ&list=1&lang=en&rspvt=og9gqralwpww44oc40w4cwgowkg0okc,Finnish gov recruitment portal,medium,OK-2hop:OK:2,generic scraper (verified working)
1672,University of Helsinki,Finland,https://www.helsinki.fi/,https://www.helsinki.fi/en/about-us/careers/open-positions,own website,medium,OK-2hop:OK:11,generic scraper
1673,University of Turku,Finland,https://www.utu.fi/,https://www.utu.fi/en/university/come-work-with-us/open-vacancies,own website,medium,OK-2hop:OK:3,generic scraper
1674,ESSEC Business School,France,https://www.essec.edu/,https://job.essec.edu/en/jobs,own website,medium,OK-2hop:OK:4 [playwright],generic scraper
1675,INSEAD,France,https://www.insead.edu/,https://iablgs.fa.ocs.oraclecloud.com/hcmUI/CandidateExperience/en/sites/CX_1/jobs?mode=location,Oracle Cloud HCM,not_found,NO_MATCH [playwright],adapter built
1677,Université Grenoble Alpes,France,https://www.univ-grenoble-alpes.fr/,https://emploi.univ-grenoble-alpes.fr/job-offers/,own website,not_found,NO_MATCH [playwright],generic scraper
1678,HEC Paris,France,https://www.hec.edu/,https://hec.csod.com/ux/ats/careersite/1/home?c=hec,Cornerstone OnDemand,medium,OK-2hop:OK:4,adapter built
1679,Institut Polytechnique de Paris,France,https://www.ip-paris.fr/,https://institut-polytechnique-de-paris.taleez.com/,own website,not_found,NO_MATCH [playwright],generic scraper
1680,ESCP Business School,France,https://www.escp.eu/,https://careers.werecruit.io/en/escp-business-school,own website,medium,OK-2hop:OK:5,generic scraper
1681,Sciences Po,France,https://www.sciencespo.fr/,https://www.sciencespo.fr/travailler-a-sciencespo/nos-offres/,own website,high,NO_MATCH [playwright];hand-verified-sync,generic scraper
1682,Sorbonne University,France,https://www.sorbonne-universite.fr/,https://jobs.sorbonne-universite.fr/homepage.aspx?LCID=2057,own website,medium,OK-2hop:OK:1,generic scraper
1683,Université PSL,France,https://www.psl.eu/,https://recrutement.psl.eu/nos-offres,own website,not_found,NO_MATCH [playwright],generic scraper
1684,RWTH Aachen University,Germany,https://www.rwth-aachen.de/,https://www.rwth-aachen.de/cms/root/wir/Karriere/RWTH-Jobportal/~crfe/Stellenangebote-fuer-Professuren/lidx/1/,own website,,,generic scraper
1685,Free University of Berlin,Germany,https://www.fu-berlin.de/,https://www.fu-berlin.de/universitaet/beruf-karriere/jobs/english/index.html,own website,,,generic scraper
1686,Humboldt University of Berlin,Germany,https://www.hu-berlin.de/,https://www.hu-berlin.de/en/university/working-at-the-hu/jobs?tx_sitepackage_joblist%5Baction%5D=search&tx_sitepackage_joblist%5Bcontroller%5D=Job&tx_sitepackage_joblist%5Bconstraint%5D%5BenableInternalOffers%5D=&tx_sitepackage_joblist%5Bt%5D=1787951974181,own website,,,generic scraper
1687,University of Cologne,Germany,https://www.uni-koeln.de/,https://jobportal.uni-koeln.de/?offset=0&showFilter=false&tab=&sort=bewerbungsfrist&name=dynamisch&beschaeftigungArtFilter=WISS&beschaeftigungArtZusFilter=&titelFilter=,own website,,,generic scraper
1688,Goethe University Frankfurt,Germany,https://www.uni-frankfurt.de/,https://berufungsportal.uni-frankfurt.de/,own website,high,hand-verified-sync,generic scraper
1689,Heidelberg University,Germany,https://www.uni-heidelberg.de/,https://adb.zuv.uni-heidelberg.de/info/INFO_LS$.Startup,own website,high,hand-verified-sync,generic scraper
1690,Karlsruhe Institute of Technology,Germany,https://www.kit.edu/,https://www.kit.edu/career/jobs.php,own website,high,hand-verified-sync,generic scraper
1691,University of Mannheim,Germany,https://www.uni-mannheim.de/,https://www.uni-mannheim.de/en/about/working-at-the-university/job-vacancies/,own website,high,hand-verified-sync,generic scraper
1692,Ludwig Maximilian University of Munich,Germany,https://www.lmu.de/,https://www.lmu.de/en/about-lmu/working-at-lmu/job-portal/academic-staff/,own website,high,hand-verified-sync,generic scraper
1693,Technical University of Munich,Germany,https://www.tum.de/,https://portal.mytum.de/jobs/professuren,own website,high,hand-verified-sync,generic scraper
1694,Athens University of Economics and Business,Greece,https://www.aueb.gr/,https://apella.minedu.gov.gr/en/positions,APELLA (Greece),high,hand-verified-sync,adapter built
1695,National Technical University of Athens,Greece,https://www.ntua.gr/,https://apella.minedu.gov.gr/en/positions,APELLA (Greece),high,hand-verified-sync,adapter built
1696,National and Kapodistrian University of Athens,Greece,https://www.uoa.gr/,https://apella.minedu.gov.gr/en/positions,APELLA (Greece),high,hand-verified-sync,adapter built
1697,Aristotle University of Thessaloniki,Greece,https://www.auth.gr/,https://apella.minedu.gov.gr/en/positions,APELLA (Greece),high,hand-verified-sync,adapter built
1698,Corvinus University of Budapest,Hungary,https://www.uni-corvinus.hu/,https://www.uni-corvinus.hu/ind/career-opportunities-at-corvinus/career-in-academia/?lang=en,own website,high,hand-verified-sync,generic scraper
1699,Eötvös Loránd University,Hungary,https://www.elte.hu/,https://www.elte.hu/en/work-opportunities,own website,high,hand-verified-sync,generic scraper
1700,Central European University,Hungary,https://www.ceu.edu/,https://careers.ceu.edu/go/Academic-Career-Opportunities/9273755/,own website,high,hand-verified-sync,generic scraper
1701,University of Iceland,Iceland,https://www.hi.is/,https://english.hi.is/about-ui/working-ui/vacancies,own website,high,hand-verified-sync,generic scraper
1702,University College Cork,Ireland,https://www.ucc.ie/,https://my.corehr.com/pls/uccrecruit/erq_search_version_4.start_search_with_params,CoreHR,high,hand-verified-sync,"blocked (CAPTCHA/WAF, confirmed)"
1703,Dublin City University,Ireland,https://www.dcu.ie/,https://my.corehr.com/pls/dcurecruit/erq_search_version_4.start_search_with_params,CoreHR,high,hand-verified-sync,"blocked (CAPTCHA/WAF, confirmed)"
1704,Trinity College Dublin,Ireland,https://www.tcd.ie/,https://my.corehr.com/pls/trrecruit/erq_search_version_4.start_search_with_params,CoreHR,high,hand-verified-sync,"blocked (CAPTCHA/WAF, confirmed)"
1705,University College Dublin,Ireland,https://www.ucd.ie/,https://my.corehr.com/pls/ucdrecruit/erq_search_version_4.start_search_with_params,CoreHR,high,hand-verified-sync,"blocked (CAPTCHA/WAF, confirmed)"
1706,University of Galway,Ireland,https://www.universityofgalway.ie/,https://my.corehr.com/pls/nuigrecruit/erq_search_version_4.start_search_with_params,CoreHR,high,hand-verified-sync,"blocked (CAPTCHA/WAF, confirmed)"
1707,University of Bologna,Italy,https://www.unibo.it/,https://bandi.unibo.it/didattica/incarichi-insegnamento,own website,high,hand-verified-sync,generic scraper
1708,Bocconi University,Italy,https://www.unibocconi.it/,https://jobmarket.unibocconi.eu/,own website,high,hand-verified-sync,generic scraper
1709,Politecnico di Milano,Italy,https://www.polimi.it/,https://www.polimi.it/en/staff/lavora-con-noi/bandi-e-concorsi,own website,high,hand-verified-sync,generic scraper
1710,University of Milan,Italy,https://www.unimi.it/,https://www.unimi.it/en/university/work-us/calls-and-competitions,own website,high,hand-verified-sync,generic scraper
1711,University of Padua,Italy,https://www.unipd.it/,https://protocollo.unipd.it/albo/viewer,own website,high,hand-verified-sync,generic scraper
1712,LUISS Guido Carli,Italy,https://www.luiss.edu/,https://www.luiss.it/en/university/governance/faculty/recruitment,own website,high,hand-verified-sync,generic scraper
1713,Sapienza University of Rome,Italy,https://www.uniroma1.it/,https://www.academicjobs.com/sapienza-university-of-rome-jobs,own website,high,hand-verified-sync,generic scraper
1714,Politecnico di Torino,Italy,https://www.polito.it/,https://careers.polito.it/default.aspx?qualificaAggr=DO,own website,high,hand-verified-sync,generic scraper
1715,University of Luxembourg,Luxembourg,https://www.uni.lu/,https://www.uni.lu/en/about/work/explore-our-jobs/,own website,high,hand-verified-sync,generic scraper
1716,University of Amsterdam,Netherlands,https://www.uva.nl/,https://werkenbij.uva.nl/vacatures,own website,high,hand-verified-sync,generic scraper
1717,Vrije Universiteit Amsterdam,Netherlands,https://www.vu.nl/,https://werkenbij.vu.nl/vacatures,own website,high,hand-verified-sync,generic scraper
1718,Delft University of Technology,Netherlands,https://www.tudelft.nl/,https://careers.tudelft.nl/go/All-jobs/9021002/,own website,high,hand-verified-sync,generic scraper
1719,Leiden University,Netherlands,https://www.universiteitleiden.nl/,https://careers.universiteitleiden.nl/go/Engelstalige-vacatures/9653701?markerViewed=&carouselIndex=&facetFilters=%7B%22filter2%22%3A%5B%22Academic+staff%22%5D%7D&pageNumber=0&_gl=1*r1tdwr*_ga*Nzk0MjcyMjQzLjE3ODgyODg4MzA.*_ga_0RSX4L0ZPZ*czE3ODgyODg4MzAkbzEkZzAkdDE3ODgyODg4NDIkajQ4JGwwJGgyMTc2MjMxNzE.*_fplc*Um9takNVa2FVejZaZ3FIQTNZVUpGUkRQb2pBb2o0ajJBaEhKJTJCcGpRQ1VBMUZGN2x1OWolMkIycDRYcnZFc2lFNzZIJTJGUjdEVlYzZkZkN2lSMFElMkJzVUo2Yk54YllrUzhBeFRnYlhIdlg0OEhnTUJUV0FYWEFEQVUzWTlzWXFPTlElM0QlM0Q.*_ga_CRX4PM593G*czE3ODgyODg4MzAkbzEkZzAkdDE3ODgyODg4NDIkajQ4JGwwJGgw,own website,high,hand-verified-sync,generic scraper
1720,Maastricht University,Netherlands,https://www.maastrichtuniversity.nl/,https://vacancies.maastrichtuniversity.nl/go/Vacatures/8841902/,own website,high,hand-verified-sync,generic scraper
1721,Erasmus University Rotterdam,Netherlands,https://www.eur.nl/,https://www.eur.nl/en/working-at-eur/vacancies/overview,own website,high,hand-verified-sync,generic scraper
1722,Tilburg University,Netherlands,https://www.tilburguniversity.edu/,https://career5.successfactors.eu/career?company=S003974031P&lang=nl_NL&career_ns=job_listing_summary&navBarLevel=JOB_SEARCH&_s.crb=6hYoVmeXY2z6%2bH0%2fMSGj5dWYTs0%3d,SAP SuccessFactors,high,hand-verified-sync,generic scraper (verified working)
1723,Utrecht University,Netherlands,https://www.uu.nl/,https://www.uu.nl/en/organisation/working-at-utrecht-university/jobs,own website,high,hand-verified-sync,generic scraper
1724,University of Bergen,Norway,https://www.uib.no/,https://www.jobbnorge.no/search/en?OrderBy=Published&Period=All&employer=724#1,own website,high,hand-verified-sync,generic scraper
1725,BI Norwegian Business School,Norway,https://www.bi.edu/,https://academicpositions.com/employer/bi-norwegian-business-school,own website,high,hand-verified-sync,generic scraper
1726,University of Oslo,Norway,https://www.uio.no/,https://www.uio.no/english/about/vacancies/academic/,own website,high,hand-verified-sync,generic scraper
1727,Norwegian University of Science and Technology,Norway,https://www.ntnu.no/,https://www.ntnu.edu/vacancies,own website,high,hand-verified-sync,generic scraper
1728,AGH University of Krakow,Poland,https://www.agh.edu.pl/,https://bazaogloszen.nauka.gov.pl/wyniki-wyszukiwania/,Poland national portal,high,hand-verified-sync,adapter built
1729,Jagiellonian University,Poland,https://www.uj.edu.pl/,https://bazaogloszen.nauka.gov.pl/wyniki-wyszukiwania/,Poland national portal,high,hand-verified-sync,adapter built
1730,University of Warsaw,Poland,https://www.uw.edu.pl/,https://bazaogloszen.nauka.gov.pl/wyniki-wyszukiwania/,Poland national portal,high,hand-verified-sync,adapter built
1731,Warsaw School of Economics,Poland,https://www.sgh.waw.pl/,https://bazaogloszen.nauka.gov.pl/wyniki-wyszukiwania/,Poland national portal,high,hand-verified-sync,adapter built
1732,Nova School of Business and Economics,Portugal,https://www.novasbe.unl.pt/,https://www.novasbe.unl.pt/en/about-us/join-our-school/faculty-and-researchers?_gl=1*1dkl70r*_up*MQ..*_ga*MTQ3NjQyMTUwOC4xNzg4Mjg5Nzc1*_ga_NRJH2682FN*czE3ODgyODk3NzMkbzEkZzAkdDE3ODgyODk3NzMkajYwJGwwJGg3NTg5MTkxNDk.,own website,high,hand-verified-sync,generic scraper
1733,Universidade de Coimbra,Portugal,https://www.uc.pt/,https://www.uc.pt/en/adai/open-positions/,own website,high,hand-verified-sync,generic scraper
1734,Universidade de Lisboa,Portugal,https://www.ulisboa.pt/,https://www.ulisboa.pt/en/info/recruitment,own website,high,hand-verified-sync,generic scraper
1735,Universidade do Porto,Portugal,https://www.up.pt/,https://sigarra.up.pt/up/en/p/recrutamento,own website,high,hand-verified-sync,generic scraper
1736,Bucharest University of Economic Studies,Romania,https://www.ase.ro/,https://resurseumane.ase.ro/,own website,high,hand-verified-sync,generic scraper
1737,University of Bucharest,Romania,https://www.unibuc.ro/,https://unibuc.ro/despre-ub/cariere/personal-didactic/posturi-vacante/,own website,high,hand-verified-sync,generic scraper
1738,Babeș-Bolyai University,Romania,https://www.ubbcluj.ro/,https://www.ubbcluj.ro/ro/infoubb/posturi_vacante/posturi_didactice_perioada_nedeterminata,own website,high,hand-verified-sync,generic scraper
1739,ESADE Business School,Spain,https://www.esade.edu/,https://esadefaculty.teamtailor.com/jobs,own website,high,hand-verified-sync,generic scraper
1740,IESE Business School,Spain,https://www.iese.edu/,https://jobs.iese.edu/,own website,high,hand-verified-sync,generic scraper
1741,Universitat Politècnica de Catalunya,Spain,https://www.upc.edu/,https://www.upc.edu/en/the-upc/the-institution/jobs-at-the-upc,own website,high,hand-verified-sync,generic scraper
1742,Universitat Pompeu Fabra,Spain,https://www.upf.edu/,https://www.academicjobs.com/universitat-pompeu-fabra-jobs,own website,high,hand-verified-sync,generic scraper
1743,Universitat de Barcelona,Spain,https://www.ub.edu/,https://www.academicjobs.com/universitat-de-barcelona-jobs,own website,high,hand-verified-sync,generic scraper
1744,IE University,Spain,https://www.ie.edu/,https://careers-ieedu.icims.com/jobs/search?ss=1,iCIMS,high,OK-2hop:OK:10,adapter built
1745,Universidad Autónoma de Madrid,Spain,https://www.uam.es/,https://www.uam.es/uam/en/investigacion/ofertas-empleo,own website,high,hand-verified-sync,generic scraper
1746,Universidad Complutense de Madrid,Spain,https://www.ucm.es/,https://www.ucm.es/empleo-ucm,own website,high,hand-verified-sync,generic scraper
1747,Chalmers University of Technology,Sweden,https://www.chalmers.se/,https://www.chalmers.se/en/about-chalmers/work-with-us/assistant-professor-positions/,own website,high,hand-verified-sync,generic scraper
1748,Lund University,Sweden,https://www.lu.se/,https://www.lunduniversity.lu.se/vacancies,own website,high,hand-verified-sync,generic scraper
1749,KTH Royal Institute of Technology,Sweden,https://www.kth.se/,https://www.kth.se/lediga-jobb?l=en,own website,high,hand-verified-sync,generic scraper
1750,Stockholm School of Economics,Sweden,https://www.hhs.se/,https://jobs.hhs.se/job-vacancies,own website,high,hand-verified-sync,generic scraper
1751,Uppsala University,Sweden,https://www.uu.se/,https://www.uu.se/en/about-uu/join-us/jobs-and-vacancies,own website,high,hand-verified-sync,generic scraper
1752,University of Geneva,Switzerland,https://www.unige.ch/,https://jobs.unige.ch/www/wd_portal.search_results?p_web_site_id=1&p_category_id=1&p_show_results=Y&p_form_type=CHECKBOX&p1=51&p1_val=Any&p2=46&p2_val=Any&p_text=,own website,high,hand-verified-sync,generic scraper
1753,EPFL,Switzerland,https://www.epfl.ch/,https://www.epfl.ch/about/working/working-at-epfl/job-openings/,own website,high,hand-verified-sync,generic scraper
1754,University of Lausanne,Switzerland,https://www.unil.ch/,https://career5.successfactors.eu/career?company=universitdP&career_ns=job_listing_summary&navBarLevel=JOB_SEARCH&_s.crb=PsccOVQ6GYtc2oETUbXzVmM3LAk%3d,SAP SuccessFactors,high,hand-verified-sync,generic scraper (verified working)
1755,University of St. Gallen,Switzerland,https://www.unisg.ch/,https://www.unisg.ch/en/university/working-at-hsg/jobs/,own website,high,hand-verified-sync,generic scraper
1756,ETH Zurich,Switzerland,https://www.ethz.ch/,https://ethz.ch/en/the-eth-zurich/working-teaching-and-research/faculty/faculty-affairs/ausgeschriebene-professuren.html,own website,high,hand-verified-sync,generic scraper
1757,University of Zurich,Switzerland,https://www.uzh.ch/,https://uzhcareer.ch/de/jobs/,own website,high,hand-verified-sync,generic scraper
1758,Bilkent University,Turkey,https://www.bilkent.edu.tr/,https://w3.bilkent.edu.tr/bilkent/open-academic-positions/,own website,high,hand-verified-sync,generic scraper
1759,Middle East Technical University,Turkey,https://www.metu.edu.tr/,https://www.academicjobs.com/employers/middle-east-technical-university/8994/jobs,own website,high,hand-verified-sync,generic scraper
1760,Boğaziçi University,Turkey,https://www.boun.edu.tr/,https://academicjobsonline.org/ajo/Bo%C4%9Fazi%C3%A7i%20University,AcademicJobsOnline,high,hand-verified-sync,adapter built
1761,Koç University,Turkey,https://www.ku.edu.tr/,https://jobs.ku.edu.tr/,own website,high,hand-verified-sync,generic scraper
1762,Sabancı University,Turkey,https://www.sabanciuniv.edu/,https://www.sabanciuniv.edu/en/academic-positions,own website,high,hand-verified-sync,generic scraper
1763,University of Birmingham,United Kingdom,https://www.birmingham.ac.uk/,https://edzz.fa.em3.oraclecloud.com/hcmUI/CandidateExperience/en/sites/CX_6001/jobs?lastSelectedFacet=CATEGORIES&selectedCategoriesFacet=300000002904064,Oracle Cloud HCM,high,OK:10,adapter built
1764,University of Bristol,United Kingdom,https://www.bristol.ac.uk/,https://www.bristol.ac.uk/jobs/find/,own website,,,generic scraper
1765,University of Cambridge,United Kingdom,https://www.cam.ac.uk/,https://www.cam.ac.uk/jobs/search,own website,,,generic scraper
1766,University of Warwick,United Kingdom,https://www.warwick.ac.uk/,https://warwick-careers.tal.net/vx/lang-en-GB/mobile-0/appcentre-ext/brand-4/user-11595/xf-287774c8e052/candidate/jobboard/vacancy/3/adv/,own website,,,generic scraper
1767,University of Edinburgh,United Kingdom,https://www.ed.ac.uk/,https://www.jobs.ac.uk/search/?keywords=University%20of%20Edinburgh,own website,,,generic scraper
1768,University of Glasgow,United Kingdom,https://www.gla.ac.uk/,https://www.jobs.gla.ac.uk/jobs?source=google.com,own website,,,generic scraper
1769,University of Leeds,United Kingdom,https://www.leeds.ac.uk/,https://jobs.leeds.ac.uk/vacancies.aspx?cat=200,own website,,,generic scraper
1770,Imperial College London,United Kingdom,https://www.imperial.ac.uk/,https://www.imperial.ac.uk/jobs/search-jobs/?,own website,,,generic scraper
1771,King's College London,United Kingdom,https://www.kcl.ac.uk/,https://www.kcl.ac.uk/jobs/search?term=,own website,,,generic scraper
1772,London Business School,United Kingdom,https://www.london.edu/,https://jobsearch.london.edu/,own website,,,generic scraper
1773,London School of Economics and Political Science,United Kingdom,https://www.lse.ac.uk/,https://jobs.lse.ac.uk/V2/Vacancy/Index?enc=HRIqN026cS+vCbCYvrmuUlRuC79/39yknYl6JyVFAq0mun48UhH8QAr+8i5zlZ1Iopg1CFFQVvSCOnD76tE5697cs+NZYbkYpVmUd+mthuk=,own website,,,generic scraper
1774,University College London,United Kingdom,https://www.ucl.ac.uk/,https://www.ucl.ac.uk/work-at-ucl/search-ucl-jobs,own website,,,generic scraper
1775,University of Manchester,United Kingdom,https://www.manchester.ac.uk/,https://www.jobs.manchester.ac.uk/Home/Job,own website,,,generic scraper
1776,University of Oxford,United Kingdom,https://www.ox.ac.uk/,https://my.corehr.com/pls/uoxrecruit/erq_search_version_4.start_search_with_params?p_company=10&p_internal_external=E&p_display_in_irish=N&p_competition_type=AC&p_force_type=E,CoreHR,,,"blocked (CAPTCHA/WAF, confirmed)"
1777,University of St Andrews,United Kingdom,https://www.st-andrews.ac.uk/,https://www.vacancies.st-andrews.ac.uk/V2/Vacancy/Index?enc=HRIqN026cS+vCbCYvrmuUlRuC79/39yknYl6JyVFAq0mun48UhH8QAr+8i5zlZ1Iopg1CFFQVvSCOnD76tE5697cs+NZYbkYpVmUd+mthuk=,own website,,,generic scraper
1778,Australian National University,Australia,https://www.anu.edu.au/,https://jobs.anu.edu.au/jobs/search?page=1&category_uids%5B%5D=37694d529bb555c68f1e76ddc653d496&query=,own website,high,OK-2hop:OK:6,generic scraper
1779,University of Canberra,Australia,https://www.canberra.edu.au/,https://uctalent.canberra.edu.au/cw/en/listing.html,own website,,,generic scraper
1780,University of New England,Australia,https://www.une.edu.au/,https://www.une.edu.au/jobs-at-une/current,own website,,,generic scraper
1781,Charles Sturt University,Australia,https://www.csu.edu.au/,https://external-jobs.csu.edu.au/cw/en/listing,own website,,,generic scraper
1782,Avondale University,Australia,https://www.avondale.edu.au/,https://www.avondale.edu.au/jobs/,own website,,,generic scraper
1783,Southern Cross University,Australia,https://www.scu.edu.au/,"https://scu.nga.net.au/cp/index.cfm?event=jobs.home&CurATC=SCUV&CurBID=51DD8D38%2D4B88%2D7392%2DACDD%2DED0640CCE5F0&persistVariables=CurATC,CurBID&rmuh=15EDB634969DDC3C00315ACF8D676E85FD9E305F",PageUp/NGA,,,"blocked (CAPTCHA/WAF, confirmed)"
1784,University of Newcastle,Australia,https://www.newcastle.edu.au/,https://www.newcastle.edu.au/our-uni/jobs/job-vacancies/external,own website,,,generic scraper
1785,Alphacrucis University College,Australia,https://www.ac.edu.au/,https://www.ac.edu.au/job-opportunities/,own website,,,generic scraper
1786,Australian Catholic University,Australia,https://www.acu.edu.au/,https://www.acu.edu.au/about-acu/careers-at-acu/how-to-apply/job-vacancies,own website,,,generic scraper
1787,Excelsia College,Australia,https://www.excelsia.edu.au/,https://employmenthero.com/jobs/organisations/excelsia-university-college/,own website,,,generic scraper
1788,Macquarie University,Australia,https://www.mq.edu.au/,https://mq.wd3.myworkdayjobs.com/CareersatMQ,Workday,high,OK:8 [playwright],adapter built
1789,University of New South Wales,Australia,https://www.unsw.edu.au/,https://external-careers.jobs.unsw.edu.au/,own website,,,generic scraper
1790,University of Sydney,Australia,https://www.sydney.edu.au/,https://usyd.wd105.myworkdayjobs.com/USYD_EXTERNAL_CAREER_SITE/jobs,Workday,high,OK-2hop:OK:8 [playwright],adapter built
1791,University of Technology Sydney,Australia,https://www.uts.edu.au/,https://recruitment.uts.edu.au/OA_HTML/OA.jsp?OAFunc=IRC_VIS_HOME_NEW_JOBS&_ti=620357091&oapc=2&oas=1N5G4mzcqWkf6lkmKhbEMw..,own website,,,generic scraper
1792,Western Sydney University,Australia,https://www.westernsydney.edu.au/,https://www.westernsydney.edu.au/careers/jobs,own website,high,OK-2hop:OK:7,generic scraper
1793,University of Wollongong,Australia,https://www.uow.edu.au/,https://ejgl.fa.ap1.oraclecloud.com/hcmUI/CandidateExperience/en/sites/UOW/jobs,Oracle Cloud HCM,,,generic scraper
1794,Charles Darwin University,Australia,https://www.cdu.edu.au/,https://cdu.t1cloud.com/T1Default/CiAnywhere/Web/CDU/OrganisationManagement/JobBoardEnquiry?f=%24ORG.REC.EXJOBB.ENQ&h=P4qJOSCldv&t=1B453F2F&suite=CES&pagekey=20260902210555,own website,,,generic scraper
1796,Griffith University,Australia,https://www.griffith.edu.au/,https://jobs.smartrecruiters.com/GriffithUniversity/careers,SmartRecruiters,,,generic scraper
1797,Queensland University of Technology,Australia,https://www.qut.edu.au/,https://qut.nga.net.au/cp/index.cfm?event=jobs.listJobs&jobListid=73e3bb51-1aa7-db29-2ea3-52af99b4f747,PageUp/NGA,,,"blocked (CAPTCHA/WAF, confirmed)"
1798,University of Queensland,Australia,https://www.uq.edu.au/,https://uq.wd3.myworkdayjobs.com/uqcareers,Workday,,,adapter built
1799,Bond University,Australia,https://www.bond.edu.au/,https://bond.edu.au/our-university/careers-at-bond/jobs-at-bond,own website,,,generic scraper
1800,CQUniversity,Australia,https://www.cqu.edu.au/,https://careers.cqu.edu.au/go/Academic-&-ELICOS-Jobs/7956910/,own website,,,generic scraper
1801,University of the Sunshine Coast,Australia,https://www.usc.edu.au/,https://careers.usc.edu.au/jobs/search,own website,,,generic scraper
1802,University of Southern Queensland,Australia,https://www.unisq.edu.au/,https://usq.nga.net.au/cp/index.cfm?audiencetypecode=ext,PageUp/NGA,,,"blocked (CAPTCHA/WAF, confirmed)"
1803,James Cook University,Australia,https://www.jcu.edu.au/,https://careers.jcu.edu.au/jobs/search,own website,,,generic scraper
1804,Australian Institute of Business,Australia,https://www.aib.edu.au/,https://www.aib.edu.au/about-us/positions-available/,own website,,,generic scraper
1805,Flinders University,Australia,https://www.flinders.edu.au/,https://flinders.wd3.myworkdayjobs.com/flinders_employment,Workday,high,OK-2hop:OK:10,adapter built
1806,Torrens University Australia,Australia,https://www.torrens.edu.au/,https://strayer.wd1.myworkdayjobs.com/en-US/ANZ_TUA_External1,Workday,high,OK-2hop:OK:6,adapter built
1807,University of Adelaide,Australia,https://www.adelaide.edu.au/,https://careers.adelaide.edu.au/,own website,,,generic scraper
1808,Adelaide University,Australia,https://www.unisa.edu.au/,https://jobs.adelaide.edu.au/jobs/search,own website,,,generic scraper
1809,University of Tasmania,Australia,https://www.utas.edu.au/,https://careers.utas.edu.au/en/listing/,own website,high,OK-2hop:OK:6 [playwright],generic scraper
1810,Federation University Australia,Australia,https://www.federation.edu.au/,https://wd105.myworkdaysite.com/recruiting/federation/Federation_Careers,Workday,,,generic scraper
1811,Deakin University,Australia,https://www.deakin.edu.au/,https://careers.pageuppeople.com/949/cw/en/listing/,PageUp,,,generic scraper (verified working)
1812,La Trobe University,Australia,https://www.latrobe.edu.au/,https://jobs.latrobe.edu.au/en/listing/,own website,,,generic scraper
1813,Monash University,Australia,https://www.monash.edu/,https://careers.pageuppeople.com/513/cw/en/listing,PageUp,,,generic scraper (verified working)
1814,RMIT University,Australia,https://www.rmit.edu.au/,https://rmit.wd3.myworkdayjobs.com/RMIT_Careers,Workday,,,adapter built
1815,Swinburne University of Technology,Australia,https://www.swinburne.edu.au/,"https://swinjobs.nga.net.au/cp/index.cfm?event=jobs.listJobs&jobListid=1e31354d-ae80-9f9a-6321-5b3e8846b9e0&AudienceTypeCode=EXT&unpersistVars=CurATC,CurBID,jobListid&rmuh=A703045E85CF1618241426410433C711F3C4108C",PageUp/NGA,,,"blocked (CAPTCHA/WAF, confirmed)"
1816,University of Melbourne,Australia,https://www.unimelb.edu.au/,https://unimelb.wd105.myworkdayjobs.com/UoM_External_Career,Workday,high,OK-2hop:OK:6 [playwright],adapter built
1817,Victoria University,Australia,https://www.vu.edu.au/,https://fa-ercy-saasfaprod1.fa.ocs.oraclecloud.com/hcmUI/CandidateExperience/en/sites/CX_2001/jobs,Oracle Cloud HCM,,,adapter built
1818,University of Notre Dame Australia,Australia,https://www.nd.edu.au/,https://search.nd.edu.au/s/search.html?collection=und~sp-jobs&profile=jobs,own website,high,OK-2hop:OK:8 [playwright],generic scraper
1819,Curtin University,Australia,https://www.curtin.edu.au/,https://staff.curtin.edu.au/job-vacancies/,own website,,,generic scraper
1820,Edith Cowan University,Australia,https://www.ecu.edu.au/,https://ecu.nga.net.au/cp/index.cfm?event=jobs.listJobs&jobListid=52d30031-d147-1b48-1974-6d5424ffc295&rmuh=745663EEECEB1C59E8FEC17632E47F32D92BE092,PageUp/NGA,,,"blocked (CAPTCHA/WAF, confirmed)"
1821,Murdoch University,Australia,https://www.murdoch.edu.au/,https://murdoch.wd3.myworkdayjobs.com/MurdochCareers,Workday,,,adapter built
1822,University of Western Australia,Australia,https://www.uwa.edu.au/,https://external.jobs.uwa.edu.au/jobs/search,own website,,,generic scraper
1823,Auckland University of Technology,New Zealand,https://www.aut.ac.nz/,https://careers.aut.ac.nz/jobs,own website,high,"Confirmed live listings page, powered by Snaphire ATS",generic scraper
1824,University of Auckland,New Zealand,https://www.auckland.ac.nz/,https://jobs.smartrecruiters.com/TheUniversityOfAuckland/,SmartRecruiters,high,Confirmed live SmartRecruiters listings with ~20 open roles,adapter built
1825,University of Canterbury,New Zealand,https://www.canterbury.ac.nz/,https://jobs.canterbury.ac.nz/search,own website,high,"Direct search/listings page, 33 vacancies reported",generic scraper
1826,University of Otago,New Zealand,https://www.otago.ac.nz/,https://otago.taleo.net/careersection/2/moresearch.ftl,Taleo,high,Direct Taleo career section job list,generic scraper (verified working)
1827,University of Waikato,New Zealand,https://www.waikato.ac.nz/,https://elhs.fa.ap1.oraclecloud.com/hcmUI/CandidateExperience/en/sites/CX/jobs?lastSelectedFacet=TITLES&mode=location&selectedTitlesFacet=UOW_ACADEMIC,Oracle Cloud HCM,high,Direct current vacancies listing page,adapter built
1828,Lincoln University,New Zealand,https://www.lincoln.ac.nz/,https://careers.lincoln.ac.nz/search,own website,high,Direct search/listings page,generic scraper
1829,Massey University,New Zealand,https://www.massey.ac.nz/,https://massey.t1cloud.com/T1Default/CiAnywhere/Web/MASSEY/OrganisationManagement/JobBoardEnquiry?f=%24ORG.REC.EXJOBB.ENQ&suite=CES&G=5bca84fd-f451-42ff-a6d8-98078988867f,own website,high,Confirmed direct listing link on jobs-at-massey hub page,generic scraper
1830,Victoria University of Wellington,New Zealand,https://www.wgtn.ac.nz/,https://ejye.fa.ap1.oraclecloud.com/hcmUI/CandidateExperience/en/sites/CX_1/jobs?lastSelectedFacet=CATEGORIES&selectedCategoriesFacet=300000002931158,Oracle Cloud HCM,high,Confirmed direct portal link from wgtn.ac.nz/jobs hub page,adapter built
1831,City University of Hong Kong,Hong Kong,https://www.cityu.edu.hk/,https://jobs1.cityu.edu.hk/apply/Default.aspx?jobtype=ACAD,own website,high,"CityUHK e-Recruitment System, filtered to academic job type",generic scraper
1833,HKCT Institute of Higher Education,Hong Kong,https://www.hkct.edu.hk/,https://www.hkct.edu.hk/en/abouthkct/join-us,own website,high,Join Us page directly lists current academic/admin openings,generic scraper
1834,Hong Kong Baptist University,Hong Kong,https://www.hkbu.edu.hk/,https://fa-ewqq-saasfaprod1.fa.ocs.oraclecloud.com/hcmUI/CandidateExperience/en/sites/hkbu/requisitions,Oracle Cloud HCM,high,Linked from HRO employment opportunities page (hro.hkbu.edu.hk),adapter built
1835,Hong Kong Chu Hai College,Hong Kong,https://www.chuhai.edu.hk/,https://www.chuhai.edu.hk/en/page/jobs?id=b9f07df8-bc36-430a-91ea-b8f196e36f18,own website,high,Direct careers page listing open-rank academic and dean positions,generic scraper
1836,Hong Kong Metropolitan University,Hong Kong,https://www.hkmu.edu.hk/,https://hkmu.taleo.net/careersection/ex_full_time/jobsearch.ftl?lang=en&portal=101430233,Taleo,,,generic scraper (verified working)
1837,Hong Kong Nang Yan College of Higher Education,Hong Kong,https://www.ny.edu.hk/,,,,,
1838,Hong Kong Shue Yan University,Hong Kong,https://www.hksyu.edu/,https://www.hksyu.edu/en/snippets/external-vacancy,own website,high,External Vacancies page,generic scraper
1839,Lingnan University,Hong Kong,https://www.ln.edu.hk/,https://lingnan.csod.com/ux/ats/careersite/4/home?c=lingnan&cfdd[0][id]=151&cfdd[0][options][0]=101,Cornerstone OnDemand,high,CSOD careersite linked from ln.edu.hk/job-vacancies (Lingnan-60 Global Talent Recruitment),adapter built
1840,Saint Francis University,Hong Kong,https://www.sfu.edu.hk/,https://www.sfu.edu.hk/en/career/academic-teaching-positions/index.html,own website,high,Academic/Teaching Positions page,generic scraper
1841,Technological and Higher Education Institute of Hong Kong,Hong Kong,https://www.thei.edu.hk/,https://www.thei.edu.hk/about-thei/career-opportunities,own website,high,Career Opportunities page listing Teaching and Academic Posts,generic scraper
1842,The Chinese University of Hong Kong,Hong Kong,https://www.cuhk.edu.hk/,https://cuhk.taleo.net/careersection/cu_career_teach/jobsearch.ftl?lang=en&portal=10115020119,Taleo,high,"Professoriate, Teaching & Research Academic Posts search portal (career.cuhk.edu.hk redirects to HRO page linking here)",generic scraper (verified working)
1843,The Hang Seng University of Hong Kong,Hong Kong,https://www.hsu.edu.hk/,https://www.hsu.edu.hk/en/job-opportunities/,own website,high,Job Openings page,generic scraper
1844,The Hong Kong Polytechnic University,Hong Kong,https://www.polyu.edu.hk/,https://jobs.polyu.edu.hk/academic.php,own website,high,"Academic/Teaching/Clinical Posts listing, linked from polyu.edu.hk/hro/careers external advertisements hub",generic scraper
1845,The Hong Kong University of Science and Technology,Hong Kong,https://www.ust.hk/,https://hkustcareers.hkust.edu.hk/join-us/current-opening/academic-careers,own website,high,Academic Careers current openings page,generic scraper
1846,The University of Hong Kong,Hong Kong,https://www.hku.hk/,https://jobs.hku.hk/,own website,high,"HKU Careers portal, confirmed PageUp-powered with direct academic listings",generic scraper
1847,Tung Wah College,Hong Kong,https://www.twc.edu.hk/,https://careers.twc.edu.hk/search/?createNewAlert=false&q=&optionsFacetsDD_department=Academic+Staff&optionsFacetsDD_dept=,own website,,,generic scraper
1848,UOW College Hong Kong,Hong Kong,https://www.uowchk.edu.hk/,https://www.uowchk.edu.hk/working-with-us/,own website,high,Working With Us page directly lists current openings incl. Lecturer/Senior Lecturer roles,generic scraper
1849,University of Macau,Macau,https://www.career.admo.um.edu.mo/,https://career.admo.um.edu.mo/,own website,high,This is the base_url; confirmed direct career portal listing multiple faculty positions,generic scraper
1850,Macao Polytechnic University,Macau,https://www.ipm.edu.mo/,https://earth.ipm.edu.mo/store/en/pre/notification/page/home,own website,high,hand-verified-sync,generic scraper
1851,Macao University of Tourism,Macau,https://www.iftm.edu.mo/,https://www.utm.edu.mo/visitors/job-vacancies,own website,high,Official job vacancies page for teaching posts,generic scraper
1852,Macao University of Science and Technology,Macau,https://www.must.edu.mo/,https://careers.must.edu.mo/recruitment-latest?locale=en_US,own website,high,Dedicated recruitment system subdomain,generic scraper
1853,City University of Macau,Macau,https://www.cityu.edu.mo/,https://hro.cityu.edu.mo/en/category/job-application/,own website,high,hand-verified-sync,generic scraper
1855,Macau Institute of Management,Macau,https://www.mim.edu.mo/,https://www.mim.edu.mo/?list_102/,own website,high,hand-verified-sync,generic scraper
1856,Macau Millennium College,Macau,https://www.mmc.edu.mo/,https://mmc.edu.mo/blog/contact_zh_hk/1284/,own website,high,hand-verified-sync,generic scraper
1857,National University of Singapore,Singapore,https://www.nus.edu.sg/,https://careers.nus.edu.sg/Acadpositions/go/Academic-Positions-Tenure-Track/732844/,own website,high,Direct academic positions listing page;hand-verified-sync,generic scraper
1858,Nanyang Technological University,Singapore,https://www.ntu.edu.sg/,https://ntu.wd3.myworkdayjobs.com/Careers,Workday,high,Direct Workday careers listing,adapter built
1859,Singapore Management University,Singapore,https://www.smu.edu.sg/,https://careers.smu.edu.sg/faculty-recruitment,own website,high,Direct faculty recruitment listing page,generic scraper
1860,Singapore Institute of Technology,Singapore,https://www.singaporetech.edu.sg/,https://careers.singaporetech.edu.sg/search/?q=&searchResultView=LIST,own website,high,Confirmed direct portal linked from singaporetech.edu.sg/careers hub;hand-verified-sync,generic scraper
1861,Singapore University of Social Sciences,Singapore,https://www.suss.edu.sg/,https://careers.suss.edu.sg/go/Academic-Appointments/4634610/,own website,high,hand-verified-sync,generic scraper
1862,Singapore University of Technology and Design,Singapore,https://www.sutd.edu.sg/,https://careers.sutd.edu.sg/search/?createNewAlert=false&q=&optionsFacetsDD_facility=&optionsFacetsDD_department=,own website,high,Confirmed direct portal linked from sutd.edu.sg/about/careers hub;hand-verified-sync,generic scraper
1863,Nanyang Polytechnic,Singapore,https://www.nyp.edu.sg/,https://sggovterp.wd102.myworkdayjobs.com/PublicServiceCareers/1/refreshFacet/318c8bb6f553100021d223d9780d30be,Workday,high,Direct academic positions listing page;hand-verified-sync,adapter built
1864,Ngee Ann Polytechnic,Singapore,https://www.np.edu.sg/,https://www.careers.hrp.gov.sg/sap/bc/ui5_ui5/sap/ZGERCFA004/index.html?search-keyword=Ngee%20Ann%20Polytechnic,own website,high,Singapore public-sector HRP careers portal filtered for Ngee Ann Polytechnic,generic scraper
1865,Republic Polytechnic,Singapore,https://www.rp.edu.sg/,https://sggovterp.wd102.myworkdayjobs.com/PublicServiceCareers?Agency=26a21744a99701e9cbff9c91d700649c,Workday,high,Singapore public service Workday portal filtered for Republic Polytechnic,adapter built
1866,Singapore Polytechnic,Singapore,https://www.sp.edu.sg/,https://jobs.careers.gov.sg/?a=Singapore+Polytechnic,own website,high,Singapore govt careers portal filtered for Singapore Polytechnic,generic scraper
1867,Temasek Polytechnic,Singapore,https://www.tp.edu.sg/,https://www.careers.hrp.gov.sg/sap/bc/ui5_ui5/sap/ZGERCFA004/index.html?search-keyword=temasek,own website,high,Singapore public-sector HRP careers portal filtered for Temasek Polytechnic,generic scraper
1868,Wrexham University,United Kingdom,https://www.wrexham.ac.uk/,https://jobs.wrexham.ac.uk/vacancies.aspx,own website,,,generic scraper
1869,Aston University,United Kingdom,https://www.aston.ac.uk/,https://jobs.aston.ac.uk/vacancies.aspx?cat=-1,own website,,,generic scraper
1870,Coventry University,United Kingdom,https://www.coventry.ac.uk/,https://cugcareers.coventry.ac.uk/search/?createNewAlert=false&q=&optionsFacetsDD_department=Academic&optionsFacetsDD_customfield1=&optionsFacetsDD_location=&_gl=1*4rwdec*_up*MQ..*_ga*OTEyMDYwNzk3LjE3ODc5NTQwMjM.*_ga_7VZC8X705P*czE3ODc5NTQwMjIkbzEkZzAkdDE3ODc5NTQwMjIkajYwJGwwJGgw*_ga_LJPXFS1LDK*czE3ODc5NTQwMjIkbzEkZzAkdDE3ODc5NTQwMjIkajYwJGwwJGgw*_ga_2LG4LME95N*czE3ODc5NTQwMjIkbzEkZzAkdDE3ODc5NTQwMjIkajYwJGwwJGgxODY2NTQ2OTQz,own website,,,generic scraper
1871,Nottingham Trent University,United Kingdom,https://www.ntu.ac.uk/,https://www.jobs.ac.uk/search/?keywords=Nottingham%20Trent%20University,own website,,,generic scraper
1872,Sheffield Hallam University,United Kingdom,https://www.shu.ac.uk/,https://www.jobs.ac.uk/search/?keywords=Sheffield%20Hallam%20University,own website,,,generic scraper
1874,Northumbria University,United Kingdom,https://www.northumbria.ac.uk/,https://work4.northumbria.ac.uk/#en/sites/CX_1001/jobs,Oracle Cloud HCM,,,generic scraper
1875,De Montfort University,United Kingdom,https://www.dmu.ac.uk/,https://www.jobs.ac.uk/search/?keywords=De%20Montfort%20University,own website,,,generic scraper
1876,Oxford Brookes University,United Kingdom,https://www.brookes.ac.uk/,https://my.corehr.com/pls/oburecruit/erq_search_version_4.start_search_with_params,CoreHR,,,"blocked (CAPTCHA/WAF, confirmed)"
1877,Kingston University,United Kingdom,https://www.kingston.ac.uk/,https://jobs.kingston.ac.uk/home.html#filter=p_web_site_id%3D5815%26p_published_to%3DWWW%26p_language%3DDEFAULT%26p_direct%3DY%26p_format%3DMOBILE%26p_include_exclude_from_list%3DN%26p_search%3D,own website,,,generic scraper
1878,Middlesex University,United Kingdom,https://www.mdx.ac.uk/,https://jobs.mdx.ac.uk/vacancies.aspx?cat=200,own website,,,generic scraper
1879,University of Greenwich,United Kingdom,https://www.gre.ac.uk/,https://jobs.gre.ac.uk/vacancies.aspx?cat=407,own website,,,generic scraper
1880,Manchester Metropolitan University,United Kingdom,https://www.mmu.ac.uk/,https://manmetjobs.mmu.ac.uk/jobs/vacancy/find/results/,own website,,,generic scraper
1881,Leeds Beckett University,United Kingdom,https://www.leedsbeckett.ac.uk/,https://vacancies.leedsbeckett.ac.uk/ce0984li_webrecruitment/wrd/run/ETREC105GF?USESSION=C59F66C55E2608EA1C843755BE73D602&WVID=7412577lKO&LANG=USA,own website,,,generic scraper
1882,University of Sunderland,United Kingdom,https://www.sunderland.ac.uk/,https://jobs.sunderland.ac.uk/vacancies.aspx?cat=all,own website,,,generic scraper
1883,University of Limerick,Ireland,https://www.ul.ie/,https://my.corehr.com/pls/esbsheulrecruit/erq_search_version_4.start_search_with_params,CoreHR,high,hand-verified-sync,"blocked (CAPTCHA/WAF, confirmed)"
1884,Technological University Dublin,Ireland,https://www.tudublin.ie/,https://my.corehr.com/pls/tudrecruit/erq_search_version_4.start_search_with_params,CoreHR,high,hand-verified-sync,"blocked (CAPTCHA/WAF, confirmed)"
1885,Munster Technological University,Ireland,https://www.mtu.ie/,https://my.corehr.com/pls/mturecruit/erq_search_version_4.start_search_with_params,CoreHR,high,hand-verified-sync,"blocked (CAPTCHA/WAF, confirmed)"
1886,University of Groningen,Netherlands,https://www.rug.nl/,https://werkenbij.rug.nl/en/all-vacancies/,own website,high,hand-verified-sync,generic scraper
1887,University of Twente,Netherlands,https://www.utwente.nl/,https://utwentecareers.nl/en/vacancies/?type=WP,own website,high,hand-verified-sync,generic scraper
1888,Radboud University,Netherlands,https://www.ru.nl/,https://www.ru.nl/werken-bij/vacatures,own website,high,hand-verified-sync,generic scraper
1889,Eindhoven University of Technology,Netherlands,https://www.tue.nl/,https://www.tue.nl/en/working-at-tue/vacancy-overview,own website,high,hand-verified-sync,generic scraper
1890,University of Gothenburg,Sweden,https://www.gu.se/,https://www.gu.se/en/work-at-the-university-of-gothenburg/vacancies,own website,high,hand-verified-sync,generic scraper
1891,Aalborg University,Denmark,https://www.aau.dk/,https://www.vacancies.aau.dk/,own website,high,hand-verified-sync,generic scraper
1892,University of Southern Denmark,Denmark,https://www.sdu.dk/,https://fa-eosd-saasfaprod1.fa.ocs.oraclecloud.com/hcmUI/CandidateExperience/da/sites/CX_1001/requisitions?keyword=Universitetsbibliotek&mode=location,Oracle Cloud HCM,high,OK-2hop:OK:6,adapter built
1893,University of Vaasa,Finland,https://www.uwasa.fi/,https://uva.rekrytointi.com/paikat/?o=A_LOJ&list=6&lang=en,Finnish gov recruitment portal,,,generic scraper (verified working)
1894,University of Oulu,Finland,https://www.oulu.fi/,https://oulunyliopisto.varbi.com/en/,own website,,,generic scraper
1895,MacEwan University,Canada,https://www.macewan.ca/,https://www.macewan.ca/about-macewan/careers/opportunities/,own website,,,generic scraper
1896,Kwantlen Polytechnic University,Canada,https://www.kpu.ca/,https://tre.tbe.taleo.net/tre01/ats/careers/v2/jobSearch?org=JT63GS&cws=37,Taleo,high,OK-2hop:OK:9,generic scraper (verified working)
1897,Manhattan College,US,https://www.manhattan.edu/,,,,,
