school_id,posting_url,job_title_in_post,position_type,job_term,department_or_school,area_key_words,deadline_of_application,position_start_date
272,https://www.ugajobsearch.com/postings/478446,Position Details,Unclassified,Full-time,School of Medicine,outdoor,,08/18/2026
272,https://www.ugajobsearch.com/postings/494820,"215 S. Jackson St.Athens, GA 30602Tel (706) 542-2222Email: hrweb@uga.edu",Unclassified,Part-time,School of Medicine,,05/26/2026,7/1/26
272,https://www.ugajobsearch.com/postings/478565,Position Details,Unclassified,Full-time,School of Medicine,,,03/11/2019
272,https://www.ugajobsearch.com/postings/498396,Research Technician,Non-academic,Part-time,School of Medicine,research being conducted; research necessary,08/24/2026,
272,https://www.ugajobsearch.com/postings/478655,Position Details,Unclassified,Full-time,School of Medicine,,,12/18/2023
272,https://www.ugajobsearch.com/postings/500853,Position Details,Unclassified,Full-time,School of Medicine,,,10/01/2026
272,https://www.ugajobsearch.com/postings/503824,"215 S. Jackson St.Athens, GA 30602Tel (706) 542-2222Email: hrweb@uga.edu",Assistant_Professor; Associate_Professor; Full_Professor,Part-time,School of Medicine,,10/01/2026,
272,https://www.ugajobsearch.com/postings/477976,Research Technician,Research_Fellow,Part-time,School of Medicine,,06/01/2021,
272,https://www.ugajobsearch.com/postings/483824,Part-Time Athens-Clarke County Extension 4-H Program Assistant,Unclassified,Part-time,School of Medicine,,06/21/2026,
272,https://www.ugajobsearch.com/postings/478393,Position Details,Unclassified,Full-time,School of Medicine,,,05/01/2023
272,https://www.ugajobsearch.com/postings/492098,Veterinary Assistant,Unclassified,Part-time,School of Medicine,Hospital,08/16/2026,
272,https://www.ugajobsearch.com/postings/478514,Post-Doctoral Associate,Research_Fellow,Full-time,School of Medicine,,,09/01/2025
272,https://www.ugajobsearch.com/postings/496773,"215 S. Jackson St.Athens, GA 30602Tel (706) 542-2222Email: hrweb@uga.edu",Non-academic,Part-time,School of Medicine,,10/01/2026,
272,https://www.ugajobsearch.com/postings/478613,Position Details,Unclassified,Full-time,School of Medicine,,,04/13/2020
272,https://www.ugajobsearch.com/postings/500118,Payroll Coordinator,Non-academic,Part-time,School of Medicine,,09/01/2026,
272,https://www.ugajobsearch.com/postings/477821,Agricultural Specialist,Non-academic,Part-time,School of Medicine,,11/18/2024,
272,https://www.ugajobsearch.com/postings/478830,Position Details,Unclassified,Full-time,School of Medicine,,,12/01/2024
272,https://www.ugajobsearch.com/postings/478750,Genetics Laboratory Assistant,Non-academic,Full-time,School of Medicine,,,03/16/2026
272,https://www.ugajobsearch.com/postings/502415,Haralson County Administrative Assistant,Non-academic,Part-time,School of Medicine,,"September 3, 2026",
272,https://www.ugajobsearch.com/postings/504304,IT Professional Assistant,Non-academic,Part-time,School of Medicine,,10/05/2026,
272,https://www.ugajobsearch.com/postings/478120,Assistant/Associate Professor,Assistant_Professor; Associate_Professor,Full-time,School of Medicine,,,08/01/2026
272,https://www.ugajobsearch.com/postings/488214,Position Details,Unclassified,Full-time,School of Medicine,Percentage Of Time,,09/01/2026
272,https://www.ugajobsearch.com/postings/477755,"215 S. Jackson St.Athens, GA 30602Tel (706) 542-2222Email: hrweb@uga.edu",Non-academic,Part-time,School of Medicine,,04/07/2026,
272,https://www.ugajobsearch.com/postings/478805,Post-Doctoral Associate,Research_Fellow,Full-time,School of Medicine,controlled delivery of therapeutic agents; expedites the translation of these,,05/01/2024
272,https://www.ugajobsearch.com/postings/478711,Production Student Assistant,Unclassified,Full-time,School of Medicine,,,08/17/2025
272,https://www.ugajobsearch.com/postings/501655,"215 S. Jackson St.Athens, GA 30602Tel (706) 542-2222Email: hrweb@uga.edu",Unclassified,Part-time,School of Medicine,,08/31/2026,
272,https://www.ugajobsearch.com/postings/504158,Assistant or Associate Professor,Assistant_Professor; Associate_Professor,Full-time,School of Medicine,premier peer-reviewed journals,"November 18, 2026",08/01/2027
272,https://www.ugajobsearch.com/postings/478058,Position Details,Unclassified,Full-time,School of Medicine,County,,03/01/2026
272,https://www.ugajobsearch.com/postings/486658,"215 S. Jackson St.Athens, GA 30602Tel (706) 542-2222Email: hrweb@uga.edu",Unclassified,Part-time,School of Medicine,,06/15/2026,
272,https://www.ugajobsearch.com/postings/478416,Post-Doctoral Associate AD,Research_Fellow,Full-time,School of Medicine,,,01/01/2025
272,https://www.ugajobsearch.com/postings/494008,Position Details,Unclassified,Full-time,School of Medicine,,,08/31/2026
272,https://www.ugajobsearch.com/postings/478538,Position Details,Unclassified,Full-time,School of Medicine,,,01/01/2024
272,https://www.ugajobsearch.com/postings/497571,Position Details,Non-academic,Full-time,School of Medicine,,,10/19/2025
272,https://www.ugajobsearch.com/postings/478632,Position Details,Unclassified,Full-time,School of Medicine,,,11/10/2021
272,https://www.ugajobsearch.com/postings/500516,Assistant Professor,Assistant_Professor,Full-time,School of Medicine,Kinesiology Additional Requirements One; equivalent research-related employment,"September 21, 2026",08/01/2027
272,https://www.ugajobsearch.com/postings/503313,Administrative Specialist,Assistant_Professor; Associate_Professor; Full_Professor,Part-time,School of Medicine,,10/01/2026,
272,https://www.ugajobsearch.com/postings/477860,"215 S. Jackson St.Athens, GA 30602Tel (706) 542-2222Email: hrweb@uga.edu",Unclassified,Part-time,School of Medicine,,02/01/2026,
272,https://www.ugajobsearch.com/postings/480031,"215 S. Jackson St.Athens, GA 30602Tel (706) 542-2222Email: hrweb@uga.edu",Unclassified,Part-time,School of Medicine,,06/08/2026,
272,https://www.ugajobsearch.com/postings/478374,Graduate Research Assistant,Non-academic,Full-time,School of Medicine,,,08/17/2022
272,https://www.ugajobsearch.com/postings/490679,Communications & Public Relations Coordinator,Non-academic,Part-time,School of Medicine,train tomorrow’s; coastal systems,07/20/2026,
272,https://www.ugajobsearch.com/postings/478496,Position Details,Unclassified,Part-time,School of Medicine,,,03/21/2022
272,https://www.ugajobsearch.com/postings/495884,"215 S. Jackson St.Athens, GA 30602Tel (706) 542-2222Email: hrweb@uga.edu",Non-academic,Part-time,School of Medicine,train tomorrow’s; coastal systems,08/17/2026,
272,https://www.ugajobsearch.com/postings/478582,Temporary Field/Greenhouse Assistant,Unclassified,Full-time,School of Medicine,,,05/27/2019
272,https://www.ugajobsearch.com/postings/499419,"215 S. Jackson St.Athens, GA 30602Tel (706) 542-2222Email: hrweb@uga.edu",Unclassified,Part-time,School of Medicine,,09/21/2026,
272,https://www.ugajobsearch.com/postings/478460,Position Details,Unclassified,Full-time,School of Medicine,,,08/11/2025
272,https://www.ugajobsearch.com/postings/494919,Research Technician I,Non-academic,Part-time,School of Medicine,,08/16/2026,
272,https://www.ugajobsearch.com/postings/478567,Student Assistant (NE),Unclassified,Full-time,School of Medicine,,,03/18/2019
272,https://www.ugajobsearch.com/postings/498440,Post Doctoral Research Associate,Research_Fellow,Full-time,School of Medicine,,,09/14/2026
272,https://www.ugajobsearch.com/postings/478664,Position Details,Non-academic,Full-time,School of Medicine,,,05/06/2024
272,https://www.ugajobsearch.com/postings/501036,Assistant Research Scientist,Research_Fellow,Full-time,School of Medicine,pulmonary; pharmaceutical,"September 17, 2026",11/01/2026
272,https://www.ugajobsearch.com/postings/503832,Administrative Specialist,Non-academic,Part-time,School of Medicine,,09/28/2026,
272,https://www.ugajobsearch.com/postings/477986,Assistant Research Scientist,Research_Fellow,Full-time,School of Medicine,computational analysis of the structure; training PhD students,,04/01/2022
272,https://www.ugajobsearch.com/postings/483975,Assistant or Associate Professor of Risk Management and Insurance,Assistant_Professor; Associate_Professor,Full-time,School of Medicine,Risk Management and Insurance,"October 1, 2026",08/01/2027
272,https://www.ugajobsearch.com/postings/478398,Position Details,Non-academic,Full-time,School of Medicine,,,01/06/2025
272,https://www.ugajobsearch.com/postings/492249,Assignments Specialist,Non-academic,Part-time,School of Medicine,,7/31/26,
272,https://www.ugajobsearch.com/postings/478518,Post-Doctoral Associate-Ad-Nankar,Research_Fellow,Full-time,School of Medicine,greenhouse,,09/15/2025
272,https://www.ugajobsearch.com/postings/496846,Director of Golf Operations,Unclassified,Part-time,School of Medicine,Golf Operations,08/31/2026,
272,https://www.ugajobsearch.com/postings/478615,Postdoctoral Research Associate,Research_Fellow,Full-time,School of Medicine,,,01/04/2021
272,https://www.ugajobsearch.com/postings/500134,Research Technician,Non-academic,Part-time,School of Medicine,,09/01/2026,
272,https://www.ugajobsearch.com/postings/477824,"215 S. Jackson St.Athens, GA 30602Tel (706) 542-2222Email: hrweb@uga.edu",Non-academic,Part-time,School of Medicine,,03/10/2025,
272,https://www.ugajobsearch.com/postings/478836,Postdoctoral Researcher,Research_Fellow,Full-time,School of Medicine,,,11/15/2024
272,https://www.ugajobsearch.com/postings/478759,Temporary Facilities Office Assistant,Non-academic,Full-time,School of Medicine,,,05/11/2026
272,https://www.ugajobsearch.com/postings/502585,Position Details,Unclassified,Full-time,School of Medicine,Percentage Of Time,,10/01/2026
272,https://www.ugajobsearch.com/postings/504330,Student Worker-Medical Equipment Assistant,Non-academic,Full-time,School of Medicine,Hospital medical equipment,,09/27/2026
272,https://www.ugajobsearch.com/postings/478127,Area Director-DeKalb,Assistant_Professor; Associate_Professor; Full_Professor,Full-time,School of Medicine,,,06/01/2026
272,https://www.ugajobsearch.com/postings/488742,Digital Marketing & Social Media Coordinator,Non-academic,Part-time,School of Medicine,,08/02/2026,
272,https://www.ugajobsearch.com/postings/478593,Temporary Research Technician,Non-academic,Full-time,School of Medicine,,,06/12/2019
272,https://www.ugajobsearch.com/postings/499559,Position Details,Unclassified,Full-time,School of Medicine,,,08/17/2026
272,https://www.ugajobsearch.com/postings/477758,"215 S. Jackson St.Athens, GA 30602Tel (706) 542-2222Email: hrweb@uga.edu",Non-academic,Part-time,School of Medicine,,01/01/2026,
272,https://www.ugajobsearch.com/postings/478807,Facilities Office Assistant,Non-academic,Full-time,School of Medicine,,,08/25/2025
272,https://www.ugajobsearch.com/postings/478715,Student Assistant,Unclassified,Full-time,School of Medicine,,,09/02/2025
272,https://www.ugajobsearch.com/postings/501716,Faculty Affairs Assistant II,Research_Fellow,Part-time,School of Medicine,,10/01/2026,
272,https://www.ugajobsearch.com/postings/504172,Transit Technician II,Non-academic,Part-time,School of Medicine,,06/29/2026,
272,https://www.ugajobsearch.com/postings/478071,"Assistant/Associate Professor of Forest Genetics, Genomics, & Tree Breeding",Assistant_Professor; Associate_Professor,Full-time,School of Medicine,"Forest Genetics, Genomics, & Tree Breeding; gene editing technologies; plant genetics; Tree Improvement","March 1, 2026","August 1, 2026"
272,https://www.ugajobsearch.com/postings/486776,Coordinator for Instructional Development,Non-academic,Full-time,School of Medicine,higher,,08/01/2026
272,https://www.ugajobsearch.com/postings/478420,Student Assistant,Unclassified,Full-time,School of Medicine,,,10/28/2024
272,https://www.ugajobsearch.com/postings/494143,Communications & Content Specialist,Non-academic,Part-time,School of Medicine,,09/01/2026,
272,https://www.ugajobsearch.com/postings/478540,Position Details,Research_Fellow,Full-time,School of Medicine,developing computer algorithms; harvesting cotton,,01/01/2024
272,https://www.ugajobsearch.com/postings/497719,OPERATIONS SPECIALIST I,Non-academic,Part-time,School of Medicine,,08/31/2026,
272,https://www.ugajobsearch.com/postings/478634,Post-Doctoral Associate,Research_Fellow,Full-time,School of Medicine,pathogen population genetics; molecular genetics,,05/16/2022
272,https://www.ugajobsearch.com/postings/500541,Assistant Professor,Assistant_Professor,Full-time,School of Medicine,,"September 30, 2026",08/01/2027
272,https://www.ugajobsearch.com/postings/503328,Appling County Administratve Assistant,Non-academic,Part-time,School of Medicine,,09/27/2026,
272,https://www.ugajobsearch.com/postings/477871,"215 S. Jackson St.Athens, GA 30602Tel (706) 542-2222Email: hrweb@uga.edu",Non-academic,Part-time,School of Medicine,,02/20/2026,
272,https://www.ugajobsearch.com/postings/480162,"215 S. Jackson St.Athens, GA 30602Tel (706) 542-2222Email: hrweb@uga.edu",Unclassified,Part-time,School of Medicine,,06/15/2026,
272,https://www.ugajobsearch.com/postings/478376,Temporary Lab Assistant,Unclassified,Full-time,School of Medicine,,,09/01/2022
272,https://www.ugajobsearch.com/postings/490714,Director of Biosafety and Responsible Official,Non-academic,Part-time,School of Medicine,Biosafety and Responsible Official; science Registered Biosafety Professional credentials; governmental agency experience Position,09/01/2026,
272,https://www.ugajobsearch.com/postings/478498,Position Details,Unclassified,Full-time,School of Medicine,,,01/31/2025
272,https://www.ugajobsearch.com/postings/496317,"215 S. Jackson St.Athens, GA 30602Tel (706) 542-2222Email: hrweb@uga.edu",Unclassified,Part-time,School of Medicine,,08/30/2026,
272,https://www.ugajobsearch.com/postings/478766,Post-Doctoral Associate,Research_Fellow,Full-time,School of Medicine,,,06/01/2026
272,https://www.ugajobsearch.com/postings/502618,Change Management Specialist,Non-academic,Part-time,School of Medicine,,10/01/2026,
272,https://www.ugajobsearch.com/postings/504477,"215 S. Jackson St.Athens, GA 30602Tel (706) 542-2222Email: hrweb@uga.edu",Unclassified,Part-time,School of Medicine,,10/04/2026,
272,https://www.ugajobsearch.com/postings/478185,Position Details,Assistant_Professor; Associate_Professor; Full_Professor,Full-time,School of Medicine,,,06/01/2026
272,https://www.ugajobsearch.com/postings/488831,"215 S. Jackson St.Athens, GA 30602Tel (706) 542-2222Email: hrweb@uga.edu",Unclassified,Part-time,School of Medicine,,07/13/2026,
272,https://www.ugajobsearch.com/postings/478463,Position Details,Unclassified,Full-time,School of Medicine,,,08/25/2025
272,https://www.ugajobsearch.com/postings/494987,Associate Director of Education,Unclassified,Full-time,School of Medicine,Education; educators; volunteers,"September 1, 2026",11/02/2026
272,https://www.ugajobsearch.com/postings/478569,Student Assistant,Unclassified,Full-time,School of Medicine,,,07/01/2019
272,https://www.ugajobsearch.com/postings/498510,Position Details,Non-academic,Part-time,School of Medicine,,,09/01/2026
272,https://www.ugajobsearch.com/postings/18421,"215 S. Jackson St.Athens, GA 30602Tel (706) 542-2222Email: hrweb@uga.edu",Unclassified,Part-time,,,03/31/2018,
272,https://www.ugajobsearch.com/postings/478789,Temporary Technician (Lance),Research_Fellow,Full-time,School of Medicine,,,05/11/2026
272,https://www.ugajobsearch.com/postings/478670,Position Details,Research_Fellow,Full-time,School of Medicine,Responsibilities Write scholarly articles; infectious disease management Percentage of,,08/01/2024
272,https://www.ugajobsearch.com/postings/501203,Temporary Research Technician,Non-academic,Full-time,School of Medicine,,,08/31/2026
272,https://www.ugajobsearch.com/postings/503868,"215 S. Jackson St.Athens, GA 30602Tel (706) 542-2222Email: hrweb@uga.edu",Assistant_Professor; Associate_Professor; Full_Professor,Part-time,School of Medicine,,11/01/2026,
272,https://www.ugajobsearch.com/postings/477988,Assistant or Associate Professor – Meat Science Extension and Teaching,Assistant_Professor; Associate_Professor,Full-time,School of Medicine,intercollegiate meat judging; Department CAES-Animal,,09/01/2024
272,https://www.ugajobsearch.com/postings/484145,Clinical or Tenure Track Poultry Veterinarian,Assistant_Professor; Associate_Professor; Full_Professor; Research_Fellow,Full-time,School of Medicine,,"August 1, 2026",12/01/2026
272,https://www.ugajobsearch.com/postings/478401,Position Details,Unclassified,Full-time,School of Medicine,,,07/21/2024
272,https://www.ugajobsearch.com/postings/492478,University Registrar and Executive Director of Curriculum Management,Unclassified,Part-time,School of Medicine,Curriculum Management; Bursar’s Office; Financial Aid,01/01/2027,
272,https://www.ugajobsearch.com/postings/478520,Temporary Research Garden Assistant,Unclassified,Full-time,School of Medicine,,,06/01/2022
272,https://www.ugajobsearch.com/postings/496934,Associate Dean of College Operations,Non-academic,Full-time,COLLEGE OF VETERINARYMEDICINE,College Operations,,10/01/2026
272,https://www.ugajobsearch.com/postings/478618,Position Details,Unclassified,Full-time,School of Medicine,,,05/03/2021
272,https://www.ugajobsearch.com/postings/500140,Administrative Associate II,Unclassified,Part-time,School of Medicine,,09/13/2026,
272,https://www.ugajobsearch.com/postings/502826,"215 S. Jackson St.Athens, GA 30602Tel (706) 542-2222Email: hrweb@uga.edu",Non-academic,Part-time,School of Medicine,,10/01/2026,
272,https://www.ugajobsearch.com/postings/477828,"215 S. Jackson St.Athens, GA 30602Tel (706) 542-2222Email: hrweb@uga.edu",Non-academic,Part-time,School of Medicine,,06/09/2025,
272,https://www.ugajobsearch.com/postings/478843,Position Details,Unclassified,Full-time,School of Medicine,,,03/15/2026
272,https://www.ugajobsearch.com/postings/478500,Position Details,Unclassified,Full-time,School of Medicine,,,05/01/2025
272,https://www.ugajobsearch.com/postings/496399,Assistant/Associate/Full Professor,Assistant_Professor; Associate_Professor; Full_Professor,Full-time,School of Medicine,real-world deployment of engineered; agricultural impact Proven ability,"October 1, 2026",01/01/2027
272,https://www.ugajobsearch.com/postings/478595,Temporary Lab/Field Assistant,Unclassified,Full-time,School of Medicine,,,06/12/2019
272,https://www.ugajobsearch.com/postings/499668,Executive Assistant,Non-academic,Part-time,School of Medicine,,08/31/2026,
272,https://www.ugajobsearch.com/postings/477777,"215 S. Jackson St.Athens, GA 30602Tel (706) 542-2222Email: hrweb@uga.edu",Non-academic,Part-time,School of Medicine,Hospital,05/11/2025,
272,https://www.ugajobsearch.com/postings/478809,Post -Doctoral Associate AD,Research_Fellow,Full-time,School of Medicine,,,08/01/2025
272,https://www.ugajobsearch.com/postings/478718,Temporary Field/Lab Assistant,Unclassified,Full-time,School of Medicine,,,09/17/2025
272,https://www.ugajobsearch.com/postings/501815,Lecturer,Lecturer,Full-time,School of Medicine,each academic,"January 7, 2027",08/01/2027
272,https://www.ugajobsearch.com/postings/504191,"215 S. Jackson St.Athens, GA 30602Tel (706) 542-2222Email: hrweb@uga.edu",Unclassified,Full-time,,,,
272,https://www.ugajobsearch.com/postings/478078,Position Details,Assistant_Professor; Associate_Professor; Full_Professor,Full-time,School of Medicine,,,04/01/2026
272,https://www.ugajobsearch.com/postings/486916,Research Associate II- Norris,Research_Fellow,Part-time,School of Medicine,,08/01/2026,
272,https://www.ugajobsearch.com/postings/478422,Research Associate,Research_Fellow,Full-time,School of Medicine,,,11/29/2024
272,https://www.ugajobsearch.com/postings/494322,"215 S. Jackson St.Athens, GA 30602Tel (706) 542-2222Email: hrweb@uga.edu",Unclassified,Full-time,,,,
272,https://www.ugajobsearch.com/postings/478543,Position Details,Unclassified,Full-time,School of Medicine,,,08/19/2024
272,https://www.ugajobsearch.com/postings/497775,"Open Rank - Assistant, Associate or Full Professor",Assistant_Professor; Associate_Professor; Full_Professor,Full-time,School of Medicine,,"November 1, 2026",08/01/2027
272,https://www.ugajobsearch.com/postings/478638,Post-Doctoral Associate,Research_Fellow,Full-time,School of Medicine,anti- CRISPR,,08/01/2022
272,https://www.ugajobsearch.com/postings/500633,"215 S. Jackson St.Athens, GA 30602Tel (706) 542-2222Email: hrweb@uga.edu",Unclassified,Part-time,School of Medicine,,09/01/2026,
272,https://www.ugajobsearch.com/postings/503408,Veterinary Assistant-LA-Field Services,Non-academic,Part-time,School of Medicine,,09/27/2026,
272,https://www.ugajobsearch.com/postings/477885,"215 S. Jackson St.Athens, GA 30602Tel (706) 542-2222Email: hrweb@uga.edu",Non-academic,Part-time,School of Medicine,,03/29/2026,
272,https://www.ugajobsearch.com/postings/481015,Law School Fellow,Unclassified,Part-time,School of Medicine,,08/01/2026,"August 1, 2026"
272,https://www.ugajobsearch.com/postings/478379,Student Assistant,Unclassified,Part-time,School of Medicine,,,09/19/2022
272,https://www.ugajobsearch.com/postings/490729,"Assistant Director, Equal Opportunity Office",Non-academic,Part-time,School of Medicine,,08/03/2026,
272,https://www.ugajobsearch.com/postings/478620,Position Details,Non-academic,Part-time,School of Medicine,,,05/27/2021
272,https://www.ugajobsearch.com/postings/500178,Position Details,Unclassified,Full-time,School of Medicine,Hospital Pharmacy,,10/11/2026
272,https://www.ugajobsearch.com/postings/502962,"215 S. Jackson St.Athens, GA 30602Tel (706) 542-2222Email: hrweb@uga.edu",Non-academic,Part-time,School of Medicine,,10/01/2026,
272,https://www.ugajobsearch.com/postings/477831,Administrative Assistant II,Unclassified,Part-time,School of Medicine,,07/28/2025,
272,https://www.ugajobsearch.com/postings/478873,Part-Time Quitman County Extension Administrative Assistant,Non-academic,Part-time,School of Medicine,,06/01/2026,
272,https://www.ugajobsearch.com/postings/478772,Conservation Genetics Lab and Greenhouse Technician,Non-academic,Full-time,School of Medicine,,,05/11/2026
272,https://www.ugajobsearch.com/postings/502723,Administrative Financial Director,Non-academic,Part-time,School of Medicine,,11/01/2026,
272,https://www.ugajobsearch.com/postings/504486,Program Coordinator II,Non-academic,Part-time,School of Medicine,expert insights,10/01/2026,
272,https://www.ugajobsearch.com/postings/478224,Graduate Research Assistant (Lin),Non-academic,Full-time,School of Medicine,,,08/10/2026
272,https://www.ugajobsearch.com/postings/489276,Research Associate IV,Research_Fellow,Part-time,School of Medicine,expert insights,08/01/2026,
272,https://www.ugajobsearch.com/postings/478468,"Camden County 4-H Program Assistant, Part Time",Non-academic,Part-time,School of Medicine,,,10/26/2025
272,https://www.ugajobsearch.com/postings/495029,IT Support Specialist,Non-academic,Part-time,School of Medicine,,09/01/2026,
272,https://www.ugajobsearch.com/postings/478571,"Temporary Turfgrass Lab/Field Assistant, Griffin",Unclassified,Full-time,School of Medicine,Responsibilities Working on turfgrass projects; seasonal turfgrasses Percentage of time,,04/01/2019
272,https://www.ugajobsearch.com/postings/498513,Position Details,Non-academic,Part-time,School of Medicine,,,09/01/2026
272,https://www.ugajobsearch.com/postings/28056,"215 S. Jackson St.Athens, GA 30602Tel (706) 542-2222Email: hrweb@uga.edu",Unclassified,Part-time,,,08/13/2018,
272,https://www.ugajobsearch.com/postings/478792,Facility Rental Assistant,Unclassified,Full-time,School of Medicine,,,04/02/2023
272,https://www.ugajobsearch.com/postings/478680,Student Assistant (1),Unclassified,Full-time,School of Medicine,,,09/16/2024
272,https://www.ugajobsearch.com/postings/501219,"215 S. Jackson St.Athens, GA 30602Tel (706) 542-2222Email: hrweb@uga.edu",Non-academic,Part-time,School of Medicine,,10/15/2026,
272,https://www.ugajobsearch.com/postings/503897,"215 S. Jackson St.Athens, GA 30602Tel (706) 542-2222Email: hrweb@uga.edu",Unclassified,Part-time,School of Medicine,,10/11/2026,
272,https://www.ugajobsearch.com/postings/477991,Position Details,Assistant_Professor; Associate_Professor; Full_Professor,Full-time,School of Medicine,,,12/01/2024
272,https://www.ugajobsearch.com/postings/485052,Position Details,Unclassified,Full-time,School of Medicine,Greene County,"June 22, 2026",08/01/2026
272,https://www.ugajobsearch.com/postings/478403,Position Details,Unclassified,Full-time,School of Medicine,,,06/17/2024
272,https://www.ugajobsearch.com/postings/492714,Position Details,Assistant_Professor; Associate_Professor; Full_Professor,Full-time,School of Medicine,development of scholarly activity consistent,"September 15, 2026",11/01/2026
272,https://www.ugajobsearch.com/postings/478522,Temporary Turfgrass Assistant,Unclassified,Full-time,School of Medicine,,,06/01/2022
272,https://www.ugajobsearch.com/postings/497119,"215 S. Jackson St.Athens, GA 30602Tel (706) 542-2222Email: hrweb@uga.edu",Unclassified,Part-time,School of Medicine,,11/01/2026,
272,https://www.ugajobsearch.com/postings/478381,Student Assistant,Unclassified,Full-time,School of Medicine,,,10/03/2022
272,https://www.ugajobsearch.com/postings/490957,"215 S. Jackson St.Athens, GA 30602Tel (706) 542-2222Email: hrweb@uga.edu",Non-academic,Part-time,School of Medicine,Hospital,07/19/2026,
272,https://www.ugajobsearch.com/postings/478504,Position Details,Unclassified,Full-time,School of Medicine,outdoor,,05/01/2025
272,https://www.ugajobsearch.com/postings/496422,Post Doctoral Research Associate,Research_Fellow,Full-time,School of Medicine,,,09/01/2026
272,https://www.ugajobsearch.com/postings/478599,Graduate Assistant,Unclassified,Full-time,School of Medicine,,,08/01/2019
272,https://www.ugajobsearch.com/postings/499730,"215 S. Jackson St.Athens, GA 30602Tel (706) 542-2222Email: hrweb@uga.edu",Unclassified,Part-time,School of Medicine,,09/14/2026,
272,https://www.ugajobsearch.com/postings/477804,"215 S. Jackson St.Athens, GA 30602Tel (706) 542-2222Email: hrweb@uga.edu",Unclassified,Part-time,School of Medicine,,01/01/2019,
272,https://www.ugajobsearch.com/postings/478813,Student Assistant,Unclassified,Full-time,School of Medicine,,,05/01/2023
272,https://www.ugajobsearch.com/postings/478720,Temporary Technician (Lance),Non-academic,Full-time,School of Medicine,maintaining mesocosm experiments; data collection,,10/15/2025
272,https://www.ugajobsearch.com/postings/501936,"215 S. Jackson St.Athens, GA 30602Tel (706) 542-2222Email: hrweb@uga.edu",Unclassified,Part-time,School of Medicine,,09/07/2026,
272,https://www.ugajobsearch.com/postings/504252,"215 S. Jackson St.Athens, GA 30602Tel (706) 542-2222Email: hrweb@uga.edu",Unclassified,Part-time,School of Medicine,,10/01/2026,
272,https://www.ugajobsearch.com/postings/478084,Position Details,Assistant_Professor; Associate_Professor; Full_Professor,Full-time,School of Medicine,County,,05/01/2026
272,https://www.ugajobsearch.com/postings/487320,Director for Enrollment and Student Affairs,Unclassified,Part-time,School of Medicine,,07/01/2026,
272,https://www.ugajobsearch.com/postings/478424,Position Details,Non-academic,Full-time,School of Medicine,,,01/20/2025
272,https://www.ugajobsearch.com/postings/494459,"215 S. Jackson St.Athens, GA 30602Tel (706) 542-2222Email: hrweb@uga.edu",Non-academic,Part-time,School of Medicine,,09/01/2026,
272,https://www.ugajobsearch.com/postings/478548,Position Details,Unclassified,Full-time,School of Medicine,,,05/06/2024
272,https://www.ugajobsearch.com/postings/497836,"215 S. Jackson St.Athens, GA 30602Tel (706) 542-2222Email: hrweb@uga.edu",Non-academic,Part-time,School of Medicine,,09/01/2026,
272,https://www.ugajobsearch.com/postings/478640,Ruter - Technician,Non-academic,Full-time,School of Medicine,,,08/22/2022
272,https://www.ugajobsearch.com/postings/500636,"215 S. Jackson St.Athens, GA 30602Tel (706) 542-2222Email: hrweb@uga.edu",Unclassified,Part-time,School of Medicine,,08/01/2026,
272,https://www.ugajobsearch.com/postings/503524,"215 S. Jackson St.Athens, GA 30602Tel (706) 542-2222Email: hrweb@uga.edu",Non-academic,Part-time,School of Medicine,,11/02/2026,
272,https://www.ugajobsearch.com/postings/477893,"215 S. Jackson St.Athens, GA 30602Tel (706) 542-2222Email: hrweb@uga.edu",Unclassified,Part-time,School of Medicine,,05/26/2026,
272,https://www.ugajobsearch.com/postings/481253,Position Details,Assistant_Professor; Associate_Professor; Full_Professor,Full-time,School of Medicine,College of Public Health; Department of Nutrition; Hospital,"August 1, 2026",10/01/2026
272,https://www.ugajobsearch.com/postings/478622,IT Assistant  Summer Student  #2,Unclassified,Full-time,School of Medicine,,,05/21/2021
272,https://www.ugajobsearch.com/postings/500207,Position Details,Unclassified,Full-time,School of Medicine,,,07/01/2026
272,https://www.ugajobsearch.com/postings/503079,Assistant Professor,Assistant_Professor,Full-time,School of Medicine,public relations,,08/01/2027
272,https://www.ugajobsearch.com/postings/477835,"215 S. Jackson St.Athens, GA 30602Tel (706) 542-2222Email: hrweb@uga.edu",Unclassified,Part-time,School of Medicine,,09/08/2025,
272,https://www.ugajobsearch.com/postings/478915,Strategic Engagement and Grants Specialist,Non-academic,Part-time,School of Medicine,,"May 18, 2026",
272,https://www.ugajobsearch.com/postings/478781,Postdoctoral Research Associate – Vilgalys Evolutionary Immunogenomics Lab,Research_Fellow,Full-time,School of Medicine,,,05/01/2026
272,https://www.ugajobsearch.com/postings/502757,"215 S. Jackson St.Athens, GA 30602Tel (706) 542-2222Email: hrweb@uga.edu",Non-academic,Part-time,School of Medicine,,9/3/2026,
272,https://www.ugajobsearch.com/postings/504500,"215 S. Jackson St.Athens, GA 30602Tel (706) 542-2222Email: hrweb@uga.edu",Non-academic,Part-time,School of Medicine,,10/05/2026,
272,https://www.ugajobsearch.com/postings/478360,Position Details,Unclassified,Full-time,School of Medicine,outdoor,,08/03/2026
272,https://www.ugajobsearch.com/postings/489497,Position Details,Unclassified,Full-time,School of Medicine,,,08/01/2026
272,https://www.ugajobsearch.com/postings/478475,Position Details,Unclassified,Full-time,School of Medicine,,,01/19/2026
272,https://www.ugajobsearch.com/postings/495103,Position Details,Non-academic,Part-time,School of Medicine,,,09/01/2026
272,https://www.ugajobsearch.com/postings/478573,Temporary researcher,Unclassified,Full-time,School of Medicine,,,04/22/2019
272,https://www.ugajobsearch.com/postings/498691,"215 S. Jackson St.Athens, GA 30602Tel (706) 542-2222Email: hrweb@uga.edu",Non-academic,Part-time,School of Medicine,,09/01/2026,
272,https://www.ugajobsearch.com/postings/30398,"215 S. Jackson St.Athens, GA 30602Tel (706) 542-2222Email: hrweb@uga.edu",Non-academic,Part-time,,,09/06/2018,
272,https://www.ugajobsearch.com/postings/478794,Position Details,Unclassified,Full-time,School of Medicine,,,05/01/2024
272,https://www.ugajobsearch.com/postings/478682,Post-Doctoral Associate,Research_Fellow,Full-time,School of Medicine,social impacts related; social related,,01/02/2025
272,https://www.ugajobsearch.com/postings/501270,"215 S. Jackson St.Athens, GA 30602Tel (706) 542-2222Email: hrweb@uga.edu",Unclassified,Full-time,,,,
272,https://www.ugajobsearch.com/postings/503957,"215 S. Jackson St.Athens, GA 30602Tel (706) 542-2222Email: hrweb@uga.edu",Unclassified,Part-time,School of Medicine,,09/30/2026,7/1/26
272,https://www.ugajobsearch.com/postings/477994,Assistant Research Scientist,Research_Fellow,Full-time,School of Medicine,development of novel methods,,07/01/2025
272,https://www.ugajobsearch.com/postings/485248,Crop & Soil Sciences- Student Assistant 2-Grey,Non-academic,Full-time,School of Medicine,,,06/07/2026
272,https://www.ugajobsearch.com/postings/478406,Position Details,Unclassified,Full-time,School of Medicine,,,07/15/2024
272,https://www.ugajobsearch.com/postings/493111,Assistant Research Scientist,Research_Fellow,Full-time,School of Medicine,environmental chemistry; applied research areas,,10/01/2026
272,https://www.ugajobsearch.com/postings/478524,Position Details,Unclassified,Full-time,School of Medicine,,,06/27/2022
272,https://www.ugajobsearch.com/postings/497350,"215 S. Jackson St.Athens, GA 30602Tel (706) 542-2222Email: hrweb@uga.edu",Non-academic,Part-time,School of Medicine,,10/01/2026,
272,https://www.ugajobsearch.com/postings/478384,Student Assistant,Unclassified,Full-time,School of Medicine,,,08/01/2024
272,https://www.ugajobsearch.com/postings/491183,Plant Nematology Lab Student Assistant – Mitchum Lab,Non-academic,Full-time,School of Medicine,,,07/06/2026
272,https://www.ugajobsearch.com/postings/478506,Temporary Turfgrass Lab/Field Assistant,Unclassified,Full-time,School of Medicine,,,05/27/2025
272,https://www.ugajobsearch.com/postings/496491,Veterinary Assistant II- Field Services/Therio,Non-academic,Part-time,School of Medicine,,08/30/2026,
272,https://www.ugajobsearch.com/postings/478603,Temporary Lab/Field Assistant (EARTH),Unclassified,Full-time,School of Medicine,,,07/30/2019
272,https://www.ugajobsearch.com/postings/499770,Director of Skidaway Institute of Oceanography and Professor,Full_Professor,Full-time,Institute of Oceanography and Professor,Skidaway Institute of Oceanography and Professor; UGA Marine Institute on Sapelo; administrative role; using state-of-the-art remote teaching systems,"November 1, 2026","July 1, 2027"
272,https://www.ugajobsearch.com/postings/477807,Senior Research Associate,Research_Fellow,Part-time,School of Medicine,,10/01/2021,
272,https://www.ugajobsearch.com/postings/478817,Position Details,Unclassified,Full-time,School of Medicine,,,08/19/2024
272,https://www.ugajobsearch.com/postings/478723,Position Details,Unclassified,Full-time,School of Medicine,,,01/05/2026
272,https://www.ugajobsearch.com/postings/501987,Program Operations Support Assistant,Unclassified,Part-time,School of Medicine,,09/27/2026,
272,https://www.ugajobsearch.com/postings/504266,"215 S. Jackson St.Athens, GA 30602Tel (706) 542-2222Email: hrweb@uga.edu",Unclassified,Part-time,Division of Development & Alumni Relations,,10/01/2026,
272,https://www.ugajobsearch.com/postings/478094,Position Details,Assistant_Professor; Associate_Professor; Full_Professor,Full-time,School of Medicine,coordinating local activities,,07/01/2026
272,https://www.ugajobsearch.com/postings/487636,Jasper County Administrative Assistant,Non-academic,Part-time,School of Medicine,,07/19/2026,
272,https://www.ugajobsearch.com/postings/478432,Position Details,Unclassified,Full-time,School of Medicine,outdoor,,08/03/2026
272,https://www.ugajobsearch.com/postings/494782,"215 S. Jackson St.Athens, GA 30602Tel (706) 542-2222Email: hrweb@uga.edu",Unclassified,Part-time,School of Medicine,,06/15/2026,7/1/26
272,https://www.ugajobsearch.com/postings/478552,Research Technician,Associate_Professor,Full-time,School of Medicine,research being conducted; research necessary,,05/11/2026
272,https://www.ugajobsearch.com/postings/498029,"215 S. Jackson St.Athens, GA 30602Tel (706) 542-2222Email: hrweb@uga.edu",Non-academic,Part-time,School of Medicine,,09/01/2026,
272,https://www.ugajobsearch.com/postings/478643,Post-Doctoral Associate AD,Research_Fellow,Full-time,School of Medicine,,,10/18/2022
272,https://www.ugajobsearch.com/postings/500732,Director of Medical Education,Non-academic,Part-time,School of Medicine,Medical Education,10/01/2026,
272,https://www.ugajobsearch.com/postings/503581,Position Details,Unclassified,Full-time,School of Medicine,,,10/05/2026
272,https://www.ugajobsearch.com/postings/477896,"215 S. Jackson St.Athens, GA 30602Tel (706) 542-2222Email: hrweb@uga.edu",Non-academic,Part-time,School of Medicine,,04/01/2026,
272,https://www.ugajobsearch.com/postings/481806,Postdoctoral Research Associate,Research_Fellow,Full-time,School of Medicine,,,06/15/2026
272,https://www.ugajobsearch.com/postings/478526,Forestry Technician USFWS,Non-academic,Full-time,School of Medicine,,,05/15/2023
272,https://www.ugajobsearch.com/postings/497448,"215 S. Jackson St.Athens, GA 30602Tel (706) 542-2222Email: hrweb@uga.edu",Unclassified,Part-time,School of Medicine,,08/31/2026,
272,https://www.ugajobsearch.com/postings/478624,Postdoctoral Research Associate,Research_Fellow,Full-time,School of Medicine,,,09/01/2021
272,https://www.ugajobsearch.com/postings/500310,"215 S. Jackson St.Athens, GA 30602Tel (706) 542-2222Email: hrweb@uga.edu",Unclassified,Part-time,School of Medicine,,10/19/2026,
272,https://www.ugajobsearch.com/postings/503095,Student Engagement and Retention Specialist Position,Non-academic,Part-time,School of Medicine,,10/01/2026,
272,https://www.ugajobsearch.com/postings/477844,"215 S. Jackson St.Athens, GA 30602Tel (706) 542-2222Email: hrweb@uga.edu",Unclassified,Part-time,School of Medicine,,12/08/2025,
272,https://www.ugajobsearch.com/postings/479222,Horticulture Student Assistant-Sugimoto 2,Non-academic,Full-time,School of Medicine,,,05/10/2026
272,https://www.ugajobsearch.com/postings/504538,"215 S. Jackson St.Athens, GA 30602Tel (706) 542-2222Email: hrweb@uga.edu",Unclassified,Part-time,School of Medicine,,10/01/2026,
272,https://www.ugajobsearch.com/postings/478365,Position Details,Non-academic,Full-time,School of Medicine,,,05/24/2022
272,https://www.ugajobsearch.com/postings/489661,Student Assistant- Dining Hall Locations,Unclassified,Full-time,School of Medicine,,,08/28/2023
272,https://www.ugajobsearch.com/postings/478481,Position Details,Unclassified,Full-time,School of Medicine,,,07/01/2026
272,https://www.ugajobsearch.com/postings/495399,Assistant Dean for Education,Assistant_Professor; Associate_Professor; Full_Professor; Research_Fellow,Full-time,School of Medicine,NCLEX readiness platforms,,08/03/2026
272,https://www.ugajobsearch.com/postings/478575,Temporary Lab/Field Assistant,Unclassified,Full-time,School of Medicine,,,05/06/2019
272,https://www.ugajobsearch.com/postings/498780,Hall County EFNEP Program Assistant,Unclassified,Part-time,School of Medicine,,"September 13, 2026",
272,https://www.ugajobsearch.com/postings/477376,"215 S. Jackson St.Athens, GA 30602Tel (706) 542-2222Email: hrweb@uga.edu",Unclassified,Part-time,School of Medicine,,05/11/2026,
272,https://www.ugajobsearch.com/postings/478796,Student Assistant,Unclassified,Full-time,School of Medicine,,,01/02/2024
272,https://www.ugajobsearch.com/postings/478689,Position Details,Unclassified,Full-time,School of Medicine,,,06/02/2025
272,https://www.ugajobsearch.com/postings/501310,Laboratory Technician I,Non-academic,Part-time,School of Medicine,Huet Laboratory; Biomedical,10/12/2026,
272,https://www.ugajobsearch.com/postings/504041,"215 S. Jackson St.Athens, GA 30602Tel (706) 542-2222Email: hrweb@uga.edu",Unclassified,Full-time,,,,
272,https://www.ugajobsearch.com/postings/478002,Assistant/Associate Research Scientist for Advancing Circular Bioeconomy Systems,Research_Fellow,Full-time,School of Medicine,,,10/01/2025
272,https://www.ugajobsearch.com/postings/485992,Northern Bobwhite Field Technician-TX,Non-academic,Full-time,School of Medicine,private lands,,09/14/2026
272,https://www.ugajobsearch.com/postings/478409,Deer Research Technician,Non-academic,Full-time,School of Medicine,,,08/01/2024
272,https://www.ugajobsearch.com/postings/493195,Area Director-Atlanta,Assistant_Professor; Associate_Professor; Full_Professor,Full-time,School of Medicine,,,10/01/2026
272,https://www.ugajobsearch.com/postings/478650,Position Details,Unclassified,Full-time,School of Medicine,,,09/05/2023
272,https://www.ugajobsearch.com/postings/500790,Georgia 4-H Foundation - Executive Director,Assistant_Professor; Associate_Professor; Full_Professor,Part-time,School of Medicine,,09/01/2026,
272,https://www.ugajobsearch.com/postings/503608,Pharmacy Student Assistant,Non-academic,Full-time,School of Medicine,Pharmacy Technician,,09/27/2026
272,https://www.ugajobsearch.com/postings/477903,"215 S. Jackson St.Athens, GA 30602Tel (706) 542-2222Email: hrweb@uga.edu",Non-academic,Part-time,School of Medicine,,05/01/2026,
272,https://www.ugajobsearch.com/postings/482990,Horticulture Student Assistant -4 Deltsidis,Non-academic,Full-time,School of Medicine,,,05/24/2026
272,https://www.ugajobsearch.com/postings/478386,Student Assistant,Unclassified,Full-time,School of Medicine,,,03/05/2023
272,https://www.ugajobsearch.com/postings/491734,Position Details,Non-academic,Part-time,School of Medicine,,,09/01/2026
272,https://www.ugajobsearch.com/postings/478508,Temporary Research Assistant,Non-academic,Full-time,School of Medicine,,,05/19/2025
272,https://www.ugajobsearch.com/postings/496641,"215 S. Jackson St.Athens, GA 30602Tel (706) 542-2222Email: hrweb@uga.edu",Unclassified,Part-time,School of Medicine,,08/31/2026,
272,https://www.ugajobsearch.com/postings/478605,Temporary Lab/Field Assistant,Unclassified,Full-time,School of Medicine,,,09/30/2019
272,https://www.ugajobsearch.com/postings/499802,"215 S. Jackson St.Athens, GA 30602Tel (706) 542-2222Email: hrweb@uga.edu",Unclassified,Part-time,School of Medicine,,09/01/2026,7/1/26
272,https://www.ugajobsearch.com/postings/477809,COVID-19 Diagnostic Technician,Non-academic,Part-time,School of Medicine,,10/11/2021,
272,https://www.ugajobsearch.com/postings/478823,Infectious Disease Forecasting Postdoctoral Position,Research_Fellow,Full-time,School of Medicine,CEID initiated research; infectious disease,,08/15/2022
272,https://www.ugajobsearch.com/postings/478726,Position Details,Unclassified,Full-time,School of Medicine,,,01/09/2026
272,https://www.ugajobsearch.com/postings/502088,Agricultural Specialist- Poultry Research Complex,Non-academic,Part-time,School of Medicine,,10/19/2026,
272,https://www.ugajobsearch.com/postings/504272,Photojournalist Assistant,Non-academic,Full-time,School of Medicine,,,10/01/2026
272,https://www.ugajobsearch.com/postings/478104,Position Details,Assistant_Professor; Associate_Professor; Full_Professor,Full-time,School of Medicine,DVM veterinary students,"March 31, 2023",08/01/2023
272,https://www.ugajobsearch.com/postings/487860,Class Checker - Non-Student Assistant,Unclassified,Full-time,School of Medicine,,,06/14/2026
272,https://www.ugajobsearch.com/postings/478438,Temporary Research Assistant,Non-academic,Full-time,School of Medicine,,,03/30/2026
272,https://www.ugajobsearch.com/postings/494790,"215 S. Jackson St.Athens, GA 30602Tel (706) 542-2222Email: hrweb@uga.edu",Unclassified,Part-time,School of Medicine,,08/04/2026,7/1/26
272,https://www.ugajobsearch.com/postings/478556,Position Details,Unclassified,Full-time,School of Medicine,Dairy,,01/24/2019
272,https://www.ugajobsearch.com/postings/498051,Administrative Associate II,Unclassified,Part-time,School of Medicine,,09/13/2026,
272,https://www.ugajobsearch.com/postings/478411,Postdoctoral Research Associate AD,Research_Fellow,Full-time,School of Medicine,Responsibilities Writing; reporting of research Percentage of,,09/26/2024
272,https://www.ugajobsearch.com/postings/493306,Assistant Professor,Assistant_Professor,Full-time,School of Medicine,SEE Suite: Social Media Engagement; Digital Media Attention,"October 1, 2026",08/01/2027
272,https://www.ugajobsearch.com/postings/478530,Position Details,Non-academic,Part-time,School of Medicine,,,08/16/2023
272,https://www.ugajobsearch.com/postings/497467,Communications Specialist,Non-academic,Part-time,School of Medicine,,09/01/2026,
272,https://www.ugajobsearch.com/postings/478626,Post Doc Research Associate Burg Lab,Research_Fellow,Full-time,School of Medicine,pre-specified project; cell biology,,08/16/2021
272,https://www.ugajobsearch.com/postings/500335,CSS- Student Associate- Shay 4,Unclassified,Part-time,School of Medicine,,,08/30/2026
272,https://www.ugajobsearch.com/postings/503146,Annual Giving Coordinator,Non-academic,Part-time,Division of Development & Alumni Relations,,10/01/2026,
272,https://www.ugajobsearch.com/postings/477850,"215 S. Jackson St.Athens, GA 30602Tel (706) 542-2222Email: hrweb@uga.edu",Unclassified,Part-time,School of Medicine,,01/01/2026,
272,https://www.ugajobsearch.com/postings/479829,"215 S. Jackson St.Athens, GA 30602Tel (706) 542-2222Email: hrweb@uga.edu",Unclassified,Part-time,School of Medicine,,05/04/2026,
272,https://www.ugajobsearch.com/postings/504621,"Professor, Director of Choral Activities",Full_Professor,Full-time,School of Music and its choral area,Choral Activities,"October 10, 2026",01/01/2027
272,https://www.ugajobsearch.com/postings/478368,Position Details,Unclassified,Full-time,School of Medicine,,,04/03/2022
272,https://www.ugajobsearch.com/postings/490218,"215 S. Jackson St.Athens, GA 30602Tel (706) 542-2222Email: hrweb@uga.edu",Unclassified,Part-time,School of Medicine,,05/24/2026,
272,https://www.ugajobsearch.com/postings/478490,Postdoc Nibbelink,Research_Fellow,Full-time,School of Medicine,,,12/01/2021
272,https://www.ugajobsearch.com/postings/495590,Maintenance Assistant,Unclassified,Full-time,School of Medicine,,,08/17/2026
272,https://www.ugajobsearch.com/postings/478577,Student Assistant,Unclassified,Full-time,School of Medicine,,,05/13/2019
272,https://www.ugajobsearch.com/postings/498928,"215 S. Jackson St.Athens, GA 30602Tel (706) 542-2222Email: hrweb@uga.edu",Unclassified,Part-time,School of Medicine,,09/01/2026,
272,https://www.ugajobsearch.com/postings/477480,Post Doctoral Research Associate,Research_Fellow,Full-time,School of Medicine,,,06/01/2026
272,https://www.ugajobsearch.com/postings/478798,Temporary Field/Summer Assistant,Unclassified,Full-time,School of Medicine,,,08/20/2025
272,https://www.ugajobsearch.com/postings/478700,Position Details,Unclassified,Full-time,School of Medicine,,,05/07/2025
272,https://www.ugajobsearch.com/postings/501379,Limited Term Repository (Off-site) Stacks Specialist,Non-academic,Part-time,School of Medicine,,09/21/2026,
272,https://www.ugajobsearch.com/postings/504090,GNSN Postdoctoral Research Assistant,Research_Fellow,Full-time,School of Medicine,,,10/01/2026
272,https://www.ugajobsearch.com/postings/478008,Assistant Professor,Assistant_Professor,Full-time,School of Medicine,Interest Areas of particular interest; computational drug discovery Computational,"November 15, 2025",08/01/2026
272,https://www.ugajobsearch.com/postings/486079,Grants Coordinator III,Assistant_Professor; Associate_Professor; Full_Professor,Part-time,School of Medicine,,07/01/2026,
272,https://www.ugajobsearch.com/postings/498094,Ticket Office Student Assistant,Assistant_Professor; Associate_Professor; Full_Professor,Full-time,School of Medicine,,,08/17/2026
272,https://www.ugajobsearch.com/postings/478652,Postdoctoral Research Associate AD,Research_Fellow,Full-time,School of Medicine,Responsibilities Writing; reporting of research Percentage of,,04/01/2024
272,https://www.ugajobsearch.com/postings/500808,Cotton Research Technician- Tifton Campus,Non-academic,Part-time,School of Medicine,,09/01/2026,
272,https://www.ugajobsearch.com/postings/503687,"215 S. Jackson St.Athens, GA 30602Tel (706) 542-2222Email: hrweb@uga.edu",Unclassified,Part-time,School of Medicine,,09/27/2026,7/1/26
272,https://www.ugajobsearch.com/postings/477916,"215 S. Jackson St.Athens, GA 30602Tel (706) 542-2222Email: hrweb@uga.edu",Unclassified,Part-time,School of Medicine,African sleeping sickness; Chagas disease,04/01/2026,
272,https://www.ugajobsearch.com/postings/483236,Limited Term Lecturer,Lecturer,Full-time,School of Medicine,PharmD programs,"June 14, 2026",08/01/2026
272,https://www.ugajobsearch.com/postings/478389,Student Assistant,Unclassified,Full-time,School of Medicine,,,04/02/2023
272,https://www.ugajobsearch.com/postings/491830,Post-Doctoral Associate,Research_Fellow,Full-time,School of Medicine,genetics of plant RNA viruses; understanding host responses,,08/01/2026
272,https://www.ugajobsearch.com/postings/478510,Turfgrass Field Assistant,Unclassified,Full-time,School of Medicine,,,06/09/2025
272,https://www.ugajobsearch.com/postings/496669,Assistant Professor,Assistant_Professor,Full-time,School of Medicine,,,08/01/2027
272,https://www.ugajobsearch.com/postings/478608,Position Details,Unclassified,Full-time,School of Medicine,,,11/03/2019
272,https://www.ugajobsearch.com/postings/500103,Student Assistant,Non-academic,Full-time,School of Medicine,,,08/31/2026
272,https://www.ugajobsearch.com/postings/477811,Research Assistant/Tech,Non-academic,Part-time,School of Medicine,,01/05/2022,
272,https://www.ugajobsearch.com/postings/478825,Position Details,Unclassified,Full-time,School of Medicine,,,07/06/2026
272,https://www.ugajobsearch.com/postings/478736,Sustainability Research Assistant (Wood Value Chains),Non-academic,Full-time,School of Medicine,,,02/15/2026
272,https://www.ugajobsearch.com/postings/502342,Program Director of Couple & Family Therapy,Assistant_Professor; Associate_Professor; Full_Professor; Research_Fellow,Full-time,School of Medicine,Couple & Family Therapy; Family Therapy program,09/24/2026,"September 24, 2026"
272,https://www.ugajobsearch.com/postings/504287,Tift County EFNEP Program Assistant,Unclassified,Part-time,School of Medicine,,11/02/2026,
272,https://www.ugajobsearch.com/postings/478113,Position Details,Assistant_Professor; Associate_Professor; Full_Professor,Full-time,School of Medicine,counseling psychology,,08/01/2026
272,https://www.ugajobsearch.com/postings/487984,Culinary Server for Georgia Football - Student Assistant,Non-academic,Full-time,School of Medicine,,,07/01/2026
272,https://www.ugajobsearch.com/postings/478440,Temporary Field Assistant,Unclassified,Full-time,School of Medicine,,,03/30/2026
272,https://www.ugajobsearch.com/postings/494816,"215 S. Jackson St.Athens, GA 30602Tel (706) 542-2222Email: hrweb@uga.edu",Unclassified,Part-time,School of Medicine,,05/26/2026,7/1/26
272,https://www.ugajobsearch.com/postings/478558,Position Details,Assistant_Professor; Associate_Professor; Full_Professor,Full-time,School of Medicine,,,01/31/2019
272,https://www.ugajobsearch.com/postings/486604,FoodPro Assistant Manager,Non-academic,Part-time,School of Medicine,,06/15/2026,
272,https://www.ugajobsearch.com/postings/478413,Temporary Laboratory Assistant,Unclassified,Full-time,School of Medicine,,,08/26/2024
272,https://www.ugajobsearch.com/postings/493692,Large Animal Client Services Coordinator,Non-academic,Part-time,School of Medicine,Hospital,08/17/2026,
272,https://www.ugajobsearch.com/postings/478533,Student Assistant (PIL),Unclassified,Full-time,School of Medicine,,,08/20/2023
272,https://www.ugajobsearch.com/postings/497478,Greenhouse Tsai Lab Student Assistant,Non-academic,Part-time,School of Medicine,,,08/17/2026
272,https://www.ugajobsearch.com/postings/478629,Student Assistant (NE),Unclassified,Part-time,School of Medicine,,,10/11/2021
272,https://www.ugajobsearch.com/postings/500378,Development and Stewardship Coordinator,Non-academic,Part-time,School of Medicine,,09/13/2026,
272,https://www.ugajobsearch.com/postings/503190,"215 S. Jackson St.Athens, GA 30602Tel (706) 542-2222Email: hrweb@uga.edu",Assistant_Professor; Associate_Professor; Full_Professor,Part-time,School of Medicine,,07/01/2026,
272,https://www.ugajobsearch.com/postings/477853,"215 S. Jackson St.Athens, GA 30602Tel (706) 542-2222Email: hrweb@uga.edu",Unclassified,Part-time,School of Medicine,adult health; youth development,06/30/2028,
272,https://www.ugajobsearch.com/postings/479838,"215 S. Jackson St.Athens, GA 30602Tel (706) 542-2222Email: hrweb@uga.edu",Unclassified,Part-time,School of Medicine,,05/11/2026,
272,https://www.ugajobsearch.com/postings/504646,GLAD Program Coordinator,Non-academic,Part-time,School of Medicine,,09/28/2026,
272,https://www.ugajobsearch.com/postings/478371,Temporary Field Assistant,Unclassified,Part-time,School of Medicine,,,08/01/2022
272,https://www.ugajobsearch.com/postings/490462,"215 S. Jackson St.Athens, GA 30602Tel (706) 542-2222Email: hrweb@uga.edu",Unclassified,Part-time,School of Medicine,,08/03/2026,
272,https://www.ugajobsearch.com/postings/478493,Position Details,Non-academic,Full-time,School of Medicine,multitude of research areas; endangered native species,,06/01/2022
272,https://www.ugajobsearch.com/postings/495627,Administrative Assistant to the Vice Provosts,Unclassified,Part-time,School of Medicine,,09/01/2026,
272,https://www.ugajobsearch.com/postings/478579,Postdoctoral Associate AD,Research_Fellow,Full-time,School of Medicine,,,07/01/2019
272,https://www.ugajobsearch.com/postings/499263,Student Worker Assistant,Unclassified,Full-time,School of Medicine,,,08/17/2026
272,https://www.ugajobsearch.com/postings/477747,Dining Services Repair Technician,Non-academic,Part-time,School of Medicine,,03/01/2023,
272,https://www.ugajobsearch.com/postings/478800,Student Research Assistant,Non-academic,Full-time,School of Medicine,,,03/18/2024
272,https://www.ugajobsearch.com/postings/478703,Student Assistant- Monfort,Non-academic,Full-time,School of Medicine,,,05/11/2025
272,https://www.ugajobsearch.com/postings/501516,Postdoc,Research_Fellow,Full-time,School of Medicine,riparian habitats; wetlands,,12/01/2026
272,https://www.ugajobsearch.com/postings/504102,Senior Assistant Director for Learning Technologies,Non-academic,Part-time,School of Medicine,,11/01/2026,
272,https://www.ugajobsearch.com/postings/478011,Assistant Professor,Assistant_Professor,Full-time,School of Medicine,Interest Areas of particular interest; computational drug discovery Computational,"November 15, 2025",08/01/2026
272,https://www.ugajobsearch.com/postings/478560,Position Details,Unclassified,Full-time,School of Medicine,,,01/25/2019
272,https://www.ugajobsearch.com/postings/498229,Position Details,Assistant_Professor; Associate_Professor; Full_Professor,Full-time,School of Medicine,Child Development Lab; Money Center; Love,,07/01/2027
272,https://www.ugajobsearch.com/postings/478654,Position Details,Unclassified,Full-time,School of Medicine,,,12/01/2023
272,https://www.ugajobsearch.com/postings/500851,Administrative Assistant to Associate Dean and the Assistant Dean for Academic Affairs,Unclassified,Part-time,School of Medicine,,09/14/2026,
272,https://www.ugajobsearch.com/postings/503814,Position Details,Unclassified,Full-time,School of Medicine,,,09/30/2026
272,https://www.ugajobsearch.com/postings/477942,Director of Broadcast Technologies/Chief Engineer,Assistant_Professor; Associate_Professor; Full_Professor,Part-time,School of Medicine,Broadcast Technologies/Chief Engineer,05/01/2026,
272,https://www.ugajobsearch.com/postings/483696,Glider Lab Technician (PT3),Non-academic,Part-time,School of Medicine,train tomorrow’s; coastal systems,06/01/2026,
272,https://www.ugajobsearch.com/postings/478392,Camera survey technician,Non-academic,Full-time,School of Medicine,,,05/15/2023
272,https://www.ugajobsearch.com/postings/492060,Executive Assistant- Asst. Dean's Office-Tifton,Assistant_Professor; Associate_Professor; Full_Professor,Part-time,School of Medicine,,08/01/2026,
272,https://www.ugajobsearch.com/postings/478513,Temporary Research Technician,Non-academic,Full-time,School of Medicine,,,07/07/2025
272,https://www.ugajobsearch.com/postings/496684,Assistant Program Director – Internal Medicine Residency Program,Assistant_Professor; Associate_Professor; Full_Professor,Full-time,School of Medicine,,,10/01/2026
272,https://www.ugajobsearch.com/postings/478611,Position Details,Unclassified,Part-time,School of Medicine,,,03/02/2020
272,https://www.ugajobsearch.com/postings/500117,Accounts Receivable and Payables Specialist,Non-academic,Part-time,School of Medicine,,09/01/2026,
272,https://www.ugajobsearch.com/postings/477820,Registered Veterinary Technician,Non-academic,Part-time,School of Medicine,,09/16/2024,
272,https://www.ugajobsearch.com/postings/478827,Postdoctoral Associate,Research_Fellow,Full-time,School of Medicine,Competencies Strong optical design; optics research Experience,,01/01/2025
272,https://www.ugajobsearch.com/postings/478745,Forestry Technician Internship,Non-academic,Full-time,School of Medicine,,,05/13/2026
272,https://www.ugajobsearch.com/postings/502386,Program Coordinator,Research_Fellow,Part-time,School of Medicine,,09/01/2026,
272,https://www.ugajobsearch.com/postings/504291,Administrative Assistant II,Unclassified,Part-time,School of Medicine,,10/25/2026,
272,https://www.ugajobsearch.com/postings/478118,Clinical Assistant Professor,Assistant_Professor,Full-time,School of Medicine,Drug Delivery,"April 1, 2026",08/01/2026
272,https://www.ugajobsearch.com/postings/488160,"215 S. Jackson St.Athens, GA 30602Tel (706) 542-2222Email: hrweb@uga.edu",Unclassified,Part-time,School of Medicine,,05/26/2026,
272,https://www.ugajobsearch.com/postings/478444,Position Details,Unclassified,Full-time,School of Medicine,outdoor,,08/24/2026
272,https://www.ugajobsearch.com/postings/494819,"215 S. Jackson St.Athens, GA 30602Tel (706) 542-2222Email: hrweb@uga.edu",Unclassified,Part-time,School of Medicine,,05/26/2026,7/1/26
272,https://www.ugajobsearch.com/postings/478709,Student Assistant,Unclassified,Full-time,School of Medicine,,,08/17/2025
272,https://www.ugajobsearch.com/postings/501624,Position Details,Non-academic,Full-time,School of Medicine,,,08/31/2026
272,https://www.ugajobsearch.com/postings/504113,Plant Pathology Research Technician (C. Oliveira),Non-academic,Part-time,School of Medicine,,10/01/2026,
272,https://www.ugajobsearch.com/postings/478037,Assistant Professor,Assistant_Professor,Full-time,School of Medicine,urban; arthropods,"December 31, 2025",08/03/2026
272,https://www.ugajobsearch.com/postings/486657,"215 S. Jackson St.Athens, GA 30602Tel (706) 542-2222Email: hrweb@uga.edu",Unclassified,Part-time,School of Medicine,expert insights,07/15/2026,
272,https://www.ugajobsearch.com/postings/478415,FWS Lab Assistant,Research_Fellow,Full-time,School of Medicine,,,11/01/2024
272,https://www.ugajobsearch.com/postings/493949,Position Details,Non-academic,Part-time,School of Medicine,,,09/01/2026
272,https://www.ugajobsearch.com/postings/478537,Athletic Subject Tutor - Student Assistant,Unclassified,Full-time,School of Medicine,,,01/01/2024
272,https://www.ugajobsearch.com/postings/497538,"215 S. Jackson St.Athens, GA 30602Tel (706) 542-2222Email: hrweb@uga.edu",Unclassified,Part-time,School of Medicine,,09/01/2026,
272,https://www.ugajobsearch.com/postings/478631,Necropsy Student Assistant,Unclassified,Full-time,School of Medicine,Hospital,,10/31/2021
272,https://www.ugajobsearch.com/postings/500486,"215 S. Jackson St.Athens, GA 30602Tel (706) 542-2222Email: hrweb@uga.edu",Non-academic,Part-time,School of Medicine,GPS guidance systems Strong organization,10/01/2026,
272,https://www.ugajobsearch.com/postings/503253,Associate Dean of Undergraduate Programs,Assistant_Professor; Associate_Professor; Full_Professor,Full-time,COLLEGE OF VETERINARY MEDICINE,Undergraduate Programs,"September 30, 2026",11/01/2026
272,https://www.ugajobsearch.com/postings/477859,"215 S. Jackson St.Athens, GA 30602Tel (706) 542-2222Email: hrweb@uga.edu",Unclassified,Part-time,School of Medicine,,02/01/2026,
272,https://www.ugajobsearch.com/postings/480015,"215 S. Jackson St.Athens, GA 30602Tel (706) 542-2222Email: hrweb@uga.edu",Non-academic,Part-time,School of Medicine,,06/08/2026,
272,https://www.ugajobsearch.com/postings/504661,Guest Experience Coordinator,Non-academic,Part-time,School of Medicine,,10/25/2026,
272,https://www.ugajobsearch.com/postings/478373,Graduate Assistant,Unclassified,Full-time,School of Medicine,,,08/17/2022
272,https://www.ugajobsearch.com/postings/490543,Faculty Affairs Assistant,Unclassified,Part-time,School of Medicine,Diagnostic Laboratories,08/03/2026,
272,https://www.ugajobsearch.com/postings/478495,Ruter Student Assistant #3,Unclassified,Full-time,School of Medicine,,,02/21/2022
272,https://www.ugajobsearch.com/postings/495833,Grants Coordinator II,Non-academic,Part-time,School of Medicine,,09/01/2026,
272,https://www.ugajobsearch.com/postings/478581,Temporary Technician,Non-academic,Full-time,School of Medicine,,,05/27/2019
272,https://www.ugajobsearch.com/postings/499418,Coordinator for Residential Education and Leadership,Non-academic,Part-time,School of Medicine,,12/14/2026,
272,https://www.ugajobsearch.com/postings/477752,"215 S. Jackson St.Athens, GA 30602Tel (706) 542-2222Email: hrweb@uga.edu",Non-academic,Part-time,School of Medicine,,06/01/2025,
272,https://www.ugajobsearch.com/postings/478804,Post-Doctoral Associate,Research_Fellow,Full-time,School of Medicine,controlled delivery of therapeutic agents; expedites the translation of these,,05/01/2024
272,https://www.ugajobsearch.com/postings/478457,Position Details,Unclassified,Part-time,School of Medicine,,,08/18/2025
272,https://www.ugajobsearch.com/postings/494821,"215 S. Jackson St.Athens, GA 30602Tel (706) 542-2222Email: hrweb@uga.edu",Unclassified,Part-time,School of Medicine,,05/26/2026,7/1/26
272,https://www.ugajobsearch.com/postings/478566,LAB/RESEARCH ASSISTANT,Non-academic,Part-time,School of Medicine,,,03/25/2019
272,https://www.ugajobsearch.com/postings/498428,PROGRAM SPECIALIST II,Non-academic,Part-time,School of Medicine,,09/07/2026,
272,https://www.ugajobsearch.com/postings/478661,Postdoctoral Research Associate,Research_Fellow,Full-time,School of Medicine,,,06/01/2024
272,https://www.ugajobsearch.com/postings/500862,Residence Hall Director,Unclassified,Part-time,School of Medicine,,10/01/2026,
272,https://www.ugajobsearch.com/postings/503831,LABORATORY TECHNICIAN II,Non-academic,Part-time,School of Medicine,,10/01/2026,
272,https://www.ugajobsearch.com/postings/477978,Senior Research Associate,Research_Fellow,Part-time,School of Medicine,,02/01/2026,
272,https://www.ugajobsearch.com/postings/483918,Position Details,Assistant_Professor; Associate_Professor; Full_Professor,Full-time,School of Medicine,Elbert County,"June 19, 2026",08/01/2026
272,https://www.ugajobsearch.com/postings/478396,Position Details,Non-academic,Full-time,School of Medicine,,04/05/24,05/13/2024
272,https://www.ugajobsearch.com/postings/492246,Assignments Coordinator,Non-academic,Part-time,School of Medicine,,7/31/26,
272,https://www.ugajobsearch.com/postings/478515,Undergraduate Researcher in Soil Science,Unclassified,Full-time,School of Medicine,Soil Science,,08/01/2025
272,https://www.ugajobsearch.com/postings/496799,Position Details,Unclassified,Full-time,School of Medicine,Hospital,,08/16/2026
272,https://www.ugajobsearch.com/postings/478614,Graduate Research Assistant (Ph.D.),Non-academic,Full-time,School of Medicine,Plant Pathology,,01/01/2021
272,https://www.ugajobsearch.com/postings/500119,Sr. Payroll Coordinator,Non-academic,Part-time,School of Medicine,,09/01/2026,
272,https://www.ugajobsearch.com/postings/477823,"215 S. Jackson St.Athens, GA 30602Tel (706) 542-2222Email: hrweb@uga.edu",Non-academic,Part-time,School of Medicine,,03/02/2025,
272,https://www.ugajobsearch.com/postings/478831,Greenhouse & Garden/Grounds Assistant,Non-academic,Full-time,School of Medicine,,,05/12/2025
272,https://www.ugajobsearch.com/postings/478753,Temporary Technician (Peach),Non-academic,Full-time,School of Medicine,,,05/04/2026
272,https://www.ugajobsearch.com/postings/502456,"215 S. Jackson St.Athens, GA 30602Tel (706) 542-2222Email: hrweb@uga.edu",Non-academic,Part-time,School of Medicine,,09/01/2026,
272,https://www.ugajobsearch.com/postings/504317,Position Details,Unclassified,Full-time,School of Medicine,Percentage Of Time,,11/01/2026
272,https://www.ugajobsearch.com/postings/478123,Position Details,Assistant_Professor; Associate_Professor; Full_Professor,Full-time,School of Medicine,non-surgery house officers,"June 1, 2026",07/01/2026
272,https://www.ugajobsearch.com/postings/488665,Postdoctoral Associate,Research_Fellow,Full-time,School of Medicine,collaborative academic; Responsibilities Participate,,07/01/2026
272,https://www.ugajobsearch.com/postings/478588,Position Details,Unclassified,Full-time,School of Medicine,,,05/31/2019
272,https://www.ugajobsearch.com/postings/499490,Position Details,Unclassified,Full-time,School of Medicine,,,08/12/2026
272,https://www.ugajobsearch.com/postings/477756,"215 S. Jackson St.Athens, GA 30602Tel (706) 542-2222Email: hrweb@uga.edu",Unclassified,Part-time,School of Medicine,,04/14/2026,
272,https://www.ugajobsearch.com/postings/478806,Molecular Plant Nematology Lab Student Assistant – Mitchum Lab,Non-academic,Full-time,School of Medicine,,,08/15/2025
272,https://www.ugajobsearch.com/postings/478713,Post Doctoral Research Associate,Research_Fellow,Full-time,School of Medicine,,,09/01/2025
272,https://www.ugajobsearch.com/postings/501680,Position Details,Assistant_Professor; Associate_Professor; Full_Professor,Full-time,"School of Law in Athens, Georgia",,,"May 1, 2027"
272,https://www.ugajobsearch.com/postings/504169,"215 S. Jackson St.Athens, GA 30602Tel (706) 542-2222Email: hrweb@uga.edu",Unclassified,Part-time,School of Medicine,,09/14/2026,
272,https://www.ugajobsearch.com/postings/478063,Assistant Professor: Insect Ecologist,Assistant_Professor,Full-time,School of Medicine,Georgia Museum of Natural History; empirical techniques; appropriate given their expertise,"January 31, 2026",08/01/2026
272,https://www.ugajobsearch.com/postings/486660,"215 S. Jackson St.Athens, GA 30602Tel (706) 542-2222Email: hrweb@uga.edu",Non-academic,Part-time,School of Medicine,,06/15/2026,
272,https://www.ugajobsearch.com/postings/478417,Position Details,Unclassified,Full-time,School of Medicine,,,10/22/2024
272,https://www.ugajobsearch.com/postings/494078,Student Services Front Office Student Assistant,Unclassified,Full-time,School of Medicine,,,08/17/2026
272,https://www.ugajobsearch.com/postings/478539,Math Tutor - Student Assistant,Unclassified,Full-time,School of Medicine,,,01/01/2024
272,https://www.ugajobsearch.com/postings/497679,"215 S. Jackson St.Athens, GA 30602Tel (706) 542-2222Email: hrweb@uga.edu",Non-academic,Part-time,School of Medicine,expert insights,09/01/2026,
272,https://www.ugajobsearch.com/postings/478633,Position Details,Unclassified,Full-time,School of Medicine,,,02/01/2022
272,https://www.ugajobsearch.com/postings/500519,Position Details,Non-academic,Full-time,School of Medicine,,,08/17/2026
272,https://www.ugajobsearch.com/postings/503316,Position Details,Non-academic,Part-time,School of Medicine,,,09/01/2026
272,https://www.ugajobsearch.com/postings/477865,"215 S. Jackson St.Athens, GA 30602Tel (706) 542-2222Email: hrweb@uga.edu",Non-academic,Part-time,School of Medicine,,04/18/2026,
272,https://www.ugajobsearch.com/postings/480048,"Assistant Director, S-SARE Program",Non-academic,Part-time,School of Medicine,Southern Region Support the Program; Cooperative,06/01/2026,
272,https://www.ugajobsearch.com/postings/478375,Position Details,Non-academic,Full-time,School of Medicine,,,08/17/2022
272,https://www.ugajobsearch.com/postings/490694,"215 S. Jackson St.Athens, GA 30602Tel (706) 542-2222Email: hrweb@uga.edu",Non-academic,Part-time,School of Medicine,,08/10/2026,
272,https://www.ugajobsearch.com/postings/478497,Deer Research Technician-Louisiana,Non-academic,Full-time,School of Medicine,,,01/01/2025
272,https://www.ugajobsearch.com/postings/496065,Plant Pathology Student Assistant-Chowdhury 2,Unclassified,Full-time,School of Medicine,plant-parasitic nematode of cotton; vegetable,,08/16/2026
272,https://www.ugajobsearch.com/postings/502616,"215 S. Jackson St.Athens, GA 30602Tel (706) 542-2222Email: hrweb@uga.edu",Unclassified,Part-time,School of Medicine,,10/01/2026,
272,https://www.ugajobsearch.com/postings/504449,"Senior Director, Marketing and Communications",Non-academic,Part-time,School of Medicine,,"September 14, 2026",
272,https://www.ugajobsearch.com/postings/478163,Position Details,Unclassified,Full-time,School of Medicine,,,07/01/2026
272,https://www.ugajobsearch.com/postings/488743,Gopher Tortoise Survey - Seasonal Technician,Non-academic,Full-time,School of Medicine,UAVs; post-translocation status of gopher tortoises,,08/03/2026
272,https://www.ugajobsearch.com/postings/478462,STUWK / Office Assistant GA 4H,Unclassified,Full-time,School of Medicine,,,08/25/2025
272,https://www.ugajobsearch.com/postings/494929,"Associate Director, EPOMBA Alumni Engagement & Rankings",Unclassified,Part-time,School of Medicine,Communications; reporting standards Work,09/01/2026,
272,https://www.ugajobsearch.com/postings/478568,Post-Doctoral Research Associate,Research_Fellow,Full-time,School of Medicine,,,08/01/2019
272,https://www.ugajobsearch.com/postings/498464,Veterinary Assistant -LA,Non-academic,Part-time,School of Medicine,,09/13/2026,
272,https://www.ugajobsearch.com/postings/478667,Temporary Field/Lab Assistant,Unclassified,Full-time,School of Medicine,,,06/10/2024
272,https://www.ugajobsearch.com/postings/501153,Student Supervisor Specialist I,Non-academic,Part-time,School of Medicine,,09/21/2026,
272,https://www.ugajobsearch.com/postings/503850,"215 S. Jackson St.Athens, GA 30602Tel (706) 542-2222Email: hrweb@uga.edu",Assistant_Professor; Associate_Professor; Full_Professor,Part-time,School of Medicine,,10/01/2026,
272,https://www.ugajobsearch.com/postings/477987,OPEN RANK Assistant/Associate/Full Professor of Diagnostic Imaging,Assistant_Professor; Associate_Professor; Full_Professor,Full-time,School of Medicine,Diagnostic Imaging; house officers,"March 1, 2024",06/01/2024
272,https://www.ugajobsearch.com/postings/484141,Agricultural Specialist I,Non-academic,Part-time,School of Medicine,Responsibilities Research Involvement Assist,06/08/2026,
272,https://www.ugajobsearch.com/postings/478400,Temporary Laboratory Assistant,Unclassified,Full-time,School of Medicine,,,04/29/2024
272,https://www.ugajobsearch.com/postings/492268,Position Details,Non-academic,Part-time,School of Medicine,,,09/01/2026
272,https://www.ugajobsearch.com/postings/478519,Position Details,Unclassified,Part-time,School of Medicine,,,08/18/2025
272,https://www.ugajobsearch.com/postings/496893,Fayette County 4-H Program Assistant (PT),Non-academic,Part-time,School of Medicine,,09/27/2026,
272,https://www.ugajobsearch.com/postings/478617,Post-Doctoral Associate,Research_Fellow,Full-time,School of Medicine,,,05/01/2021
272,https://www.ugajobsearch.com/postings/500139,"215 S. Jackson St.Athens, GA 30602Tel (706) 542-2222Email: hrweb@uga.edu",Unclassified,Part-time,School of Medicine,University System study abroad,10/01/2026,
272,https://www.ugajobsearch.com/postings/477825,Licensed Veterinary Technician,Non-academic,Part-time,School of Medicine,,04/13/2025,
272,https://www.ugajobsearch.com/postings/478837,Student Assistant (Dining Admin),Unclassified,Full-time,School of Medicine,,,09/02/2025
272,https://www.ugajobsearch.com/postings/478762,Position Details,Unclassified,Full-time,School of Medicine,,"April 22, 2026",08/21/2026
272,https://www.ugajobsearch.com/postings/496375,Associate Director of Alumni & Industry Relations,Non-academic,Part-time,School of Medicine,Alumni & Industry Relations,09/01/2026,
272,https://www.ugajobsearch.com/postings/478594,Temporary Field/Greenhouse Assistant,Unclassified,Full-time,School of Medicine,,,06/12/2019
272,https://www.ugajobsearch.com/postings/499581,Executive Assistant,Unclassified,Part-time,School of Medicine,,09/14/2026,
272,https://www.ugajobsearch.com/postings/477767,"215 S. Jackson St.Athens, GA 30602Tel (706) 542-2222Email: hrweb@uga.edu",Unclassified,Part-time,School of Medicine,,03/29/2026,
272,https://www.ugajobsearch.com/postings/478808,Black Bear Hair Snare Technician,Non-academic,Full-time,School of Medicine,,,05/15/2025
272,https://www.ugajobsearch.com/postings/478716,Temporary Field/Summer Assistant,Unclassified,Full-time,School of Medicine,,,09/08/2025
272,https://www.ugajobsearch.com/postings/501736,Events Specialist,Non-academic,Part-time,School of Medicine,,09/21/2026,
272,https://www.ugajobsearch.com/postings/504181,Student Assistant,Unclassified,Full-time,School of Medicine,,,09/01/2026
272,https://www.ugajobsearch.com/postings/478077,Lecturer,Lecturer,Full-time,School of Medicine,,,08/01/2026
272,https://www.ugajobsearch.com/postings/486790,Position Details,Unclassified,Part-time,School of Medicine,,,07/01/2026
272,https://www.ugajobsearch.com/postings/478421,Temporary Research Assistant,Non-academic,Full-time,School of Medicine,,,11/04/2024
272,https://www.ugajobsearch.com/postings/494184,Student Veterinary Assistant,Unclassified,Full-time,School of Medicine,Hospital,,08/31/2026
272,https://www.ugajobsearch.com/postings/478541,Position Details,Non-academic,Full-time,School of Medicine,,,01/08/2024
272,https://www.ugajobsearch.com/postings/497756,"215 S. Jackson St.Athens, GA 30602Tel (706) 542-2222Email: hrweb@uga.edu",Unclassified,Part-time,School of Medicine,,09/01/2026,
272,https://www.ugajobsearch.com/postings/478635,Student Research Assistant = van Iersel,Non-academic,Full-time,School of Medicine,,,05/27/2022
272,https://www.ugajobsearch.com/postings/500612,"215 S. Jackson St.Athens, GA 30602Tel (706) 542-2222Email: hrweb@uga.edu",Unclassified,Full-time,,,,
272,https://www.ugajobsearch.com/postings/503393,Temporary Technician (Beasley),Non-academic,Full-time,School of Medicine,,,09/21/2026
272,https://www.ugajobsearch.com/postings/477873,"215 S. Jackson St.Athens, GA 30602Tel (706) 542-2222Email: hrweb@uga.edu",Unclassified,Part-time,School of Medicine,,08/10/2026,
272,https://www.ugajobsearch.com/postings/480446,Position Details,Unclassified,Full-time,School of Medicine,Hospital,,05/24/2026
272,https://www.ugajobsearch.com/postings/478378,Temporary Variety Testing Assistant,Unclassified,Part-time,School of Medicine,,,09/19/2022
272,https://www.ugajobsearch.com/postings/490715,Position Details,Assistant_Professor; Associate_Professor; Full_Professor,Full-time,School of Medicine,,,10/01/2026
272,https://www.ugajobsearch.com/postings/478499,Temporary Grounds Assistant,Unclassified,Full-time,School of Medicine,,,04/07/2025
272,https://www.ugajobsearch.com/postings/478844,Post-Doctoral Associate,Research_Fellow,Full-time,School of Medicine,,,07/01/2026
272,https://www.ugajobsearch.com/postings/478771,Engineering Assistant,Unclassified,Full-time,School of Medicine,solutions,,05/12/2026
272,https://www.ugajobsearch.com/postings/502715,"215 S. Jackson St.Athens, GA 30602Tel (706) 542-2222Email: hrweb@uga.edu",Non-academic,Part-time,School of Medicine,,10/12/2026,
272,https://www.ugajobsearch.com/postings/504480,Associate Director of Network and Data Center Operations,Non-academic,Part-time,School of Medicine,Network and Data Center Operations,10/01/2026,
272,https://www.ugajobsearch.com/postings/478199,Assistant Research Scientist,Research_Fellow,Full-time,School of Medicine,obtaining extramural funding; project design,,06/01/2026
272,https://www.ugajobsearch.com/postings/488849,"215 S. Jackson St.Athens, GA 30602Tel (706) 542-2222Email: hrweb@uga.edu",Unclassified,Part-time,School of Medicine,,08/01/2026,
272,https://www.ugajobsearch.com/postings/478465,Position Details,Unclassified,Full-time,School of Medicine,,,08/31/2025
272,https://www.ugajobsearch.com/postings/494988,"215 S. Jackson St.Athens, GA 30602Tel (706) 542-2222Email: hrweb@uga.edu",Non-academic,Part-time,School of Medicine,,08/31/2026,
272,https://www.ugajobsearch.com/postings/478570,Summer Field Technician,Non-academic,Full-time,School of Medicine,,,05/13/2019
272,https://www.ugajobsearch.com/postings/498511,Position Details,Non-academic,Part-time,School of Medicine,,,09/01/2026
272,https://www.ugajobsearch.com/postings/21482,"215 S. Jackson St.Athens, GA 30602Tel (706) 542-2222Email: hrweb@uga.edu",Unclassified,Part-time,,,05/31/2018,
272,https://www.ugajobsearch.com/postings/478791,Student Assistant,Unclassified,Full-time,School of Medicine,,,01/23/2019
272,https://www.ugajobsearch.com/postings/478677,Student Assistant -Veterinary Entomology,Unclassified,Full-time,School of Medicine,,,09/01/2024
272,https://www.ugajobsearch.com/postings/501218,"215 S. Jackson St.Athens, GA 30602Tel (706) 542-2222Email: hrweb@uga.edu",Non-academic,Part-time,School of Medicine,,09/01/2026,
272,https://www.ugajobsearch.com/postings/503869,"215 S. Jackson St.Athens, GA 30602Tel (706) 542-2222Email: hrweb@uga.edu",Unclassified,Part-time,School of Medicine,,10/01/2026,
272,https://www.ugajobsearch.com/postings/477990,Assistant or Associate Professor,Assistant_Professor; Associate_Professor,Full-time,School of Medicine,Organizational change; HSIs; online formats Evidence of,,08/01/2025
272,https://www.ugajobsearch.com/postings/484450,Building Automation Specialist,Non-academic,Part-time,School of Medicine,,07/01/2026,
272,https://www.ugajobsearch.com/postings/478402,Laboratory assistant,Non-academic,Full-time,School of Medicine,,,05/20/2024
272,https://www.ugajobsearch.com/postings/492695,"215 S. Jackson St.Athens, GA 30602Tel (706) 542-2222Email: hrweb@uga.edu",Unclassified,Full-time,,,,
272,https://www.ugajobsearch.com/postings/478521,Position Details,Non-academic,Full-time,School of Medicine,,,06/01/2022
272,https://www.ugajobsearch.com/postings/497030,"215 S. Jackson St.Athens, GA 30602Tel (706) 542-2222Email: hrweb@uga.edu",Unclassified,Part-time,School of Medicine,,09/01/2026,
272,https://www.ugajobsearch.com/postings/478619,Position Details,Unclassified,Full-time,School of Medicine,,,05/03/2021
272,https://www.ugajobsearch.com/postings/500159,Assistant or Associate Professor,Assistant_Professor; Associate_Professor,Full-time,School of Medicine,premier peer-reviewed journals; auditing,"October 1, 2026",08/01/2027
272,https://www.ugajobsearch.com/postings/502862,"215 S. Jackson St.Athens, GA 30602Tel (706) 542-2222Email: hrweb@uga.edu",Unclassified,Part-time,School of Medicine,,08/26/2026,
272,https://www.ugajobsearch.com/postings/477829,"215 S. Jackson St.Athens, GA 30602Tel (706) 542-2222Email: hrweb@uga.edu",Unclassified,Part-time,School of Medicine,,07/21/2025,
272,https://www.ugajobsearch.com/postings/478503,Position Details,Unclassified,Full-time,School of Medicine,,,05/15/2025
272,https://www.ugajobsearch.com/postings/496414,"215 S. Jackson St.Athens, GA 30602Tel (706) 542-2222Email: hrweb@uga.edu",Non-academic,Part-time,School of Medicine,GPS guidance systems Strong organization; VIP tours,09/01/2026,
272,https://www.ugajobsearch.com/postings/478598,Temporary Field/Greenhouse Assistant,Unclassified,Full-time,School of Medicine,,,06/12/2019
272,https://www.ugajobsearch.com/postings/499704,Director of Student Affairs,Non-academic,Part-time,School of Medicine,Student Affairs,09/01/2026,
272,https://www.ugajobsearch.com/postings/477780,"215 S. Jackson St.Athens, GA 30602Tel (706) 542-2222Email: hrweb@uga.edu",Non-academic,Part-time,School of Medicine,,02/02/2026,
272,https://www.ugajobsearch.com/postings/478812,Research Assistant,Non-academic,Full-time,School of Medicine,,,03/30/2026
272,https://www.ugajobsearch.com/postings/478719,Temporary Technician (Beasley),Non-academic,Full-time,School of Medicine,,,10/13/2025
272,https://www.ugajobsearch.com/postings/501876,"215 S. Jackson St.Athens, GA 30602Tel (706) 542-2222Email: hrweb@uga.edu",Non-academic,Part-time,School of Medicine,technologies,09/14/2026,
272,https://www.ugajobsearch.com/postings/504206,Laboratory Technician I,Non-academic,Part-time,School of Medicine,,10/26/2026,
272,https://www.ugajobsearch.com/postings/478080,Associate or Full Professor,Associate_Professor; Full_Professor,Full-time,School of Medicine,food processing technologies related; poultry products relevant,"March 15, 2026",08/01/2026
272,https://www.ugajobsearch.com/postings/487094,Post-Doctoral Associate-Dutta,Research_Fellow,Full-time,School of Medicine,,,07/01/2026
272,https://www.ugajobsearch.com/postings/478423,Position Details,Unclassified,Part-time,School of Medicine,,,01/07/2025
272,https://www.ugajobsearch.com/postings/494332,Postdoctoral Associate AD,Research_Fellow,Full-time,School of Medicine,,,08/17/2026
272,https://www.ugajobsearch.com/postings/478547,Temporary Laboratory Technician,Non-academic,Part-time,School of Medicine,,,03/04/2024
272,https://www.ugajobsearch.com/postings/497817,Student Assistant,Unclassified,Full-time,School of Medicine,,,08/17/2026
272,https://www.ugajobsearch.com/postings/478639,Student Assistant,Unclassified,Full-time,School of Medicine,,,08/15/2022
272,https://www.ugajobsearch.com/postings/500635,"215 S. Jackson St.Athens, GA 30602Tel (706) 542-2222Email: hrweb@uga.edu",Unclassified,Part-time,School of Medicine,,08/01/2026,
272,https://www.ugajobsearch.com/postings/503496,"215 S. Jackson St.Athens, GA 30602Tel (706) 542-2222Email: hrweb@uga.edu",Research_Fellow,Part-time,School of Medicine,,10/01/2026,
272,https://www.ugajobsearch.com/postings/477887,"215 S. Jackson St.Athens, GA 30602Tel (706) 542-2222Email: hrweb@uga.edu",Non-academic,Part-time,School of Medicine,,03/29/2026,
272,https://www.ugajobsearch.com/postings/481235,Temporary Technician (Bier),Non-academic,Full-time,School of Medicine,,,07/06/2026
272,https://www.ugajobsearch.com/postings/478380,Position Details,Research_Fellow,Full-time,School of Medicine,record of scientific publication; social science research,,01/02/2023
272,https://www.ugajobsearch.com/postings/490851,Research Associate-Plant Pathology,Research_Fellow,Part-time,School of Medicine,understanding mechanism of fungicide resistance; characterization of fungicide resistance,08/01/2026,
272,https://www.ugajobsearch.com/postings/478621,Position Details,Unclassified,Full-time,School of Medicine,,,06/01/2021
272,https://www.ugajobsearch.com/postings/500195,Position Details,Non-academic,Full-time,School of Medicine,,,08/04/2024
272,https://www.ugajobsearch.com/postings/503020,Histology Technician,Non-academic,Part-time,School of Medicine,,09/27/2026,
272,https://www.ugajobsearch.com/postings/477834,"215 S. Jackson St.Athens, GA 30602Tel (706) 542-2222Email: hrweb@uga.edu",Research_Fellow,Part-time,School of Medicine,,09/01/2025,
272,https://www.ugajobsearch.com/postings/478912,"215 S. Jackson St.Athens, GA 30602Tel (706) 542-2222Email: hrweb@uga.edu",Unclassified,Part-time,School of Medicine,,06/01/2026,
272,https://www.ugajobsearch.com/postings/478780,Genetics Laboratory Assistant,Non-academic,Full-time,School of Medicine,,,04/20/2026
272,https://www.ugajobsearch.com/postings/502738,Fox Squirrel Research Technician,Non-academic,Full-time,School of Medicine,,,12/01/2026
272,https://www.ugajobsearch.com/postings/504495,"215 S. Jackson St.Athens, GA 30602Tel (706) 542-2222Email: hrweb@uga.edu",Unclassified,Part-time,School of Medicine,,09/17/2026,
272,https://www.ugajobsearch.com/postings/478359,Student Assistant – Retail Dining Locations,Unclassified,Full-time,School of Medicine,,,08/04/2025
272,https://www.ugajobsearch.com/postings/489376,Class Checker - Student Assistant,Unclassified,Full-time,School of Medicine,,,02/27/2023
272,https://www.ugajobsearch.com/postings/478474,Graduate Research Assistant,Non-academic,Full-time,School of Medicine,,,01/01/2026
272,https://www.ugajobsearch.com/postings/495101,Psychologist/Assistant Director of Clinical Training,Research_Fellow,Full-time,School of Medicine,Clinical Training; clinical supervision,,08/01/2026
272,https://www.ugajobsearch.com/postings/478572,Temporary Technician,Non-academic,Full-time,School of Medicine,,,04/08/2019
272,https://www.ugajobsearch.com/postings/498574,Student Assistant,Unclassified,Full-time,School of Medicine,,,09/27/2026
272,https://www.ugajobsearch.com/postings/29862,"215 S. Jackson St.Athens, GA 30602Tel (706) 542-2222Email: hrweb@uga.edu",Research_Fellow,Part-time,,,08/13/2018,
272,https://www.ugajobsearch.com/postings/478793,Position Details,Unclassified,Full-time,School of Medicine,,,03/02/2020
272,https://www.ugajobsearch.com/postings/478681,Post-Doctoral Associate,Research_Fellow,Full-time,School of Medicine,,,11/01/2024
272,https://www.ugajobsearch.com/postings/501250,"215 S. Jackson St.Athens, GA 30602Tel (706) 542-2222Email: hrweb@uga.edu",Unclassified,Part-time,,,09/13/2026,
272,https://www.ugajobsearch.com/postings/503945,Life Science Technician (Lance),Research_Fellow,Part-time,School of Medicine,,09/21/2026,
272,https://www.ugajobsearch.com/postings/477992,Position Details,Assistant_Professor; Associate_Professor; Full_Professor,Full-time,School of Medicine,expert insights,,02/01/2025
272,https://www.ugajobsearch.com/postings/485121,Assistant Professor of Legal Studies,Assistant_Professor,Full-time,School of Medicine,Legal Studies; premier peer-reviewed journals,"October 1, 2026",08/01/2027
272,https://www.ugajobsearch.com/postings/478404,Maintenance Assistant,Unclassified,Full-time,School of Medicine,,,06/24/2024
272,https://www.ugajobsearch.com/postings/492877,Assistant Director for Residential Programs and Services,Non-academic,Part-time,School of Medicine,,8/17/26,
272,https://www.ugajobsearch.com/postings/478523,Position Details,Unclassified,Full-time,School of Medicine,,,06/01/2022
272,https://www.ugajobsearch.com/postings/497340,Vet Teaching Hospital Client Relationship Officer,Unclassified,Part-time,School of Medicine,Hospital Client Relationship Officer Department,09/01/2026,
272,https://www.ugajobsearch.com/postings/478382,Temporary Lab Assistant 2,Unclassified,Full-time,School of Medicine,,,10/17/2022
272,https://www.ugajobsearch.com/postings/491157,Position Details,Unclassified,Full-time,School of Medicine,,,08/03/2026
272,https://www.ugajobsearch.com/postings/478505,Temporary Lab Technician,Non-academic,Full-time,School of Medicine,,,05/19/2025
272,https://www.ugajobsearch.com/postings/496490,"215 S. Jackson St.Athens, GA 30602Tel (706) 542-2222Email: hrweb@uga.edu",Non-academic,Part-time,School of Medicine,,08/30/2026,
272,https://www.ugajobsearch.com/postings/478602,Postdoctoral Associate,Research_Fellow,Full-time,School of Medicine,,,11/01/2019
272,https://www.ugajobsearch.com/postings/499762,WUGA Digital Coordinator,Non-academic,Part-time,School of Medicine,,11/01/2026,
272,https://www.ugajobsearch.com/postings/477805,Forest Health/Silviculture Technician,Non-academic,Part-time,School of Medicine,,05/24/2021,
272,https://www.ugajobsearch.com/postings/478815,Garden & Grounds Assistant,Unclassified,Full-time,School of Medicine,,,09/03/2024
272,https://www.ugajobsearch.com/postings/478721,Graduate Research Assistant (Beasley),Non-academic,Full-time,School of Medicine,,,01/01/2026
272,https://www.ugajobsearch.com/postings/501960,"215 S. Jackson St.Athens, GA 30602Tel (706) 542-2222Email: hrweb@uga.edu",Unclassified,Part-time,School of Medicine,,8/31/26,
272,https://www.ugajobsearch.com/postings/504257,Communications Director,Unclassified,Part-time,School of Medicine,,"November 1, 2026",
272,https://www.ugajobsearch.com/postings/478092,Assistant Professor in Comparative Disease Computation and Artificial Intelligence (Tenure Track),Assistant_Professor,Full-time,Department of Pathology,Comparative Disease Computation and Artificial Intelligence; College’s undergraduate,,08/01/2026
272,https://www.ugajobsearch.com/postings/487534,"215 S. Jackson St.Athens, GA 30602Tel (706) 542-2222Email: hrweb@uga.edu",Assistant_Professor; Associate_Professor; Full_Professor,Part-time,School of Medicine,,07/01/2026,
272,https://www.ugajobsearch.com/postings/478428,Lab/Field Student Assistant-9-Nankar,Unclassified,Full-time,School of Medicine,,,03/15/2026
272,https://www.ugajobsearch.com/postings/494488,Assistant Professor/Associate Professor/Professor,Assistant_Professor; Associate_Professor; Full_Professor,Full-time,School of Medicine,than one of the above-listed,,08/01/2027
272,https://www.ugajobsearch.com/postings/478549,Position Details,Unclassified,Full-time,School of Medicine,,,04/01/2024
272,https://www.ugajobsearch.com/postings/497969,Senior Director of Development,Assistant_Professor; Associate_Professor; Full_Professor,Part-time,Division of Development & Alumni Relations,Development,10/01/2026,
272,https://www.ugajobsearch.com/postings/478642,Postdoctoral Research Associate,Research_Fellow,Full-time,School of Medicine,,,12/01/2022
272,https://www.ugajobsearch.com/postings/500676,"215 S. Jackson St.Athens, GA 30602Tel (706) 542-2222Email: hrweb@uga.edu",Unclassified,Part-time,School of Medicine,,09/01/2026,
272,https://www.ugajobsearch.com/postings/503580,Position Details,Unclassified,Full-time,School of Medicine,,,10/05/2026
272,https://www.ugajobsearch.com/postings/477894,"215 S. Jackson St.Athens, GA 30602Tel (706) 542-2222Email: hrweb@uga.edu",Unclassified,Part-time,School of Medicine,,05/26/2026,
272,https://www.ugajobsearch.com/postings/481297,Poultry Health Specialist,Assistant_Professor; Associate_Professor; Full_Professor; Research_Fellow,Full-time,School of Medicine,clinical virology; poultry diseases; curriculums,"August 3, 2026",01/01/2027
272,https://www.ugajobsearch.com/postings/478525,Student Assistant,Unclassified,Full-time,School of Medicine,,,04/23/2023
272,https://www.ugajobsearch.com/postings/497439,Position Details,Unclassified,Full-time,School of Medicine,,,09/01/2026
272,https://www.ugajobsearch.com/postings/478623,Position Details,Unclassified,Full-time,School of Medicine,,,06/16/2021
272,https://www.ugajobsearch.com/postings/500209,Post Doctoral Research Associate,Research_Fellow,Full-time,School of Medicine,Responsibilities Training,,10/01/2026
272,https://www.ugajobsearch.com/postings/503085,Position Details,Unclassified,Full-time,COLLEGE OF VETERINARY MEDICINE,,"September 30, 2026",11/01/2026
272,https://www.ugajobsearch.com/postings/477840,"215 S. Jackson St.Athens, GA 30602Tel (706) 542-2222Email: hrweb@uga.edu",Non-academic,Part-time,School of Medicine,Hospital,11/23/2025,
272,https://www.ugajobsearch.com/postings/479117,Student Electronics Technician,Non-academic,Full-time,School of Medicine,,,05/11/2026
272,https://www.ugajobsearch.com/postings/478785,Temporary Field/Summer Assistant 7,Unclassified,Full-time,School of Medicine,laboratory research,,05/11/2026
272,https://www.ugajobsearch.com/postings/502819,"215 S. Jackson St.Athens, GA 30602Tel (706) 542-2222Email: hrweb@uga.edu",Non-academic,Part-time,School of Medicine,,10/01/2026,
272,https://www.ugajobsearch.com/postings/504504,Medical Records Associate,Non-academic,Part-time,School of Medicine,,09/27/2026,
272,https://www.ugajobsearch.com/postings/478364,Temporary Lab/Greenhouse Assistant,Unclassified,Full-time,School of Medicine,,,05/02/2022
272,https://www.ugajobsearch.com/postings/489533,"215 S. Jackson St.Athens, GA 30602Tel (706) 542-2222Email: hrweb@uga.edu",Non-academic,Part-time,School of Medicine,Hospital,08/02/2026,
272,https://www.ugajobsearch.com/postings/478477,Student Assistant- Tillman 2,Unclassified,Full-time,School of Medicine,,,01/25/2026
272,https://www.ugajobsearch.com/postings/495117,Director of Bar Passage,Non-academic,Full-time,School of Medicine,Bar Passage,,10/01/2026
272,https://www.ugajobsearch.com/postings/478574,Temporary Field/Greenhouse Assistant,Unclassified,Full-time,School of Medicine,,,04/22/2019
272,https://www.ugajobsearch.com/postings/498724,Director for Accreditation & Institutional Effectiveness,Assistant_Professor; Associate_Professor; Full_Professor,Part-time,School of Medicine,,09/01/2026,
272,https://www.ugajobsearch.com/postings/34131,"215 S. Jackson St.Athens, GA 30602Tel (706) 542-2222Email: hrweb@uga.edu",Unclassified,Part-time,,,10/31/2018,
272,https://www.ugajobsearch.com/postings/478795,Position Details,Unclassified,Full-time,School of Medicine,,,05/19/2021
272,https://www.ugajobsearch.com/postings/478686,Post-Doctoral Research,Research_Fellow,Full-time,School of Medicine,,,01/20/2025
272,https://www.ugajobsearch.com/postings/501274,"215 S. Jackson St.Athens, GA 30602Tel (706) 542-2222Email: hrweb@uga.edu",Unclassified,Full-time,,,,
272,https://www.ugajobsearch.com/postings/504022,Student Assistant,Unclassified,Full-time,School of Medicine,,,09/15/2026
272,https://www.ugajobsearch.com/postings/478001,Louise McBee Distinguished Professor of Higher Education,Full_Professor,Full-time,School of Medicine,Higher Education; Fellows program,,08/01/2026
272,https://www.ugajobsearch.com/postings/485841,Position Details,Assistant_Professor; Associate_Professor; Full_Professor,Full-time,School of Medicine,actively participate,"September 15, 2026",10/01/2026
272,https://www.ugajobsearch.com/postings/478407,Temporary Research Assistant,Non-academic,Full-time,School of Medicine,,,07/01/2024
272,https://www.ugajobsearch.com/postings/493179,Position Details,Non-academic,Full-time,School of Medicine,,,08/17/2026
272,https://www.ugajobsearch.com/postings/503593,"215 S. Jackson St.Athens, GA 30602Tel (706) 542-2222Email: hrweb@uga.edu",Non-academic,Part-time,School of Medicine,chart string overdrafts; quarterly balancing,10/01/2026,
272,https://www.ugajobsearch.com/postings/477902,"215 S. Jackson St.Athens, GA 30602Tel (706) 542-2222Email: hrweb@uga.edu",Unclassified,Part-time,School of Medicine,,05/26/2026,
272,https://www.ugajobsearch.com/postings/482768,"215 S. Jackson St.Athens, GA 30602Tel (706) 542-2222Email: hrweb@uga.edu",Unclassified,Part-time,School of Medicine,,06/22/2026,
272,https://www.ugajobsearch.com/postings/478385,Student Assistant,Unclassified,Full-time,School of Medicine,,,02/19/2023
272,https://www.ugajobsearch.com/postings/491589,Position Details,Assistant_Professor; Associate_Professor; Full_Professor,Full-time,School of Medicine,Maintains program records,"August 5, 2026",09/01/2026
272,https://www.ugajobsearch.com/postings/478507,Seasonal Animal Care and Environmental Education Assistant,Unclassified,Part-time,School of Medicine,,,05/26/2025
272,https://www.ugajobsearch.com/postings/496605,Position Details,Non-academic,Part-time,School of Medicine,,,09/01/2026
272,https://www.ugajobsearch.com/postings/478604,Student Assistant,Unclassified,Full-time,School of Medicine,,,08/06/2019
272,https://www.ugajobsearch.com/postings/499793,Position Details,Unclassified,Full-time,School of Medicine,,,08/17/2026
272,https://www.ugajobsearch.com/postings/477808,Research Technician,Non-academic,Part-time,School of Medicine,recording of data,11/01/2021,
272,https://www.ugajobsearch.com/postings/478820,4-H Environmental Educator  - Student Assistant,Unclassified,Full-time,School of Medicine,,,10/04/2021
272,https://www.ugajobsearch.com/postings/478724,Forest Soil Fieldwork Temporary Technician,Non-academic,Full-time,School of Medicine,,,12/15/2025
272,https://www.ugajobsearch.com/postings/502024,Student Laboratory Assistant,Unclassified,Full-time,School of Medicine,,,08/31/2026
272,https://www.ugajobsearch.com/postings/504269,"215 S. Jackson St.Athens, GA 30602Tel (706) 542-2222Email: hrweb@uga.edu",Assistant_Professor; Associate_Professor; Full_Professor,Part-time,School of Medicine,,09/30/2026,7/1/26
272,https://www.ugajobsearch.com/postings/478101,"Clinical Assistant, Associate, or Full Professor",Full_Professor,Full-time,School of Medicine,maintenance of an active clinical,"May 21, 2026",07/01/2026
272,https://www.ugajobsearch.com/postings/487652,Temporary Research Associate,Research_Fellow,Full-time,School of Medicine,,,06/22/2026
272,https://www.ugajobsearch.com/postings/478434,Temporary Field/Lab Assistant,Unclassified,Full-time,School of Medicine,,,03/16/2026
272,https://www.ugajobsearch.com/postings/494785,"215 S. Jackson St.Athens, GA 30602Tel (706) 542-2222Email: hrweb@uga.edu",Unclassified,Part-time,School of Medicine,,01/04/2022,7/1/26
272,https://www.ugajobsearch.com/postings/478555,Student Assistant,Unclassified,Full-time,School of Medicine,,,01/27/2019
272,https://www.ugajobsearch.com/postings/498034,"215 S. Jackson St.Athens, GA 30602Tel (706) 542-2222Email: hrweb@uga.edu",Non-academic,Part-time,School of Medicine,problem-solving skills; research-driven,09/01/2026,
272,https://www.ugajobsearch.com/postings/478646,Postdoctoral Researcher,Research_Fellow,Full-time,School of Medicine,,,05/01/2023
272,https://www.ugajobsearch.com/postings/500737,Rural Development Fellow,Unclassified,Full-time,School of Medicine,expert insights,,09/14/2026
272,https://www.ugajobsearch.com/postings/478529,Temporary Technician,Non-academic,Full-time,School of Medicine,Peach laboratory Relevant; Competencies Physical,,05/29/2023
272,https://www.ugajobsearch.com/postings/497454,"215 S. Jackson St.Athens, GA 30602Tel (706) 542-2222Email: hrweb@uga.edu",Non-academic,Part-time,School of Medicine,,08/24/2026,
272,https://www.ugajobsearch.com/postings/478625,Post-Doctoral Associate AD,Research_Fellow,Full-time,School of Medicine,,,08/01/2021
272,https://www.ugajobsearch.com/postings/500334,ADS Student Assistant Beef 4,Non-academic,Full-time,School of Medicine,,,08/30/2026
272,https://www.ugajobsearch.com/postings/503105,"215 S. Jackson St.Athens, GA 30602Tel (706) 542-2222Email: hrweb@uga.edu",Unclassified,Full-time,,,,
272,https://www.ugajobsearch.com/postings/477845,Limited Term Senior Research Associate (Caughy),Research_Fellow,Part-time,School of Medicine,,12/08/2025,
272,https://www.ugajobsearch.com/postings/479715,Client Care Team - Referral Coordinator Floater,Non-academic,Part-time,School of Medicine,Hospital,05/24/2026,
272,https://www.ugajobsearch.com/postings/504559,Position Details,Unclassified,Full-time,School of Medicine,,,09/13/2026
272,https://www.ugajobsearch.com/postings/478366,Student Assistant,Unclassified,Full-time,School of Medicine,,,05/09/2022
272,https://www.ugajobsearch.com/postings/490215,"215 S. Jackson St.Athens, GA 30602Tel (706) 542-2222Email: hrweb@uga.edu",Non-academic,Part-time,School of Medicine,,08/01/2026,
272,https://www.ugajobsearch.com/postings/478486,Position Details,Unclassified,Full-time,School of Medicine,,,02/16/2026
272,https://www.ugajobsearch.com/postings/495523,"215 S. Jackson St.Athens, GA 30602Tel (706) 542-2222Email: hrweb@uga.edu",Unclassified,Part-time,School of Medicine,,09/01/2026,
272,https://www.ugajobsearch.com/postings/478576,Student Assistant,Unclassified,Full-time,School of Medicine,,,05/10/2019
272,https://www.ugajobsearch.com/postings/498907,Post Doctoral Research Associate,Research_Fellow,Full-time,School of Medicine,,,09/01/2026
272,https://www.ugajobsearch.com/postings/477479,Post Doctoral Research Associate,Research_Fellow,Full-time,School of Medicine,,,06/01/2026
272,https://www.ugajobsearch.com/postings/478797,Postdoctoral research associate,Research_Fellow,Full-time,School of Medicine,,,08/26/2022
272,https://www.ugajobsearch.com/postings/478695,Position Details,Unclassified,Full-time,School of Medicine,,,03/31/2025
272,https://www.ugajobsearch.com/postings/501313,Senior Event Coordinator,Non-academic,Part-time,School of Medicine,,10/01/2026,
272,https://www.ugajobsearch.com/postings/504088,"215 S. Jackson St.Athens, GA 30602Tel (706) 542-2222Email: hrweb@uga.edu",Non-academic,Part-time,School of Medicine,,10/01/2026,
272,https://www.ugajobsearch.com/postings/478003,Assistant or Associate Professor,Assistant_Professor; Associate_Professor,Full-time,School of Medicine,basic fungal; impact of fungi on human,,05/01/2026
272,https://www.ugajobsearch.com/postings/486036,Position Details,Unclassified,Full-time,School of Medicine,,,07/06/2026
272,https://www.ugajobsearch.com/postings/478410,Position Details,Unclassified,Full-time,School of Medicine,,,08/14/2024
272,https://www.ugajobsearch.com/postings/493233,Position Details,Assistant_Professor; Associate_Professor; Full_Professor,Full-time,School of Medicine,,,10/01/2026
272,https://www.ugajobsearch.com/postings/478651,Postdoctoral Researcher,Research_Fellow,Full-time,School of Medicine,,,01/04/2024
272,https://www.ugajobsearch.com/postings/500801,Peanut Research Technician- Tifton Campus,Non-academic,Part-time,School of Medicine,,09/01/2026,
272,https://www.ugajobsearch.com/postings/503609,"215 S. Jackson St.Athens, GA 30602Tel (706) 542-2222Email: hrweb@uga.edu",Unclassified,Part-time,School of Medicine,,09/30/2026,
272,https://www.ugajobsearch.com/postings/477911,"215 S. Jackson St.Athens, GA 30602Tel (706) 542-2222Email: hrweb@uga.edu",Unclassified,Part-time,School of Medicine,,05/26/2026,
272,https://www.ugajobsearch.com/postings/483041,Putnam County Administrative Assistant,Non-academic,Part-time,School of Medicine,,"May 30, 2026",
272,https://www.ugajobsearch.com/postings/478387,Eastern Wild Turkey Research Technician,Non-academic,Full-time,School of Medicine,,,04/01/2023
272,https://www.ugajobsearch.com/postings/491788,Position Details,Unclassified,Full-time,School of Medicine,,,08/03/2026
272,https://www.ugajobsearch.com/postings/478509,Position Details,Unclassified,Part-time,School of Medicine,,,06/09/2025
272,https://www.ugajobsearch.com/postings/496646,"215 S. Jackson St.Athens, GA 30602Tel (706) 542-2222Email: hrweb@uga.edu",Unclassified,Part-time,School of Medicine,,10/01/2026,
272,https://www.ugajobsearch.com/postings/478607,Position Details,Unclassified,Part-time,School of Medicine,,,01/15/2024
272,https://www.ugajobsearch.com/postings/500055,"Open Rank - Clinical Assistant, Associate, or Full Professor",Full_Professor,Full-time,School of Medicine,,,08/31/2026
272,https://www.ugajobsearch.com/postings/477810,"215 S. Jackson St.Athens, GA 30602Tel (706) 542-2222Email: hrweb@uga.edu",Unclassified,Part-time,School of Medicine,metabolomics of plant; molecular biology,12/01/2021,
272,https://www.ugajobsearch.com/postings/478824,Position Details,Unclassified,Full-time,School of Medicine,,,08/01/2025
272,https://www.ugajobsearch.com/postings/478731,Lead Instructor-Summer Academy,Unclassified,Full-time,School of Medicine,Location of Vacancy Athens Area,,05/11/2026
272,https://www.ugajobsearch.com/postings/502234,Director of Gift and Estate Planning,Unclassified,Part-time,Division of Development & Alumni Relations,Gift and Estate Planning,10/01/2026,
272,https://www.ugajobsearch.com/postings/504286,Senior Creative Design Specialist,Assistant_Professor; Associate_Professor; Full_Professor,Part-time,Division of Development & Alumni Relations,,09/10/2026,
272,https://www.ugajobsearch.com/postings/478107,Position Details,Assistant_Professor; Associate_Professor; Full_Professor,Full-time,School of Medicine,,,09/01/2025
272,https://www.ugajobsearch.com/postings/487964,Director of Faculty and Leadership Development in Faculty Affairs,Assistant_Professor; Associate_Professor; Full_Professor,Full-time,School of Medicine,University Human Resources; Office of Academic; Office of Research,,08/01/2026
272,https://www.ugajobsearch.com/postings/478439,Student Assistant,Unclassified,Full-time,School of Medicine,,,03/16/2026
272,https://www.ugajobsearch.com/postings/494794,"215 S. Jackson St.Athens, GA 30602Tel (706) 542-2222Email: hrweb@uga.edu",Unclassified,Part-time,School of Medicine,,07/10/2023,7/1/26
272,https://www.ugajobsearch.com/postings/478557,Position Details,Unclassified,Full-time,School of Medicine,,,01/27/2019
272,https://www.ugajobsearch.com/postings/498068,"215 S. Jackson St.Athens, GA 30602Tel (706) 542-2222Email: hrweb@uga.edu",Unclassified,Part-time,School of Medicine,,09/07/2026,
272,https://www.ugajobsearch.com/postings/478412,Student Assistant,Unclassified,Full-time,School of Medicine,,,08/26/2024
272,https://www.ugajobsearch.com/postings/493502,"215 S. Jackson St.Athens, GA 30602Tel (706) 542-2222Email: hrweb@uga.edu",Non-academic,Part-time,School of Medicine,,07/29/2026,
272,https://www.ugajobsearch.com/postings/478531,Position Details,Unclassified,Full-time,School of Medicine,,,08/16/2023
272,https://www.ugajobsearch.com/postings/497474,Conservation Genetics Student Lab Assistant,Non-academic,Full-time,School of Medicine,,,08/17/2026
272,https://www.ugajobsearch.com/postings/478628,Post-Doctoral Associate AD,Research_Fellow,Full-time,School of Medicine,molecular plant-microbe interactions; nematode molecular biology,,09/15/2022
272,https://www.ugajobsearch.com/postings/500355,DeKalb County Program Assistant,Unclassified,Part-time,School of Medicine,,"August 22, 2026",
272,https://www.ugajobsearch.com/postings/503161,"215 S. Jackson St.Athens, GA 30602Tel (706) 542-2222Email: hrweb@uga.edu",Assistant_Professor; Associate_Professor; Full_Professor,Part-time,Division of Development & Alumni Relations,,10/01/2026,
272,https://www.ugajobsearch.com/postings/477852,Veterinary Assistant- SA 24/7 Care,Unclassified,Part-time,School of Medicine,,01/18/2026,
272,https://www.ugajobsearch.com/postings/479833,"215 S. Jackson St.Athens, GA 30602Tel (706) 542-2222Email: hrweb@uga.edu",Unclassified,Part-time,School of Medicine,,05/11/2026,
272,https://www.ugajobsearch.com/postings/504644,"215 S. Jackson St.Athens, GA 30602Tel (706) 542-2222Email: hrweb@uga.edu",Unclassified,Part-time,School of Medicine,,10/01/2026,
272,https://www.ugajobsearch.com/postings/478370,Post-Doctoral Research Associate in Food Safety Virology,Research_Fellow,Full-time,School of Medicine,Food Safety Virology; developing marketable job skills well; thereby gaining real-world experience,,07/11/2022
272,https://www.ugajobsearch.com/postings/490361,Client Care Team - Referral Coordinator,Non-academic,Part-time,School of Medicine,Hospital,08/03/2026,
272,https://www.ugajobsearch.com/postings/478491,Graduate Research Assistant,Non-academic,Full-time,School of Medicine,,,01/01/2022
272,https://www.ugajobsearch.com/postings/495602,Assistant Teacher,Unclassified,Part-time,School of Medicine,,08/16/2026,
272,https://www.ugajobsearch.com/postings/478578,Student Assistant,Unclassified,Full-time,School of Medicine,,,05/13/2019
272,https://www.ugajobsearch.com/postings/499207,Executive Director of the Georgia Center for Developmental Science,Research_Fellow,Full-time,Center for Developmental Science,actionable community partnerships; multimethod research approaches,09/10/2026,10/01/2026
272,https://www.ugajobsearch.com/postings/477744,"215 S. Jackson St.Athens, GA 30602Tel (706) 542-2222Email: hrweb@uga.edu",Unclassified,Part-time,School of Medicine,,08/19/2024,7/1/24
272,https://www.ugajobsearch.com/postings/478799,Temporary Field/Lab Assistant,Unclassified,Full-time,School of Medicine,,,05/01/2024
272,https://www.ugajobsearch.com/postings/478702,Temporary Research Assistant,Non-academic,Full-time,School of Medicine,,,05/14/2025
272,https://www.ugajobsearch.com/postings/501437,Academic Services Professional/Co-Director,Unclassified,Part-time,School of Medicine,,09/21/2026,
272,https://www.ugajobsearch.com/postings/504097,Community Partnerships Coordinator,Non-academic,Part-time,School of Medicine,,10/01/2026,
272,https://www.ugajobsearch.com/postings/478009,Associate or Full Professor,Associate_Professor; Full_Professor,Full-time,School of Medicine,Interest Areas of particular interest; computational drug discovery Computational,"November 15, 2025",08/01/2026
272,https://www.ugajobsearch.com/postings/486406,Director of the UGA Center for Continuing Education & Hotel,Unclassified,Full-time,Center for Continuing Education & Hotel,,,01/01/2027
272,https://www.ugajobsearch.com/postings/478559,Position Details,Unclassified,Full-time,School of Medicine,,,02/05/2019
272,https://www.ugajobsearch.com/postings/498138,Limited- Term Lecturer,Lecturer,Full-time,School of Medicine,Public Relations Communications,"September 11, 2026",01/01/2027
272,https://www.ugajobsearch.com/postings/478653,Position Details,Unclassified,Full-time,School of Medicine,,,10/15/2023
272,https://www.ugajobsearch.com/postings/500840,Professional Support Coordinator (Partial Year),Non-academic,Part-time,School of Medicine,,01/01/2027,
272,https://www.ugajobsearch.com/postings/503719,Director of Spirit,Unclassified,Part-time,School of Medicine,Spirit,09/21/2026,
272,https://www.ugajobsearch.com/postings/477937,"215 S. Jackson St.Athens, GA 30602Tel (706) 542-2222Email: hrweb@uga.edu",Unclassified,Part-time,School of Medicine,,04/13/2026,
272,https://www.ugajobsearch.com/postings/483353,"215 S. Jackson St.Athens, GA 30602Tel (706) 542-2222Email: hrweb@uga.edu",Non-academic,Part-time,School of Medicine,Compliance Officer,07/01/2026,
272,https://www.ugajobsearch.com/postings/478391,Laboratory Assistant,Unclassified,Full-time,School of Medicine,,,05/14/2023
272,https://www.ugajobsearch.com/postings/492020,Central Sterile Associate,Unclassified,Full-time,School of Medicine,Hospital,,07/19/2026
272,https://www.ugajobsearch.com/postings/478511,Position Details,Non-academic,Full-time,School of Medicine,,,07/01/2025
272,https://www.ugajobsearch.com/postings/496680,Assistant or Associate Professor,Assistant_Professor; Associate_Professor,Full-time,School of Medicine,,,08/01/2027
272,https://www.ugajobsearch.com/postings/478610,Student Assistant,Unclassified,Full-time,School of Medicine,,,02/03/2020
272,https://www.ugajobsearch.com/postings/500112,"215 S. Jackson St.Athens, GA 30602Tel (706) 542-2222Email: hrweb@uga.edu",Non-academic,Part-time,School of Medicine,data warehouse integration; reporting initiatives,"August 20, 2026",
272,https://www.ugajobsearch.com/postings/477818,Research Coordinator,Non-academic,Part-time,School of Medicine,,08/15/2022,
272,https://www.ugajobsearch.com/postings/478826,Data collection assistant,Unclassified,Full-time,School of Medicine,,,12/06/2023
272,https://www.ugajobsearch.com/postings/478744,Temporary Technician (Lance),Non-academic,Full-time,School of Medicine,maintaining mesocosm experiments; data collection,,03/16/2026
272,https://www.ugajobsearch.com/postings/502370,Underwriting and Traffic Coordinator,Non-academic,Part-time,School of Medicine,,10/01/2026,
272,https://www.ugajobsearch.com/postings/504288,Undergraduate Research Assistant Leaf Phenotyping,Non-academic,Full-time,School of Medicine,,,09/14/2026
272,https://www.ugajobsearch.com/postings/478116,Position Details,Assistant_Professor; Associate_Professor; Full_Professor,Full-time,School of Medicine,urban; arthropods,"January 10, 2026",03/02/2026
272,https://www.ugajobsearch.com/postings/487987,Culinary Server for Georgia Football - NON-Student Assistant,Non-academic,Full-time,School of Medicine,,,07/01/2026
272,https://www.ugajobsearch.com/postings/478443,Position Details,Unclassified,Full-time,School of Medicine,,,05/18/2026
272,https://www.ugajobsearch.com/postings/494818,"215 S. Jackson St.Athens, GA 30602Tel (706) 542-2222Email: hrweb@uga.edu",Unclassified,Part-time,School of Medicine,,05/26/2026,7/1/26
272,https://www.ugajobsearch.com/postings/478707,Temporary Lab/Research Assistant (5),Non-academic,Full-time,School of Medicine,,,06/16/2025
272,https://www.ugajobsearch.com/postings/501539,"215 S. Jackson St.Athens, GA 30602Tel (706) 542-2222Email: hrweb@uga.edu",Non-academic,Part-time,School of Medicine,,10/01/2026,
272,https://www.ugajobsearch.com/postings/504111,Grand Farm Support Technician,Non-academic,Part-time,School of Medicine,,10/05/2026,
272,https://www.ugajobsearch.com/postings/478023,Position Details,Unclassified,Full-time,School of Medicine,,,01/01/2026
272,https://www.ugajobsearch.com/postings/486619,"215 S. Jackson St.Athens, GA 30602Tel (706) 542-2222Email: hrweb@uga.edu",Non-academic,Part-time,School of Medicine,expert insights,07/15/2026,
272,https://www.ugajobsearch.com/postings/478414,Student Laboratory Assistant,Non-academic,Full-time,School of Medicine,,,09/03/2024
272,https://www.ugajobsearch.com/postings/493923,Student Veterinary Assistant,Unclassified,Full-time,School of Medicine,,,08/31/2026
272,https://www.ugajobsearch.com/postings/478534,PMRC Forestry Technician II,Non-academic,Full-time,School of Medicine,,,10/16/2023
272,https://www.ugajobsearch.com/postings/497485,Repository (Off-site) Services Coordinator,Non-academic,Part-time,School of Medicine,,08/31/2026,
272,https://www.ugajobsearch.com/postings/478630,Postdoctoral Research Associate,Research_Fellow,Full-time,School of Medicine,,,04/04/2022
272,https://www.ugajobsearch.com/postings/500405,"215 S. Jackson St.Athens, GA 30602Tel (706) 542-2222Email: hrweb@uga.edu",Unclassified,Part-time,School of Medicine,,09/01/2026,
272,https://www.ugajobsearch.com/postings/503207,Student Assistant Histo,Unclassified,Full-time,School of Medicine,,,09/27/2026
272,https://www.ugajobsearch.com/postings/477856,"215 S. Jackson St.Athens, GA 30602Tel (706) 542-2222Email: hrweb@uga.edu",Unclassified,Part-time,School of Medicine,,02/01/2026,
272,https://www.ugajobsearch.com/postings/480008,Position Details,Unclassified,Full-time,School of Medicine,,,05/10/2026
272,https://www.ugajobsearch.com/postings/504652,Assistant Director of Development,Unclassified,Part-time,School of Medicine,Development,11/01/2026,
272,https://www.ugajobsearch.com/postings/478372,Post-Doctoral Associate,Research_Fellow,Full-time,School of Medicine,,,09/01/2022
272,https://www.ugajobsearch.com/postings/490464,Coordinator of Embedded Campus Programs/Psychologist (PY),Non-academic,Part-time,School of Medicine,Embedded Campus Programs/Psychologist,08/01/2026,
272,https://www.ugajobsearch.com/postings/478494,Ruter Student Assistant #2,Unclassified,Full-time,School of Medicine,,,02/21/2022
272,https://www.ugajobsearch.com/postings/495718,LA Financial Services/Auditing Coordinator,Non-academic,Part-time,School of Medicine,Hospital,08/30/2026,
272,https://www.ugajobsearch.com/postings/478580,Temporary Lab/Summer Field Assistant,Unclassified,Full-time,School of Medicine,,,05/06/2019
272,https://www.ugajobsearch.com/postings/499394,Postdoctoral Research Associate- Sundaram,Research_Fellow,Full-time,School of Medicine,Sundaram Laboratory integrates ecology; statistical modeling,,10/01/2026
272,https://www.ugajobsearch.com/postings/477749,"215 S. Jackson St.Athens, GA 30602Tel (706) 542-2222Email: hrweb@uga.edu",Unclassified,Part-time,School of Medicine,,04/20/2026,
272,https://www.ugajobsearch.com/postings/478803,Post-Doctoral Associate,Research_Fellow,Full-time,School of Medicine,advanced signal processing; these two areas,,11/1/23
