school_id,posting_url,job_title_in_post,position_type,job_term,department_or_school,area_key_words,deadline_of_application,position_start_date
1185,https://psu.wd1.myworkdayjobs.com/PSU_Academic/job/Penn-State-Abington/Assistant-Professor-of-Finance_REQ_0000074094,Assistant Professor of Finance,Assistant_Professor,Full-time,,Finance,,2026-09-04
1185,https://psu.wd1.myworkdayjobs.com/PSU_Academic/job/Penn-State-University-Park/Assistant-Research-Professor---Instrument-Automation_REQ_0000081177-1,Assistant Research Professor – Instrument Automation,Full_Professor,Full-time,,Instrument Automation; Science Foundation funded LATTICE Cloud,,2026-09-04
1185,https://psu.wd1.myworkdayjobs.com/PSU_Academic/job/Penn-State-University-Park/Teaching-Faculty-in-Mathematics_REQ_0000081847-2,Teaching Faculty in Mathematics,Research_Fellow,Full-time,,Mathematics; Professor depending on qualifications,"October 15, 2026",2026-09-04
1185,https://psu.wd1.myworkdayjobs.com/PSU_Academic/job/College-of-Medicine/Researcher_REQ_0000081701-3,Researcher,Research_Fellow,Full-time,"Department of Molecular and Precision Medicine at Penn State College of Medicine in Hershey, PA",molecular biology,,2026-09-04
1185,https://psu.wd1.myworkdayjobs.com/PSU_Academic/job/College-of-Medicine/Non-Tenure-Teaching-Faculty-in-the-Doctor-of-Nursing-Practice---Nurse-Anesthesia--DNP-NA--Program_REQ_0000081062,Non-Tenure Teaching Faculty in the Doctor of Nursing Practice – Nurse Anesthesia (DNP-NA) Program,Lecturer; Research_Fellow,Full-time,College of Medicine,Nursing Practice; Helen Diskevich Center of Geriatric; Tressa Nese,,2026-09-04
1185,https://psu.wd1.myworkdayjobs.com/PSU_Academic/job/Dickinson-Law-Carlisle/Visiting-Assistant-Associate-Full-Professor-of-Law----Penn-State-Dickinson-Law_REQ_0000081903-2,Visiting Assistant/Associate/Full Professor of Law -  Penn State Dickinson Law,Assistant_Professor; Associate_Professor; Full_Professor,Full-time,,Law,,2026-09-04
1185,https://psu.wd1.myworkdayjobs.com/PSU_Academic/job/Penn-State-Berks/Assistant-Professor-of-Cybersecurity_REQ_0000081947-1,Assistant Professor of Cybersecurity,Assistant_Professor,Full-time,,Cybersecurity; Incident Response,"August 15, 2027",2026-09-03
1185,https://psu.wd1.myworkdayjobs.com/PSU_Academic/job/Penn-State-University-Park/Special-Collections-Library-Lead-for-Archival-Processing-and-Collection-Strategies_REQ_0000080914-1,Special Collections Library Lead for Archival Processing and Collection Strategies,Research_Fellow,Full-time,,,,2026-09-03
1185,https://psu.wd1.myworkdayjobs.com/PSU_Academic/job/Penn-State-University-Park/Faculty-Position-in-Eukaryotic-Gene-Regulation_REQ_0000081702-1,Faculty Position in Eukaryotic Gene Regulation,Assistant_Professor; Associate_Professor; Research_Fellow,Full-time,Center for Eukaryotic Gene Regulation,Eukaryotic Gene Regulation,"October 15, 2026",2026-09-02
1185,https://psu.wd1.myworkdayjobs.com/PSU_Academic/job/Penn-State-University-Park/Postdoctoral-Scholar--Dept-of-Engineering-Science---Mechanics--Ozbolat-Lab_REQ_0000081380-1,"Postdoctoral Scholar, Dept of Engineering Science & Mechanics, Ozbolat Lab",Research_Fellow,Full-time,"Dept of Engineering Science & Mechanics, Ozbolat Lab","Engineering Science & Mechanics, Ozbolat Lab; regenerative therapies; tissue engineering",,2026-09-02
1185,https://psu.wd1.myworkdayjobs.com/PSU_Academic/job/College-of-Medicine/Part-Time---Adjunct-Nurse-Anesthesia-Faculty_REQ_0000082206,Part Time - Adjunct Nurse Anesthesia Faculty,Unclassified,Part-time,College of Medicine in Hershey,Helen Diskevich Center of Geriatric; Tressa Nese,9/1/26,2026-09-02
1185,https://psu.wd1.myworkdayjobs.com/PSU_Academic/job/Penn-State-University-Park/Biotechnology-Teaching-Faculty_REQ_0000081580-2,Biotechnology Teaching Faculty,Lecturer; Research_Fellow,Full-time,,Biotechnology; Professor appointment,,2026-09-02
1185,https://psu.wd1.myworkdayjobs.com/PSU_Academic/job/Penn-State-University-Park/Director-of-Intensive-English-Communication-Program--IECP-_REQ_0000081504-2,Director of Intensive English Communication Program (IECP),Assistant_Professor; Associate_Professor; Full_Professor; Research_Fellow,Full-time,Department of Applied Linguistics,Intensive English Communication Program; Professor,,2026-09-01
1185,https://psu.wd1.myworkdayjobs.com/PSU_Academic/job/Penn-State-Harrisburg/Part-Time---Spanish---Adjunct-Lecturer_REQ_0000082039-1,Part Time - Spanish - Adjunct Lecturer,Lecturer,Part-time,School of Humanities invites applications for Adjunct Lecturer in Spanish,Spanish,,2026-09-01
1185,https://psu.wd1.myworkdayjobs.com/PSU_Academic/job/Penn-State-University-Park/Instrument-Scientist-for-Neutron-Beam-Techniques-within-the-Radiation-Science-and-Engineering-Center-at-the-Pennsylvania-State-University_REQ_0000081308-2,Instrument Scientist for Neutron Beam Techniques within the Radiation Science and Engineering Center at the Pennsylvania State University,Research_Fellow,Full-time,,Laboratory,,2026-09-01
1185,https://psu.wd1.myworkdayjobs.com/PSU_Academic/job/Penn-State-University-Park/Part-Time---Nursing---Adjunct-Clinical-Professor_REQ_0000074635,Part Time - Nursing - Adjunct Clinical Professor,Full_Professor,Part-time,,Nursing,,2026-08-31
1185,https://psu.wd1.myworkdayjobs.com/PSU_Academic/job/Penn-State-Harrisburg/Part-Time---Pediatric-Nursing---Adjunct-Instructor_REQ_0000082036-1,Part Time - Pediatric Nursing - Adjunct Instructor,Unclassified,Part-time,,Pediatric Nursing; Pediatric clinical,,2026-08-31
1185,https://psu.wd1.myworkdayjobs.com/PSU_Academic/job/Penn-State-Harrisburg/Part-Time---Obstetric-Maternal-Newborn-Nursing---Adjunct-Instructor_REQ_0000082025-1,Part Time - Obstetric/Maternal Newborn Nursing - Adjunct Instructor,Unclassified,Part-time,,Obstetric/Maternal Newborn Nursing; Maternal–Newborn Nursing clinical,,2026-08-31
1185,https://psu.wd1.myworkdayjobs.com/PSU_Academic/job/Penn-State-Harrisburg/Part-Time---Critical-Care-Nursing---Adjunct-Instructor_REQ_0000082037-1,Part Time - Critical Care Nursing - Adjunct Instructor,Unclassified,Part-time,,Critical Care Nursing; Critical Care clinical,,2026-08-31
1185,https://psu.wd1.myworkdayjobs.com/PSU_Academic/job/Penn-State-Harrisburg/Part-Time---Mental-Health-Nursing---Adjunct-Instructor_REQ_0000082038,Part Time - Mental Health Nursing - Adjunct Instructor,Unclassified,Part-time,,Mental Health Nursing; Mental Health clinical,,2026-08-31
1185,https://psu.wd1.myworkdayjobs.com/PSU_Academic/job/Penn-State-University-Park/Postdoctoral-Scholar---Ferroelectric-Materials-and-MEMS_REQ_0000081931,Postdoctoral Scholar – Ferroelectric Materials and MEMS,Research_Fellow,Full-time,,functional dielectric; ferroelectric materials,,2026-08-31
1185,https://psu.wd1.myworkdayjobs.com/PSU_Academic/job/Penn-State-University-Park/Assistant-Research-Professor_REQ_0000081356-2,Assistant Research Professor,Full_Professor,Full-time,,,,2026-08-31
1185,https://psu.wd1.myworkdayjobs.com/PSU_Academic/job/Penn-State-University-Park/Assistant-Research-Professor---Cocoziello-Digital-Twin_REQ_0000080944-2,Assistant Research Professor - Cocoziello Digital Twin,Full_Professor,Full-time,,Cocoziello Digital Twin; building information modeling; digital twins,,2026-08-31
1185,https://psu.wd1.myworkdayjobs.com/PSU_Academic/job/Penn-State-University-Park/Assistant-Teaching-Professor--Organization-Development-and-Change-_REQ_0000079398-2,Assistant Teaching Professor (Organization Development and Change),Full_Professor,Full-time,,Professor position,,2026-08-31
1185,https://psu.wd1.myworkdayjobs.com/PSU_Academic/job/College-of-Medicine/Adjunct-Associate-Professor_REQ_0000081980,Adjunct Associate Professor,Associate_Professor,Part-time,,initiatives aligned; Doctor of Public Health,,2026-08-28
1185,https://psu.wd1.myworkdayjobs.com/PSU_Academic/job/Penn-State-Altoona/Adjunct-Instructor-of-Earth-and-Mineral-Sciences_REQ_0000082011-1,Adjunct Instructor of Earth and Mineral Sciences,Unclassified,Part-time,,Earth and Mineral Sciences,,2026-08-28
1185,https://psu.wd1.myworkdayjobs.com/PSU_Academic/job/Penn-State-Erie-The-Behrend-College/Postdoctoral-Scholar-Position---Autonomous-Polymer-Processing-and-Interface-Engineering_REQ_0000081688-2,Postdoctoral Scholar Position - Autonomous Polymer Processing and Interface Engineering,Research_Fellow,Full-time,,Autonomous Polymer Processing and Interface Engineering; processing–structure–interface–property relationships; advanced manufacturing,,2026-08-28
1185,https://psu.wd1.myworkdayjobs.com/PSU_Academic/job/College-of-Medicine/Postdoctoral-Scholar---Physical-Medicine-and-Rehabilitation--LimbRehabCARES-_REQ_0000081644-2,Postdoctoral Scholar - Physical Medicine and Rehabilitation (LimbRehabCARES),Research_Fellow,Full-time,"College of Medicine in Hershey, PA",,,2026-08-28
1185,https://psu.wd1.myworkdayjobs.com/PSU_Academic/job/Penn-State-University-Park/Postdoctoral-Scholar---Sipe-Lab_REQ_0000081493-1,Postdoctoral Scholar - Sipe Lab,Research_Fellow,Full-time,,,,2026-08-28
1185,https://psu.wd1.myworkdayjobs.com/PSU_Academic/job/Penn-State-University-Park/Postdoctoral-Scholar-in-Mechanical-Engineering_REQ_0000081733-1,Postdoctoral Scholar in Mechanical Engineering,Research_Fellow,Full-time,,Mechanical Engineering,,2026-08-28
1185,https://psu.wd1.myworkdayjobs.com/PSU_Academic/job/Penn-State-University-Park/Postdoctoral-Scholar-in-RF-Neuromorphic-Systems--Das-Lab_REQ_0000081197-1,"Postdoctoral Scholar in RF Neuromorphic Systems, Das Lab",Research_Fellow,Full-time,,"RF Neuromorphic Systems, Das Lab; microwave integrated-circuit design Analog; mixed-signal circuit design",,2026-08-28
1185,https://psu.wd1.myworkdayjobs.com/PSU_Academic/job/Penn-State-Lehigh-Valley/Adjunct-in-Criminal-Justice_REQ_0000081564-1,Adjunct in Criminal Justice,Unclassified,Part-time,,Criminal Justice,,2026-08-27
1185,https://psu.wd1.myworkdayjobs.com/PSU_Academic/job/Penn-State-Erie-The-Behrend-College/Lecturer-or-Assistant-Teaching-Professor-in-Computer-Science-and-Software-Engineering_REQ_0000072445-1,Lecturer or Assistant Teaching Professor in Computer Science and Software Engineering,Full_Professor; Lecturer,Full-time,college of The Pennsylvania State University,Computer Science and Software Engineering; professional development resources of a,,2026-08-27
1185,https://psu.wd1.myworkdayjobs.com/PSU_Academic/job/Penn-State-Erie-The-Behrend-College/Lecturer-or-Assistant-Teaching-Professor-in-Electrical-and-Computer-Engineering_REQ_0000072462-2,Lecturer or Assistant Teaching Professor in Electrical and Computer Engineering,Full_Professor; Lecturer,Full-time,college of The Pennsylvania State University with some graduate students,Electrical and Computer Engineering; Computer Engineering Department,,2026-08-27
1185,https://psu.wd1.myworkdayjobs.com/PSU_Academic/job/Penn-State-University-Park/Assistant-Research-Professor-in-Cryo-EM-Studies-of-Amyloids--Virus-Host-Interactions--and-Protein-Complexes_REQ_0000081532-2,"Assistant Research Professor in Cryo-EM Studies of Amyloids, Virus/Host Interactions, and Protein Complexes",Full_Professor,Full-time,Department of Biochemistry and Molecular Biology and the Huck Institutes of the Life Sciences,"Cryo-EM Studies of Amyloids, Virus/Host Interactions, and Protein Complexes",,2026-08-27
1185,https://psu.wd1.myworkdayjobs.com/PSU_Academic/job/Penn-State-Lehigh-Valley/Lecturer-Assistant-Teaching-Professor-of-Biology_REQ_0000081401-2,Lecturer/Assistant Teaching Professor of Biology,Full_Professor; Lecturer,Full-time,,Biology; candidate’s field of,,2026-08-27
1185,https://psu.wd1.myworkdayjobs.com/PSU_Academic/job/Penn-State-Beaver/Continuing-Education-Part-Time-IT-Cybersecurity-Instructor_REQ_0000081866-2,Continuing Education Part-Time IT/Cybersecurity Instructor,Unclassified,Part-time,,delivering,,2026-08-26
1185,https://psu.wd1.myworkdayjobs.com/PSU_Academic/job/Penn-State-University-Park/Part-Time-Adjunct-Lecturer-in-Landscape-Architecture_REQ_0000064550,Part-Time Adjunct Lecturer in Landscape Architecture,Lecturer,Part-time,,Landscape Architecture,,2026-08-26
1185,https://psu.wd1.myworkdayjobs.com/PSU_Academic/job/Penn-State-University-Park/Postdoctoral-Scholar-in-Soil-Microbial-Ecology_REQ_0000081553-1,Postdoctoral Scholar in Soil Microbial Ecology,Research_Fellow,Full-time,,Soil Microbial Ecology,,2026-08-26
1185,https://psu.wd1.myworkdayjobs.com/PSU_Academic/job/Penn-State-University-Park/Assistant-Professor--Child-Clinical-Psychology--Department-of-Psychology_REQ_0000081645-1,"Assistant Professor, Child Clinical Psychology, Department of Psychology",Assistant_Professor,Full-time,Department of Psychology,Psychology; cognitive-neuropsychological bases of attention; developmental psychopathology,,2026-08-26
1185,https://psu.wd1.myworkdayjobs.com/PSU_Academic/job/Penn-State-University-Park/Tenure-line-Assistant-or-Associate-Professor-of-Psychology--Industrial-Organizational-Psychology_REQ_0000081629-1,"Tenure-line Assistant or Associate Professor of Psychology, Industrial-Organizational Psychology",Assistant_Professor; Associate_Professor,Full-time,,"Psychology, Industrial-Organizational Psychology",,2026-08-26
1185,https://psu.wd1.myworkdayjobs.com/PSU_Academic/job/Penn-State-University-Park/Assistant-Professor--Political-Science_REQ_0000081601-2,"Assistant Professor, Political Science",Assistant_Professor,Full-time,,teaching include; political methodology,,2026-08-26
1185,https://psu.wd1.myworkdayjobs.com/PSU_Academic/job/Penn-State-University-Park/Assistant-Research-Professor---Wissel-Group_REQ_0000081394-2,Assistant Research Professor - Wissel Group,Full_Professor,Full-time,,Wissel Group,,2026-08-26
1185,https://psu.wd1.myworkdayjobs.com/PSU_Academic/job/Penn-State-Berks/Assistant-Professor-of-Engineering_REQ_0000081153-1,Assistant Professor of Engineering,Assistant_Professor,Full-time,College of Engineering,Engineering; LabView,"August 15, 2027",2026-08-25
1185,https://psu.wd1.myworkdayjobs.com/PSU_Academic/job/Penn-State-Erie-The-Behrend-College/Assistant-Professor-in-Electrical-or-Computer-Engineering_REQ_0000072782-1,Assistant Professor in Electrical or Computer Engineering,Assistant_Professor,Full-time,"college of Penn State, located in Erie, Pennsylvania",Electrical or Computer Engineering; these areas,,2026-08-25
1185,https://psu.wd1.myworkdayjobs.com/PSU_Academic/job/Penn-State-University-Park/Adjunct-Lecturer_REQ_0000081820-1,Adjunct Lecturer,Lecturer,Part-time,College of Engineering guidelines,Professors,,2026-08-25
1185,https://psu.wd1.myworkdayjobs.com/PSU_Academic/job/College-of-Medicine/Postdoctoral-Scholar---Dermatology_REQ_0000081751-1,Postdoctoral Scholar - Dermatology,Research_Fellow,Full-time,,Hobbs Laboratory focuses on understanding; epithelial cell biology,,2026-08-25
1185,https://psu.wd1.myworkdayjobs.com/PSU_Academic/job/College-of-Medicine/Postdoctoral-Scholar---Dermatology_REQ_0000081749-2,Postdoctoral Scholar - Dermatology,Research_Fellow,Full-time,,,,2026-08-25
1185,https://psu.wd1.myworkdayjobs.com/PSU_Academic/job/College-of-Medicine/Postdoctoral-Scholar---Orthopaedics-and-Therapy-Services_REQ_0000081595-2,Postdoctoral Scholar - Orthopaedics and Therapy Services,Research_Fellow,Full-time,,,,2026-08-25
1185,https://psu.wd1.myworkdayjobs.com/PSU_Academic/job/Penn-State-University-Park/Assistant-Research-Professor-in-Advanced-Manufacturing_REQ_0000081248-2,Assistant Research Professor in Advanced Manufacturing,Full_Professor,Full-time,,Advanced Manufacturing; manufacturing-process development; structural design,,2026-08-24
1185,https://psu.wd1.myworkdayjobs.com/PSU_Academic/job/Penn-State-University-Park/Lecturer-or-Assistant-Teaching-Professor-in-Astronomy-and-Astrophysics_REQ_0000081157-2,Lecturer or Assistant Teaching Professor in Astronomy and Astrophysics,Full_Professor; Lecturer,Full-time,,Astronomy and Astrophysics; Professor position,"October 1, 2026",2026-08-24
1185,https://psu.wd1.myworkdayjobs.com/PSU_Academic/job/Penn-State-University-Park/Postdoctoral-Scholar-in-the-Department-of-Mechanical-Engineering_REQ_0000081524-1,Postdoctoral Scholar in the Department of Mechanical Engineering,Research_Fellow,Full-time,Department of Mechanical Engineering,Mechanical Engineering; high-speed flows Develop progressive flow-physics-learning; machine-learning methods Perform CFD simulations,,2026-08-20
1185,https://psu.wd1.myworkdayjobs.com/PSU_Academic/job/College-of-Medicine/Postdoctoral-Scholar----Cell-and-Biological-Systems_REQ_0000080796-1,Postdoctoral Scholar -  Cell and Biological Systems,Research_Fellow,Full-time,Department of Defense,,,2026-08-20
1185,https://psu.wd1.myworkdayjobs.com/PSU_Academic/job/Penn-State-Hazleton/Campus-Chief-Academic-Officer--CCAO-_REQ_0000077786-2,Campus Chief Academic Officer (CCAO),Associate_Professor; Research_Fellow,Part-time,,,,2026-08-19
1185,https://psu.wd1.myworkdayjobs.com/PSU_Academic/job/Penn-State-University-Park/Postdoctoral-Scholar--Immunology--Microbiology----Toxicology--Grembi-Lab_REQ_0000080624-1,"Postdoctoral Scholar- Immunology, Microbiology, & Toxicology, Grembi Lab",Research_Fellow,Full-time,,,,2026-08-18
1185,https://psu.wd1.myworkdayjobs.com/PSU_Academic/job/Penn-State-University-Park/Assistant-or-Associate-Clinical-Professor--Penn-State-Psychological-Clinic_REQ_0000081026-2,"Assistant or Associate Clinical Professor, Penn State Psychological Clinic",Full_Professor,Full-time,,,,2026-08-18
1185,https://psu.wd1.myworkdayjobs.com/PSU_Academic/job/College-of-Medicine/Researcher---Medicine_REQ_0000080923-3,Researcher - Medicine,Research_Fellow,Full-time,,scientific conferences,,2026-08-18
1185,https://psu.wd1.myworkdayjobs.com/PSU_Academic/job/College-of-Medicine/Assistant-Professor---Cell-and-Biological-Systems_REQ_0000080460-2,Assistant Professor - Cell and Biological Systems,Assistant_Professor,Full-time,College of Medicine and the renowned Milton S,Cell and Biological Systems; Cryo-EM Center; biomedical research,,2026-08-18
1185,https://psu.wd1.myworkdayjobs.com/PSU_Academic/job/Penn-State-University-Park/Deployables-and-Undersea-Connectivity---Department-Head--FACULTY-_REQ_0000081115-2,Deployables and Undersea Connectivity – Department Head (FACULTY),Assistant_Professor; Associate_Professor; Full_Professor; Research_Fellow,Full-time,,,,2026-08-18
1185,https://psu.wd1.myworkdayjobs.com/PSU_Academic/job/Penn-State-University-Park/School-of-Music-Part-Time-Adjunct-Lecturer_REQ_0000021434-1,School of Music Part-Time Adjunct Lecturer,Lecturer,Part-time,,Music Part-Time Adjunct Lecturer,,2026-08-18
1185,https://psu.wd1.myworkdayjobs.com/PSU_Academic/job/College-of-Medicine/Adjunct-Assistant-Professor---Public-Health-Sciences_REQ_0000081336-2,Adjunct Assistant Professor - Public Health Sciences,Assistant_Professor,Part-time,,Public Health Sciences,,2026-08-17
1185,https://psu.wd1.myworkdayjobs.com/PSU_Academic/job/Penn-State-University-Park/Postdoctoral-Scholar---Bharti-Lab_REQ_0000081344-1,Postdoctoral Scholar - Bharti Lab,Research_Fellow,Full-time,,,,2026-08-17
1185,https://psu.wd1.myworkdayjobs.com/PSU_Academic/job/Penn-State-University-Park/Postdoctoral-Scholar-in-the-Department-of-Mechanical-Engineering_REQ_0000081253-1,Postdoctoral Scholar in the Department of Mechanical Engineering,Research_Fellow,Full-time,Department of Mechanical Engineering,Mechanical Engineering,,2026-08-17
1185,https://psu.wd1.myworkdayjobs.com/PSU_Academic/job/Penn-State-Great-Valley-Graduate-Center/Part-Time---Management-Programs---Adjunct-Instructor_REQ_0000081450-1,Part Time - Management Programs - Adjunct Instructor,Unclassified,Part-time,Division for various graduate programs,Management Programs,,2026-08-17
1185,https://psu.wd1.myworkdayjobs.com/PSU_Academic/job/Penn-State-University-Park/Director--Silicon-Carbide-Innovation-Alliance_REQ_0000078420-2,"Director, Silicon Carbide Innovation Alliance",Research_Fellow,Full-time,College of Earth and Mineral Sciences   and Office of the VP for Research,closely related semiconductor technologies Proven; wafer processing,,2026-08-14
1185,https://psu.wd1.myworkdayjobs.com/PSU_Academic/job/Penn-State-University-Park/Adjunct-Lecturer_REQ_0000081382-2,Adjunct Lecturer,Lecturer,Part-time,,,,2026-08-13
1185,https://psu.wd1.myworkdayjobs.com/PSU_Academic/job/Penn-State-University-Park/Pennsylvania-Legislative-Science---Technology-Policy-Fellow--Joint-State-Government-Commission-_REQ_0000080912-2,Pennsylvania Legislative Science & Technology Policy Fellow (Joint State Government Commission),Research_Fellow,Full-time,,,,2026-08-13
1185,https://psu.wd1.myworkdayjobs.com/PSU_Academic/job/Penn-State-University-Park/Pennsylvania-Legislative-Science---Technology-Policy-Fellow--Local-Government-Commission-_REQ_0000080911-2,Pennsylvania Legislative Science & Technology Policy Fellow (Local Government Commission),Research_Fellow,Full-time,,,,2026-08-13
1185,https://psu.wd1.myworkdayjobs.com/PSU_Academic/job/Penn-State-University-Park/Pennsylvania-Legislative-Science---Technology-Policy-Fellow--Center-for-Rural-Pennsylvania-_REQ_0000080907-2,Pennsylvania Legislative Science & Technology Policy Fellow (Center for Rural Pennsylvania),Research_Fellow,Full-time,Center for Rural Pennsylvania,,,2026-08-13
1185,https://psu.wd1.myworkdayjobs.com/PSU_Academic/job/Penn-State-University-Park/Researcher_REQ_0000080670-2,Researcher,Research_Fellow,Full-time,,,,2026-08-13
1185,https://psu.wd1.myworkdayjobs.com/PSU_Academic/job/College-of-Medicine/Assistant-Professor---Neurology_REQ_0000080785-1,Assistant Professor - Neurology,Assistant_Professor,Full-time,"College of Medicine through research, education, and service activities",Neurology; stroke recovery; clinical research,,2026-08-13
1185,https://psu.wd1.myworkdayjobs.com/PSU_Academic/job/Penn-State-Erie-The-Behrend-College/Assistant-Professor-in-Biology_REQ_0000072769-1,Assistant Professor in Biology,Assistant_Professor,Full-time,,Biology; addressing women's health issues; traditional science disciplines; biobehavioral health,,2026-08-12
1185,https://psu.wd1.myworkdayjobs.com/PSU_Academic/job/Penn-State-University-Park/Director--The-Penn-State-Critical-Materials-Alliance_REQ_0000081293-1,"Director, The Penn State Critical Materials Alliance",Associate_Professor; Research_Fellow,Full-time,"center of excellence that convenes academia, industry, and government",Smeal College of Business; Institute of Energy,,2026-08-11
1185,https://psu.wd1.myworkdayjobs.com/PSU_Academic/job/Penn-State-University-Park/Postdoctoral-Scholar-Position-in-Functional-Ceramic-Materials_REQ_0000080791-1,Postdoctoral Scholar Position in Functional Ceramic Materials,Research_Fellow,Full-time,,Functional Ceramic Materials; performance of advanced ceramic materials; performance relationships of ceramic,,2026-08-11
1185,https://psu.wd1.myworkdayjobs.com/PSU_Academic/job/Penn-State-University-Park/Cybersecurity-and-Privacy-Tenure-line-Faculty-Position_REQ_0000081189-1,Cybersecurity and Privacy Tenure-line Faculty Position,Assistant_Professor; Associate_Professor; Research_Fellow,Full-time,,residential,"September 15, 2026",2026-08-11
1185,https://psu.wd1.myworkdayjobs.com/PSU_Academic/job/Penn-State-University-Park/Postdoctoral-Scholar---Reinhart-Group---Materials-Science-and-Engineering_REQ_0000081196-1,Postdoctoral Scholar - Reinhart Group - Materials Science and Engineering,Research_Fellow,Full-time,College of Earth and Mineral Sciences is searching for a postdoctoral scholar,applied machine learning; scientific data,,2026-08-11
1185,https://psu.wd1.myworkdayjobs.com/PSU_Academic/job/College-of-Medicine/Postdoctoral-Scholar---Cardiac-Electrophysiology-and-Arrhythmia-Research_REQ_0000080924-2,Postdoctoral Scholar – Cardiac Electrophysiology and Arrhythmia Research,Research_Fellow,Full-time,"College of Medicine Hershey, Pennsylvania The laboratory of Dr",Western blotting; RNA sequencing,,2026-08-11
1185,https://psu.wd1.myworkdayjobs.com/PSU_Academic/job/Penn-State-University-Park/Assistant--Associate--or-Full-Teaching-Professor--of-Companion-Animal-Biology-and-Management_REQ_0000080654-2,"Assistant, Associate, or Full Teaching Professor  of Companion Animal Biology and Management",Full_Professor,Full-time,College of Agricultural Sciences,Companion Animal Biology and Management; Professor of Companion Animal Biology,,2026-08-11
1185,https://psu.wd1.myworkdayjobs.com/PSU_Academic/job/Penn-State-Abington/Part-Time---Public-History---Adjunct-Faculty_REQ_0000071898-1,Part Time - Public History - Adjunct Faculty,Unclassified,Part-time,,Public History; public,,2026-08-10
1185,https://psu.wd1.myworkdayjobs.com/PSU_Academic/job/Penn-State-Berks/Part-Time---Biology---Adjunct-Instructor_REQ_0000070297-3,Part Time - Biology - Adjunct Instructor,Unclassified,Part-time,,Biology,,2026-08-10
1185,https://psu.wd1.myworkdayjobs.com/PSU_Academic/job/Penn-State-Abington/Part-Time---Math-and-Statistics---Adjunct-Instructor_REQ_0000081225-1,Part Time - Math and Statistics - Adjunct Instructor,Unclassified,Part-time,,Math and Statistics,,2026-08-10
1185,https://psu.wd1.myworkdayjobs.com/PSU_Academic/job/Penn-State-University-Park/Part-Time-Teaching-Positions--SEDI-_REQ_0000066851-3,Part-Time Teaching Positions (SEDI),Unclassified,Part-time,,,,2026-08-10
1185,https://psu.wd1.myworkdayjobs.com/PSU_Academic/job/Penn-State-Abington/Part-Time---Kinesiology---Adjunct-Instructor_REQ_0000081069-1,Part Time - Kinesiology - Adjunct Instructor,Unclassified,Part-time,,Kinesiology,,2026-08-10
1185,https://psu.wd1.myworkdayjobs.com/PSU_Academic/job/Penn-State-University-Park/Assistant-Research-Professor---Poudel-Group---Materials-Science-and-Engineering_REQ_0000080772-2,Assistant Research Professor - Poudel Group - Materials Science and Engineering,Full_Professor,Full-time,,Poudel Group; electronic transport phenomena; energy harvesting technologies,,2026-08-10
1185,https://psu.wd1.myworkdayjobs.com/PSU_Academic/job/Penn-State-University-Park/Assistant-Teaching-Professor-Lecturer-in-EPPIC_REQ_0000080765-2,Assistant Teaching Professor/Lecturer in EPPIC,Full_Professor; Lecturer,Full-time,,EPPIC; professional units of the university; language; Professor role,,2026-08-10
1185,https://psu.wd1.myworkdayjobs.com/PSU_Academic/job/Penn-State-University-Park/Open-Rank-Clinical-Professor-in-Supply-Chain-Management_REQ_0000080685-2,Open-Rank Clinical Professor in Supply Chain Management,Full_Professor,Full-time,College of Business offers a collegial working environment and excellent campus facilities,Supply Chain Management; business analytics,"August 27, 2026",2026-08-10
1185,https://psu.wd1.myworkdayjobs.com/PSU_Academic/job/Penn-State-University-Park/Adjunct-Lecturer--Part-Time_REQ_0000080160-2,"Adjunct Lecturer, Part-Time",Lecturer,Part-time,,,,2026-08-06
1185,https://psu.wd1.myworkdayjobs.com/PSU_Academic/job/Penn-State-Abington/Part-Time---Information-Technology---Adjunct-Instructor_REQ_0000080948-1,Part Time - Information Technology - Adjunct Instructor,Unclassified,Part-time,,Information Technology courses,,2026-08-05
1185,https://psu.wd1.myworkdayjobs.com/PSU_Academic/job/Penn-State-Beaver/IT-CYBER-Internship-Coordinator_REQ_0000080975-2,IT/CYBER Internship Coordinator,Non-academic,Part-time,,,,2026-08-05
1185,https://psu.wd1.myworkdayjobs.com/PSU_Academic/job/Penn-State-University-Park/Research-Technology-Officer_REQ_0000080229-1,Research Technology Officer,Research_Fellow,Full-time,,operationally relevant; mission-ready,,2026-08-05
1185,https://psu.wd1.myworkdayjobs.com/PSU_Academic/job/College-of-Medicine/Postdoctoral-Scholar---Public-Health-Sciences_REQ_0000080801-2,Postdoctoral Scholar - Public Health Sciences,Research_Fellow,Full-time,,generation of real-world evidence using; epidemiologic research methods,,2026-08-05
1185,https://psu.wd1.myworkdayjobs.com/PSU_Academic/job/Penn-State-University-Park/Visiting-Assistant-or-Associate-Professor-in-the-Archaeology-and-History-of-the-Eastern-Mediterranean_REQ_0000080510-2,Visiting Assistant or Associate Professor in the Archaeology and History of the Eastern Mediterranean,Assistant_Professor; Associate_Professor,Full-time,"Department of Classics and Ancient Mediterranean Studies, Prof",Professor rank,,2026-08-04
1185,https://psu.wd1.myworkdayjobs.com/PSU_Academic/job/Penn-State-University-Park/Huck-Institutes-of-the-Life-Sciences-NSF-NCEMS-Researcher_REQ_0000080649-2,Huck Institutes of the Life Sciences NSF NCEMS Researcher,Research_Fellow,Full-time,,data-intensive synthesis; computational,,2026-08-03
1185,https://psu.wd1.myworkdayjobs.com/PSU_Academic/job/College-of-Medicine/Assistant-Professor--Anatomist----Neuroscience---Experimental-Therapeutics_REQ_0000075881-2,Assistant Professor (Anatomist) - Neuroscience & Experimental Therapeutics,Assistant_Professor,Full-time,College of Medicine Anatomy Graduate students,Neuroscience & Experimental Therapeutics; medical education; anatomy; Director of the Program on,,2026-08-03
1185,https://psu.wd1.myworkdayjobs.com/PSU_Academic/job/Penn-State-University-Park/Assistant-or-Associate-Professor-of-Law---Penn-State-Dickinson-Law--University-Park-_REQ_0000080655-1,Assistant or Associate Professor of Law - Penn State Dickinson Law (University Park),Assistant_Professor; Associate_Professor,Full-time,,Law; mentor student research assistants; demonstrate excellence; Sales alongside two courses of,"September 18, 2026",2026-07-31
1185,https://psu.wd1.myworkdayjobs.com/PSU_Academic/job/College-of-Medicine/Assistant-Professor--Experimental-Pathology-Division_REQ_0000079737-3,"Assistant Professor, Experimental Pathology Division",Assistant_Professor,Full-time,College of Medicine,computational phenomics; functional genomics,,2026-07-31
1185,https://psu.wd1.myworkdayjobs.com/PSU_Academic/job/Penn-State-University-Park/Multiple-Open-Rank-Professor-Tenure-Track-Positions-in-Organizational-Behavior--Organizational-Theory--or-Strategy_REQ_0000080154-1,"Multiple Open-Rank Professor Tenure-Track Positions in Organizational Behavior, Organizational Theory, or Strategy",Full_Professor,Part-time,,"Organizational Behavior, Organizational Theory, or Strategy; conducting high-quality scholarly research",,2026-07-28
1185,https://psu.wd1.myworkdayjobs.com/PSU_Academic/job/Penn-State-University-Park/Smeal-Marketing-Dept-open-rank-tenure-track-position_REQ_0000080142,Smeal Marketing Dept. open rank tenure track position,Assistant_Professor; Associate_Professor; Full_Professor; Research_Fellow,Full-time,,conducting high-quality scholarly research,,2026-07-28
1185,https://psu.wd1.myworkdayjobs.com/PSU_Academic/job/Penn-State-University-Park/Postdoctoral-Scholar---Open-Source-Earth-Science-Software-Development-and-Global-Atmospheric-Modeling_REQ_0000080636-1,Postdoctoral Scholar - Open Source Earth Science Software Development and Global Atmospheric Modeling,Research_Fellow,Full-time,,Earth system; scientific software development,,2026-07-28
1185,https://psu.wd1.myworkdayjobs.com/PSU_Academic/job/Penn-State-Erie-The-Behrend-College/Adjunct-Clinical-Nursing-Instructor_REQ_0000080725-2,Adjunct Clinical Nursing Instructor,Non-academic,Part-time,,Nursing,,2026-07-27
1185,https://psu.wd1.myworkdayjobs.com/PSU_Academic/job/Penn-State-University-Park/Professor-in-Neurobiology-of-Insect-Chemical-Ecology_REQ_0000080427-1,Professor in Neurobiology of Insect Chemical Ecology,Full_Professor,Full-time,Department of Entomology,Neurobiology of Insect Chemical Ecology,,2026-07-24
1185,https://psu.wd1.myworkdayjobs.com/PSU_Academic/job/Penn-State-University-Park/Postdoctoral-Position---BMB_REQ_0000076780-1,Postdoctoral Position - BMB,Research_Fellow,Full-time,Department of Biochemistry and Molecular Biology at The Pennsylvania State University,BMB,,2026-07-24
1185,https://psu.wd1.myworkdayjobs.com/PSU_Academic/job/College-of-Medicine/Postdoctoral-Scholar---Public-Health-Sciences_REQ_0000080333-2,Postdoctoral Scholar - Public Health Sciences,Research_Fellow,Full-time,Department of Public Health Sciences is seeking a postdoctoral scholar,bioinformatics methods; statistical genomics,,2026-07-24
1185,https://psu.wd1.myworkdayjobs.com/PSU_Academic/job/Penn-State-University-Park/Teaching-Faculty-Position-in-Cybersecurity_REQ_0000080140-2,Teaching Faculty Position in Cybersecurity,Assistant_Professor; Associate_Professor; Full_Professor; Lecturer; Research_Fellow,Full-time,,Cybersecurity; Faculty Positions,"September 1, 2026",2026-07-23
1185,https://psu.wd1.myworkdayjobs.com/PSU_Academic/job/Penn-State-University-Park/Integrated-Power-Systems---Energy-Conversion-Department-Head--FACULTY-_REQ_0000080318-2,Integrated Power Systems - Energy Conversion Department Head (FACULTY),Assistant_Professor; Associate_Professor; Full_Professor; Research_Fellow,Full-time,,,,2026-07-23
1185,https://psu.wd1.myworkdayjobs.com/PSU_Academic/job/Penn-State-Greater-Allegheny/Part-Time---Academic-Affairs---Adjunct-Instructor--2026-2027-_REQ_0000080577-1,Part Time - Academic Affairs - Adjunct Instructor (2026-2027),Unclassified,Part-time,,Academic Affairs; person,,2026-07-22
1185,https://psu.wd1.myworkdayjobs.com/PSU_Academic/job/Penn-State-University-Park/Assistant-Teaching-Professor-of-Spatial-Data-Science_REQ_0000080070-2,Assistant Teaching Professor of Spatial Data Science,Full_Professor,Full-time,Department of Geography,Spatial Data Science; Professor rank,"September 15, 2026",2026-07-21
1185,https://psu.wd1.myworkdayjobs.com/PSU_Academic/job/Penn-State-University-Park/Postdoctoral-Scholar---Vazquez-Lab_REQ_0000080248-1,Postdoctoral Scholar - Vazquez Lab,Research_Fellow,Full-time,,,,2026-07-20
1185,https://psu.wd1.myworkdayjobs.com/PSU_Academic/job/Penn-State-University-Park/Postdoctoral-Scholar---Chemistry_REQ_0000079874-1,Postdoctoral Scholar - Chemistry,Research_Fellow,Full-time,,biocatalysis; synthetic,,2026-07-20
1185,https://psu.wd1.myworkdayjobs.com/PSU_Academic/job/College-of-Medicine/Post-Doctoral-Scholar---Surgery_REQ_0000080149-1,Post Doctoral Scholar - Surgery,Research_Fellow,Full-time,,highly multidisciplinary team; health outcomes research,,2026-07-20
1185,https://psu.wd1.myworkdayjobs.com/PSU_Academic/job/Penn-State-University-Park/Embedded-Systems-Department-Head--FACULTY-_REQ_0000080129-2,Embedded Systems Department Head (FACULTY),Assistant_Professor; Associate_Professor; Full_Professor; Research_Fellow,Full-time,,mission focus Lead individual research; real-time control Foster a culture,,2026-07-17
1185,https://psu.wd1.myworkdayjobs.com/PSU_Academic/job/Penn-State-University-Park/Postdoctoral-Scholar_REQ_0000079870-1,Postdoctoral Scholar,Research_Fellow,Full-time,,computational science; natural language processing,,2026-07-16
1185,https://psu.wd1.myworkdayjobs.com/PSU_Academic/job/Penn-State-Harrisburg/Assistant-Professor-of-Civil-Engineering---AI_REQ_0000080244-1,Assistant Professor of Civil Engineering + AI,Assistant_Professor,Full-time,"College of Medicine, and continuing education opportunities",Environmental Engineering program; Construction; Structural Design,,2026-07-16
1185,https://psu.wd1.myworkdayjobs.com/PSU_Academic/job/Penn-State-University-Park/Postdoctoral-Researcher-Positions-in-Physicochemical-Water-Treatment-and-Environmental-Chemistry_REQ_0000080130-1,Postdoctoral Researcher Positions in Physicochemical Water Treatment and Environmental Chemistry,Research_Fellow,Full-time,,Physicochemical Water Treatment and Environmental Chemistry; PFAS-contaminated treatment systems; experimental research Excellent written,,2026-07-16
1185,https://psu.wd1.myworkdayjobs.com/PSU_Academic/job/Penn-State-University-Park/Postdoctoral-Scholar--Nuclear-Engineering_REQ_0000072409-1,"Postdoctoral Scholar, Nuclear Engineering",Research_Fellow,Full-time,,,,2026-07-15
1185,https://psu.wd1.myworkdayjobs.com/PSU_Academic/job/Penn-State-University-Park/Professor_REQ_0000080159-1,Professor,Full_Professor,Part-time,,conducting high-quality scholarly research,,2026-07-14
1185,https://psu.wd1.myworkdayjobs.com/PSU_Academic/job/Penn-State-Lehigh-Valley/Adjunct-in-Cybersecurity-SRA_REQ_0000080168-1,Adjunct in Cybersecurity/SRA,Unclassified,Part-time,,Cybersecurity/SRA; Cyber defense,,2026-07-13
1185,https://psu.wd1.myworkdayjobs.com/PSU_Academic/job/Penn-State-Harrisburg/Part-Time---American-Sign-Language---Adjunct-Instructor_REQ_0000074756-1,Part Time - American Sign Language - Adjunct Instructor,Unclassified,Part-time,,American Sign Language,,2026-07-13
1185,https://psu.wd1.myworkdayjobs.com/PSU_Academic/job/Penn-State-Harrisburg/Part-Time---American-Studies---Adjunct-Faculty_REQ_0000080189-1,Part Time - American Studies - Adjunct Faculty,Lecturer,Part-time,,American Studies,,2026-07-13
1185,https://psu.wd1.myworkdayjobs.com/PSU_Academic/job/Penn-State-University-Park/Division-Head---Computational-Fluid-Dynamics--FACULTY-_REQ_0000079714-2,Division Head - Computational Fluid Dynamics (FACULTY),Assistant_Professor; Associate_Professor; Full_Professor; Research_Fellow,Full-time,,,,2026-07-10
1185,https://psu.wd1.myworkdayjobs.com/PSU_Academic/job/Penn-State-University-Park/Assistant-Associate-Research-Professor-in-Astronomy-and-Astrophysics_REQ_0000079758-2,Assistant/Associate Research Professor in Astronomy and Astrophysics,Full_Professor,Full-time,,Astronomy and Astrophysics; astronomical instrumentation; nanofabrication,,2026-07-10
1185,https://psu.wd1.myworkdayjobs.com/PSU_Academic/job/Penn-State-University-Park/Postdoctoral-Fellow_REQ_0000080014-1,Postdoctoral Fellow,Research_Fellow,Full-time,Center of Excellence in Child Maltreatment Research and Training,data analysis on child maltreatment; written communication skills,"July 17, 2026",2026-07-09
1185,https://psu.wd1.myworkdayjobs.com/PSU_Academic/job/Penn-State-University-Park/Postdoctoral-Scholar---Adaptive-Evolutionary-Genomics_REQ_0000079926-1,Postdoctoral Scholar - Adaptive Evolutionary Genomics,Research_Fellow,Full-time,,,,2026-07-09
1185,https://psu.wd1.myworkdayjobs.com/PSU_Academic/job/Penn-State-University-Park/Postdoctoral-Scholar---Biomedical-Engineering_REQ_0000079924-1,Postdoctoral Scholar - Biomedical Engineering,Research_Fellow,Full-time,,,,2026-07-09
1185,https://psu.wd1.myworkdayjobs.com/PSU_Academic/job/College-of-Medicine/Postdoctoral-Scholar---Public-Health-Sciences_REQ_0000079940-2,Postdoctoral Scholar - Public Health Sciences,Research_Fellow,Full-time,,,,2026-07-09
1185,https://psu.wd1.myworkdayjobs.com/PSU_Academic/job/Penn-State-Harrisburg/Part-Time---Physics---Adjunct-Lecturer_REQ_0000080026-2,Part Time - Physics - Adjunct Lecturer,Lecturer,Part-time,,Physics,,2026-07-08
1185,https://psu.wd1.myworkdayjobs.com/PSU_Academic/job/Penn-State-Harrisburg/Part-Time---Electrical-Engineering---Adjunct-Lecturer_REQ_0000080029-1,Part Time - Electrical Engineering - Adjunct Lecturer,Lecturer,Part-time,,Electrical Engineering,,2026-07-08
1185,https://psu.wd1.myworkdayjobs.com/PSU_Academic/job/Penn-State-Lehigh-Valley/Adjunct-Instructor-in-Mathematics_REQ_0000079983-1,Adjunct Instructor in Mathematics,Lecturer,Part-time,,Mathematics; Person Math,,2026-07-07
1185,https://psu.wd1.myworkdayjobs.com/PSU_Academic/job/Penn-State-University-Park/Postdoctoral-Scholar_REQ_0000079856-1,Postdoctoral Scholar,Research_Fellow,Full-time,,,,2026-07-07
1185,https://psu.wd1.myworkdayjobs.com/PSU_Academic/job/Penn-State-Harrisburg/Part-Time---Civil-Engineering---Structural-Design-and-Construction-Engineering-Technology---Adjunct-Lecturer--2026-2027-_REQ_0000079828-1,Part Time - Civil Engineering & Structural Design and Construction Engineering Technology - Adjunct Lecturer (2026-2027),Lecturer,Part-time,,Water Resources,,2026-07-07
1185,https://psu.wd1.myworkdayjobs.com/PSU_Academic/job/Penn-State-University-Park/Postdoctoral-Fellow---Center-for-Theory-of-Emergent-Quantum-Matter--C-TEQ-_REQ_0000073678,Postdoctoral Fellow - Center for Theory of Emergent Quantum Matter (C-TEQ),Research_Fellow,Part-time,,,,2026-07-06
1185,https://psu.wd1.myworkdayjobs.com/PSU_Academic/job/Penn-State-Beaver/Adjunct-Economics-Instructor_REQ_0000079899-1,Adjunct Economics Instructor,Unclassified,Part-time,,Economics,,2026-07-06
1185,https://psu.wd1.myworkdayjobs.com/PSU_Academic/job/Penn-State-Beaver/Adjunct-English-Instructor_REQ_0000079900-1,Adjunct English Instructor,Unclassified,Part-time,,English,,2026-07-06
1185,https://psu.wd1.myworkdayjobs.com/PSU_Academic/job/Penn-State-Beaver/Adjunct-Spanish-Instructor_REQ_0000079902-1,Adjunct Spanish Instructor,Unclassified,Part-time,,Spanish,,2026-07-06
1185,https://psu.wd1.myworkdayjobs.com/PSU_Academic/job/College-of-Medicine/Diagnostic-Imaging-Physicist---Radiology_REQ_0000075425-3,Diagnostic Imaging Physicist - Radiology,Assistant_Professor; Research_Fellow,Full-time,,,,2026-07-06
1185,https://psu.wd1.myworkdayjobs.com/PSU_Academic/job/Penn-State-University-Park/Postdoctoral-Position_REQ_0000079720-2,Postdoctoral Position,Research_Fellow,Full-time,Center for Structural Biology and the Center for Eukaryotic Gene Regulation,,,2026-07-02
1185,https://psu.wd1.myworkdayjobs.com/PSU_Academic/job/Penn-State-University-Park/Postdoctoral-Scholar-in-Animal-Genomics-and-Reproductive-Biology_REQ_0000079472-2,Postdoctoral Scholar in Animal Genomics and Reproductive Biology,Research_Fellow,Full-time,,Animal Genomics and Reproductive Biology; proteomics; bioinformatics,,2026-07-01
1185,https://psu.wd1.myworkdayjobs.com/PSU_Academic/job/College-of-Medicine/Editor---Department-of-Neurosurgery_REQ_0000076170-1,Editor - Department of Neurosurgery,Unclassified,Full-time,Department of Neurosurgery,,,2026-07-01
1185,https://psu.wd1.myworkdayjobs.com/PSU_Academic/job/Penn-State-Erie-The-Behrend-College/Postdoctoral-Scholar---Nonlinear-Dynamics-and-Vibration-Energy-Harvesting_REQ_0000079761-1,Postdoctoral Scholar – Nonlinear Dynamics and Vibration Energy Harvesting,Research_Fellow,Full-time,college of The Pennsylvania State University,professional development resources of a,,2026-06-30
1185,https://psu.wd1.myworkdayjobs.com/PSU_Academic/job/Penn-State-University-Park/Postdoctoral-Scholar---BBH-Social-Determinants-of-Health-Lab_REQ_0000079610-2,Postdoctoral Scholar - BBH Social Determinants of Health Lab,Research_Fellow,Full-time,,structural determinants of health; healthcare access,,2026-06-30
1185,https://psu.wd1.myworkdayjobs.com/PSU_Academic/job/Penn-State-University-Park/Postdoctoral-Scholar--Food-Gut-Brain-Lab-_REQ_0000079661-1,Postdoctoral Scholar (Food-Gut-Brain Lab),Research_Fellow,Full-time,,,,2026-06-30
1185,https://psu.wd1.myworkdayjobs.com/PSU_Academic/job/Penn-State-University-Park/Postdoctoral-Scholar----Plant-Genetic-Improvement_REQ_0000069289-1,Postdoctoral Scholar -– Plant Genetic Improvement,Research_Fellow,Full-time,,genetic improvement of Theobroma cacao; chocolate tree,,2026-06-30
1185,https://psu.wd1.myworkdayjobs.com/PSU_Academic/job/College-of-Medicine/Director--Animal-Resource-Program--Chief--Division-of-Comparative-Medicine_REQ_0000079504-3,"Director, Animal Resource Program; Chief, Division of Comparative Medicine",Research_Fellow,Full-time,Division of Comparative Medicine,Comparative Medicine; rapidly evolving research,,2026-06-30
1185,https://psu.wd1.myworkdayjobs.com/PSU_Academic/job/College-of-Medicine/Postdoctoral-Scholar---Surgery_REQ_0000079719-2,Postdoctoral Scholar - Surgery,Research_Fellow,Full-time,,,,2026-06-30
1185,https://psu.wd1.myworkdayjobs.com/PSU_Academic/job/Penn-State-University-Park/Visiting-Assistant-Associate-Full-Professors-of-Law--Penn-State-Dickinson-Law---University-Park--PA_REQ_0000079595-1,"Visiting Assistant/Associate/Full Professors of Law, Penn State Dickinson Law – University Park, PA",Assistant_Professor; Associate_Professor; Full_Professor,Full-time,,"Law, Penn State Dickinson Law",,2026-06-30
1185,https://psu.wd1.myworkdayjobs.com/PSU_Academic/job/Penn-State-University-Park/Postdoctoral-Scholar_REQ_0000077936-2,Postdoctoral Scholar,Research_Fellow,Full-time,Department of Veterinary and Biomedical Sciences at Penn State,Department of Veterinary; Biomedical Sciences,,2026-06-29
1185,https://psu.wd1.myworkdayjobs.com/PSU_Academic/job/Penn-State-Abington/Part-Time---Music-Voice---Vocal-Instructor_REQ_0000079583-1,Part Time - Music Voice - Vocal Instructor,Unclassified,Part-time,,Music Voice,,2026-06-29
1185,https://psu.wd1.myworkdayjobs.com/PSU_Academic/job/Penn-State-University-Park/Reference-and-Instruction-Librarian_REQ_0000079211-2,Reference and Instruction Librarian,Assistant_Professor; Associate_Professor; Full_Professor; Research_Fellow,Full-time,College of Agricultural Sciences across several departments,,,2026-06-25
1185,https://psu.wd1.myworkdayjobs.com/PSU_Academic/job/Penn-State-University-Park/Quantum-Frontiers-Postdoctoral-Scholar_REQ_0000079628-1,Quantum Frontiers Postdoctoral Scholar,Research_Fellow,Full-time,,Security of quantum algorithms; quantum networks Quantum-safe cybersecurity,,2026-06-24
1185,https://psu.wd1.myworkdayjobs.com/PSU_Academic/job/Penn-State-University-Park/Quantum-Frontiers-Postdoctoral-Scholar-in-Quantum---AI_REQ_0000079630-1,Quantum Frontiers Postdoctoral Scholar in Quantum + AI,Research_Fellow,Full-time,,hybrid quantum-classical computing; research areas described,,2026-06-24
1185,https://psu.wd1.myworkdayjobs.com/PSU_Academic/job/Penn-State-Great-Valley-Graduate-Center/Part-Time---Technology-and-Engineering---Adjunct-Instructor_REQ_0000079655-1,Part Time - Technology and Engineering - Adjunct Instructor,Unclassified,Part-time,,Technology and Engineering; Systems Engineering,,2026-06-24
1185,https://psu.wd1.myworkdayjobs.com/PSU_Academic/job/Penn-State-University-Park/Instructor-or-Assistant-Teaching-Professor--Learning--Design--and-Technology-UP-36-weeks-_REQ_0000079396-2,"Instructor or Assistant Teaching Professor (Learning, Design, and Technology UP 36 weeks)",Full_Professor,Full-time,,Professor level only,,2026-06-24
1185,https://psu.wd1.myworkdayjobs.com/PSU_Academic/job/Penn-State-University-Park/Part-Time-Instructor-of-Integrative-Arts---Game-Design_REQ_0000079596-1,Part Time Instructor of Integrative Arts - Game Design,Unclassified,Part-time,,Integrative Arts; Video Game,,2026-06-22
1185,https://psu.wd1.myworkdayjobs.com/PSU_Academic/job/Penn-State-University-Park/Postdoctoral-Scholar--Criminal-Justice-Research-Center_REQ_0000079373-1,"Postdoctoral Scholar, Criminal Justice Research Center",Research_Fellow,Full-time,,decomposition analysis; multilevel modeling,,2026-06-17
1185,https://psu.wd1.myworkdayjobs.com/PSU_Academic/job/Penn-State-Schuylkill/Adjunct-Faculty-Kinesiology_REQ_0000079442,Adjunct Faculty Kinesiology,Unclassified,Part-time,,,,2026-06-17
1185,https://psu.wd1.myworkdayjobs.com/PSU_Academic/job/Penn-State-University-Park/Postdoctoral-Scholar-Researcher_REQ_0000079236-1,Postdoctoral Scholar Researcher,Research_Fellow,Full-time,,,,2026-06-16
1185,https://psu.wd1.myworkdayjobs.com/PSU_Academic/job/Penn-State-University-Park/Huck-Institutes-of-the-Life-Sciences-NSF-NCEMS-Postdoctoral-Scholar---Biophysics_REQ_0000079407-1,Huck Institutes of the Life Sciences NSF NCEMS Postdoctoral Scholar - Biophysics,Research_Fellow,Full-time,,,,2026-06-15
1185,https://psu.wd1.myworkdayjobs.com/PSU_Academic/job/Penn-State-University-Park/Huck-Institutes-of-the-Life-Sciences-NSF-NCEMS-Postdoctoral-Scholar-Computational-Proteomics-Mass-Spectrometry_REQ_0000079409-1,Huck Institutes of the Life Sciences NSF NCEMS Postdoctoral Scholar-Computational Proteomics/Mass Spectrometry,Research_Fellow,Full-time,,,,2026-06-15
1185,https://psu.wd1.myworkdayjobs.com/PSU_Academic/job/Penn-State-University-Park/Postdoc-Position-in-Hydraulic-Modeling_REQ_0000079302-1,Postdoc Position in Hydraulic Modeling,Research_Fellow,Full-time,,Hydraulic Modeling; roadway hydraulic structure perform; culvert,,2026-06-15
1185,https://psu.wd1.myworkdayjobs.com/PSU_Academic/job/College-of-Medicine/Postdoctoral-Scholar---Orthopedics_REQ_0000079143-3,Postdoctoral Scholar - Orthopedics,Research_Fellow,Full-time,"Department of Orthopedics, Penn State Hershey Medical Center, Hershey, PA",,,2026-06-15
1185,https://psu.wd1.myworkdayjobs.com/PSU_Academic/job/College-of-Medicine/Postdoctoral-Scholar---Cancer-Institute_REQ_0000079379-2,Postdoctoral Scholar - Cancer Institute,Research_Fellow,Full-time,"College of Medicine, and Penn State Cancer Institute",,,2026-06-15
1185,https://psu.wd1.myworkdayjobs.com/PSU_Academic/job/College-of-Medicine/Professor---Radiation-Oncology_REQ_0000079252-2,Professor - Radiation Oncology,Full_Professor,Full-time,College of Medicine,Radiation Oncology,,2026-06-15
1185,https://psu.wd1.myworkdayjobs.com/PSU_Academic/job/Penn-State-University-Park/Part-Time-Undergraduate-Adjunct-Instructor---Smeal-Management---Organization-Department_REQ_0000079383-1,Part-Time Undergraduate Adjunct Instructor - Smeal Management & Organization Department,Unclassified,Part-time,,Undergraduate Adjunct,,2026-06-15
1185,https://psu.wd1.myworkdayjobs.com/PSU_Academic/job/Penn-State-University-Park/Postdoctoral-Scholar---Huck-Institutes-of-the-Life-Sciences-NSF-NCEMS_REQ_0000079386-1,Postdoctoral Scholar - Huck Institutes of the Life Sciences/NSF NCEMS,Research_Fellow,Full-time,,statistical mechanics; quantitative modeling,,2026-06-12
1185,https://psu.wd1.myworkdayjobs.com/PSU_Academic/job/Penn-State-University-Park/Huck-Institutes-of-the-Life-Sciences-NSF-NCEMS-Postdoctoral-Scholar_REQ_0000079401-1,Huck Institutes of the Life Sciences NSF NCEMS Postdoctoral Scholar,Research_Fellow,Full-time,,,,2026-06-12
1185,https://psu.wd1.myworkdayjobs.com/PSU_Academic/job/Penn-State-University-Park/Huck-Institutes-of-the-Life-Sciences-NSF-NCEMS-Postdoctoral-Scholar_REQ_0000079387-1,Huck Institutes of the Life Sciences NSF NCEMS Postdoctoral Scholar,Research_Fellow,Full-time,,,,2026-06-12
1185,https://psu.wd1.myworkdayjobs.com/PSU_Academic/job/Penn-State-University-Park/Assistant-Teaching-Professor_REQ_0000079048-2,Assistant Teaching Professor,Full_Professor,Full-time,,,,2026-06-12
1185,https://psu.wd1.myworkdayjobs.com/PSU_Academic/job/Penn-State-University-Park/Associate-Research-Professor---BMB_REQ_0000079111-2,Associate Research Professor - BMB,Full_Professor,Full-time,,BMB; Galaxy; AnVIL,,2026-06-12
1185,https://psu.wd1.myworkdayjobs.com/PSU_Academic/job/Penn-State-Harrisburg/Part-Time---Math---Adjunct-Lecturer_REQ_0000079338-1,Part Time - Math - Adjunct Lecturer,Lecturer,Part-time,,Math,,2026-06-11
1185,https://psu.wd1.myworkdayjobs.com/PSU_Academic/job/Penn-State-Harrisburg/Part-Time---Computer-Science---Adjunct-Lecturer_REQ_0000079337,Part Time - Computer Science - Adjunct Lecturer,Lecturer,Part-time,,Computer Science,,2026-06-11
1185,https://psu.wd1.myworkdayjobs.com/PSU_Academic/job/Penn-State-University-Park/Advanced-Manufacturing-and-Materials-Engineering-Division-Head--FACULTY-_REQ_0000079176-2,Advanced Manufacturing and Materials Engineering Division Head (FACULTY),Assistant_Professor; Associate_Professor; Full_Professor; Research_Fellow,Full-time,,AMME technologies Past success partnering,,2026-06-11
1185,https://psu.wd1.myworkdayjobs.com/PSU_Academic/job/Penn-State-University-Park/Tenure-Line-Assistant-Professor--College-of-Engineering--Department-of-Aerospace-Engineering_REQ_0000079195-2,"Tenure-Line Assistant Professor, College of Engineering, Department of Aerospace Engineering",Assistant_Professor,Full-time,"College of Engineering, Department of Aerospace Engineering","Engineering, Department of Aerospace Engineering; implementing UAS capable of targeted; intelligent systems; range of associated topics",7/9/2026,2026-06-09
1185,https://psu.wd1.myworkdayjobs.com/PSU_Academic/job/Penn-State-University-Park/Postdoctoral-Scholar-in-the-Center-for-Critical-Minerals-at-the-EMS-Energy-Institute_REQ_0000079243-1,Postdoctoral Scholar in the Center for Critical Minerals at the EMS Energy Institute,Research_Fellow,Full-time,Center for Critical Minerals at the EMS Energy Institute,extracting critical minerals; rare earth elements,,2026-06-09
1185,https://psu.wd1.myworkdayjobs.com/PSU_Academic/job/Penn-State-University-Park/Adjunct-Instructor---Undergraduate-General-Education-Course-in-Workforce-Financial-Skills_REQ_0000079287,Adjunct Instructor – Undergraduate General Education Course in Workforce Financial Skills,Unclassified,Part-time,,,,2026-06-09
1185,https://psu.wd1.myworkdayjobs.com/PSU_Academic/job/Penn-State-University-Park/Professor-of-Chemistry_REQ_0000079185-1,Professor of Chemistry,Full_Professor,Full-time,,Chemistry; interdisciplinary areas; traditional,"July 15, 2026",2026-06-05
1185,https://psu.wd1.myworkdayjobs.com/PSU_Academic/job/Penn-State-University-Park/Assistant-Professor-of-Rural-Sociology_REQ_0000078799-1,Assistant Professor of Rural Sociology,Assistant_Professor,Full-time,,Rural Sociology,"August 1, 2026",2026-06-05
1185,https://psu.wd1.myworkdayjobs.com/PSU_Academic/job/Penn-State-University-Park/Postdoctoral-Scholar_REQ_0000078733-1,Postdoctoral Scholar,Research_Fellow,Full-time,,virome dynamics; plant viruses,,2026-06-02
1185,https://psu.wd1.myworkdayjobs.com/PSU_Academic/job/Penn-State-University-Park/Postdoctoral-Scholar---Chemistry_REQ_0000078886-1,Postdoctoral Scholar - Chemistry,Research_Fellow,Full-time,,metal nanoparticle synthesis,,2026-06-02
1185,https://psu.wd1.myworkdayjobs.com/PSU_Academic/job/Penn-State-University-Park/ICDS-Rising-Stars-Fellowship---Postdoctoral-Scholar-Positions_REQ_0000077933-1,ICDS Rising Stars Fellowship – Postdoctoral Scholar Positions,Research_Fellow,Full-time,,Artificial Intelligence; Machine Learning,,2026-05-29
1185,https://psu.wd1.myworkdayjobs.com/PSU_Academic/job/Penn-State-University-Park/Postdoctoral-Scholar-Sengupta-Group_REQ_0000062624-1,Postdoctoral Scholar-Sengupta Group,Research_Fellow,Full-time,Department of Electrical Engineering at Penn State is seeking a Postdoctoral Scholar,electronic design automation efforts working; digital twins,,2026-05-21
1185,https://psu.wd1.myworkdayjobs.com/PSU_Academic/job/Penn-State-University-Park/Postdoctoral-Scholar--Materials-Science-and-Engineering_REQ_0000078554-1,"Postdoctoral Scholar, Materials Science and Engineering",Research_Fellow,Full-time,,,,2026-05-19
1185,https://psu.wd1.myworkdayjobs.com/PSU_Academic/job/Penn-State-University-Park/Assistant-Teaching-Professor-of-Digital-Arts-and-Media-Design_REQ_0000077428-2,Assistant Teaching Professor of Digital Arts and Media Design,Full_Professor,Full-time,"College of Engineering, and the Department of Psychology in the College of Liberal Arts",Digital Arts and Media Design; Media Design Program each semester,,2026-05-15
1185,https://psu.wd1.myworkdayjobs.com/PSU_Academic/job/Penn-State-University-Park/Postdoctoral-Scholar---Chemistry_REQ_0000077845-1,Postdoctoral Scholar - Chemistry,Research_Fellow,Full-time,,femtosecond transient absorption; fluorescence upconversion,,2026-05-14
1185,https://psu.wd1.myworkdayjobs.com/PSU_Academic/job/Penn-State-University-Park/Postdoctoral-Scholar---Chemistry_REQ_0000077846-1,Postdoctoral Scholar - Chemistry,Research_Fellow,Full-time,,atomically precise,,2026-05-14
1185,https://psu.wd1.myworkdayjobs.com/PSU_Academic/job/Penn-State-Abington/Part-Time---Management-Information-Systems---Adjunct-Lecturer_REQ_0000078308-2,Part Time - Management Information Systems - Adjunct Lecturer,Lecturer,Part-time,,Management Information Systems,,2026-05-12
1185,https://psu.wd1.myworkdayjobs.com/PSU_Academic/job/Remote/Part-Time-Adjunct-Instructor-in-Digital-Multimedia-Design-2026-27-Academic-Year_REQ_0000078447-1,Part-Time Adjunct Instructor in Digital Multimedia Design 2026-27 Academic Year,Unclassified,Part-time,,Digital Multimedia Design 2026-27 Academic Year,,2026-05-12
1185,https://psu.wd1.myworkdayjobs.com/PSU_Academic/job/Penn-State-University-Park/Part-Time-Adjunct-Instructor---School-of-Visual-Arts---2026-27-Academic-Year_REQ_0000078445-1,Part-Time Adjunct Instructor - School of Visual Arts - 2026-27 Academic Year,Unclassified,Part-time,School of Visual Arts,School of Visual Arts,,2026-05-11
1185,https://psu.wd1.myworkdayjobs.com/PSU_Academic/job/Penn-State-Altoona/Research-Assistant-Professor--Assistant-Center-Director_REQ_0000077896-2,"Research Assistant Professor, Assistant Center Director",Assistant_Professor,Full-time,,transportation infrastructure; structural health monitoring,,2026-05-08
1185,https://psu.wd1.myworkdayjobs.com/PSU_Academic/job/Penn-State-University-Park/Part-Time-Adjunct-Teaching-Faculty---Sociology---Criminology_REQ_0000078233-1,Part-Time Adjunct Teaching Faculty - Sociology & Criminology,Lecturer,Part-time,College of Liberal Arts guidelines,Sociology & Criminology; Criminology,,2026-05-08
1185,https://psu.wd1.myworkdayjobs.com/PSU_Academic/job/Penn-State-University-Park/Assistant-Research-Professor_REQ_0000077915-2,Assistant Research Professor,Full_Professor,Full-time,,policy-relevant impact,,2026-05-08
1185,https://psu.wd1.myworkdayjobs.com/PSU_Academic/job/Penn-State-Fayette/Part-Time---Mechanical--Engineering---Adjunct-Instructor_REQ_0000078114-1,Part Time - Mechanical  Engineering - Adjunct Instructor,Unclassified,Part-time,,Mechanical  Engineering,,2026-05-06
1185,https://psu.wd1.myworkdayjobs.com/PSU_Academic/job/Penn-State-University-Park/Open-Rank-Tenure-Line-Position-in-Computer-Science--College-of-Engineering---Huck-Institute-of-Life-Sciences_REQ_0000074193-1,Open Rank Tenure Line Position in Computer Science (College of Engineering) /Huck Institute of Life Sciences,Assistant_Professor; Associate_Professor; Full_Professor; Research_Fellow,Full-time,Institute of Life Sciences,Computer Science; Translational Sciences; Materials Research Institute,,2026-05-05
1185,https://psu.wd1.myworkdayjobs.com/PSU_Academic/job/College-of-Medicine/Postdoctoral-Scholar---Pediatrics_REQ_0000074211-2,Postdoctoral Scholar - Pediatrics,Research_Fellow,Full-time,Department of Pediatrics is seeking a Postdoctoral Scholar position in cancer biology,,,2026-05-05
1185,https://psu.wd1.myworkdayjobs.com/PSU_Academic/job/Penn-State-University-Park/Adjunct-Lecturer_REQ_0000078003-1,Adjunct Lecturer,Lecturer,Part-time,,,,2026-05-04
1185,https://psu.wd1.myworkdayjobs.com/PSU_Academic/job/Penn-State-University-Park/Assistant-Associate-Research-Professor_REQ_0000077577-2,Assistant/Associate Research Professor,Full_Professor,Part-time,Department of Health Policy and Administration in the College of Health and Human Development,,"May 1, 2026",2026-05-04
1185,https://psu.wd1.myworkdayjobs.com/PSU_Academic/job/Penn-State-Berks/Part-Time---Materials-Testing-Laboratory---Adjunct-Instructor_REQ_0000077817-1,Part Time - Materials Testing Laboratory - Adjunct Instructor,Unclassified,Part-time,,Materials Testing Laboratory,,2026-04-30
1185,https://psu.wd1.myworkdayjobs.com/PSU_Academic/job/Penn-State-Fayette/Part-Time---Chemistry---Adjunct-Instructor_REQ_0000077952-1,Part Time - Chemistry - Adjunct Instructor,Unclassified,Part-time,,Chemistry,,2026-04-30
1185,https://psu.wd1.myworkdayjobs.com/PSU_Academic/job/Penn-State-University-Park/Part-Time-Adjunct-Lecturer_REQ_0000077992-2,Part-Time Adjunct Lecturer,Lecturer,Part-time,,Comparative Literature,,2026-04-30
1185,https://psu.wd1.myworkdayjobs.com/PSU_Academic/job/Penn-State-University-Park/Postdoctoral-Scholar---Kapur-Lab-Huck-Institutes-of-the-Life-Sciences_REQ_0000077925-1,Postdoctoral Scholar - Kapur Lab/Huck Institutes of the Life Sciences,Research_Fellow,Full-time,,LMIC,,2026-04-29
1185,https://psu.wd1.myworkdayjobs.com/PSU_Academic/job/Penn-State-University-Park/Tenure-Track-Faculty-Position-in-Plant-Biology_REQ_0000077737-1,Tenure-Track Faculty Position in Plant Biology,Assistant_Professor; Associate_Professor; Full_Professor; Research_Fellow,Full-time,,Plant Biology,,2026-04-29
1185,https://psu.wd1.myworkdayjobs.com/PSU_Academic/job/Penn-State-University-Park/Director--Psychological-Clinic--College-of-the-Liberal-Arts_REQ_0000077493-2,"Director, Psychological Clinic, College of the Liberal Arts",Research_Fellow,Part-time,College of the Liberal Arts,,,2026-04-27
1185,https://psu.wd1.myworkdayjobs.com/PSU_Academic/job/Remote/Part-Time-Adjunct-Lecturer---Bellisario-College-of-Communications_REQ_0000077685,Part-Time Adjunct Lecturer - Bellisario College of Communications,Lecturer,Part-time,College of Communications,Bellisario College of Communications,,2026-04-22
1185,https://psu.wd1.myworkdayjobs.com/PSU_Academic/job/Penn-State-University-Park/Assistant-Teaching-Professor-in-Data-Journalism_REQ_0000077315-2,Assistant Teaching Professor in Data Journalism,Full_Professor,Full-time,"Center for Sports Journalism, the News Lab and Centre County Report",Data Journalism; Centre County; Curley Center; News Lab,,2026-04-22
1185,https://psu.wd1.myworkdayjobs.com/PSU_Academic/job/Penn-State-Altoona/Instructor-or-Open-Rank-Teaching-Professor-of-Mathematics-and-Statistics_REQ_0000076348-1,Instructor or Open Rank Teaching Professor of Mathematics and Statistics,Full_Professor,Full-time,,Mathematics and Statistics; Professor position,,2026-04-21
1185,https://psu.wd1.myworkdayjobs.com/PSU_Academic/job/Penn-State-University-Park/Postdoctoral-Scholar_REQ_0000074690-1,Postdoctoral Scholar,Research_Fellow,Full-time,,computational land surface hydrology; geospatial data processing,,2026-04-17
1185,https://psu.wd1.myworkdayjobs.com/PSU_Academic/job/Penn-State-University-Park/Postdoctoral-Scholar---Ferrari-lab_REQ_0000076477-2,Postdoctoral Scholar - Ferrari lab,Research_Fellow,Full-time,,,,2026-04-17
1185,https://psu.wd1.myworkdayjobs.com/PSU_Academic/job/Penn-State-University-Park/Postdoctoral-Scholar---Biomedical-Engineering_REQ_0000076160-1,Postdoctoral Scholar - Biomedical Engineering,Research_Fellow,Full-time,,interdisciplinary; collaborative,,2026-04-17
1185,https://psu.wd1.myworkdayjobs.com/PSU_Academic/job/Penn-State-University-Park/Postdoctoral-Scholar--Neutrino-Physics_REQ_0000073465-1,Postdoctoral Scholar- Neutrino Physics,Research_Fellow,Full-time,,Neutrino Physics,,2026-04-17
1185,https://psu.wd1.myworkdayjobs.com/PSU_Academic/job/College-of-Medicine/Associate-Dean-for-Research-Administration---Associate-Director-for-Sponsored-Programs_REQ_0000077322,Associate Dean for Research Administration & Associate Director for Sponsored Programs,Research_Fellow,Full-time,,,,2026-04-14
1185,https://psu.wd1.myworkdayjobs.com/PSU_Academic/job/Penn-State-University-Park/Postdoctoral-Scholar---Particle-Astrophysics---Wissel-Lab_REQ_0000075344-1,Postdoctoral Scholar - Particle Astrophysics - Wissel Lab,Research_Fellow,Full-time,,Antarctica; Greenland,,2026-04-13
1185,https://psu.wd1.myworkdayjobs.com/PSU_Academic/job/Penn-State-Altoona/Instructor-or-Open-Rank-Teaching-Professor-of-Mathematics-and-Statistics_REQ_0000076349-1,Instructor or Open Rank Teaching Professor of Mathematics and Statistics,Full_Professor,Full-time,,Mathematics and Statistics; Professor positions,,2026-04-10
1185,https://psu.wd1.myworkdayjobs.com/PSU_Academic/job/Penn-State-Altoona/Part-Time-Continuing-Education-Instructor_REQ_0000076525,Part-Time Continuing Education Instructor,Unclassified,Part-time,,Continuing Education,,2026-04-08
1185,https://psu.wd1.myworkdayjobs.com/PSU_Academic/job/Penn-State-University-Park/Division-Head--Guidance-and-Control-Technology--FACULTY-_REQ_0000077051-2,"Division Head, Guidance and Control Technology (FACULTY)",Assistant_Professor; Associate_Professor; Full_Professor; Research_Fellow,Full-time,,,,2026-04-08
1185,https://psu.wd1.myworkdayjobs.com/PSU_Academic/job/Electro-Optics-Center-in-Freeport-PA/Department-Head---Advanced-Optical-Systems--FACULTY-_REQ_0000077040-2,Department Head – Advanced Optical Systems (FACULTY),Assistant_Professor; Associate_Professor; Full_Professor; Research_Fellow,Full-time,,evaluation of high-performance; systems engineering principles,,2026-04-08
1185,https://psu.wd1.myworkdayjobs.com/PSU_Academic/job/Penn-State-University-Park/Postdoctoral-Scholar_REQ_0000076988-1,Postdoctoral Scholar,Research_Fellow,Full-time,Department of Statistics,,,2026-04-07
1185,https://psu.wd1.myworkdayjobs.com/PSU_Academic/job/Penn-State-University-Park/Professional-Track-Teaching-Faculty-Positions-in-Architectural-Engineering_REQ_0000076663-2,Professional Track Teaching Faculty Positions in Architectural Engineering,Research_Fellow,Full-time,Department of Architectural Engineering at Penn State,Architectural Engineering,"April 30, 2026",2026-04-06
1185,https://psu.wd1.myworkdayjobs.com/PSU_Academic/job/College-of-Medicine/Systematic-Review-Librarian_REQ_0000077004-1,Systematic Review Librarian,Research_Fellow,Full-time,College of Medicine and Milton S,,,2026-04-03
1185,https://psu.wd1.myworkdayjobs.com/PSU_Academic/job/Dickinson-Law-Carlisle/Part-Time---Penn-State-Dickinson-Law---Adjunct-Instructors_REQ_0000076937-3,Part Time - Penn State Dickinson Law - Adjunct Instructors,Unclassified,Part-time,,Penn State Dickinson Law,,2026-04-02
1185,https://psu.wd1.myworkdayjobs.com/PSU_Academic/job/Penn-State-University-Park/Postdoctoral-Researcher---High-Energy-Transient-Astronomy_REQ_0000068039-1,Postdoctoral Researchers - Time Domain and Multi-Messenger Astrophysics,Research_Fellow,Full-time,,,"May 8, 2026",2026-04-01
1185,https://psu.wd1.myworkdayjobs.com/PSU_Academic/job/Penn-State-Altoona/Adjunct-Instructor---English_REQ_0000075742-1,Adjunct Instructor - English,Unclassified,Part-time,,English Composition,,2026-03-31
1185,https://psu.wd1.myworkdayjobs.com/PSU_Academic/job/Penn-State-University-Park/Part-Time---Nursing---Adjunct-Clinical-Instructor_REQ_0000076936-1,Part Time - Nursing - Adjunct Clinical Instructor,Unclassified,Part-time,College of Nursing website,Nursing,,2026-03-27
1185,https://psu.wd1.myworkdayjobs.com/PSU_Academic/job/College-of-Medicine/Postdoctoral-Scholar---Molecular-and-Precision-Medicine---Medicine_REQ_0000076719-2,Postdoctoral Scholar - Molecular and Precision Medicine / Medicine,Research_Fellow,Full-time,,Mucosal immunology; cellular biology techniques Evidence of,,2026-03-24
1185,https://psu.wd1.myworkdayjobs.com/PSU_Academic/job/Penn-State-Abington/Part-Time---Elementary-and-Early-Childhood-Education---Adjunct-Lecturer_REQ_0000076553,Part Time - Elementary and Early Childhood Education - Adjunct Lecturer,Lecturer,Part-time,college of The Pennsylvania State University and is conveniently located near Philadelphia,Elementary and Early Childhood Education; Early Childhood Education program,,2026-03-24
1185,https://psu.wd1.myworkdayjobs.com/PSU_Academic/job/Penn-State-Brandywine/Part-Time---Business---Adjunct-Instructor_REQ_0000066686-1,Part Time - Business - Adjunct Instructor,Unclassified,Part-time,,Business; Supply Management,,2026-03-20
1185,https://psu.wd1.myworkdayjobs.com/PSU_Academic/job/Penn-State-University-Park/Postdoctoral-Scholar_REQ_0000075266-1,Postdoctoral Scholar,Research_Fellow,Full-time,,scientific computing; quantum information,,2026-03-19
1185,https://psu.wd1.myworkdayjobs.com/PSU_Academic/job/Warminster-PA/Engineering-and-Laboratory-Services-Department-Head--Faculty-_REQ_0000076379-2,Engineering and Laboratory Services Department Head (Faculty),Assistant_Professor; Associate_Professor; Full_Professor; Research_Fellow,Full-time,,,,2026-03-17
1185,https://psu.wd1.myworkdayjobs.com/PSU_Academic/job/Penn-State-Shenango/Part-Time-Lecturer-in-Human-Development-and-Family-Studies_REQ_0000076444-1,Part-Time Lecturer in Human Development and Family Studies,Lecturer,Part-time,,Human Development and Family Studies,,2026-03-13
1185,https://psu.wd1.myworkdayjobs.com/PSU_Academic/job/Penn-State-Shenango/Part-Time-Lecturer-in-Art_REQ_0000076448-2,Part-Time Lecturer in Art,Lecturer,Part-time,,Art,,2026-03-13
1185,https://psu.wd1.myworkdayjobs.com/PSU_Academic/job/Penn-State-Shenango/Part-Time-Lecturer-in-Accounting_REQ_0000076447-1,Part-Time Lecturer in Accounting,Lecturer,Part-time,,Accounting,,2026-03-13
1185,https://psu.wd1.myworkdayjobs.com/PSU_Academic/job/Penn-State-Shenango/Part-Time-Lecturer-in-Business_REQ_0000076445-1,Part-Time Lecturer in Business,Lecturer,Part-time,,Business,,2026-03-13
1185,https://psu.wd1.myworkdayjobs.com/PSU_Academic/job/Penn-State-University-Park/Part-Time---Adjunct-Lecturer---Journalism_REQ_0000076469-2,Part Time - Adjunct Lecturer - Journalism,Lecturer,Part-time,,Journalism,,2026-03-11
1185,https://psu.wd1.myworkdayjobs.com/PSU_Academic/job/Penn-State-University-Park/Postdoctoral-Scholar---Emerging-Disparities-in-Population-Health_REQ_0000074762-1,Postdoctoral Scholar - Emerging Disparities in Population Health,Research_Fellow,Full-time,,substantive demographic topics; demographic methods,"February 17, 2026",2026-03-10
1185,https://psu.wd1.myworkdayjobs.com/PSU_Academic/job/Penn-State-University-Park/Postdoctoral-Scholar-in-Sentencing-Research-and-Policy_REQ_0000074514-1,Postdoctoral Scholar in Sentencing Research and Policy,Research_Fellow,Full-time,,Sentencing Research and Policy; practical experience; courts,"July 1, 2026",2026-03-09
1185,https://psu.wd1.myworkdayjobs.com/PSU_Academic/job/Penn-State-Harrisburg/Part-Time---Marketing---Adjunct-Lecturer_REQ_0000076280-1,Part Time - Marketing - Adjunct Lecturer,Lecturer,Part-time,,Marketing,,2026-03-06
1185,https://psu.wd1.myworkdayjobs.com/PSU_Academic/job/Penn-State-Altoona/Nursing---Adjunct-Clinical-Lecturer-Fall-2026_REQ_0000076284-3,Nursing - Adjunct Clinical Lecturer Fall 2026,Lecturer,Part-time,,nursing,,2026-03-05
1185,https://psu.wd1.myworkdayjobs.com/PSU_Academic/job/Penn-State-University-Park/Full-or-Associate-Professor-in-Infectious-Disease-Modeling_REQ_0000070169-1,Full or Associate Professor in Infectious Disease Modeling,Associate_Professor; Full_Professor,Full-time,"College of Liberal Arts, College of Medicine, and the Eberly College of Science",Infectious Disease Modeling; evolution of infectious disease; duties also include: Promote a; outreach,,2026-03-04
1185,https://psu.wd1.myworkdayjobs.com/PSU_Academic/job/Penn-State-University-Park/Assistant-Associate-Clinical-Professor-of-Business-Communication_REQ_0000075955-2,Assistant/Associate Clinical Professor of Business Communication,Full_Professor,Full-time,,Business Communication,,2026-03-04
1185,https://psu.wd1.myworkdayjobs.com/PSU_Academic/job/Penn-State-University-Park/Associate-Full-Research-Professor_REQ_0000075871-2,Associate/Full Research Professor,Full_Professor,Full-time,,,,2026-03-04
1185,https://psu.wd1.myworkdayjobs.com/PSU_Academic/job/Penn-State-Shenango/Part-Time-Lecturer-in-Psychology_REQ_0000076140-1,Part-Time Lecturer in Psychology,Lecturer,Part-time,,Psychology; Introduction,,2026-03-03
1185,https://psu.wd1.myworkdayjobs.com/PSU_Academic/job/Hershey-Area/Part-Time---Nursing---Adjunct-Clinical-Instructor_REQ_0000076168-1,Part Time - Nursing - Adjunct Clinical Instructor,Unclassified,Part-time,College of Nursing website,Nursing,,2026-03-02
1185,https://psu.wd1.myworkdayjobs.com/PSU_Academic/job/Penn-State-Hazleton/Engineering--Computer-Science--and-Information-Technology---Part-Time-Faculty-Positions_REQ_0000076055-1,"Engineering, Computer Science, and Information Technology - Part-Time Faculty Positions",Unclassified,Part-time,,Information Technology,,2026-02-24
1185,https://psu.wd1.myworkdayjobs.com/PSU_Academic/job/Penn-State-Hazleton/English---Communications---Part-Time-Faculty-Positions_REQ_0000076053-1,English & Communications - Part-Time Faculty Positions,Unclassified,Part-time,,Communications including,,2026-02-24
1185,https://psu.wd1.myworkdayjobs.com/PSU_Academic/job/Penn-State-Hazleton/Arts---Humanities---Part-Time-Faculty-Positions_REQ_0000076051-1,Arts & Humanities - Part-Time Faculty Positions,Unclassified,Part-time,,Arts,,2026-02-24
1185,https://psu.wd1.myworkdayjobs.com/PSU_Academic/job/Penn-State-Hazleton/Business---Part-Time-Faculty-Positions_REQ_0000076048-2,Business - Part-Time Faculty Positions,Unclassified,Part-time,,Management Information Systems,,2026-02-24
1185,https://psu.wd1.myworkdayjobs.com/PSU_Academic/job/Penn-State-Hazleton/Math-and-Physics---Part-Time-Faculty-Positions_REQ_0000076047-1,Math and Physics - Part-Time Faculty Positions,Unclassified,Part-time,,Mathematics including,,2026-02-24
1185,https://psu.wd1.myworkdayjobs.com/PSU_Academic/job/Penn-State-Hazleton/Biology-and-Chemistry---Part-Time-Faculty-Positions_REQ_0000076046-1,Biology and Chemistry - Part-Time Faculty Positions,Unclassified,Part-time,,General Chemistry,,2026-02-24
1185,https://psu.wd1.myworkdayjobs.com/PSU_Academic/job/Penn-State-Hazleton/Social-Sciences---Part-Time-Faculty-Positions_REQ_0000076056,Social Sciences - Part-Time Faculty Positions,Unclassified,Part-time,,Social Science courses including,,2026-02-24
1185,https://psu.wd1.myworkdayjobs.com/PSU_Academic/job/Penn-State-University-Park/Mechanical-Engineer---FACULTY_REQ_0000075788-2,Mechanical Engineer - FACULTY,Assistant_Professor; Associate_Professor; Full_Professor; Research_Fellow,Full-time,,,,2026-02-24
1185,https://psu.wd1.myworkdayjobs.com/PSU_Academic/job/Penn-State-University-Park/Assistant-Research-Professor-of-Anthropology_REQ_0000075455-2,Assistant Research Professor of Anthropology,Full_Professor,Full-time,Department of Anthropology,Anthropology; analyzing ancient genomic data; ethical frameworks,,2026-02-23
1185,https://psu.wd1.myworkdayjobs.com/PSU_Academic/job/Penn-State-Hazleton/Adjunct-Instructor---Nutrition_REQ_0000075942-1,Adjunct Instructor - Nutrition,Unclassified,Part-time,,Nutrition,,2026-02-19
1185,https://psu.wd1.myworkdayjobs.com/PSU_Academic/job/Penn-State-University-Park/Postdoctoral-Scholar--Department-of-Anthropology_REQ_0000075515-1,"Postdoctoral Scholar, Department of Anthropology",Research_Fellow,Full-time,Department of Anthropology,Anthropology,,2026-02-16
1185,https://psu.wd1.myworkdayjobs.com/PSU_Academic/job/Penn-State-University-Park/Postdoctoral-Scholar---Experimental-Condensed-Matter-and-Materials-Physics_REQ_0000075617-1,Postdoctoral Scholar - Experimental Condensed Matter and Materials Physics,Research_Fellow,Full-time,,,,2026-02-16
1185,https://psu.wd1.myworkdayjobs.com/PSU_Academic/job/Penn-State-University-Park/Post-Doctoral-Scholar_REQ_0000075558-1,Post-Doctoral Scholar,Research_Fellow,Full-time,,solve global problems; fuel economic growth,,2026-02-16
1185,https://psu.wd1.myworkdayjobs.com/PSU_Academic/job/Penn-State-University-Park/Instructor-in-Supply-Chain-Management-and-Information-Systems_REQ_0000075267-2,Instructor in Supply Chain Management and Information Systems,Research_Fellow,Full-time,College of Business offers a collegial working environment and excellent campus facilities,Supply Chain Management and Information Systems; Excel,"February 27, 2026",2026-02-13
1185,https://psu.wd1.myworkdayjobs.com/PSU_Academic/job/Penn-State-Berks/Part-Time---Artificial-Intelligence---Non-Credit-Instructor_REQ_0000075709-2,Part Time - Artificial Intelligence - Non-Credit Instructor,Unclassified,Part-time,,Artificial Intelligence,,2026-02-11
1185,https://psu.wd1.myworkdayjobs.com/PSU_Academic/job/College-of-Medicine/Postdoctoral-Scholar_REQ_0000075300-2,Postdoctoral Scholar,Research_Fellow,Full-time,"College of Medicine in Hershey, PA",,,2026-02-10
1185,https://psu.wd1.myworkdayjobs.com/PSU_Academic/job/Penn-State-Wilkes-Barre/Part-Time-Faculty_REQ_0000075198-1,Part-Time Faculty,Unclassified,Part-time,,Human services,,2026-02-04
1185,https://psu.wd1.myworkdayjobs.com/PSU_Academic/job/Penn-State-DuBois/Practical-Nursing-Program-Clinical-Instructors_REQ_0000075457-2,Practical Nursing Program Clinical Instructors,Unclassified,Part-time,,,,2026-02-04
1185,https://psu.wd1.myworkdayjobs.com/PSU_Academic/job/Penn-State-Harrisburg/Part-Time---Finance-Economics---Adjunct-Instructor_REQ_0000075452-2,Part Time - Finance/Economics - Adjunct Instructor,Unclassified,Part-time,,Finance/Economics; Economics,,2026-02-04
1185,https://psu.wd1.myworkdayjobs.com/PSU_Academic/job/Penn-State-University-Park/Postdoctoral-Scholar_REQ_0000072094-1,Postdoctoral Scholar,Research_Fellow,Full-time,,,,2026-02-03
1185,https://psu.wd1.myworkdayjobs.com/PSU_Academic/job/Penn-State-University-Park/CGNE-Postdoctoral-Scholar_REQ_0000075271-1,CGNE Postdoctoral Scholar,Research_Fellow,Full-time,College of Nursing and the CGNE within their area of expertise,line,"January 27, 2026",2026-01-29
1185,https://psu.wd1.myworkdayjobs.com/PSU_Academic/job/Penn-State-Altoona/Instructor-or-Assistant-Teaching-Professor-of-Mathematics-and-Statistics_REQ_0000074099-2,Instructor or Assistant Teaching Professor of Mathematics and Statistics,Full_Professor,Full-time,,Mathematics and Statistics; Statistics The Pennsylvania Stat,,2026-01-27
1185,https://psu.wd1.myworkdayjobs.com/PSU_Academic/job/Penn-State-University-Park/Postdoctoral-position-in-Computational-Biology-and-Neuroscience_REQ_0000074651-1,Postdoctoral Scholar in Genetics and Neuroscience,Research_Fellow,Full-time,,Genetics and Neuroscience; Girirajan laboratory focuses on integrating; functional studies,,2026-01-27
1185,https://psu.wd1.myworkdayjobs.com/PSU_Academic/job/Penn-State-Great-Valley-Graduate-Center/Assistant-Professor-of-Computer-Science_REQ_0000073745-1,Assistant Professor of Computer Science,Assistant_Professor,Full-time,,Computer Science,,2026-01-22
1185,https://psu.wd1.myworkdayjobs.com/PSU_Academic/job/Penn-State-Lehigh-Valley/Adjunct-in-Sociology_REQ_0000075059-1,Adjunct in Sociology,Lecturer,Part-time,,Sociology; Culture starting,,2026-01-21
1185,https://psu.wd1.myworkdayjobs.com/PSU_Academic/job/Penn-State-University-Park/Assistant-Research-Professor--Experimental-Condensed-Matter---Materials-Physics_REQ_0000074490-2,Assistant Research Professor -Experimental Condensed Matter & Materials Physics,Full_Professor,Full-time,,Experimental Condensed Matter & Materials Physics; superconducting hybrid devices involving superconductors,,2026-01-14
1185,https://psu.wd1.myworkdayjobs.com/PSU_Academic/job/Penn-State-University-Park/Department-of-Physics---Postdoctoral-Scholar_REQ_0000065711-2,Department of Physics - Postdoctoral Scholar,Research_Fellow,Full-time,Department of Physics,Physics,,2026-01-09
1185,https://psu.wd1.myworkdayjobs.com/PSU_Academic/job/Penn-State-Erie-The-Behrend-College/Engineering-Part-Time-Instructors_REQ_0000074668-1,Engineering Part-Time Instructors,Unclassified,Part-time,School of Engineering to teach courses offered in our baccalaureate programs,,,2026-01-05
1185,https://psu.wd1.myworkdayjobs.com/PSU_Academic/job/Penn-State-University-Park/Postdoctoral-Scholar_REQ_0000070370-1,Postdoctoral Scholar,Research_Fellow,Full-time,,battery technologies; peer-reviewed journals,,2026-01-05
1185,https://psu.wd1.myworkdayjobs.com/PSU_Academic/job/Penn-State-University-Park/Open-rank-Faculty-Position-in-Quantitative-Methods--Department-of-Human-Development-and-Family-Studies_REQ_0000074379-1,"Open-rank Faculty Position in Quantitative Methods, Department of Human Development and Family Studies",Assistant_Professor; Associate_Professor; Full_Professor; Research_Fellow,Full-time,Department of Human Development and Family Studies,"Quantitative Methods, Department of Human Development and Family Studies; intensive longitudinal data analysis; real-time information","January 31, 2026",2025-12-22
1185,https://psu.wd1.myworkdayjobs.com/PSU_Academic/job/Penn-State-University-Park/Researcher_REQ_0000074123-2,Researcher,Research_Fellow,Full-time,,Galaxy; AnVIL,,2025-12-18
1185,https://psu.wd1.myworkdayjobs.com/PSU_Academic/job/Penn-State-University-Park/Associate-Assistant-Professor-of-Turfgrass-Science_REQ_0000073749-1,Associate/Assistant Professor of Turfgrass Science,Assistant_Professor; Associate_Professor,Full-time,,Turfgrass Science; well,,2025-12-15
1185,https://psu.wd1.myworkdayjobs.com/PSU_Academic/job/College-of-Medicine/Postdoctoral-Scholar---Computational-Biology_REQ_0000074065-2,Postdoctoral Scholar - Computational-Biology,Research_Fellow,Full-time,,,,2025-12-11
1185,https://psu.wd1.myworkdayjobs.com/PSU_Academic/job/Penn-State-Harrisburg/Assistant-Teaching-Professor-of-Communication-Sciences-and-Disorders_REQ_0000073079-2,Assistant Teaching Professor of Communication Sciences and Disorders,Full_Professor,Full-time,,Communication Sciences and Disorders; Pediatric Speech Sound Disorders; Pediatric Language Disorders; Social Sciences,,2025-12-10
1185,https://psu.wd1.myworkdayjobs.com/PSU_Academic/job/Penn-State-Harrisburg/Part-Time---English-Composition---Adjunct-Instructors_REQ_0000054095-1,Part Time - English Composition - Adjunct Lecturer,Lecturer,Part-time,School of Humanities at Penn State Harrisburg,English Composition,,2025-12-09
1185,https://psu.wd1.myworkdayjobs.com/PSU_Academic/job/Penn-State-University-Park/Adjunct-Instructor---Undergraduate-General-Education-Course-in-Workforce-Financial-Skills_REQ_0000073943-1,Adjunct Instructor – Undergraduate General Education Course in Workforce Financial Skills,Unclassified,Part-time,,,,2025-12-01
1185,https://psu.wd1.myworkdayjobs.com/PSU_Academic/job/Penn-State-University-Park/Postdoctoral-Research-Positions-at-Penn-State-Center-for-Exoplanets---Habitable-Worlds_REQ_0000073486-1,Postdoctoral Research Positions at Penn State Center for Exoplanets & Habitable Worlds,Research_Fellow,Full-time,Center for Exoplanets & Habitable Worlds,,"January 3, 2026",2025-12-01
1185,https://psu.wd1.myworkdayjobs.com/PSU_Academic/job/Penn-State-University-Park/Department-of-Kinesiology-Part-Time-Adjunct-Instructors--KPAP-_REQ_0000073753-1,Department of Kinesiology Part-Time Adjunct Instructors (KPAP),Unclassified,Part-time,,Kinesiology Part-Time Adjunct Instructors,,2025-11-20
1185,https://psu.wd1.myworkdayjobs.com/PSU_Academic/job/Penn-State-University-Park/General-Chemistry-Lecture-Coordinator_REQ_0000073132-2,General Chemistry Lecture Coordinator,Lecturer,Full-time,,Professor candidates,,2025-11-11
1185,https://psu.wd1.myworkdayjobs.com/PSU_Academic/job/Penn-State-University-Park/Tenure-Line-Open-Rank-Position---Nursing_REQ_0000062297-1,Tenure Line Open Rank Position - Nursing,Assistant_Professor; Associate_Professor; Full_Professor,Full-time,College of Nursing is a premier educator for nurses across the Commonwealth,Nursing; conducting an independent program of; advancing science,,2025-11-10
1185,https://psu.wd1.myworkdayjobs.com/PSU_Academic/job/Penn-State-University-Park/Postdoctoral-Scholar---BMB_REQ_0000072298-2,Postdoctoral Scholar - BMB,Research_Fellow,Full-time,,,,2025-11-10
1185,https://psu.wd1.myworkdayjobs.com/PSU_Academic/job/Penn-State-University-Park/Part-Time-Teaching-Support-Specialist--Smeal_REQ_0000073351-1,Part-Time Teaching Support Specialist- Smeal,Non-academic,Part-time,,Online MBA,,2025-11-06
1185,https://psu.wd1.myworkdayjobs.com/PSU_Academic/job/Penn-State-University-Park/Assistant-Research-Professor_REQ_0000072720-2,Assistant Research Professor,Full_Professor,Full-time,Department of Plant Pathology and Environmental Microbiology,development of educational programming serving; integrated crop management; General Education interdomain,,2025-11-06
1185,https://psu.wd1.myworkdayjobs.com/PSU_Academic/job/Penn-State-University-Park/Electromagnetic-Effects---Applications-Department-Head--Faculty-_REQ_0000073024-1,Electromagnetic Effects & Applications Department Head (Faculty),Assistant_Professor; Associate_Professor; Full_Professor,Full-time,,,,2025-11-04
1185,https://psu.wd1.myworkdayjobs.com/PSU_Academic/job/Penn-State-University-Park/Adjunct-Lecturer-Opportunities-for-2025-2026-Academic-Year---Department-of-Mathematics_REQ_0000065347-3,Adjunct Lecturer Opportunities for 2025/2026 Academic Year - Department of Mathematics,Lecturer,Part-time,Department of Mathematics,Department of Mathematics,,2025-11-04
1185,https://psu.wd1.myworkdayjobs.com/PSU_Academic/job/Penn-State-University-Park/Part-Time-Instruction-Positions-with-Integrative-Arts_REQ_0000072998-3,Part-Time Instruction Positions with Integrative Arts,Unclassified,Part-time,,,,2025-11-04
1185,https://psu.wd1.myworkdayjobs.com/PSU_Academic/job/Penn-State-University-Park/Postdoctoral-Scholar--Pan-Lab_REQ_0000073042,Postdoctoral Scholar- Pan Lab,Research_Fellow,Full-time,,,,2025-11-03
1185,https://psu.wd1.myworkdayjobs.com/PSU_Academic/job/Penn-State-University-Park/Associate-Dean-for-Undergraduate-Education---Non-Tenured-Position_REQ_0000072937-2,Associate Dean for Undergraduate Education – Non-Tenured Position,Non-academic,Full-time,College of Nursing resides primarily at the University Park Campus,Professor before their appointment start,"November 21, 2025",2025-11-03
1185,https://psu.wd1.myworkdayjobs.com/PSU_Academic/job/Penn-State-Berks/Part-Time---Practical-Nursing---Adjunct-Faculty_REQ_0000073239-2,Part Time - Practical Nursing - Adjunct Faculty,Unclassified,Part-time,,Practical Nursing,,2025-10-31
1185,https://psu.wd1.myworkdayjobs.com/PSU_Academic/job/Penn-State-University-Park/Associate-Dean-for-Undergraduate-Education---Tenured-Position_REQ_0000072936-1,Associate Dean for Undergraduate Education - Tenured Position,Non-academic,Full-time,College of Nursing resides primarily at the University Park Campus,,"November 21, 2025",2025-10-27
1185,https://psu.wd1.myworkdayjobs.com/PSU_Academic/job/Penn-State-University-Park/Postdoctoral-Scholar---Theoretical-High-Energy-Physics_REQ_0000072840-1,Postdoctoral Scholar - Theoretical High Energy Physics,Research_Fellow,Full-time,Institute for Gravitation and the Cosmos at Penn State,,"December 15, 2025",2025-10-22
1185,https://psu.wd1.myworkdayjobs.com/PSU_Academic/job/College-of-Medicine/Postdoctoral-Scholar---Neuroscience-and-Experimental-Therapeutics_REQ_0000072279-2,Postdoctoral Scholar - Neuroscience and Experimental Therapeutics,Research_Fellow,Full-time,,,,2025-10-20
1185,https://psu.wd1.myworkdayjobs.com/PSU_Academic/job/Penn-State-Harrisburg/Part-Time---Continuing-Education---Non-Credit-Instructor_REQ_0000072850-2,Part Time - Continuing Education - Non-Credit Instructor,Unclassified,Part-time,,Continuing Education; Non-Credit classes on a part-time,,2025-10-17
1185,https://psu.wd1.myworkdayjobs.com/PSU_Academic/job/Penn-State-University-Park/Open-Rank-Tenure-Track-Faculty-in-Industrial-Engineering_REQ_0000071761-1,Open Rank Tenure-Track Faculty in Industrial Engineering,Assistant_Professor; Associate_Professor; Full_Professor,Full-time,,Industrial Engineering; Operations Research; many areas including: additive manufacturing,,2025-10-14
1185,https://psu.wd1.myworkdayjobs.com/PSU_Academic/job/Penn-State-University-Park/Huck-Institutes---Postdoctoral-Scholar_REQ_0000072682-2,Huck Institutes - Postdoctoral Scholar,Research_Fellow,Full-time,,,,2025-10-14
1185,https://psu.wd1.myworkdayjobs.com/PSU_Academic/job/College-of-Medicine/Researcher_REQ_0000072414-3,Researcher,Research_Fellow,Full-time,College of Medicine,,,2025-10-14
1185,https://psu.wd1.myworkdayjobs.com/PSU_Academic/job/College-of-Medicine/Post-Doctoral-Scholar---Psychiatry_REQ_0000072117,Post-Doctoral Scholar - Psychiatry,Research_Fellow,Full-time,,,,2025-10-07
1185,https://psu.wd1.myworkdayjobs.com/PSU_Academic/job/College-of-Medicine/Post-Doctoral-Scholar---Heart-and-Vascular-Institute_REQ_0000072087-3,Post Doctoral Scholar - Heart and Vascular Institute,Research_Fellow,Full-time,"Department of Heart and Vascular Institute, in Hershey, PA is seeking a Postdoctoral Scholar",,,2025-10-07
1185,https://psu.wd1.myworkdayjobs.com/PSU_Academic/job/Penn-State-University-Park/Postdoctoral-Scholar---Chemistry_REQ_0000071280-2,Postdoctoral Scholar - Chemistry,Research_Fellow,Full-time,,,,2025-10-06
1185,https://psu.wd1.myworkdayjobs.com/PSU_Academic/job/Penn-State-University-Park/Part-Time---School-of-Hospitality-Management---Adjunct-Instructor_REQ_0000072463-2,Part-Time – School of Hospitality Management - Adjunct Instructor,Unclassified,Part-time,School of Hospitality Management,School of Hospitality Management; Hospitality Management courses,,2025-10-03
1185,https://psu.wd1.myworkdayjobs.com/PSU_Academic/job/Penn-State-Harrisburg/Part-Time---Criminal-Justice---Adjunct-Faculty_REQ_0000072365,Part Time - Criminal Justice - Adjunct Faculty,Unclassified,Part-time,,Criminal Justice,,2025-10-01
1185,https://psu.wd1.myworkdayjobs.com/PSU_Academic/job/Penn-State-University-Park/Part-Time-Teaching-Support-Specialist-Miller-ENTR-502_REQ_0000072074-1,Part-Time Teaching Support Specialist_Miller_ENTR 502,Non-academic,Part-time,,,,2025-09-30
1185,https://psu.wd1.myworkdayjobs.com/PSU_Academic/job/Penn-State-University-Park/Neurobiology-Tenure-Track-Faculty-Position_REQ_0000071671-1,Neurobiology Tenure Track Faculty Position,Assistant_Professor; Associate_Professor; Research_Fellow,Full-time,,Neurobiology Tenure Track; Evolutionary Genetics; Plant Biology,"November 1, 2025",2025-09-16
1185,https://psu.wd1.myworkdayjobs.com/PSU_Academic/job/Penn-State-University-Park/Postdoctoral-Scholar--Chemistry-Department-_REQ_0000070979-1,Postdoctoral Scholar (Chemistry Department),Research_Fellow,Full-time,,purifying recombinant proteins; insect cell expression system,,2025-09-16
1185,https://psu.wd1.myworkdayjobs.com/PSU_Academic/job/Penn-State-York/Part-Time---Human-Development-and-Family-Studies---Adjunct-Instructor_REQ_0000071770-1,Part Time - Human Development and Family Studies - Adjunct Instructor,Lecturer,Part-time,,Human Development and Family Studies,,2025-09-11
1185,https://psu.wd1.myworkdayjobs.com/PSU_Academic/job/Penn-State-University-Park/Avian-Medicine-and-Pathology-Residency--Post-Doctoral-Scholar-_REQ_0000070923-1,Avian Medicine and Pathology Residency (Post-Doctoral Scholar),Research_Fellow,Full-time,,,"December 12, 2025",2025-08-26
1185,https://psu.wd1.myworkdayjobs.com/PSU_Academic/job/Penn-State-University-Park/Postdoctoral-Research-Scholar--The-Cognition--Affect--and-Temperament-Lab--College-of-the-Liberal-Arts--Department-of-Psychology-2_REQ_0000070831-1,"Postdoctoral Research Scholar, The Cognition, Affect, and Temperament Lab, College of the Liberal Arts, Department of Psychology-2",Research_Fellow,Full-time,College of Medicine,Psychology-2,,2025-08-22
1185,https://psu.wd1.myworkdayjobs.com/PSU_Academic/job/Penn-State-University-Park/Adjunct-Instructor-Department-of-Educational-Psychology--Counseling--and-Special-Education_REQ_0000070559-3,"Adjunct Instructor Department of Educational Psychology, Counseling, and Special Education",Unclassified,Part-time,"Department of Educational Psychology, Counseling, and Special Education","Educational Psychology, Counseling, and Special Education; Rehabilitation Human Services",,2025-08-14
1185,https://psu.wd1.myworkdayjobs.com/PSU_Academic/job/College-of-Medicine/Postdoctoral-Scholar---Computational-Biology_REQ_0000069889-2,Postdoctoral Scholar - Computational-Biology,Research_Fellow,Full-time,,,,2025-08-08
1185,https://psu.wd1.myworkdayjobs.com/PSU_Academic/job/Penn-State-Abington/Part-Time---Business---Adjunct-Faculty_REQ_0000070288-1,Part Time - Business - Adjunct Faculty,Unclassified,Part-time,,Business; Division of Social Sciences,,2025-08-08
1185,https://psu.wd1.myworkdayjobs.com/PSU_Academic/job/Penn-State-Erie-The-Behrend-College/Postdoctoral-Scholar---Polymer-Engineering_REQ_0000069892,Postdoctoral Scholar - Polymer Engineering,Research_Fellow,Full-time,college of The Pennsylvania State University,polymer characterization; professional development resources of a,,2025-08-06
1185,https://psu.wd1.myworkdayjobs.com/PSU_Academic/job/Penn-State-University-Park/Part-Time-Adjunct-Instructor_REQ_0000069988-1,Part-Time Adjunct Instructor,Unclassified,Part-time,,,,2025-08-04
1185,https://psu.wd1.myworkdayjobs.com/PSU_Academic/job/Penn-State-University-Park/Postdoctoral-Scholar---Chemistry-Department--Showalter-Lab-_REQ_0000069861-1,Postdoctoral Scholar - Chemistry Department (Showalter Lab),Research_Fellow,Full-time,,nuclear magnetic resonance spectroscopy applied; biological chemistry,,2025-07-29
1185,https://psu.wd1.myworkdayjobs.com/PSU_Academic/job/Penn-State-University-Park/Adjunct-Research-Professor_REQ_0000069746-1,Adjunct Research Professor,Full_Professor,Part-time,,,,2025-07-23
1185,https://psu.wd1.myworkdayjobs.com/PSU_Academic/job/Penn-State-Wilkes-Barre/Part-Time-Faculty_REQ_0000069762-1,Part-Time Faculty,Unclassified,Part-time,,,,2025-07-22
1185,https://psu.wd1.myworkdayjobs.com/PSU_Academic/job/Penn-State-Brandywine/Part-Time---Art---Adjunct-Instructor_REQ_0000069407-3,Part Time - Art - Adjunct Instructor,Unclassified,Part-time,,Art,,2025-07-15
1185,https://psu.wd1.myworkdayjobs.com/PSU_Academic/job/Penn-State-Scranton/Part-Time-Lecturer---Non-Credit-Programs_REQ_0000069440-2,Part Time Lecturer - Non-Credit Programs,Lecturer,Part-time,,,,2025-07-12
1185,https://psu.wd1.myworkdayjobs.com/PSU_Academic/job/Penn-State-Schuylkill/Adjunct-Instructor---English_REQ_0000069363-1,Adjunct Instructor - English,Unclassified,Part-time,,English,,2025-07-10
1185,https://psu.wd1.myworkdayjobs.com/PSU_Academic/job/Penn-State-University-Park/Part-Time---Intensive-English-Communication-Program---Adjunct-Faculty_REQ_0000069194,Part Time - Intensive English Communication Program - Adjunct Faculty,Lecturer,Part-time,,Intensive English Communication Program; four levels of,,2025-07-03
1185,https://psu.wd1.myworkdayjobs.com/PSU_Academic/job/College-of-Medicine/Adjunct-Instructor_REQ_0000069049-2,Adjunct Instructor,Unclassified,Part-time,"College of Medicine is located in Hershey, PA, near the state capital of Harrisburg",research computing; data management,,2025-07-02
1185,https://psu.wd1.myworkdayjobs.com/PSU_Academic/job/Penn-State-Mont-Alto/Lecturer-or-Assistant-Teaching-Professor-in-Nursing_REQ_0000065706-1,Lecturer or Assistant Teaching Professor in Nursing,Full_Professor; Lecturer,Full-time,College of Nursing,Nursing; Professor,,2025-07-01
1185,https://psu.wd1.myworkdayjobs.com/PSU_Academic/job/Penn-State-University-Park/Non-Destructive-Inspection-Engineer-Material-Scientist--Faculty-_REQ_0000068959-2,Non-Destructive Inspection Engineer/Material Scientist (Faculty),Assistant_Professor; Associate_Professor; Full_Professor,Full-time,,,,2025-06-26
1185,https://psu.wd1.myworkdayjobs.com/PSU_Academic/job/Penn-State-University-Park/Assistant-Research-Professor_REQ_0000068828-1,Assistant Research Professor,Full_Professor,Full-time,,EEG research; publishing neuroscience data,,2025-06-26
1185,https://psu.wd1.myworkdayjobs.com/PSU_Academic/job/Penn-State-University-Park/Part-Time---Psychology---Adjunct-Lecturer_REQ_0000068830-2,Part Time - Psychology - Adjunct Lecturer,Lecturer,Part-time,,Psychology; industrial-organizational,,2025-06-24
1185,https://psu.wd1.myworkdayjobs.com/PSU_Academic/job/Penn-State-University-Park/Teaching-Professor-in-Biochemistry-and-Molecular-Biology_REQ_0000068452-1,Teaching Professor in Biochemistry and Molecular Biology,Full_Professor,Full-time,,Biochemistry and Molecular Biology; Professor appointment,,2025-06-23
1185,https://psu.wd1.myworkdayjobs.com/PSU_Academic/job/Penn-State-Beaver/Part-Time-Healthcare-Instructor---Continuing-Education_REQ_0000068621-2,Part-Time Healthcare Instructor - Continuing Education,Unclassified,Part-time,,Healthcare,,2025-06-23
1185,https://psu.wd1.myworkdayjobs.com/PSU_Academic/job/Penn-State-University-Park/Postdoctoral-Scholar-Electrical-Engineering_REQ_0000068533-1,Postdoctoral Scholar-Electrical Engineering,Research_Fellow,Full-time,Department of Electrical Engineering is looking for a Postdoctoral Scholar to join Dr,,,2025-06-16
1185,https://psu.wd1.myworkdayjobs.com/PSU_Academic/job/Penn-State-University-Park/Adjunct-Lecturer--Part-Time_REQ_0000068638-1,"Adjunct Lecturer, Part-Time",Lecturer,Part-time,,,,2025-06-13
1185,https://psu.wd1.myworkdayjobs.com/PSU_Academic/job/Penn-State-University-Park/Deputy-Division-Head---Applied-Sustainment-Technology-Division--Faculty-_REQ_0000068511-1,Deputy Division Head - Applied Sustainment Technology Division (Faculty),Assistant_Professor; Associate_Professor; Full_Professor,Full-time,,Applied Sustainment Technologies Lead a; scientists,,2025-06-12
1185,https://psu.wd1.myworkdayjobs.com/PSU_Academic/job/Penn-State-Erie-The-Behrend-College/Adjunct-Faculty---Black-School-of-Business_REQ_0000068564-2,Adjunct Faculty - Black School of Business,Unclassified,Part-time,School of Business,Black School of Business,,2025-06-11
1185,https://psu.wd1.myworkdayjobs.com/PSU_Academic/job/Penn-State-Shenango/Part-Time-Adjunct-Instructors_REQ_0000063530-1,Part-Time/Adjunct Instructors,Unclassified,Part-time,,,,2025-06-10
1185,https://psu.wd1.myworkdayjobs.com/PSU_Academic/job/Penn-State-Erie-The-Behrend-College/Part-Time-School-of-Humanities-and-Social-Science-Faculty_REQ_0000067829-1,Part-Time School of Humanities and Social Science Faculty,Unclassified,Part-time,School of Humanities and Social Science Faculty,Humanities and Social Science Faculty,,2025-05-29
1185,https://psu.wd1.myworkdayjobs.com/PSU_Academic/job/Penn-State-Erie-The-Behrend-College/Part-Time-School-of-Science-Faculty-Positions_REQ_0000067725-1,Part-Time School of Science Faculty Positions,Unclassified,Part-time,School of Science Faculty Positions,Science Faculty Positions,,2025-05-20
1185,https://psu.wd1.myworkdayjobs.com/PSU_Academic/job/Penn-State-University-Park/Part-Time---Earth-and-Mineral-Sciences---Adjunct-Instructor_REQ_0000067620-1,Part Time - Earth and Mineral Sciences - Adjunct Instructor,Unclassified,Part-time,,Earth and Mineral Sciences,,2025-05-15
1185,https://psu.wd1.myworkdayjobs.com/PSU_Academic/job/Penn-State-Harrisburg/Part-Time---Korean-Language---Adjunct-Lecturer_REQ_0000066142-1,Part Time - Korean Language - Adjunct Lecturer,Lecturer,Part-time,,Korean Language; Korean,,2025-04-22
1185,https://psu.wd1.myworkdayjobs.com/PSU_Academic/job/Penn-State-University-Park/Part-time-Instructor--CI-385-395601-DC-Social-Justice-in-Education_REQ_0000066172-2,Part-time Instructor- CI 385-395.601 DC Social Justice in Education,Unclassified,Part-time,,Education,,2025-04-18
1185,https://psu.wd1.myworkdayjobs.com/PSU_Academic/job/Penn-State-University-Park/Part-Time-Teaching-Opportunities-in-Nutritional-Sciences_REQ_0000065420-1,Part-Time Teaching Opportunities in Nutritional Sciences,Unclassified,Part-time,,Nutritional Sciences,,2025-03-24
1185,https://psu.wd1.myworkdayjobs.com/PSU_Academic/job/Penn-State-University-Park/Postdoctoral-Scholar---Biochemistry-and-Molecular-Biology_REQ_0000065496-1,Postdoctoral Scholar - Biochemistry and Molecular Biology,Research_Fellow,Full-time,,,,2025-03-21
1185,https://psu.wd1.myworkdayjobs.com/PSU_Academic/job/Penn-State-University-Park/Postdoctoral-Scholar---Center-for-Healthy-Aging_REQ_0000052408,Postdoctoral Scholar - Center for Healthy Aging,Research_Fellow,Full-time,Center for Healthy Aging,,,2025-03-18
1185,https://psu.wd1.myworkdayjobs.com/PSU_Academic/job/Penn-State-York/Part-Time---IST-Cybersecurity---Adjunct-Lecturer_REQ_0000062999-3,Part Time - IST/Cybersecurity - Adjunct Lecturer,Lecturer,Part-time,,IST/Cybersecurity; cybersecurity,,2025-03-07
1185,https://psu.wd1.myworkdayjobs.com/PSU_Academic/job/Penn-State-University-Park/Postdoctoral-Scholar---Department-of-Chemistry_REQ_0000056762-1,Postdoctoral Scholar - Department of Chemistry,Research_Fellow,Full-time,Department of Chemistry,single-molecule biophysics of the nucleosome; eukaryotic transcription biochemistry,,2025-03-05
1185,https://psu.wd1.myworkdayjobs.com/PSU_Academic/job/Penn-State-University-Park/Part-time-Adjunct-Instructor--Organization-Development-and-Change_REQ_0000064746-3,"Part-time Adjunct Instructor, Organization Development and Change",Unclassified,Part-time,,online Master of Professional Studies,,2025-02-20
1185,https://psu.wd1.myworkdayjobs.com/PSU_Academic/job/Penn-State-Lehigh-Valley/Adjunct-Lecturer-in-Business_REQ_0000064600-1,Adjunct Lecturer in Business,Lecturer,Part-time,,Business,,2025-02-14
1185,https://psu.wd1.myworkdayjobs.com/PSU_Academic/job/Penn-State-University-Park/Part-Time-Adjunct-Lecturer-in-Graphic-Design_REQ_0000064582-1,Part-Time Adjunct Lecturer in Graphic Design,Lecturer,Part-time,,Graphic Design,,2025-02-14
1185,https://psu.wd1.myworkdayjobs.com/PSU_Academic/job/Penn-State-University-Park/Part-Time-Adjunct-Lecturer-in-Architecture_REQ_0000064549-2,Part-Time Adjunct Lecturer in Architecture,Lecturer,Part-time,,Architecture,,2025-02-12
1185,https://psu.wd1.myworkdayjobs.com/PSU_Academic/job/Penn-State-University-Park/Teaching-Faculty---Department-of-Statistics_REQ_0000064455-1,Teaching Faculty - Department of Statistics,Lecturer,Full-time,Department of Statistics,Department of Statistics; Teaching Professor depending on candidates,,2025-02-12
1185,https://psu.wd1.myworkdayjobs.com/PSU_Academic/job/Penn-State-University-Park/Assistant-or-Associate-Professor-of-Multifunctional-Landscapes_REQ_0000062848-1,Assistant or Associate Professor of Multifunctional Landscapes,Assistant_Professor; Associate_Professor,Full-time,,Multifunctional Landscapes; particular interest include managing forested; landscape-scale research,,2025-02-06
1185,https://psu.wd1.myworkdayjobs.com/PSU_Academic/job/Penn-State-University-Park/Postdoctoral-Scholar---Theoretical-Particle-and-Astroparticle-Physics_REQ_0000061806-1,Postdoctoral Scholar - Theoretical Particle and Astroparticle Physics,Research_Fellow,Full-time,,,,2025-01-24
1185,https://psu.wd1.myworkdayjobs.com/PSU_Academic/job/Penn-State-University-Park/Assistant-Associate-Professor-of-Public-Health-Entomology_REQ_0000063563,Assistant/Associate Professor of Public Health Entomology,Assistant_Professor; Associate_Professor,Full-time,,Public Health Entomology; arthropods of human; animal health,"April 10, 2025",2025-01-17
1185,https://psu.wd1.myworkdayjobs.com/PSU_Academic/job/College-of-Medicine/Associate-Professor---Public-Health-Sciences_REQ_0000061433-2,Associate Professor (Open Rank) - Public Health Sciences,Associate_Professor,Full-time,"College of Medicine is located in Hershey, PA, near the state capital of Harrisburg",Public Health Sciences; coordinating centers; research computing,,2024-12-12
1185,https://psu.wd1.myworkdayjobs.com/PSU_Academic/job/Penn-State-University-Park/Postdoctoral-Scholar---Electrical-Engineering-Wooram-Lee-Group_REQ_0000062625-1,Postdoctoral Scholar - Electrical Engineering Wooram Lee Group,Research_Fellow,Full-time,,,,2024-12-03
1185,https://psu.wd1.myworkdayjobs.com/PSU_Academic/job/Penn-State-University-Park/Postdoctoral-Scholar---Electrical-Engineering-Werner-Group_REQ_0000062626-1,Postdoctoral Scholar - Electrical Engineering Werner Group,Research_Fellow,Full-time,,,,2024-12-03
1185,https://psu.wd1.myworkdayjobs.com/PSU_Academic/job/Penn-State-University-Park/Postdoctoral-Scholar-Electrical-Engineering_REQ_0000062613-2,Postdoctoral Scholar-Electrical Engineering,Research_Fellow,Full-time,Department of Electrical Engineering at Penn State is seeking a Postdoctoral Scholar,,,2024-12-03
1185,https://psu.wd1.myworkdayjobs.com/PSU_Academic/job/Penn-State-University-Park/Department-of-Physics---Postdoctoral-Scholar---LIGO_REQ_0000062439-1,Department of Physics - Postdoctoral Scholar - LIGO,Research_Fellow,Full-time,Department of Physics,Physics,,2024-12-02
1185,https://psu.wd1.myworkdayjobs.com/PSU_Academic/job/Penn-State-University-Park/Postdoctoral-Scholar-Researcher-Position-in-Evolutionary-Ecology-of-Plant-Pollinator-Interactions_REQ_0000062478-1,Postdoctoral Scholar Researcher Position in Evolutionary Ecology of Plant-Pollinator Interactions,Research_Fellow,Full-time,,Evolutionary Ecology of Plant-Pollinator Interactions,,2024-12-02
1185,https://psu.wd1.myworkdayjobs.com/PSU_Academic/job/Penn-State-York/Adjunct-Lecturer-in-Information-Technology_REQ_0000055574-1,Part Time - Information Technology - Adjunct Lecturer,Lecturer,Part-time,,Information Technology; Cybersecurity,,2024-11-11
1185,https://psu.wd1.myworkdayjobs.com/PSU_Academic/job/Penn-State-Mont-Alto/Part-Time---Forestry---Adjunct-Lecturer_REQ_0000061824-2,Part Time - Forestry - Adjunct Lecturer,Lecturer,Part-time,,Forestry,,2024-10-31
1185,https://psu.wd1.myworkdayjobs.com/PSU_Academic/job/College-of-Medicine/Professor---Public-Health-Sciences_REQ_0000061451-2,Professor - Public Health Sciences,Full_Professor,Full-time,"College of Medicine is located in Hershey, PA, near the state capital of Harrisburg",Public Health Sciences; research computing; data management,,2024-10-29
1185,https://psu.wd1.myworkdayjobs.com/PSU_Academic/job/Penn-State-University-Park/Postdoctoral-Research-Scholar--Zhou-Lab_REQ_0000061023-1,Postdoctoral Research Scholar--Zhou Lab,Research_Fellow,Full-time,,Biodevices; Biomaterials,,2024-10-09
1185,https://psu.wd1.myworkdayjobs.com/PSU_Academic/job/Penn-State-Harrisburg/Part-Time---Teacher-Education---Student-Teacher-Supervisor_REQ_0000061062-3,Part Time - Teacher Education - Student Teacher Supervisor,Unclassified,Part-time,,Teacher Education; Supervisors of elementary,,2024-10-02
1185,https://psu.wd1.myworkdayjobs.com/PSU_Academic/job/Penn-State-University-Park/Postdoctoral_REQ_0000058449-1,Postdoctoral,Research_Fellow,Full-time,Department of Biochemistry and Molecular Biology at Penn State,,,2024-09-05
1185,https://psu.wd1.myworkdayjobs.com/PSU_Academic/job/Penn-State-Hazleton/Part-Time-Continuing-Education-Instructor_REQ_0000059011-1,Part Time Continuing Education Instructor,Unclassified,Part-time,,Continuing Education,,2024-08-16
1185,https://psu.wd1.myworkdayjobs.com/PSU_Academic/job/Penn-State-University-Park/Postdoctoral-Scholar--Amphibian-Diseases-and-Microbial-Ecology_REQ_0000057682-2,Postdoctoral Scholar- Amphibian Diseases and Microbial Ecology,Research_Fellow,Full-time,,Bletz Lab lies; microbial ecology,,2024-07-15
1185,https://psu.wd1.myworkdayjobs.com/PSU_Academic/job/Penn-State-University-Park/Postdoctoral-Scholar--Experimental-Condensed-Matter-Physics-_REQ_0000050105,Postdoctoral Scholar (Experimental Condensed Matter Physics),Research_Fellow,Full-time,,Prof,,2024-07-10
1185,https://psu.wd1.myworkdayjobs.com/PSU_Academic/job/College-of-Medicine/Researcher---Pediatrics_REQ_0000057171-1,Researcher - Pediatrics,Unclassified,Full-time,"College of Medicine, Department of Pediatrics, in Hershey, PA, is seeking a Researcher",RNA-biology; therapeutic targeting,,2024-06-24
1185,https://psu.wd1.myworkdayjobs.com/PSU_Academic/job/Penn-State-University-Park/Postdoctoral-Scholar-in-Mechanical-Engineering_REQ_0000055576-1,Postdoctoral Scholar in Radiation Effects on Electronics,Research_Fellow,Full-time,,Radiation Effects on Electronics,,2024-06-21
1185,https://psu.wd1.myworkdayjobs.com/PSU_Academic/job/College-of-Medicine/Associate-Full-Professor---Heart-and-Vascular-Institute_REQ_0000057215-1,Associate/Full Professor - Heart and Vascular Institute,Associate_Professor; Full_Professor,Full-time,,cardiovascular research,,2024-06-17
1185,https://psu.wd1.myworkdayjobs.com/PSU_Academic/job/Penn-State-University-Park/Postdoctoral-Scholar---Exploring-Quantum-Phenomena_REQ_0000056784-1,Postdoctoral Scholar - Experimental Condensed Matter Physics,Research_Fellow,Full-time,,,,2024-06-06
1185,https://psu.wd1.myworkdayjobs.com/PSU_Academic/job/Penn-State-University-Park/Part-Time---Accounting---Adjunct-Instructor_REQ_0000056250-1,Part Time - Accounting - Adjunct Instructor,Unclassified,Part-time,,Accounting; online Masters of Taxation,,2024-05-20
1185,https://psu.wd1.myworkdayjobs.com/PSU_Academic/job/Penn-State-York/Adjunct-Lecturer-in-Psychology_REQ_0000056126-1,Adjunct Lecturer in Psychology,Lecturer,Part-time,,Psychology,,2024-05-17
1185,https://psu.wd1.myworkdayjobs.com/PSU_Academic/job/Penn-State-Mont-Alto/Part-Time---Mathematics---Adjunct-Instructor_REQ_0000056417-1,Part Time - Mathematics - Adjunct Instructor,Unclassified,Part-time,,Mathematics,,2024-05-16
1185,https://psu.wd1.myworkdayjobs.com/PSU_Academic/job/Penn-State-University-Park/Postdoctoral-Scholar_REQ_0000051878,Postdoctoral Scholar,Research_Fellow,Full-time,,,,2024-04-29
1185,https://psu.wd1.myworkdayjobs.com/PSU_Academic/job/Penn-State-University-Park/Postdoctoral-Scholar---Northeast-Center-of-Excellence-for-Pavement-Technology_REQ_0000054902-2,Postdoctoral Scholar - Northeast Center of Excellence for Pavement Technology,Research_Fellow,Full-time,Center of Excellence for Pavement Technology,concrete pavements,,2024-04-16
1185,https://psu.wd1.myworkdayjobs.com/PSU_Academic/job/Penn-State-Harrisburg/Part-Time---Biology---Adjunct-Instructor_REQ_0000054919-1,Part Time - Biology - Adjunct Instructor,Unclassified,Part-time,Department of Biological Sciences,Microbiology,,2024-04-09
1185,https://psu.wd1.myworkdayjobs.com/PSU_Academic/job/Penn-State-Scranton/Arts-and-Humanities---Part-Time-Faculty-Positions_REQ_0000054144-1,Arts and Humanities - Part-Time Faculty Positions,Unclassified,Part-time,,,,2024-04-01
1185,https://psu.wd1.myworkdayjobs.com/PSU_Academic/job/Penn-State-Scranton/Biology--Nursing-and-Science---Part-Time-Faculty-Positions_REQ_0000054147-1,"Biology, Nursing and Science - Part-Time Faculty Positions",Unclassified,Part-time,,Nursing,,2024-04-01
1185,https://psu.wd1.myworkdayjobs.com/PSU_Academic/job/Penn-State-Scranton/Business-and-PSCM---Part-Time-Faculty-Positions_REQ_0000054145-1,Business and PSCM - Part-Time Faculty Positions,Unclassified,Part-time,,Supply Chain Management,,2024-04-01
1185,https://psu.wd1.myworkdayjobs.com/PSU_Academic/job/Penn-State-Scranton/Corporate-Communication-and-English-Part-Time-Faculty-Positions_REQ_0000054148-1,Corporate Communication and English-Part-Time Faculty Positions,Unclassified,Part-time,,Corporate Communication,,2024-04-01
1185,https://psu.wd1.myworkdayjobs.com/PSU_Academic/job/Penn-State-Scranton/Engineering--IST-and-Mathematics---Part-Time-Faculty-Positions_REQ_0000054141,"Engineering, IST and Mathematics - Part-Time Faculty Positions",Unclassified,Part-time,,Information Sciences,,2024-04-01
1185,https://psu.wd1.myworkdayjobs.com/PSU_Academic/job/Penn-State-Scranton/HDFS-and-Social-Sciences---Part-Time-Faculty-Positions_REQ_0000054143-2,HDFS and Social Sciences - Part-Time Faculty Positions,Unclassified,Part-time,,Human Development,,2024-04-01
1185,https://psu.wd1.myworkdayjobs.com/PSU_Academic/job/Penn-State-Harrisburg/Part-Time---Teacher-Education---Adjunct-Lecturer_REQ_0000054494-1,Part Time - Teacher Education - Adjunct Lecturer,Lecturer,Part-time,Department of Education,Teacher Education,,2024-03-26
1185,https://psu.wd1.myworkdayjobs.com/PSU_Academic/job/Penn-State-York/Adjunct-Lecturer-in-Physics_REQ_0000054383-2,Adjunct Lecturer in Physics,Lecturer,Part-time,,Physics,,2024-03-25
1185,https://psu.wd1.myworkdayjobs.com/PSU_Academic/job/Penn-State-University-Park/Postdoctoral-Scholar_REQ_0000053661,Postdoctoral Scholar,Research_Fellow,Full-time,,,,2024-03-18
1185,https://psu.wd1.myworkdayjobs.com/PSU_Academic/job/Penn-State-University-Park/Postdoctoral-Scholar_REQ_0000053155-1,Postdoctoral Scholar,Research_Fellow,Full-time,"Department of Statistics per year, but teaching is not expected",Department of Statistics,,2024-03-01
1185,https://psu.wd1.myworkdayjobs.com/PSU_Academic/job/Penn-State-Erie-The-Behrend-College/Adjunct-Instructor---School-of-Humanities-and-Social-Sciences---Penn-State-Behrend_REQ_0000035305,"Adjunct Instructor - School of Humanities and Social Sciences , Penn State Behrend",Unclassified,Part-time,"School of Humanities and Social Sciences , Penn State Behrend",,,2024-03-01
1185,https://psu.wd1.myworkdayjobs.com/PSU_Academic/job/Penn-State-University-Park/Postdoctoral-Scholar---Biomedical-Engineering_REQ_0000051842-1,Postdoctoral Scholar - Biomedical Engineering,Research_Fellow,Full-time,,,,2024-01-11
1185,https://psu.wd1.myworkdayjobs.com/PSU_Academic/job/Penn-State-University-Park/Part-Time-Academic-Instructor_REQ_0000046834-3,Part-Time Academic Instructor,Unclassified,Part-time,,Academic; Rehabilitation Human Services,,2023-09-25
1185,https://psu.wd1.myworkdayjobs.com/PSU_Academic/job/College-of-Medicine/Postdoctoral-Scholar-in-Clinical-Informatics--Public-Health-Sciences-_REQ_0000047876-1,Postdoctoral Scholar in Clinical Informatics (Public Health Sciences),Research_Fellow,Full-time,,Clinical Informatics,,2023-09-06
1185,https://psu.wd1.myworkdayjobs.com/PSU_Academic/job/Penn-State-University-Park/Postdoctoral-Scholar---Experimental-Ultrahigh-Energy-Neutrino---PUEO-Experiment_REQ_0000043392-2,Postdoctoral Scholar - Experimental Ultrahigh Energy Neutrino - PUEO Experiment,Research_Fellow,Full-time,,PUEO; Antarctica,,2023-08-31
1185,https://psu.wd1.myworkdayjobs.com/PSU_Academic/job/Penn-State-University-Park/Postdoctoral-Scholar---Department-of-Physics---Wissel-Research-Group_REQ_0000045022-1,Postdoctoral Scholar - Department of Physics - Wissel Research Group,Research_Fellow,Full-time,Department of Physics,RNO-G; Antarctica,,2023-08-25
1185,https://psu.wd1.myworkdayjobs.com/PSU_Academic/job/Penn-State-Erie-The-Behrend-College/Engineering-Part-time-Instructors_REQ_0000045600-2,Engineering Part-time Instructors,Unclassified,Part-time,School of Engineering to teach courses offered in our baccalaureate programs,,,2023-08-08
1185,https://psu.wd1.myworkdayjobs.com/PSU_Academic/job/Penn-State-University-Park/Postdoctoral-Scholar_REQ_0000041070-1,Postdoctoral Scholar,Research_Fellow,Full-time,,,,2023-08-08
1185,https://psu.wd1.myworkdayjobs.com/PSU_Academic/job/Penn-State-University-Park/Part-Time-Teaching-Positions--SEDTAPP-_REQ_0000015731-3,Part-Time Teaching Positions (SEDTAPP),Unclassified,Part-time,,,,2023-08-08
