school_id,posting_url,job_title_in_post,position_type,job_term,department_or_school,area_key_words,deadline_of_application,position_start_date
1043,https://osu.wd1.myworkdayjobs.com/OSUCareers/job/College-of-MedicineOffice-of-Health-Sciences/Psychologist---Department-of-Psychiatry---Behavioral-Health--Adult-Clinical-Psychologist--Open-Rank-Track-Faculty-_R116068-1,"Psychologist - Department of Psychiatry & Behavioral Health, Adult Clinical Psychologist (Open Rank/Track Faculty)",Assistant_Professor; Associate_Professor; Full_Professor; Research_Fellow,Full-time,"Department of Psychiatry & Behavioral Health, Adult Clinical Psychologist",ADHD assessment; Anxiety,,2026-09-04
1043,https://osu.wd1.myworkdayjobs.com/OSUCareers/job/Columbus-Campus/Research-Senior-Technician_R158659-2,Research Senior Technician R158659 2,Non-academic,Full-time,,,,
1043,https://osu.wd1.myworkdayjobs.com/OSUCareers/job/Health-System-Shared-Services/Sr-IT-Training---Opt-Analyst_R157873-1,Senior IT Training & Optimization Analyst,Non-academic,Full-time,,,,2026-09-04
1043,https://osu.wd1.myworkdayjobs.com/OSUCareers/job/University-Hospital/Patient-Care-Associate---General-Neuro-PCU--Nightshift-_R155256,Patient Care Associate General Neuro PCU Nightshift,Unclassified,Full-time,,,,
1043,https://osu.wd1.myworkdayjobs.com/OSUCareers/job/University-Hospital/Pharmacy-Technician-Apprentice---Inpatient_R158425-1,Pharmacy Technician Apprentice Inpatient R158425 1,Non-academic,Full-time,,,,
1043,https://osu.wd1.myworkdayjobs.com/OSUCareers/job/Columbus-Campus/Event-Services-Associate-1_R158202-1,Event Services Associate 1,Unclassified,Part-time,,,,2026-09-04
1043,https://osu.wd1.myworkdayjobs.com/OSUCareers/job/Columbus-Campus/Nike-Partnership-Coordinator_R158579-1,Nike Partnership Coordinator,Non-academic,Full-time,Center for Tomorrow,,,2026-09-13
1043,https://osu.wd1.myworkdayjobs.com/OSUCareers/job/Columbus-Campus/Rohr-Caf-Manager_R158555-1,Rohr Café Manager,Non-academic,Full-time,,,,2026-09-04
1043,https://osu.wd1.myworkdayjobs.com/OSUCareers/job/Columbus-Campus/Golf-Course-Superintendent_R158243-1,Golf Course Superintendent,Unclassified,Full-time,,,,2026-09-04
1043,https://osu.wd1.myworkdayjobs.com/OSUCareers/job/Outpatient-CareAmbulatory/Surgical-Skills-Lab-Technician---Sports-Medicine_R157957-1,Surgical Skills Lab Technician - Sports Medicine,Non-academic,Full-time,,,,2026-09-04
1043,https://osu.wd1.myworkdayjobs.com/OSUCareers/job/Columbus-Campus/Academic-Program-Services-Specialist-2_R158720-1,Academic Program Services Specialist 2,Non-academic,Full-time,"Department of Agricultural Communication, Education, and Leadership",,,2026-09-15
1043,https://osu.wd1.myworkdayjobs.com/OSUCareers/job/University-Hospital/Care-Manager-RN---Inpatient_R153695-1,Care Manager RN - Inpatient,Non-academic,Full-time,,,,2026-09-04
1043,https://osu.wd1.myworkdayjobs.com/OSUCareers/job/James-Cancer-Hospital-and-Solove-Research-Institute/Clinical-Research-Coordinator---Oncology_R153538-2,Clinical Research Coordinator - Oncology,Non-academic,Full-time,College of Nursing,accordance,,2026-09-04
1043,https://osu.wd1.myworkdayjobs.com/OSUCareers/job/Columbus-Campus/Clinic-Nurse--RN----GU-and-Urology_R155671-1,Clinic Nurse (RN) - GU and Urology,Unclassified,Full-time,,,,2026-09-04
1043,https://osu.wd1.myworkdayjobs.com/OSUCareers/job/University-Hospital/Staff-Nurse--RN--Emergency-Department--Observation-Unit--University-Hospital_R157281-1,"Staff Nurse (RN) Observation Unit, University Hospital",Unclassified,Full-time,,,,2026-09-04
1043,https://osu.wd1.myworkdayjobs.com/OSUCareers/job/University-Hospital/Nurse-Educator--NPDP----Acute-Care-Progressive-Care-Specialty_R158463-1,Nurse Educator (NPDP) - Acute Care/Progressive Care Specialty,Unclassified,Full-time,,,,2026-09-09
1043,https://osu.wd1.myworkdayjobs.com/OSUCareers/job/Health-System-Shared-Services/Population-Health-Nurse-Navigator_R158302-1,Population Health Nurse Navigator,Unclassified,Full-time,,,,2026-09-04
1043,https://osu.wd1.myworkdayjobs.com/OSUCareers/job/Columbus-Campus/Undergrad-Engagement-Librarian_R158620-1,Undergraduate Engagement Librarian,Assistant_Professor; Associate_Professor,Full-time,faculty of the highest caliber is a core component of this commitment,Libraries’ teaching; Second-Year Transformational Experience Program,"October 4, 2026",2026-09-04
1043,https://osu.wd1.myworkdayjobs.com/OSUCareers/job/Columbus-Campus/Facilities-Building-Sys-Techn--Dining-_R142216-1,Facilities Building Sys Techn Dining R142216 1,Unclassified,Full-time,,,,
1043,https://osu.wd1.myworkdayjobs.com/OSUCareers/job/Columbus-Campus/Facilities-Building-Systems-Technician_R153617-1,Facilities Building Systems Technician R153617 1,Non-academic,Full-time,,,,
1043,https://osu.wd1.myworkdayjobs.com/OSUCareers/job/James-Cancer-Hospital-and-Solove-Research-Institute/Staff-Nurse--RN--Hematology_R158114-1,Staff Nurse (RN) Hematology,Unclassified,Part-time,,,,2026-09-04
1043,https://osu.wd1.myworkdayjobs.com/OSUCareers/job/Outpatient-CareAmbulatory/Phlebotomist---Outpatient_R157261-1,Phlebotomist - Outpatient,Unclassified,Full-time,,,,2026-09-04
1043,https://osu.wd1.myworkdayjobs.com/OSUCareers/job/Outpatient-CareAmbulatory/Phlebotomist---Outpatient_R158293-1,Phlebotomist - Outpatient,Unclassified,Full-time,,,,2026-09-04
1043,https://osu.wd1.myworkdayjobs.com/OSUCareers/job/University-Hospital/Student-Medical-Technician---Special-Functions_R158441-1,Student Medical Technician - Special Functions,Non-academic,Part-time,,,,2026-09-04
1043,https://osu.wd1.myworkdayjobs.com/OSUCareers/job/Medical-Center-Campus/Physician---Endocrinology--General-Endocrinology--Open-Rank--Track-Faculty-_R101993-1,"Physician - Endocrinology, General Endocrinology (Open Rank/ Track Faculty)",Assistant_Professor; Associate_Professor; Full_Professor; Research_Fellow,Full-time,"Division of Endocrinology, Diabetes, and Metabolism",,,2026-09-04
1043,https://osu.wd1.myworkdayjobs.com/OSUCareers/job/University-Hospital/STAT-RN--Staff-Nurse--Float_R135302-1,STAT RN- Staff Nurse- Float Pool,Unclassified,Full-time,,,,2026-09-08
1043,https://osu.wd1.myworkdayjobs.com/OSUCareers/job/Health-System-Shared-Services/Capital-Planning-Analyst_R157699-1,Capital Planning Analyst R157699 1,Non-academic,Full-time,,,,
1043,https://osu.wd1.myworkdayjobs.com/OSUCareers/job/Outpatient-CareAmbulatory/Surgical-Tech---Outpatient_R157953-1,Jameson Crane Surgical Tech - Outpatient,Non-academic,Part-time,,,,2026-09-03
1043,https://osu.wd1.myworkdayjobs.com/OSUCareers/job/University-Hospital/Surgical-Technologist--Same-Day-OR-IP_R125840-1,Surgical Technologist- Same Day Surgery,Non-academic,Full-time,,,,2026-09-03
1043,https://osu.wd1.myworkdayjobs.com/OSUCareers/job/University-Hospital/Medical-Laboratory-Scientist---Special-Functions_R153660-1,Medical Laboratory Scientist - Special Functions,Unclassified,Full-time,,,,2026-09-03
1043,https://osu.wd1.myworkdayjobs.com/OSUCareers/job/Columbus-Campus/Instrumentation-Coordinator---IRP-2_R154401-2,Instrumentation Coordinator IRP 2 R154401 2,Non-academic,Full-time,,,,
1043,https://osu.wd1.myworkdayjobs.com/OSUCareers/job/Remote-Location/Pre-Certification-Coordinator-2_R157829-1,Pre Certification Coordinator 2 R157829 1,Non-academic,Full-time,,,,
1043,https://osu.wd1.myworkdayjobs.com/OSUCareers/job/University-Hospital/Medical-Laboratory-Scientist---Critical-Care_R154032-1,Medical Laboratory Scientist - Critical Care,Non-academic,Full-time,,,,2026-09-03
1043,https://osu.wd1.myworkdayjobs.com/OSUCareers/job/College-of-MedicineOffice-of-Health-Sciences/Clinical-Research-Assistant---Comprehensive-Cancer-Center_R158525-1,Clinical Research Assistant - Comprehensive Cancer Center,Non-academic,Full-time,Center for Research Excellence in Supportive Care,,,2026-09-03
1043,https://osu.wd1.myworkdayjobs.com/OSUCareers/job/University-Hospital/Medical-Technologist-Critical-Care-Laboratory_R151141-1,Medical Technologist-Critical Care Laboratory,Non-academic,Full-time,,,,2026-09-03
1043,https://osu.wd1.myworkdayjobs.com/OSUCareers/job/University-Hospital/Clinical-Lab-Svcs-Lead-Critical-Care-Lab_R147021-1,Clinical Lab Svcs-Lead-Critical Care Lab,Non-academic,Full-time,,,,2026-09-03
1043,https://osu.wd1.myworkdayjobs.com/OSUCareers/job/University-Hospital/Medical-Laboratory-Scientist---Critical-Care_R154974,Medical Laboratory Scientist Critical Care,Unclassified,Full-time,,,,
1043,https://osu.wd1.myworkdayjobs.com/OSUCareers/job/Columbus-Campus/Clinical-Research-Assistant-II-Psychiatry_R155361-1,Clinical Research Assistant II Psychiatry R155361 1,Non-academic,Full-time,,,,
1043,https://osu.wd1.myworkdayjobs.com/OSUCareers/job/Outpatient-CareAmbulatory/Multi-Modality-Imaging-Tech--15-000-Signing-Bonus----Powell_R147184-1,"Multi-Modality Imaging Tech $15,000 Signing Bonus I Outpatient Care Powell Imaging",Non-academic,Full-time,,,,2026-09-03
1043,https://osu.wd1.myworkdayjobs.com/OSUCareers/job/University-Hospital/Assistant-Manager-Respiratory-Therapy_R156338-1,Assistant Manager Respiratory Therapy - Night Shift,Non-academic,Full-time,,,,2026-09-03
1043,https://osu.wd1.myworkdayjobs.com/OSUCareers/job/Columbus-Campus/Transfer-Admissions-Counselor-for-Small-Town-and-Rural-Students--STARS-_R155522-1,Transfer Admissions Counselor for Small Town and Rural Students (S.T.A.R.S.),Unclassified,Full-time,,,,2026-09-03
1043,https://osu.wd1.myworkdayjobs.com/OSUCareers/job/Ross-Heart-Hospital/Nurse-Manager--Electrophysiology_R157963-1,"Nurse Manager, Electrophysiology",Non-academic,Full-time,,,,2026-09-03
1043,https://osu.wd1.myworkdayjobs.com/OSUCareers/job/University-Hospital/Nurse-Manager--Medical-PCU--HS-_R157966,"Nurse Manager, Medical Progressive Care Unit",Non-academic,Full-time,,,,2026-09-14
1043,https://osu.wd1.myworkdayjobs.com/OSUCareers/job/Columbus-Campus/Regulatory-Compliance-Officer---Clinical-Trials-Office_R158574-1,Regulatory Compliance Officer Clinical Trials Office R158574 1,Unclassified,Full-time,,,,
1043,https://osu.wd1.myworkdayjobs.com/OSUCareers/job/Columbus-Campus/Lecturer--Applied-Trumpet--9M-_R158519-1,Lecturer Applied Trumpet 9M R158519 1,Lecturer,Full-time,,,,
1043,https://osu.wd1.myworkdayjobs.com/OSUCareers/job/Outpatient-CareAmbulatory/Physical-Therapist_R158405-2,Physical Therapist,Non-academic,Full-time,,,,2026-09-03
1043,https://osu.wd1.myworkdayjobs.com/OSUCareers/job/Remote-Location/Student-Assistant-1---FABE_R158124-1,Student Assistant 1 FABE R158124 1,Unclassified,Full-time,,,,
1043,https://osu.wd1.myworkdayjobs.com/OSUCareers/job/University-Hospital/Acute-Care-Occupational-Therapist_R152753-2,Occupational Therapist (OT) Acute Inpatient,Unclassified,Full-time,,,,2026-09-03
1043,https://osu.wd1.myworkdayjobs.com/OSUCareers/job/Ross-Heart-Hospital/Staff-Nurse---Cardiac-and-Vascular-Surgery-Unit_R147253-1,Staff Nurse Cardiac and Vascular Surgery Unit R147253 1,Unclassified,Full-time,,,,
1043,https://osu.wd1.myworkdayjobs.com/OSUCareers/job/Outpatient-CareAmbulatory/Physical-Therapist_R158436-2,Physical Therapist,Non-academic,Full-time,,,,2026-09-03
1043,https://osu.wd1.myworkdayjobs.com/OSUCareers/job/James-Cancer-Hospital-and-Solove-Research-Institute/James-Patient-Transporter_R157442-1,James Patient Transporter R157442 1,Unclassified,Full-time,,,,
1043,https://osu.wd1.myworkdayjobs.com/OSUCareers/job/Columbus-Campus/Associate-VP---Chief-Commercial-Officer-Chief-Revenue-Officer_R158370-1,Associate VP Chief Commercial Officer Chief Revenue Officer R158370 1,Unclassified,Full-time,,,,
1043,https://osu.wd1.myworkdayjobs.com/OSUCareers/job/James-Cancer-Hospital-and-Solove-Research-Institute/James-Patient-Transporter_R157624-1,James Patient Transporter R157624 1,Unclassified,Full-time,,,,
1043,https://osu.wd1.myworkdayjobs.com/OSUCareers/job/Columbus-Campus/Radiation-Therapist-Lead---Radiation-Oncology---Outpatient-Care----25K-Sign-On-Bonus_R154138-1,Radiation Therapist Lead - Radiation Oncology - Outpatient Care - $25K Sign-On Bonus,Non-academic,Full-time,Department of Radiation Oncology of the Medical Center,,,2026-09-03
1043,https://osu.wd1.myworkdayjobs.com/OSUCareers/job/Ross-Heart-Hospital/Clinic-Nurse---Ross-Ambulatory-Care-Center_R157773,Clinic Nurse - Ross Ambulatory Care Center,Unclassified,Full-time,,,,2026-09-03
1043,https://osu.wd1.myworkdayjobs.com/OSUCareers/job/Outpatient-CareAmbulatory/Custodial-Worker-2_R158321-1,Custodial Worker 2,Unclassified,Full-time,,,,2026-09-03
1043,https://osu.wd1.myworkdayjobs.com/OSUCareers/job/Outpatient-CareAmbulatory/Custodial-Worker-2_R158326-1,Custodial Worker 2,Unclassified,Full-time,,,,2026-09-03
1043,https://osu.wd1.myworkdayjobs.com/OSUCareers/job/Outpatient-CareAmbulatory/Custodial-Worker-2_R158487-1,Custodial Worker 2,Unclassified,Full-time,,,,2026-09-03
1043,https://osu.wd1.myworkdayjobs.com/OSUCareers/job/Outpatient-CareAmbulatory/Custodial-Worker-2_R158461-1,Custodial Worker 2,Unclassified,Full-time,,,,2026-09-03
1043,https://osu.wd1.myworkdayjobs.com/OSUCareers/job/College-of-MedicineOffice-of-Health-Sciences/Physician---Pathology--Neuropathology--Open-Rank-Track-Faculty-_R152045-1,"Physician – Pathology, Neuropathology (Open Rank/Track Faculty)",Assistant_Professor; Associate_Professor; Full_Professor; Research_Fellow,Full-time,Department of Pathology,,,2026-09-03
1043,https://osu.wd1.myworkdayjobs.com/OSUCareers/job/James-Cancer-Hospital-and-Solove-Research-Institute/Advanced-Practice-Provider--NP-PA---Rotational---Inpatient-Cancer-Medicine_R137167-1,Advanced Practice Provider (NP/PA)-  Inpatient Cancer Medicine- Rotational,Unclassified,Full-time,,,,2026-09-03
1043,https://osu.wd1.myworkdayjobs.com/OSUCareers/job/Mansfield-Campus/Admissions-Counselor--Mansfield-_R157899-1,Admissions Counselor (Mansfield),Non-academic,Full-time,,,,2026-09-03
1043,https://osu.wd1.myworkdayjobs.com/OSUCareers/job/Columbus-Campus/Custodial-Worker-2_R158638-1,Custodial Worker 2 R158638 1,Unclassified,Full-time,,,,
1043,https://osu.wd1.myworkdayjobs.com/OSUCareers/job/Columbus-Campus/Post-Doctoral-Scholar_R158478-1,Post Doctoral Scholar R158478 1,Research_Fellow,Full-time,,,,
1043,https://osu.wd1.myworkdayjobs.com/OSUCareers/job/Columbus-Campus/Assistant-Professor-of-Anthropology_R158482-2,Assistant Professor of Anthropology,Assistant_Professor,Full-time,Department of Anthropology in the College of Arts and Sciences,Anthropology,"October 16, 2026",2026-09-03
1043,https://osu.wd1.myworkdayjobs.com/OSUCareers/job/Columbus-Campus/Assistant-Professor-of-Anthropology_R158466-2,Assistant Professor of Anthropology,Assistant_Professor,Full-time,Department of Anthropology in the College of Arts and Sciences,Anthropology; Midwestern archaeology; North American,"October 16, 2026",2026-09-03
1043,https://osu.wd1.myworkdayjobs.com/OSUCareers/job/Ross-Heart-Hospital/Staff-Nurse--6-Ross---Heart-Failure-LVAD-Inpatient-Unit_R154137,Staff Nurse (RN) - Heart Failure/LVAD Inpatient,Unclassified,Full-time,,,,2026-09-03
1043,https://osu.wd1.myworkdayjobs.com/OSUCareers/job/Ross-Heart-Hospital/Staff-Nurse---Inpatient-Electrophysiology_R145460-1,Staff Nurse - Inpatient Electrophysiology,Unclassified,Full-time,,,,2026-09-03
1043,https://osu.wd1.myworkdayjobs.com/OSUCareers/job/Columbus-Campus/Physical-Therapist-Student-Health-Services_R158629-1,Physical Therapist Student Health Services R158629 1,Unclassified,Full-time,,,,
1043,https://osu.wd1.myworkdayjobs.com/OSUCareers/job/Columbus-Campus/Optican-2_R153003-2,Optician 2,Unclassified,Full-time,,,,2026-09-14
1043,https://osu.wd1.myworkdayjobs.com/OSUCareers/job/College-of-MedicineOffice-of-Health-Sciences/Administrative-Assistant-2-Medical-Oncology_R158341-1,Administrative Assistant 2 Medical Oncology R158341 1,Unclassified,Full-time,,,,
1043,https://osu.wd1.myworkdayjobs.com/OSUCareers/job/Columbus-Campus/Director--Translation-and-Venture-Development_R157870-1,Director Translation and Venture Development R157870 1,Unclassified,Full-time,,,,
1043,https://osu.wd1.myworkdayjobs.com/OSUCareers/job/Columbus-Campus/Research-Assistant_R158656-1,Research Assistant R158656 1,Non-academic,Full-time,,,,
1043,https://osu.wd1.myworkdayjobs.com/OSUCareers/job/Wooster-Campus/Post-Doctoral-Scholar_R157959-1,Post Doctoral Scholar R157959 1,Research_Fellow,Full-time,,,,
1043,https://osu.wd1.myworkdayjobs.com/OSUCareers/job/College-of-MedicineOffice-of-Health-Sciences/Standardized-Patient-Program-Senior-Specialist--CSEAC_R158157-2,Standardized Patient Program Senior Specialist CSEAC R158157 2,Non-academic,Full-time,,,,
1043,https://osu.wd1.myworkdayjobs.com/OSUCareers/job/College-of-MedicineOffice-of-Health-Sciences/Education-Program-Specialist--Education_R157274-1,Education Program Specialist Education R157274 1,Non-academic,Full-time,,,,
1043,https://osu.wd1.myworkdayjobs.com/OSUCareers/job/Columbus-Campus/Research-Senior-Associate_R156534-1,Research Senior Associate R156534 1,Unclassified,Full-time,,,,
1043,https://osu.wd1.myworkdayjobs.com/OSUCareers/job/East-Hospital/Inpatient-Registered-Nurse-2_R147387-1,Emergency Department Registered Nurse - East Hospital,Unclassified,Full-time,,,,2026-09-03
1043,https://osu.wd1.myworkdayjobs.com/OSUCareers/job/Columbus-Campus/Collections-Management-Assistant-1_R158484,Collections Management Assistant 1,Unclassified,Full-time,College of the Arts and Sciences is seeking a Collections Management Assistant,,,2026-09-03
1043,https://osu.wd1.myworkdayjobs.com/OSUCareers/job/Health-System-Shared-Services/Senior-Financial-Analyst--CCC-Admin-Offices_R157319-1,Senior Financial Analyst- CCC Admin Offices,Assistant_Professor; Associate_Professor; Full_Professor,Full-time,,Endowment; Earnings,,2026-09-03
1043,https://osu.wd1.myworkdayjobs.com/OSUCareers/job/James-Cancer-Hospital-and-Solove-Research-Institute/Manager--Registration_R157770-1,"Manager, Registration",Non-academic,Full-time,,,,2026-09-03
1043,https://osu.wd1.myworkdayjobs.com/OSUCareers/job/James-Cancer-Hospital-and-Solove-Research-Institute/Scheduling-Lead-Coordinator_R155748,Scheduling Lead Coordinator,Non-academic,Full-time,,,,
1043,https://osu.wd1.myworkdayjobs.com/OSUCareers/job/Columbus-Campus/Planned-and-Preventative-Maintenance-Specialist_R158608-1,Planned and Preventative Maintenance Specialist,Non-academic,Full-time,,,,2026-09-09
1043,https://osu.wd1.myworkdayjobs.com/OSUCareers/job/Columbus-Campus/Research-Senior-Technician---Comprehensive-Cancer-Center_R149720-1,Research Senior Technician - Comprehensive Cancer Center,Non-academic,Full-time,,,,2026-09-03
1043,https://osu.wd1.myworkdayjobs.com/OSUCareers/job/University-Hospital/Student-Assistant_R157696-2,Student Assistant,Unclassified,Part-time,,,,2026-09-03
1043,https://osu.wd1.myworkdayjobs.com/OSUCareers/job/University-Hospital/Scheduling-Coordinator---Epilepsy-Monitoring-Unit_R154086-1,Scheduling Coordinator Epilepsy Monitoring Unit R154086 1,Non-academic,Full-time,,,,
1043,https://osu.wd1.myworkdayjobs.com/OSUCareers/job/Columbus-Campus/Custodial-Worker-2--2nd-shift----Student-Life_R150409-2,Custodial Worker 2 2nd shift Student Life R150409 2,Unclassified,Full-time,,,,
1043,https://osu.wd1.myworkdayjobs.com/OSUCareers/job/Columbus-Campus/Post-Doctoral-Scholar---Sustainable-Stormwater-Management_R157947-1,Post Doctoral Scholar - Sustainable Stormwater Management,Research_Fellow,Full-time,,,,2026-09-03
1043,https://osu.wd1.myworkdayjobs.com/OSUCareers/job/College-of-MedicineOffice-of-Health-Sciences/Post-Doctoral-Scholar--Neurology_R158445-1,Post Doctoral Scholar Neurology R158445 1,Research_Fellow,Full-time,,,,
1043,https://osu.wd1.myworkdayjobs.com/OSUCareers/job/Columbus-Campus/Post-Doctoral-Scholar_R158477-1,Post Doctoral Scholar R158477 1,Research_Fellow,Full-time,,,,
1043,https://osu.wd1.myworkdayjobs.com/OSUCareers/job/OSU-Health-Plan/Research-Associate---CATALYST_R157844-1,Research Associate CATALYST R157844 1,Research_Fellow,Full-time,,,,
1043,https://osu.wd1.myworkdayjobs.com/OSUCareers/job/Columbus-Campus/Systems-Manager---Not-Sap_R158641,Systems Manager Not Sap,Non-academic,Full-time,,,,
1043,https://osu.wd1.myworkdayjobs.com/OSUCareers/job/Dodd-Rehabilitation-Hospital/Senior-Clinical-Research-Assistant-Clinical-Trials-Management-Office-Earnings_R157635-1,Senior Clinical Research Assistant-Clinical Trials Management Office Earnings,Non-academic,Full-time,,FDA approved drugs,,2026-09-02
1043,https://osu.wd1.myworkdayjobs.com/OSUCareers/job/Dodd-Rehabilitation-Hospital/Lab-Services-Coordinator-Research_R158055-2,Lab Services Coordinator-Research,Non-academic,Full-time,,Research Nutrition Laboratory; Development Laboratory,,2026-09-11
1043,https://osu.wd1.myworkdayjobs.com/OSUCareers/job/OSU-Health-Plan/Clinical-Innovation-Program-Nursing-Care-Coordinator-Internal-Medicine_R158336-2,Clinical Innovation Program Nursing Care Coordinator-Internal Medicine,Non-academic,Full-time,Division of General Internal Medicine within the Department of Internal Medicine,,,2026-09-11
1043,https://osu.wd1.myworkdayjobs.com/OSUCareers/job/College-of-MedicineOffice-of-Health-Sciences/Clinical-Research-Assistant-Medical-Oncology_R155394,Clinical Research Assistant Medical Oncology,Non-academic,Full-time,,,,
1043,https://osu.wd1.myworkdayjobs.com/OSUCareers/job/Columbus-Campus/Laboratory-Technician_R158559-1,Laboratory Technician R158559 1,Non-academic,Full-time,,,,
1043,https://osu.wd1.myworkdayjobs.com/OSUCareers/job/University-Hospital/Release-of-Information-Coordinator_R157885-1,Release of Information Coordinator,Non-academic,Full-time,,Information Coordinator,,2026-09-02
1043,https://osu.wd1.myworkdayjobs.com/OSUCareers/job/Columbus-Campus/Facilities-Maintenance-Techn_R158591-1,Facilities Maintenance Techn R158591 1,Unclassified,Full-time,,,,
1043,https://osu.wd1.myworkdayjobs.com/OSUCareers/job/College-of-MedicineOffice-of-Health-Sciences/Director-of-Antibody-Therapeutics--Professor-_R116321-1,Director of Antibody Therapeutics (Professor),Full_Professor,Full-time,Department of Molecular Medicine and Therapeutics,Antibody Therapeutics; PIIO includes innate immunity; structural biology-based design,,2026-09-02
1043,https://osu.wd1.myworkdayjobs.com/OSUCareers/job/Columbus-Campus/Planned---Preventative-Maintenance-Specialist_R158605-1,Planned Preventative Maintenance Specialist R158605 1,Non-academic,Full-time,,,,
1043,https://osu.wd1.myworkdayjobs.com/OSUCareers/job/Remote-Location/Seasonal-Document-Management-Associate_R157608-1,Seasonal Document Management Associate R157608 1,Unclassified,Full-time,,,,
1043,https://osu.wd1.myworkdayjobs.com/OSUCareers/job/Columbus-Campus/Seasonal-Graduate-and-Professional-Admissions-Specialist_R157522-2,Seasonal Graduate and Professional Admissions Specialist,Non-academic,Full-time,,,,2026-09-02
1043,https://osu.wd1.myworkdayjobs.com/OSUCareers/job/OSU-Health-Plan/Administration--Assistant-General-Internal-Medicine_R150291-1,Administration Assistant General Internal Medicine R150291 1,Unclassified,Full-time,,,,
1043,https://osu.wd1.myworkdayjobs.com/OSUCareers/job/Harding-Hospital/Staff-Nurse--RN----Adult-Inpatient-Psychiatry_R157438-1,Staff Nurse RN Adult Inpatient Psychiatry R157438 1,Unclassified,Full-time,,,,
1043,https://osu.wd1.myworkdayjobs.com/OSUCareers/job/Columbus-Campus/Operations-Analyst_R158191-1,Operations Analyst,Non-academic,Full-time,"Center for Civics, Culture, and Society Salmon P",,,2026-09-02
1043,https://osu.wd1.myworkdayjobs.com/OSUCareers/job/Columbus-Campus/Assistant-Director--Student-Athlete-Support-Services-Office--SASSO-_R158455-1,"Assistant Director, Student-Athlete Support Services Office (SASSO)",Non-academic,Full-time,,,,2026-09-02
1043,https://osu.wd1.myworkdayjobs.com/OSUCareers/job/Remote-Location/Senior-Project-Manager_R158249-1,Senior Project Manager R158249 1,Non-academic,Full-time,,,,
1043,https://osu.wd1.myworkdayjobs.com/OSUCareers/job/Columbus-Campus/Veterinary-Care-Technician-2---3rd-shift_R157971-2,Veterinary Care Technician 2 - 3rd shift,Non-academic,Full-time,,,,2026-09-02
1043,https://osu.wd1.myworkdayjobs.com/OSUCareers/job/University-Hospital/Medical-Assistant---Multidisciplinary-Neurological-Clinic_R158077-1,Medical Assistant - Multidisciplinary Neurological Clinic,Unclassified,Full-time,,,,2026-09-02
1043,https://osu.wd1.myworkdayjobs.com/OSUCareers/job/Outpatient-CareAmbulatory/Outpatient-RN---Perinatal-Educator--IRP-Contingent-_R158283-1,Outpatient RN Perinatal Educator IRP Contingent R158283 1,Unclassified,Full-time,,,,
1043,https://osu.wd1.myworkdayjobs.com/OSUCareers/job/James-Cancer-Hospital-and-Solove-Research-Institute/Radiation-Therapist----15-000-Sign-On-Bonus_R141785,"Radiation Therapist - $25,000 Sign On Bonus",Non-academic,Full-time,Division of Radiation Oncology,,,2026-09-02
1043,https://osu.wd1.myworkdayjobs.com/OSUCareers/job/University-Hospital/Capacity-Management-Specialist-RN_R155056-1,Capacity Management Specialist RN R155056 1,Non-academic,Full-time,,,,
1043,https://osu.wd1.myworkdayjobs.com/OSUCareers/job/University-Hospital/Senior-Pharmacy-Technician--CPhT----TOC_R156058-1,Senior Pharmacy Technician (CPhT) - TOC,Non-academic,Full-time,,,,2026-09-10
1043,https://osu.wd1.myworkdayjobs.com/OSUCareers/job/East-Hospital/Outpatient-RN---Infusion---Weekend-Float_R157376-2,Outpatient RN - Infusion - Weekend Float,Unclassified,Full-time,,,,2026-09-02
1043,https://osu.wd1.myworkdayjobs.com/OSUCareers/job/University-Hospital/Med-Lab-Tech-Processing_R157410-1,Med Lab Tech Processing R157410 1,Unclassified,Full-time,,,,
1043,https://osu.wd1.myworkdayjobs.com/OSUCareers/job/University-Hospital/Med-Lab-Tech-Processing_R158274-2,Med Lab Tech Processing R158274 2,Unclassified,Full-time,,,,
1043,https://osu.wd1.myworkdayjobs.com/OSUCareers/job/University-Hospital/Nutrition-Aide_R156962-1,Nutrition Aide,Unclassified,Full-time,,,,2026-09-14
1043,https://osu.wd1.myworkdayjobs.com/OSUCareers/job/Columbus-Campus/Automotive-Mechanic-2_R150266,Automotive Mechanic 2,Unclassified,Full-time,,,,2026-09-02
1043,https://osu.wd1.myworkdayjobs.com/OSUCareers/job/Columbus-Campus/Vet-Medical-Records-Specialist_R155321-1,Vet Medical Records Specialist,Non-academic,Full-time,,,,2026-09-02
1043,https://osu.wd1.myworkdayjobs.com/OSUCareers/job/Columbus-Campus/Veterinary-Care-Assistant-2---Small-Animal-Emergency-Critical-Care-3rd-shift_R153628-1,Veterinary Care Assistant 2 - Small Animal Emergency/Critical Care 3rd shift,Non-academic,Full-time,,,,2026-09-02
1043,https://osu.wd1.myworkdayjobs.com/OSUCareers/job/Columbus-Campus/Veterinary-Care-Technician-2--RVT-_R152474-1,Veterinary Care Technician 2 (RVT),Non-academic,Full-time,,,,2026-09-02
1043,https://osu.wd1.myworkdayjobs.com/OSUCareers/job/Columbus-Campus/Sterile-Supply-Technician-2---VMC-Central-Supply_R157313-1,Sterile Supply Technician 2 - VMC Central Supply,Non-academic,Full-time,,,,2026-09-02
1043,https://osu.wd1.myworkdayjobs.com/OSUCareers/job/Columbus-Campus/Companion-Animal-Registered-Veterinary-Technician--RVT--Opportunities_R152205,Companion Animal Registered Veterinary Technician (RVT) Opportunities,Non-academic,Full-time,,,,2026-09-02
1043,https://osu.wd1.myworkdayjobs.com/OSUCareers/job/Columbus-Campus/Urgent-Care-Staff-Veterinarian---Dublin_R142015-1,"Urgent Care Staff Veterinarian – Dublin (3 days/wk, 32 hrs/wk)",Unclassified,Full-time,College of Veterinary Medicine,,,2026-09-10
1043,https://osu.wd1.myworkdayjobs.com/OSUCareers/job/Columbus-Campus/Veterinary-Care-Assistant---Orthopedic-Surgery---Dublin_R150415-2,Veterinary Care Assistant - Orthopedic Surgery - Dublin,Unclassified,Full-time,,,,2026-09-02
1043,https://osu.wd1.myworkdayjobs.com/OSUCareers/job/College-of-MedicineOffice-of-Health-Sciences/Assistant-Professor---Clinical_R137702-1,Assistant Professor - Clinical,Assistant_Professor,Full-time,,Clinical,,2026-09-02
1043,https://osu.wd1.myworkdayjobs.com/OSUCareers/job/Columbus-Campus/Outreach-Program-Specialist_R158547-1,Outreach Program Specialist,Non-academic,Full-time,,,,2026-09-15
1043,https://osu.wd1.myworkdayjobs.com/OSUCareers/job/University-Hospital/Staff-Nurse--Transplant_R157585-1,Staff Nurse- Transplant,Unclassified,Full-time,,,,2026-09-02
1043,https://osu.wd1.myworkdayjobs.com/OSUCareers/job/Columbus-Campus/Dental-Assistant_R154719-2,Dental Assistant R154719 2,Unclassified,Full-time,,,,
1043,https://osu.wd1.myworkdayjobs.com/OSUCareers/job/Columbus-Campus/Veterinary-Customer-Services-Representative---3rd-Shift_R153485-1,Veterinary Customer Services Representative – 3rd Shift,Unclassified,Full-time,,,,2026-09-14
1043,https://osu.wd1.myworkdayjobs.com/OSUCareers/job/Columbus-Campus/Veterinary-Care-Assistant-2---Small-Animal-Emergency-Critical-Care-2nd-shift_R155246,Veterinary Care Assistant 2 - Small Animal Emergency/Critical Care 2nd shift,Non-academic,Full-time,,,,2026-09-02
1043,https://osu.wd1.myworkdayjobs.com/OSUCareers/job/Health-System-Shared-Services/Nurse-Educator--NPDP----Ambulatory-Oncology_R157731-2,Nurse Educator (NPDP) - Ambulatory Oncology,Unclassified,Full-time,,James classes,,2026-09-09
1043,https://osu.wd1.myworkdayjobs.com/OSUCareers/job/College-of-MedicineOffice-of-Health-Sciences/Paramedic---Ambulatory-Services---Occupational-Medicine_R154770-1,Paramedic - Ambulatory Services - Occupational Medicine,Unclassified,Full-time,,,,2026-09-02
1043,https://osu.wd1.myworkdayjobs.com/OSUCareers/job/James-Cancer-Hospital-and-Solove-Research-Institute/Supervisor--Facilities-Services_R146131-1,Supervisor Facilities Services R146131 1,Unclassified,Full-time,,,,
1043,https://osu.wd1.myworkdayjobs.com/OSUCareers/job/University-Hospital/Advanced-Practice-Provider--NNP-PA----Neonatal-ICU---Rotational_R157113-1,Advanced Practice Provider NNP PA Neonatal ICU Rotational R157113 1,Unclassified,Full-time,,,,
1043,https://osu.wd1.myworkdayjobs.com/OSUCareers/job/University-Hospital/Line-Cook_R154197-1,Line Cook,Unclassified,Full-time,,,,2026-09-14
1043,https://osu.wd1.myworkdayjobs.com/OSUCareers/job/University-Hospital/Advanced-Practice-Provider--NP-PA----Neonatal-ICU---Contingent-IRP_R155151-1,Advanced Practice Provider (NNP/PA) - Neonatal ICU - Contingent/IRP,Unclassified,Part-time,,,,2026-09-09
1043,https://osu.wd1.myworkdayjobs.com/OSUCareers/job/University-Hospital/Advanced-Practice-Provider--NP-PA----Neurocritical-Care-Unit---Rotational_R151286-1,Advanced Practice Provider (NP/PA) - Neurocritical Care Unit - Rotational,Unclassified,Full-time,,,,2026-09-09
1043,https://osu.wd1.myworkdayjobs.com/OSUCareers/job/East-Hospital/Advanced-Practice-Provider--NP-PA----Surgical-ICU--Rotational_R156144-1,Advanced Practice Provider (NP/PA) - Surgical ICU- Rotational,Unclassified,Full-time,,,,2026-09-09
1043,https://osu.wd1.myworkdayjobs.com/OSUCareers/job/College-of-MedicineOffice-of-Health-Sciences/Advanced-Practice-Provider--NP-PA----Occupational-Medicine_R150053-1,Advanced Practice Provider (NP/PA) - Occupational Medicine,Unclassified,Full-time,,,,2026-09-02
1043,https://osu.wd1.myworkdayjobs.com/OSUCareers/job/Columbus-Campus/Veterinary-Care-Technician-3--RVT----Equine-Farm-Animal_R151987-1,"Veterinary Care Technician 3 (RVT) - Equine/Farm Animal Anesthesia, Pain Management, Critical Care",Non-academic,Full-time,,,,2026-09-02
1043,https://osu.wd1.myworkdayjobs.com/OSUCareers/job/University-Hospital/Advanced-Practice-Provider--NP-PA----Medical-Intensive-Care-Unit--MICU----Rotational_R152080-2,Advanced Practice Provider (NP/PA) - Medical Intensive Care Unit (MICU) - Rotational,Unclassified,Full-time,,,,2026-09-09
1043,https://osu.wd1.myworkdayjobs.com/OSUCareers/job/University-Hospital/Advanced-Practice-Provider--NP-PA----Transplant-Surgery---Rotational_R150687-1,Advanced Practice Provider (NP/PA) - Transplant Surgery - Rotational,Unclassified,Full-time,,,,2026-09-09
1043,https://osu.wd1.myworkdayjobs.com/OSUCareers/job/Outpatient-CareAmbulatory/Certified-Nurse-Midwife_R147954-1,Certified Nurse Midwife (CNM) - Rotational,Unclassified,Full-time,,,,2026-09-09
1043,https://osu.wd1.myworkdayjobs.com/OSUCareers/job/Columbus-Campus/Veterinary-Care-Technician-3--RVT----Equine-Farm-Animal-ICU_R152846-1,Veterinary Care Technician 3 (RVT) - Equine/Farm Animal ICU,Non-academic,Full-time,,,,2026-09-02
1043,https://osu.wd1.myworkdayjobs.com/OSUCareers/job/Columbus-Campus/Veterinary-Care-Technician-3--RVT--3rd-Shift---Large-Animal-Anesthesia--Pain-Management--Critical-Care---New-Hire-Signing-Bonus-_R140150-1,"Veterinary Care Technician 3 (RVT) 3rd Shift – Equine/Farm Animal Anesthesia, Pain Management, Critical Care - New Hire Signing Bonus!",Non-academic,Full-time,,,,2026-09-02
1043,https://osu.wd1.myworkdayjobs.com/OSUCareers/job/Ross-Heart-Hospital/Advanced-Practice-Provider--NP-PA----Lung-Transplant_R157153-1,Advanced Practice Provider (NP/PA) - Lung Transplant,Unclassified,Full-time,,,,2026-09-09
1043,https://osu.wd1.myworkdayjobs.com/OSUCareers/job/Ross-Heart-Hospital/Advanced-Practice-Specialty-Provider--NP-PA-----Inpatient-Cardiac-Surgery---Rotational_R154286-2,Advanced Practice Specialty Provider (NP/PA)  - Inpatient Cardiac Surgery - Rotational,Unclassified,Full-time,,,,2026-09-09
1043,https://osu.wd1.myworkdayjobs.com/OSUCareers/job/Columbus-Campus/Director-of-Development--Wexner-Medical-Center_R146016,"Director of Development, Wexner Medical Center",Non-academic,Full-time,,,,2026-09-02
1043,https://osu.wd1.myworkdayjobs.com/OSUCareers/job/University-Hospital/Staff-Nurse--RN----PCU-Float-Pool_R143996-1,Staff Nurse (RN) - PCU Float Pool,Unclassified,Part-time,,,,2026-09-02
1043,https://osu.wd1.myworkdayjobs.com/OSUCareers/job/James-Cancer-Hospital-and-Solove-Research-Institute/Nurse-Manager---Acute-Leukemia_R157520-1,Nurse Manager - Acute Leukemia,Non-academic,Full-time,,,,2026-09-02
1043,https://osu.wd1.myworkdayjobs.com/OSUCareers/job/Columbus-Campus/Assistant-Professor-in-Artificial-Intelligence-for-Drug-Discovery-and-Chemical-Biology_R158497-2,Assistant Professor in Artificial Intelligence for Drug Discovery and Chemical Biology,Assistant_Professor,Full-time,Division of Medicinal Chemistry and Pharmacognosy in the College of Pharmacy,Artificial Intelligence for Drug Discovery and Chemical Biology; Small-molecule drug discovery: AI-enabled molecular; prediction of efficacy; computational drug discovery,10/15/2026,2026-09-02
1043,https://osu.wd1.myworkdayjobs.com/OSUCareers/job/Outpatient-CareAmbulatory/Women-s-Health-Advance-Practice-Provider_R156860-1,Women's Health Advanced Practice Provider,Unclassified,Full-time,,,,2026-09-08
1043,https://osu.wd1.myworkdayjobs.com/OSUCareers/job/East-Hospital/Physical-Therapist---IRP_R148176-2,Physical Therapist IRP R148176 2,Unclassified,Full-time,,,,
1043,https://osu.wd1.myworkdayjobs.com/OSUCareers/job/Columbus-Campus/Post-Doctoral-Scholar_R158456-1,Post Doctoral Scholar,Research_Fellow,Full-time,,,,2026-09-01
1043,https://osu.wd1.myworkdayjobs.com/OSUCareers/job/Columbus-Campus/Director--Player-Development-Men-s-Basketball_R158376-1,Director Player Development Men s Basketball R158376 1,Unclassified,Full-time,,,,
1043,https://osu.wd1.myworkdayjobs.com/OSUCareers/job/University-Hospital/Pharmacy-Technician---Inpatient---Contingent-IRP_R158054-1,Pharmacy Technician Inpatient Contingent IRP R158054 1,Non-academic,Full-time,,,,
1043,https://osu.wd1.myworkdayjobs.com/OSUCareers/job/James-Cancer-Hospital-and-Solove-Research-Institute/Inventory-Coordinator_R153134-1,Inventory Coordinator R153134 1,Non-academic,Full-time,,,,
1043,https://osu.wd1.myworkdayjobs.com/OSUCareers/job/College-of-MedicineOffice-of-Health-Sciences/Physician--Department-of-Orthopaedics--Trauma-Surgeon--Open-Rank-Track-Faculty-_R148890-1,"Physician- Department of Orthopaedics, Trauma Surgeon (Open Rank/Track Faculty)",Assistant_Professor; Associate_Professor; Full_Professor; Research_Fellow,Full-time,"Department of Orthopaedics, Trauma Surgeon","Orthopaedics, Trauma Surgeon",,2026-09-09
1043,https://osu.wd1.myworkdayjobs.com/OSUCareers/job/Columbus-Campus/Psychologist_R158426-1,Psychologist,Unclassified,Full-time,,,,2026-09-01
1043,https://osu.wd1.myworkdayjobs.com/OSUCareers/job/Columbus-Campus/Patient-Care-Associate---James-Outpatient-Float-Pool_R155542-1,Patient Care Associate James Outpatient Float Pool R155542 1,Unclassified,Full-time,,,,
1043,https://osu.wd1.myworkdayjobs.com/OSUCareers/job/James-Cancer-Hospital-and-Solove-Research-Institute/Advanced-Practice-Provider--NP-PA----Infectious-Disease-Consults---Inpatient_R157478-1,Advanced Practice Provider (NP/PA) - Infectious Disease Consults - Inpatient,Unclassified,Full-time,,,,2026-09-01
1043,https://osu.wd1.myworkdayjobs.com/OSUCareers/job/James-Cancer-Hospital-and-Solove-Research-Institute/Capacity-Management-Analyst_R155285,Capacity Management Analyst,Non-academic,Full-time,,,,
1043,https://osu.wd1.myworkdayjobs.com/OSUCareers/job/East-Hospital/Nutrition-Aide_R158246,Nutrition Aide,Unclassified,Full-time,,,,
1043,https://osu.wd1.myworkdayjobs.com/OSUCareers/job/University-Hospital/Student-Assistant---Gift-Shop_R157832-2,Student Assistant - Gift Shop,Unclassified,Part-time,,,,2026-09-01
1043,https://osu.wd1.myworkdayjobs.com/OSUCareers/job/Health-System-Shared-Services/Facilities-Data-Management-Analyst_R150171-1,Facilities Data Management Analyst,Non-academic,Full-time,,,,2026-09-11
1043,https://osu.wd1.myworkdayjobs.com/OSUCareers/job/Columbus-Campus/Collection-Curator-and-Archivist_R157792-1,Collection Curator and Archivist,Unclassified,Full-time,,,,2026-09-01
1043,https://osu.wd1.myworkdayjobs.com/OSUCareers/job/James-Cancer-Hospital-and-Solove-Research-Institute/Nurse-Manager--Progressive-Care-Unit_R158035-1,Nurse Manager- Progressive Care Unit,Non-academic,Full-time,,,,2026-09-11
1043,https://osu.wd1.myworkdayjobs.com/OSUCareers/job/Columbus-Campus/Lecturer_R158177-1,Lecturer,Lecturer,Full-time,Department of Electrical and Computer Engineering,computer vision; control systems,,2026-09-01
1043,https://osu.wd1.myworkdayjobs.com/OSUCareers/job/University-Hospital/Neurodiagnostic-Tech-Lead_R154087-2,Neurodiagnostic Tech Lead I Brain and Spine Neurodiagnostics,Unclassified,Full-time,,,,2026-09-01
1043,https://osu.wd1.myworkdayjobs.com/OSUCareers/job/College-of-MedicineOffice-of-Health-Sciences/Post-Doctoral-Scholar--Neurology_R151201,Post Doctoral Scholar- Neurology,Research_Fellow,Full-time,Department of Neurology & Neuroscience Research Institute,metabolic adaptations; oligodendrocytes,,2026-09-01
1043,https://osu.wd1.myworkdayjobs.com/OSUCareers/job/Wooster-Campus/Student-Assistant-2---Ani-Sci_R158092-1,Student Assistant 2 - Ani Sci,Unclassified,Part-time,,,,2026-09-01
1043,https://osu.wd1.myworkdayjobs.com/OSUCareers/job/Health-System-Shared-Services/Manager---Health-Information--HS-_R158126-1,Manager Health Information HS R158126 1,Non-academic,Full-time,,,,
1043,https://osu.wd1.myworkdayjobs.com/OSUCareers/job/Health-System-Shared-Services/Clinical-Applications-Analyst_R157036-1,Clinical Applications Analyst,Non-academic,Full-time,,,,2026-09-15
1043,https://osu.wd1.myworkdayjobs.com/OSUCareers/job/University-Hospital/Staff-Nurse-B_R152974-1,Staff Nurse (RN)- NICU,Unclassified,Full-time,,,,2026-09-01
1043,https://osu.wd1.myworkdayjobs.com/OSUCareers/job/University-Hospital/Surgical-Technologist---Inpatient-2_R157237-1,Surgical Technologist - University Hospital,Unclassified,Full-time,Department of Per i operative Services,,,2026-09-01
1043,https://osu.wd1.myworkdayjobs.com/OSUCareers/job/Columbus-Campus/Program-Coordinator_R158133-1,Program Coordinator,Non-academic,Full-time,,,,2026-09-01
1043,https://osu.wd1.myworkdayjobs.com/OSUCareers/job/Columbus-Campus/Curatorial-Assistant_R157185-2,Curatorial Assistant,Unclassified,Full-time,Center for the Arts,,,2026-09-01
1043,https://osu.wd1.myworkdayjobs.com/OSUCareers/job/Columbus-Campus/Security-Information-Analyst_R158448-1,Security Information Analyst R158448 1,Non-academic,Full-time,,,,
1043,https://osu.wd1.myworkdayjobs.com/OSUCareers/job/Columbus-Campus/Security-Information-Analyst_R158452-1,Security Information Analyst,Non-academic,Full-time,,,,2026-09-01
1043,https://osu.wd1.myworkdayjobs.com/OSUCareers/job/James-Cancer-Hospital-and-Solove-Research-Institute/Dosimetrist_R156396-2,Dosimetrist - Radiation Oncology - Outpatient Care - $15k Sign-On Bonus,Unclassified,Full-time,Department of Radiation Medicine,,,2026-09-01
1043,https://osu.wd1.myworkdayjobs.com/OSUCareers/job/James-Cancer-Hospital-and-Solove-Research-Institute/Dosimetrist---Lead_R156397-1,Lead Dosimetrist - Radiation Oncology - Outpatient Care - $15k Sign-On Bonus,Unclassified,Full-time,Department of Radiation Oncology,,,2026-09-01
1043,https://osu.wd1.myworkdayjobs.com/OSUCareers/job/Columbus-Campus/Associate-Director-Salmon-P-Chase-Center-for-Civics--Culture--and-Society_R158188,"Associate Director Salmon P. Chase Center for Civics, Culture, and Society",Associate_Professor,Full-time,"Center for Civics, Culture, and Society",Chase Center’s; line; religious studies,,2026-09-01
1043,https://osu.wd1.myworkdayjobs.com/OSUCareers/job/James-Cancer-Hospital-and-Solove-Research-Institute/Medical-Physicist---Radiation-Oncology----15k-Bonus_R154177-1,Medical Physicist - Radiation Oncology - Outpatient Care - $15k Sign-On Bonus,Unclassified,Full-time,Department of Radiation Oncology,,,2026-09-01
1043,https://osu.wd1.myworkdayjobs.com/OSUCareers/job/Columbus-Campus/Radiation-Therapist_R154143-1,R154143 Radiation Therapist - Radiation Oncology - Outpatient Care - $25K Sign-On Bonus,Non-academic,Full-time,Department of Radiation Oncology of the Medical Center,,,2026-09-01
1043,https://osu.wd1.myworkdayjobs.com/OSUCareers/job/University-Hospital/ST-Educator_R157535-1,ST Educator,Unclassified,Full-time,,,,2026-09-01
1043,https://osu.wd1.myworkdayjobs.com/OSUCareers/job/University-Hospital/IRP-Staff-Nurse--RN----Post-Partum---Contingent-PRN_R142715-1,IRP Staff Nurse RN Post Partum Contingent PRN R142715 1,Unclassified,Full-time,,,,
1043,https://osu.wd1.myworkdayjobs.com/OSUCareers/job/Columbus-Campus/Coordinator--Student-Governments_R158205-1,"Coordinator, Student Governments",Non-academic,Full-time,,CGS Hayes Graduate Research Forum; IPC Inter-Professional Summit,,2026-09-01
1043,https://osu.wd1.myworkdayjobs.com/OSUCareers/job/Health-System-Shared-Services/Accounting-Manager_R156164-1,Accounting Manager,Non-academic,Full-time,,,,2026-09-01
1043,https://osu.wd1.myworkdayjobs.com/OSUCareers/job/Columbus-Campus/Director--Service-Management-Office_R158134-1,Director Service Management Office R158134 1,Unclassified,Full-time,,,,
1043,https://osu.wd1.myworkdayjobs.com/OSUCareers/job/Columbus-Campus/Tier-2-NOC-Specialist_R158383-1,Tier 2 NOC Specialist R158383 1,Non-academic,Full-time,,,,
1043,https://osu.wd1.myworkdayjobs.com/OSUCareers/job/University-Hospital/ATS-Support-Analyst_R156284-2,ATS Support Analyst R156284 2,Non-academic,Full-time,,,,
1043,https://osu.wd1.myworkdayjobs.com/OSUCareers/job/Wooster-Campus/Research-Technician_R158389-1,Research Technician R158389 1,Non-academic,Full-time,,,,
1043,https://osu.wd1.myworkdayjobs.com/OSUCareers/job/Columbus-Campus/Research-Senior-Technician_R148553,Research Senior Technician,Non-academic,Full-time,,,,
1043,https://osu.wd1.myworkdayjobs.com/OSUCareers/job/Columbus-Campus/Visiting-Assistant-Associate-Professor_R150758-1,Visiting Assistant/Associate Professor,Assistant_Professor; Associate_Professor,Full-time,College of Dentistry,IRB submission,,2026-09-01
1043,https://osu.wd1.myworkdayjobs.com/OSUCareers/job/James-Cancer-Hospital-and-Solove-Research-Institute/Equipment-Coordinator_R156741-1,Equipment Coordinator R156741 1,Non-academic,Full-time,,,,
1043,https://osu.wd1.myworkdayjobs.com/OSUCareers/job/College-of-MedicineOffice-of-Health-Sciences/Lead-Teacher---Nisonger-Center_R158232-1,Lead Teacher Nisonger Center R158232 1,Unclassified,Full-time,,,,
1043,https://osu.wd1.myworkdayjobs.com/OSUCareers/job/Columbus-Campus/Assistant-Professor---Practice_R158345-1,Assistant Professor - Practice,Assistant_Professor,Part-time,College of Dentistry,Practice,,2026-09-01
1043,https://osu.wd1.myworkdayjobs.com/OSUCareers/job/Columbus-Campus/Assistant-Professor---Practice-2_R158334-1,Assistant Professor - Practice-2,Assistant_Professor,Part-time,College of Dentistry,,,2026-09-01
1043,https://osu.wd1.myworkdayjobs.com/OSUCareers/job/College-of-MedicineOffice-of-Health-Sciences/Licensed-Pre-K-Teacher---Nisonger-Center_R157710-1,Licensed Pre-K Teacher - Nisonger Center,Non-academic,Full-time,,,,2026-09-01
1043,https://osu.wd1.myworkdayjobs.com/OSUCareers/job/Wooster-Campus/Research-Technician_R158388-1,Research Technician R158388 1,Non-academic,Full-time,,,,
1043,https://osu.wd1.myworkdayjobs.com/OSUCareers/job/College-of-MedicineOffice-of-Health-Sciences/Pre-K-Licensed-Education-Specialist-1---Nisonger-Center_R157961,Pre-K Licensed Education Specialist 1 - Nisonger Center,Non-academic,Part-time,,,,2026-09-01
1043,https://osu.wd1.myworkdayjobs.com/OSUCareers/job/College-of-MedicineOffice-of-Health-Sciences/Physician---Cardiovascular-Medicine--Advanced-Heart-Failure-and-Transplant-Program--Open-Rank-Track-Faculty-_R110954-1,"Physician or Physician Scientist - Cardiovascular Medicine, Director, Advanced Heart Failure and Cardiac Transplant (Open Rank/Track Faculty)",Assistant_Professor; Associate_Professor; Full_Professor; Research_Fellow,Full-time,Division of Cardiovascular Medicine,,,2026-09-01
1043,https://osu.wd1.myworkdayjobs.com/OSUCareers/job/University-Hospital/Facilities-Maintenance-Technician_R153604-1,Facilities Maintenance Technician,Non-academic,Full-time,,,,2026-09-01
1043,https://osu.wd1.myworkdayjobs.com/OSUCareers/job/Outpatient-CareAmbulatory/Community-Outreach-Program-Coordinator--Pulmonary-Critical-Care-and-Sleep_R156112-2,Community Outreach Program Coordinator- Pulmonary Critical Care and Sleep,Non-academic,Full-time,"Division of Pulmonary, Critical Care and Sleep Medicine, Department of Internal Medicine",,,2026-09-11
1043,https://osu.wd1.myworkdayjobs.com/OSUCareers/job/James-Cancer-Hospital-and-Solove-Research-Institute/Clinic-Nurse--RN----GI-Clinic_R151653-1,Clinic Nurse RN GI Clinic R151653 1,Unclassified,Full-time,,,,
1043,https://osu.wd1.myworkdayjobs.com/OSUCareers/job/College-of-MedicineOffice-of-Health-Sciences/Post-Doctoral-Scholar---Health-and-Rehab-Sciences_R157204-1,Post Doctoral Scholar - Health and Rehab Sciences,Research_Fellow,Full-time,,HIV pathogenesis; contribution of HIV,,2026-09-01
1043,https://osu.wd1.myworkdayjobs.com/OSUCareers/job/College-of-MedicineOffice-of-Health-Sciences/Associate-Nurse-Manager---OBGYN_R156530-1,Associate Nurse Manager - OBGYN,Non-academic,Full-time,,,,2026-09-14
1043,https://osu.wd1.myworkdayjobs.com/OSUCareers/job/Columbus-Campus/Player-Development--Women-s-Basketball_R157573,Player Development Women s Basketball,Unclassified,Full-time,,,,
1043,https://osu.wd1.myworkdayjobs.com/OSUCareers/job/College-of-MedicineOffice-of-Health-Sciences/Post-Doctoral-Scholar---Physiology---Cell-Biology_R157814-1,Post Doctoral Scholar Physiology Cell Biology R157814 1,Research_Fellow,Full-time,,,,
1043,https://osu.wd1.myworkdayjobs.com/OSUCareers/job/University-Hospital/Education-Coordinator--Center-for-Minimally-Invasive-Surgery_R157975-1,Education Coordinator Center for Minimally Invasive Surgery R157975 1,Non-academic,Full-time,,,,
1043,https://osu.wd1.myworkdayjobs.com/OSUCareers/job/Health-System-Shared-Services/Population-Health-Nurse-Navigator_R158299-1,Population Health Nurse Navigator,Unclassified,Full-time,,,,2026-09-14
1043,https://osu.wd1.myworkdayjobs.com/OSUCareers/job/Outpatient-CareAmbulatory/Nurse-Navigator_R156369-1,Nurse Navigator - SMA & ALS,Non-academic,Full-time,,,,2026-09-14
1043,https://osu.wd1.myworkdayjobs.com/OSUCareers/job/Columbus-Campus/Assistant-Professor-of-Organizational-Behavior_R155733,Assistant Professor of Organizational Behavior,Assistant_Professor,Full-time,Department of Management and Human Resources,Organizational Behavior; top-tier academic journals Develop; Human Resources,9/15/2026,2026-08-31
1043,https://osu.wd1.myworkdayjobs.com/OSUCareers/job/Columbus-Campus/Seasonal-Admissions-Counselor_R156196-1,Seasonal Admissions Counselor R156196 1,Unclassified,Full-time,,,,
1043,https://osu.wd1.myworkdayjobs.com/OSUCareers/job/University-Hospital/Staff-Nurse--RN----Acute-Care---General-Medicine_R156427-1,Staff Nurse (RN) - Acute Care - General Medicine,Unclassified,Full-time,,,,2026-09-15
1043,https://osu.wd1.myworkdayjobs.com/OSUCareers/job/Columbus-Campus/Administrative-Optometric-Technician_R157267-1,Administrative Optometric Technician,Non-academic,Full-time,,,,2026-09-14
1043,https://osu.wd1.myworkdayjobs.com/OSUCareers/job/Remote-Location/Seasonal-Honors-Reviewer-Manager_R156602-1,Seasonal Honors Reviewer Manager R156602 1,Non-academic,Full-time,,,,
1043,https://osu.wd1.myworkdayjobs.com/OSUCareers/job/Columbus-Campus/Non-OSU-Student-Bus-Driver_R158332,Non OSU Student Bus Driver,Unclassified,Part-time,,,,2026-08-31
1043,https://osu.wd1.myworkdayjobs.com/OSUCareers/job/Remote-Location/Seasonal-Honors-Reviewer_R156606-1,Seasonal Honors Reviewer R156606 1,Unclassified,Full-time,,,,
1043,https://osu.wd1.myworkdayjobs.com/OSUCareers/job/Columbus-Campus/Radiation-Physicist_R158181-1,Radiation Physicist,Unclassified,Full-time,Department of Radiation Medicine,,,2026-08-31
1043,https://osu.wd1.myworkdayjobs.com/OSUCareers/job/College-of-MedicineOffice-of-Health-Sciences/Physician---Department-of-Anesthesiology--Critical-Care-General-Anesthesiologist--Open-Rank-Track-Faculty-_R107499-1,"Physician – Department of Anesthesiology, Critical Care/General Anesthesiologist (Open Rank/Track Faculty)",Assistant_Professor; Associate_Professor; Full_Professor; Research_Fellow,Full-time,Department of Anesthesiology,Associate; Cancer Surgical ICU Work alongside,,2026-08-31
1043,https://osu.wd1.myworkdayjobs.com/OSUCareers/job/Remote-Location/Inpatient-Medical-Coder-3_R151705-2,Inpatient Medical Coder 3,Non-academic,Full-time,,,,2026-08-31
1043,https://osu.wd1.myworkdayjobs.com/OSUCareers/job/Columbus-Campus/Administrative-Assistant-3_R158311-1,Administrative Assistant 3,Unclassified,Part-time,,,,2026-08-31
1043,https://osu.wd1.myworkdayjobs.com/OSUCareers/job/Columbus-Campus/Systems-Accessibility-Analyst_R150798-2,Systems Accessibility Analyst R150798 2,Non-academic,Full-time,,,,
1043,https://osu.wd1.myworkdayjobs.com/OSUCareers/job/University-Hospital/Social--Worker---IRP---University-Hospital-Ross-Heart-Hospital_R157900,Social Worker IRP University Hospital Ross Heart Hospital,Unclassified,Full-time,,,,
1043,https://osu.wd1.myworkdayjobs.com/OSUCareers/job/James-Cancer-Hospital-and-Solove-Research-Institute/Medical-Laboratory-Scientist---Oncology_R156745-1,Medical Laboratory Scientist - Oncology,Non-academic,Full-time,,,,2026-09-10
1043,https://osu.wd1.myworkdayjobs.com/OSUCareers/job/James-Cancer-Hospital-and-Solove-Research-Institute/Medical-Laboratory-Scientist---Oncology_R157159-1,Medical Laboratory Scientist - Oncology,Non-academic,Full-time,,,,2026-09-10
1043,https://osu.wd1.myworkdayjobs.com/OSUCareers/job/Harding-Hospital/Senior-Chaplain_R150451,Senior Chaplain,Non-academic,Full-time,,,,2026-08-31
1043,https://osu.wd1.myworkdayjobs.com/OSUCareers/job/Remote-Location/Metadata-Student-Assistant_R157294-2,Metadata Student Assistant,Non-academic,Part-time,,,,2026-09-09
1043,https://osu.wd1.myworkdayjobs.com/OSUCareers/job/Outpatient-CareAmbulatory/Outpatient-RN-Endoscopy_R146160,Outpatient RN Endoscopy,Unclassified,Full-time,,,,2026-08-31
1043,https://osu.wd1.myworkdayjobs.com/OSUCareers/job/Extension-County-Offices/Extension-Educator--4-H-Youth-Development---Columbiana-County_R158372,Extension Educator 4 H Youth Development Columbiana County,Unclassified,Full-time,,,,
1043,https://osu.wd1.myworkdayjobs.com/OSUCareers/job/Research-Stations-Ag-Operations/Auxiliary-LEO_R157400-1,Auxiliary LEO,Unclassified,Part-time,,,,2026-08-31
1043,https://osu.wd1.myworkdayjobs.com/OSUCareers/job/Extension-County-Offices/Extension-Educators-Coordinator--4-H-Youth-Development---Auglaize-County_R158387-1,"Extension Educators Coordinator, 4-H Youth Development - Auglaize County",Non-academic,Full-time,,,,2026-08-31
1043,https://osu.wd1.myworkdayjobs.com/OSUCareers/job/Lima-Campus/Coordinator-of-Stewardship-and-Donor-Experience--Lima-Campus-_R158138,Coordinator of Stewardship and Donor Experience Lima Campus,Non-academic,Full-time,,Stewardship and Donor Experience Lima Campus,,
1043,https://osu.wd1.myworkdayjobs.com/OSUCareers/job/Columbus-Campus/Undergraduate-Research-Associate--Hort---Crop-_R157020,Undergraduate Research Associate (Hort & Crop),Research_Fellow,Part-time,,,,2026-08-31
1043,https://osu.wd1.myworkdayjobs.com/OSUCareers/job/Harding-Hospital/Staff-Nurse--RN----Inpatient-Medical-Psychiatry_R156665-1,Staff Nurse RN Inpatient Medical Psychiatry R156665 1,Unclassified,Full-time,,,,
1043,https://osu.wd1.myworkdayjobs.com/OSUCareers/job/University-Hospital/Nuclear-Medicine-Tech--15-000-Signing-Bonus-I-James---PET-CT_R155364-1,"Nuclear Medicine Tech $15,000 Signing Bonus I James | PET CT",Unclassified,Full-time,Department of Health required,,,2026-08-31
1043,https://osu.wd1.myworkdayjobs.com/OSUCareers/job/Dodd-Rehabilitation-Hospital/Clinical-Research-Coordinator-Float_R144690-1,Clinical Research Coordinator Float-Clinical Trials Management Office,Non-academic,Full-time,College of Medicine,accordance,,2026-08-31
1043,https://osu.wd1.myworkdayjobs.com/OSUCareers/job/Health-System-Shared-Services/Patient-Accounting-Coordinator-1--Call-Center-_R157610-1,Patient Accounting Coordinator 1 (Call Center),Non-academic,Full-time,,,,2026-08-31
1043,https://osu.wd1.myworkdayjobs.com/OSUCareers/job/University-Hospital/Nursing-Clinical-Instructor---Float-Pool_R155279-1,Nursing Clinical Instructor - Float Pool,Unclassified,Full-time,,Nursing,,2026-08-31
1043,https://osu.wd1.myworkdayjobs.com/OSUCareers/job/East-Hospital/Nursing-Clinical-Instructor---Float_R155274-1,Nursing Clinical Instructor - Float Pool,Unclassified,Full-time,,Nursing,,2026-08-31
1043,https://osu.wd1.myworkdayjobs.com/OSUCareers/job/University-Hospital/Clinic-Nurse--RN----Neuro-Oncology_R155365-1,Clinic Nurse (RN) - Neuro Oncology,Unclassified,Full-time,,,,2026-08-31
1043,https://osu.wd1.myworkdayjobs.com/OSUCareers/job/Columbus-Campus/Assistant-Professor---Associate-Professor---Professor-Salmon-P-Chase-Center-for-Civics--Culture--and-Society_R158184,"Assistant Professor / Associate Professor / Professor Salmon P. Chase Center for Civics, Culture, and Society",Assistant_Professor; Associate_Professor; Full_Professor,Full-time,"Center for Civics, Culture, and Society",,,2026-08-31
1043,https://osu.wd1.myworkdayjobs.com/OSUCareers/job/Columbus-Campus/Commodity-Manager_R158167-1,Commodity Manager R158167 1,Non-academic,Full-time,,,,
1043,https://osu.wd1.myworkdayjobs.com/OSUCareers/job/Columbus-Campus/College-of-Nursing-Lecturer-Faculty-Opening_R150172-1,College of Nursing Lecturer Faculty Opening,Lecturer,Part-time,College of Nursing Lecturer Faculty Opening,Nursing Lecturer Faculty Opening,,2026-08-31
1043,https://osu.wd1.myworkdayjobs.com/OSUCareers/job/Outpatient-CareAmbulatory/Clinic-Nurse--RN----Palliative-Care_R156372-1,Clinic Nurse (RN) - Palliative Care,Unclassified,Full-time,,,,2026-08-31
1043,https://osu.wd1.myworkdayjobs.com/OSUCareers/job/Columbus-Campus/Optometry-Claims-Coordinator-2_R156341-1,Optometry Claims Coordinator 2 R156341 1,Non-academic,Full-time,,,,
1043,https://osu.wd1.myworkdayjobs.com/OSUCareers/job/Columbus-Campus/Assistant-Professor---Practice_R157711-1,Assistant Professor - Practice,Assistant_Professor,Part-time,faculty of the highest caliber is a core component of this commitment,Practice; dental materials science; maxillofacial pathology,,2026-08-31
1043,https://osu.wd1.myworkdayjobs.com/OSUCareers/job/Columbus-Campus/Dental-Surgical-Assistant_R158359-1,Dental Surgical Assistant,Unclassified,Full-time,Division of Oral and Maxillofacial Surgery,,,2026-08-31
1043,https://osu.wd1.myworkdayjobs.com/OSUCareers/job/East-Hospital/Inpatient-Registered-Nurse--RN---Operating-Room--Rotating-Shift_R150318-1,Inpatient Registered Nurse RN Operating Room Rotating Shift R150318 1,Unclassified,Full-time,,,,
1043,https://osu.wd1.myworkdayjobs.com/OSUCareers/job/OSU-Health-Plan/Clinical-Research-Coordinator-Endocrinology--Diabetes-and-Metabolism_R157181-1,Clinical Research Coordinator Endocrinology Diabetes and Metabolism R157181 1,Non-academic,Full-time,,,,
1043,https://osu.wd1.myworkdayjobs.com/OSUCareers/job/Outpatient-CareAmbulatory/RN-Case-Manager_R157888-1,RN Case Manager R157888 1,Non-academic,Full-time,,,,
1043,https://osu.wd1.myworkdayjobs.com/OSUCareers/job/Columbus-Campus/Receiving-and-Distribution-Senior-Coordinator_R158366-1,Receiving and Distribution Senior Coordinator,Non-academic,Full-time,,,,2026-08-31
1043,https://osu.wd1.myworkdayjobs.com/OSUCareers/job/Columbus-Campus/Patient-Care-Coordinator_R149993-1,Patient Care Coordinator R149993 1,Non-academic,Full-time,,,,
1043,https://osu.wd1.myworkdayjobs.com/OSUCareers/job/University-Hospital/Staff-Nurse--RN----Acute-Care---Trauma-Surgical_R157859-1,Staff Nurse (RN) - Acute Care - Trauma Surgical,Unclassified,Full-time,,,,2026-08-31
1043,https://osu.wd1.myworkdayjobs.com/OSUCareers/job/Ross-Heart-Hospital/Scheduling-Coordinator_R157774-1,Scheduling Coordinator R157774 1,Non-academic,Full-time,,,,
1043,https://osu.wd1.myworkdayjobs.com/OSUCareers/job/College-of-MedicineOffice-of-Health-Sciences/Clinical-Research-Coordinator--Cardiovascular-Medicine_R158158-1,Clinical Research Coordinator Cardiovascular Medicine R158158 1,Non-academic,Full-time,,,,
1043,https://osu.wd1.myworkdayjobs.com/OSUCareers/job/University-Hospital/Staff-Nurse---B--RN--Neuro-Stroke-Progressive-Care_R152095-1,Staff Nurse - B (RN) Neuro/Stroke Progressive Care,Unclassified,Full-time,,,,2026-08-28
1043,https://osu.wd1.myworkdayjobs.com/OSUCareers/job/James-Cancer-Hospital-and-Solove-Research-Institute/Advanced-Practice-Provider--NP-PA----Inpatient-Hematology---Nocturnal_R158269,Advanced Practice Provider (NP/PA) - Inpatient Hematology - Nocturnal,Unclassified,Full-time,,,,2026-08-28
1043,https://osu.wd1.myworkdayjobs.com/OSUCareers/job/Columbus-Campus/Global-Programs-Coordinator_R153808-1,Global Programs Coordinator,Non-academic,Full-time,College of Veterinary Medicine,,,2026-08-28
1043,https://osu.wd1.myworkdayjobs.com/OSUCareers/job/James-Cancer-Hospital-and-Solove-Research-Institute/Associate-Nurse-Manager--RN----Rotational_R156735-1,Associate Nurse Manager (RN) - MICU,Non-academic,Full-time,,,,2026-09-08
1043,https://osu.wd1.myworkdayjobs.com/OSUCareers/job/Columbus-Campus/Licensing-Officer_R157884-1,Licensing Officer,Unclassified,Full-time,College of Engineering,,,2026-08-28
1043,https://osu.wd1.myworkdayjobs.com/OSUCareers/job/University-Hospital/Diagnostic-Transportation-Training-Specialist_R157085-1,Diagnostic Transportation Training Specialist R157085 1,Non-academic,Full-time,,,,
1043,https://osu.wd1.myworkdayjobs.com/OSUCareers/job/Columbus-Campus/Student-Research-Technician_R156910-1,Student Research Technician,Non-academic,Part-time,College of Arts and Sciences seeks a Student Research Technician to join our team,,,2026-08-28
1043,https://osu.wd1.myworkdayjobs.com/OSUCareers/job/James-Cancer-Hospital-and-Solove-Research-Institute/Lab-Services-Coordinator---Clinical-Trials-Processing-Lab_R154828-1,Lab Services Coordinator - Clinical Trials Processing Lab - Days,Non-academic,Full-time,,,,2026-09-09
1043,https://osu.wd1.myworkdayjobs.com/OSUCareers/job/Columbus-Campus/Associate-Vice-President-for-Facilities-and-Infrastructure_R157670-2,Associate Vice President for Facilities and Infrastructure,Unclassified,Full-time,,Campus Chemical Instrument Center; Campus Microscopy,,2026-08-28
1043,https://osu.wd1.myworkdayjobs.com/OSUCareers/job/University-Hospital/Staff-Nurse--Medical-Intensive-Care-Unit--MICU----University-Hospital_R124980,Staff Nurse- Medical Intensive Care Unit (MICU),Unclassified,Full-time,,,,2026-08-28
1043,https://osu.wd1.myworkdayjobs.com/OSUCareers/job/Columbus-Campus/Reporting-and-Analytics-Analyst_R154807-1,Reporting and Analytics Analyst 2 - Government Resource Center,Non-academic,Full-time,,project-based team,,2026-08-28
1043,https://osu.wd1.myworkdayjobs.com/OSUCareers/job/University-Hospital/Lead-Surgical-Technologist---Inpatient_R158060-1,Lead Surgical Technologist Inpatient R158060 1,Unclassified,Full-time,,,,
1043,https://osu.wd1.myworkdayjobs.com/OSUCareers/job/James-Cancer-Hospital-and-Solove-Research-Institute/Advanced-Practice-Provider--NP-PA----Inpatient-Hematology---Rotational_R158223-1,Advanced Practice Provider (NP/PA) - Inpatient Hematology - Rotational,Unclassified,Full-time,,,,2026-08-28
1043,https://osu.wd1.myworkdayjobs.com/OSUCareers/job/Columbus-Campus/Assistant-Associate-Professor-of-Artificial-Intelligence-and-Machine-Learning-in-Veterinary-Population-Health_R157662-1,Assistant/Associate Professor of Artificial Intelligence and Machine Learning in Veterinary Population Health,Assistant_Professor; Associate_Professor,Full-time,Department of Veterinary Preventive Medicine   in the College of Veterinary Medicine,Artificial Intelligence and Machine Learning in Veterinary Population Health; applying innovative computational methods; disease prevention,,2026-08-28
1043,https://osu.wd1.myworkdayjobs.com/OSUCareers/job/James-Cancer-Hospital-and-Solove-Research-Institute/Inventory-Coordinator_R156317-1,Inventory Coordinator R156317 1,Non-academic,Full-time,,,,
1043,https://osu.wd1.myworkdayjobs.com/OSUCareers/job/James-Cancer-Hospital-and-Solove-Research-Institute/Physical-Therapist_R157318-2,Physical Therapist,Non-academic,Full-time,,,,2026-08-28
1043,https://osu.wd1.myworkdayjobs.com/OSUCareers/job/Columbus-Campus/Aircraft-Mechanic_R152917-1,Aircraft Mechanic,Unclassified,Full-time,,,,2026-08-28
1043,https://osu.wd1.myworkdayjobs.com/OSUCareers/job/James-Cancer-Hospital-and-Solove-Research-Institute/Senior-Specialty-Practice-Pharmacist---Palliative_R158125-2,Senior Specialty Practice Pharmacist - Palliative,Unclassified,Full-time,,,,2026-08-28
1043,https://osu.wd1.myworkdayjobs.com/OSUCareers/job/College-of-MedicineOffice-of-Health-Sciences/Physician---Radiology--Nuclear-Medicine-Physician-Nuclear-Radiologist-Open-Rank-Track-Faculty-_R101389-1,"Physician - Department of Radiology, Nuclear Medicine Physician/Nuclear Radiologist(Open Rank/Track Faculty)",Assistant_Professor; Associate_Professor; Full_Professor; Research_Fellow,Full-time,Department of Radiology,imaging technology innovation; artificial intelligence,,2026-09-09
1043,https://osu.wd1.myworkdayjobs.com/OSUCareers/job/College-of-MedicineOffice-of-Health-Sciences/Physician---Radiology--Neuroradiologist--Day-Shift--Open-Rank-Track-Faculty-_R103294-1,"Physician - Department of Radiology, Neuroradiologist - Onsite (Open Rank/Track Faculty)",Assistant_Professor; Associate_Professor; Full_Professor; Research_Fellow,Part-time,"Department of Radiology, Neuroradiologist",,,2026-09-09
1043,https://osu.wd1.myworkdayjobs.com/OSUCareers/job/University-Hospital/Lead-Medical-Laboratory-Scientist---Central-Processing-Area_R157321-1,Lead Medical Laboratory Scientist Central Processing Area R157321 1,Unclassified,Full-time,,,,
1043,https://osu.wd1.myworkdayjobs.com/OSUCareers/job/College-of-MedicineOffice-of-Health-Sciences/Physician---Radiology--Musculoskeletal-Radiologist--Open-Rank-Track-Faculty-_R103753-1,"Physician - Department of Radiology, Musculoskeletal Radiologist (Open Rank/Track Faculty)",Assistant_Professor; Associate_Professor; Full_Professor; Research_Fellow,Full-time,"Department of Radiology, Musculoskeletal Radiologist",imaging technology innovation; artificial intelligence,,2026-09-09
1043,https://osu.wd1.myworkdayjobs.com/OSUCareers/job/College-of-MedicineOffice-of-Health-Sciences/Physician---Radiology--Emergency-Radiologist--Open-Rank-Track-Faculty-_R102425-1,"Physician - Department of Radiology, Emergency Radiologist (Open Rank/Track Faculty)",Assistant_Professor; Associate_Professor; Full_Professor; Research_Fellow,Full-time,"Department of Radiology, Emergency Radiologist",imaging technology innovation; artificial intelligence,,2026-09-09
1043,https://osu.wd1.myworkdayjobs.com/OSUCareers/job/College-of-MedicineOffice-of-Health-Sciences/Physician---Radiology--Breast-Imaging-Radiologist--Open-Rank-Track-Faculty-_R103188-1,"Physician - Department of Radiology, Breast Imaging Radiologist (Open Rank/Track Faculty)",Assistant_Professor; Associate_Professor; Full_Professor; Research_Fellow,Full-time,"Department of Radiology, Breast Imaging Radiologist",imaging technology innovation; artificial intelligence,,2026-09-09
1043,https://osu.wd1.myworkdayjobs.com/OSUCareers/job/Outpatient-CareAmbulatory/Phlebotomist---Outpatient_R158109,Phlebotomist - Outpatient,Non-academic,Full-time,,,,2026-09-09
1043,https://osu.wd1.myworkdayjobs.com/OSUCareers/job/Remote-Location/Physician---Radiology--Thoracic_R157564-1,Physician Radiology Thoracic R157564 1,Unclassified,Full-time,,,,
1043,https://osu.wd1.myworkdayjobs.com/OSUCareers/job/Columbus-Campus/Patient-Intake---Registration-Specialist_R153969,Patient Intake Registration Specialist,Non-academic,Full-time,,,,
1043,https://osu.wd1.myworkdayjobs.com/OSUCareers/job/University-Hospital/Medical-Laboratory-Scientist---Critical-Care_R158081-1,Medical Laboratory Scientist - Critical Care,Non-academic,Full-time,,,,2026-08-28
1043,https://osu.wd1.myworkdayjobs.com/OSUCareers/job/University-Hospital/Medical-Laboratory-Scientist---Critical-Care_R158078-1,Medical Laboratory Scientist - Critical Care,Non-academic,Full-time,,,,2026-08-28
1043,https://osu.wd1.myworkdayjobs.com/OSUCareers/job/University-Hospital/Medical-Laboratory-Scientist---Critical-Care_R158080,Medical Laboratory Scientist Critical Care,Unclassified,Full-time,,,,
1043,https://osu.wd1.myworkdayjobs.com/OSUCareers/job/University-Hospital/Medical-Laboratory-Scientist---Critical-Care_R158072-1,Medical Laboratory Scientist - Critical Care,Non-academic,Full-time,,,,2026-08-28
1043,https://osu.wd1.myworkdayjobs.com/OSUCareers/job/Columbus-Campus/Assistant-Professor---Practice_R154518-2,Assistant Professor - Practice,Assistant_Professor,Part-time,College of Dentistry,Practice,,2026-08-28
1043,https://osu.wd1.myworkdayjobs.com/OSUCareers/job/University-Hospital/Medical-Laboratory-Scientist---Critical-Care_R158063-1,Medical Laboratory Scientist - Critical Care,Non-academic,Full-time,,,,2026-08-28
1043,https://osu.wd1.myworkdayjobs.com/OSUCareers/job/Columbus-Campus/Administrative-Assistant_R157877,Administrative Assistant,Assistant_Professor; Associate_Professor; Full_Professor,Full-time,Division of Periodontology within the College of Dentistry,,,2026-09-08
1043,https://osu.wd1.myworkdayjobs.com/OSUCareers/job/University-Hospital/Medical-Laboratory-Scientist---Microbiology_R157851-1,Medical Laboratory Scientist - Microbiology,Non-academic,Full-time,Department of Clinical Laboratories,,,2026-08-28
1043,https://osu.wd1.myworkdayjobs.com/OSUCareers/job/University-Hospital/Manager--Cytology---Pathology_R158051-1,"Manager, Cytology - Pathology",Non-academic,Full-time,,,,2026-08-28
1043,https://osu.wd1.myworkdayjobs.com/OSUCareers/job/Columbus-Campus/Revenue-Cycle-Services-Coordinator-3_R157081-1,Revenue Cycle Services Coordinator 3 R157081 1,Non-academic,Full-time,,,,
1043,https://osu.wd1.myworkdayjobs.com/OSUCareers/job/Columbus-Campus/Post-Doctoral-Scholar_R151630-2,Post Doctoral Scholar,Research_Fellow,Full-time,Center for Quantum Information Science and Engineering,,,2026-09-11
1043,https://osu.wd1.myworkdayjobs.com/OSUCareers/job/Columbus-Campus/Student-Recruiter_R157742-1,Student Recruiter,Unclassified,Full-time,"Center for Civics, Culture, and Society Salmon P",,,2026-08-28
1043,https://osu.wd1.myworkdayjobs.com/OSUCareers/job/Columbus-Campus/Communications-Specialist_R157582-1,Communications Specialist R157582 1,Non-academic,Full-time,,,,
1043,https://osu.wd1.myworkdayjobs.com/OSUCareers/job/Columbus-Campus/Research-Technician_R158061-2,Research Technician R158061 2,Non-academic,Full-time,,,,
1043,https://osu.wd1.myworkdayjobs.com/OSUCareers/job/Health-System-Shared-Services/Financial-Acct-Analyst-Med-Ctr_R155533-1,Financial Acct Analyst-Med Ctr,Non-academic,Full-time,,,,2026-09-16
1043,https://osu.wd1.myworkdayjobs.com/OSUCareers/job/Columbus-Campus/Senior-Project-Manager-Utility-Program-Integration--ENGIE-_R157768-1,Senior Project Manager-Utility Program Integration (ENGIE),Non-academic,Full-time,,,,2026-08-27
1043,https://osu.wd1.myworkdayjobs.com/OSUCareers/job/University-Hospital/Occupational-Therapist_R153624-2,Occupational Therapist (OT) Acute Inpatient,Unclassified,Full-time,,,,2026-08-27
1043,https://osu.wd1.myworkdayjobs.com/OSUCareers/job/Columbus-Campus/Dental-Assistant_R155796-1,Dental Assistant & Mobile Clinic Driver,Non-academic,Full-time,College of Dentistry seeks a Dental Assistant,,,2026-08-27
1043,https://osu.wd1.myworkdayjobs.com/OSUCareers/job/University-Hospital/Occupational-Therapist_R146207-2,Occupational Therapist R146207 2,Unclassified,Full-time,,,,
1043,https://osu.wd1.myworkdayjobs.com/OSUCareers/job/Ross-Heart-Hospital/Occupational-Therapist_R145709-2,Occupational Therapist (OT) - Acute Inpatient,Unclassified,Full-time,,,,2026-08-27
1043,https://osu.wd1.myworkdayjobs.com/OSUCareers/job/Ross-Heart-Hospital/Occupational-Therapist_R146103-1,Occupational Therapist (OT) - Acute Inpatient,Unclassified,Full-time,,,,2026-09-14
1043,https://osu.wd1.myworkdayjobs.com/OSUCareers/job/James-Cancer-Hospital-and-Solove-Research-Institute/Occupational-Therapist_R155517-3,Occupational Therapist R155517 3,Unclassified,Full-time,,,,
1043,https://osu.wd1.myworkdayjobs.com/OSUCareers/job/Harding-Hospital/Occupational-Therapist_R143100-3,Occupational Therapist R143100 3,Unclassified,Full-time,,,,
1043,https://osu.wd1.myworkdayjobs.com/OSUCareers/job/Dodd-Rehabilitation-Hospital/Occupational-Therapist_R151161-3,Occupational Therapist (OT) - Acute Inpatient,Unclassified,Full-time,,,,2026-09-14
1043,https://osu.wd1.myworkdayjobs.com/OSUCareers/job/Columbus-Campus/Research-Associate---Comprehensive-Cancer-Center_R158159-1,Research Associate - Comprehensive Cancer Center,Research_Fellow,Full-time,,,,2026-08-27
1043,https://osu.wd1.myworkdayjobs.com/OSUCareers/job/Columbus-Campus/NIH-D43-Program-Administrator_R157601-1,NIH D43 Program Administrator,Research_Fellow,Full-time,,,,2026-08-27
1043,https://osu.wd1.myworkdayjobs.com/OSUCareers/job/James-Cancer-Hospital-and-Solove-Research-Institute/Assistant-Nurse-Manager---Intervention-Radiology---The-James_R153872,Associate Nurse Manager- Intervention Radiology - Oncology,Non-academic,Full-time,,,,2026-08-27
1043,https://osu.wd1.myworkdayjobs.com/OSUCareers/job/Remote-Location/Pharmacist---Clinical-Applications_R157543-1,Pharmacist - Clinical Applications,Unclassified,Full-time,College of Pharmacy,,,2026-08-27
1043,https://osu.wd1.myworkdayjobs.com/OSUCareers/job/Columbus-Campus/Researcher-1_R157910-1,Researcher 1 R157910 1,Unclassified,Full-time,,,,
1043,https://osu.wd1.myworkdayjobs.com/OSUCareers/job/Columbus-Campus/Sports-Public-Address-Announcer---Table-Official_R158183-2,Sports Public Address Announcer & Table Official,Unclassified,Part-time,Center for Tomorrow,,,2026-08-27
1043,https://osu.wd1.myworkdayjobs.com/OSUCareers/job/University-Hospital/Staff-Nurse--RN----Acute-Care---General-Medicine_R154706-1,Staff Nurse (RN) - Acute Care - General Medicine,Unclassified,Full-time,,,,2026-08-27
1043,https://osu.wd1.myworkdayjobs.com/OSUCareers/job/University-Hospital/Clinical-Dietitian_R157378-1,Clinical Dietitian R157378 1,Unclassified,Full-time,,,,
1043,https://osu.wd1.myworkdayjobs.com/OSUCareers/job/James-Cancer-Hospital-and-Solove-Research-Institute/Anesthesia-Technician---The-James--Full-Time-_R157096-1,Anesthesia Technician The James Full Time R157096 1,Non-academic,Full-time,,,,
1043,https://osu.wd1.myworkdayjobs.com/OSUCareers/job/Outpatient-CareAmbulatory/Clinical-Research-Coordinator-Clinical-Trials-Management-Office_R152718-1,Clinical Research Coordinator-Clinical Trials Management Office,Non-academic,Full-time,College of Medicine,accordance,,2026-09-16
1043,https://osu.wd1.myworkdayjobs.com/OSUCareers/job/University-Hospital/Anesthesia-Technician---University-Hospital---Full-Time_R157334-1,Anesthesia Technician - University Hospital - Full Time,Non-academic,Full-time,,,,2026-09-11
1043,https://osu.wd1.myworkdayjobs.com/OSUCareers/job/University-Hospital/Student-Nurse-Assistant_R158228-2,Student Nurse Assistant,Non-academic,Part-time,,,,2026-08-27
1043,https://osu.wd1.myworkdayjobs.com/OSUCareers/job/Columbus-Campus/Event-Services-Associate--CASE_R157111,Event Services Associate CASE,Unclassified,Full-time,,,,
1043,https://osu.wd1.myworkdayjobs.com/OSUCareers/job/College-of-MedicineOffice-of-Health-Sciences/Physician---Otolaryngology---Skull-Base-and-Ablative-Head-and-Neck-Surgery-Fellow_R158227-1,Physician - Otolaryngology - Skull Base and Ablative Head and Neck Surgery Fellow,Assistant_Professor; Associate_Professor; Research_Fellow,Full-time,Department of Otolaryngology,clinical medicine; basic science,,2026-08-27
1043,https://osu.wd1.myworkdayjobs.com/OSUCareers/job/Columbus-Campus/Program-Manager--Faculty-Affairs-Medical-Oncology_R154491-1,Program Manager Faculty Affairs Medical Oncology R154491 1,Non-academic,Full-time,,Program Manager,,
1043,https://osu.wd1.myworkdayjobs.com/OSUCareers/job/Columbus-Campus/Assistant-Chef_R155022-2,Assistant Chef,Non-academic,Full-time,,,,2026-09-11
1043,https://osu.wd1.myworkdayjobs.com/OSUCareers/job/College-of-MedicineOffice-of-Health-Sciences/Physician---Department-of-Neurological-Surgery--Division-of-Skull-Base--Open-Rank-Track-Faculty-_R158225-1,"Physician - Department of Neurological Surgery, Division of Skull Base (Open Rank/Track Faculty)",Assistant_Professor; Associate_Professor; Full_Professor; Research_Fellow,Full-time,"Department of Neurological Surgery, Division of Skull Base",translational,,2026-08-27
1043,https://osu.wd1.myworkdayjobs.com/OSUCareers/job/James-Cancer-Hospital-and-Solove-Research-Institute/Scheduling-Senior-Coordinator_R156367-1,Scheduling Senior Coordinator R156367 1,Non-academic,Full-time,,,,
1043,https://osu.wd1.myworkdayjobs.com/OSUCareers/job/College-of-MedicineOffice-of-Health-Sciences/Post-doctoral-Scholar-Medical-Oncology_R157987-1,Post doctoral Scholar Medical Oncology R157987 1,Research_Fellow,Full-time,,,,
1043,https://osu.wd1.myworkdayjobs.com/OSUCareers/job/University-Hospital/Scheduling-Senior-Coordinator_R157040-1,Scheduling Senior Coordinator R157040 1,Non-academic,Full-time,,,,
1043,https://osu.wd1.myworkdayjobs.com/OSUCareers/job/James-Cancer-Hospital-and-Solove-Research-Institute/Scheduling-Senior-Coordinator_R156388-1,Oncology Scheduler,Non-academic,Full-time,,,,2026-08-27
1043,https://osu.wd1.myworkdayjobs.com/OSUCareers/job/James-Cancer-Hospital-and-Solove-Research-Institute/Scheduling-Senior-Coordinator_R154161-2,Oncology Scheduler,Non-academic,Full-time,,,,2026-08-27
1043,https://osu.wd1.myworkdayjobs.com/OSUCareers/job/Extension-County-Offices/Extension-Educator-Coordinator-3--Development-of-Living-Skills---Butler-County_R155658-1,"Extension Educator Coordinator 3, Development of Living Skills - Butler County",Non-academic,Full-time,,Living Skills,,2026-09-16
1043,https://osu.wd1.myworkdayjobs.com/OSUCareers/job/College-of-MedicineOffice-of-Health-Sciences/Assistant-Teacher---Nisonger-Center_R158212,Assistant Teacher - Nisonger Center,Unclassified,Full-time,,CACFP meal,,2026-08-27
1043,https://osu.wd1.myworkdayjobs.com/OSUCareers/job/University-Hospital/Staff-Nurse--RN----Acute-Care---General-Medicine_R151074-1,Staff Nurse (RN) - Acute Care - General Medicine,Unclassified,Full-time,,,,2026-08-27
1043,https://osu.wd1.myworkdayjobs.com/OSUCareers/job/Columbus-Campus/Visual-Media-Producer_R157626-1,Visual Media Producer R157626 1,Unclassified,Full-time,,,,
1043,https://osu.wd1.myworkdayjobs.com/OSUCareers/job/Wooster-Campus/Greenhouse-Student-Assistant---ATI_R158049,Greenhouse Student Assistant - ATI,Unclassified,Part-time,,,,2026-08-26
1043,https://osu.wd1.myworkdayjobs.com/OSUCareers/job/Wooster-Campus/Student-Research-Assistant-2---HCS_R158004-2,Student Research Assistant 2 - HCS,Non-academic,Part-time,,,,2026-08-26
1043,https://osu.wd1.myworkdayjobs.com/OSUCareers/job/Columbus-Campus/Undergrad-Research-Assistant-2_R157639-2,Undergrad Research Assistant 2,Non-academic,Part-time,,,,2026-08-26
1043,https://osu.wd1.myworkdayjobs.com/OSUCareers/job/University-Hospital/Clinic-Nurse--RN----Chemotherapy_R156853-1,Clinic Nurse (RN) - Chemotherapy,Unclassified,Full-time,,,,2026-08-26
1043,https://osu.wd1.myworkdayjobs.com/OSUCareers/job/Health-System-Shared-Services/Nursing-Professional-Practice---Governance-Specialist_R157273,Nursing Professional Practice & Governance Specialist,Assistant_Professor; Associate_Professor; Full_Professor,Full-time,College of Nursing and partners across the organization to expand EBP,,,2026-09-09
1043,https://osu.wd1.myworkdayjobs.com/OSUCareers/job/OSU-Health-Plan/Switchboard-Operator---2nd-Shift_R156501-1,Switchboard Operator - 2nd Shift,Unclassified,Full-time,,,,2026-09-11
1043,https://osu.wd1.myworkdayjobs.com/OSUCareers/job/College-of-MedicineOffice-of-Health-Sciences/PhD-Faculty---Radiology--Translational-Biomedical-Imaging-Research_R127243-1,"Associate/Full Professor - Faculty - Radiology, Translational Biomedical Imaging Research",Associate_Professor; Full_Professor,Full-time,Department of Radiology,Translational Biomedical Imaging Research; molecular imaging applications; NIH grant funding of,,2026-08-26
1043,https://osu.wd1.myworkdayjobs.com/OSUCareers/job/Columbus-Campus/Senior-Engineer---Additive-Manufacturing_R151155-1,Senior Engineer Additive Manufacturing R151155 1,Unclassified,Full-time,,,,
1043,https://osu.wd1.myworkdayjobs.com/OSUCareers/job/Columbus-Campus/HR-Service-Center-Representative-2_R156393-1,HR Service Center Representative 2 R156393 1,Unclassified,Full-time,,,,
1043,https://osu.wd1.myworkdayjobs.com/OSUCareers/job/University-Hospital/Lactation-Consultant_R156825-1,Lactation Consultant,Unclassified,Full-time,Department of women and Infants Nursing and the Medical Center,,,2026-08-26
1043,https://osu.wd1.myworkdayjobs.com/OSUCareers/job/Columbus-Campus/Ohio-State-Student-Farm-Production-Coordinator_R154360-2,Ohio State Student Farm Production Coordinator R154360 2,Non-academic,Full-time,,,,
1043,https://osu.wd1.myworkdayjobs.com/OSUCareers/job/College-of-MedicineOffice-of-Health-Sciences/Education-Program-Specialist-3---CTSI_R157216-1,Education Program Specialist 3 - CTSI,Non-academic,Full-time,,,,2026-08-26
1043,https://osu.wd1.myworkdayjobs.com/OSUCareers/job/Health-System-Shared-Services/Manager--Nursing-Business-Operations_R157504-1,Manager Nursing Business Operations R157504 1,Non-academic,Full-time,,,,
1043,https://osu.wd1.myworkdayjobs.com/OSUCareers/job/James-Cancer-Hospital-and-Solove-Research-Institute/Nursing-Professional-Development-Practitioner---Operating-Room_R150481-1,Nursing Professional Development Practitioner (Nursing Educator) - Operating Room,Unclassified,Full-time,,,,2026-09-16
1043,https://osu.wd1.myworkdayjobs.com/OSUCareers/job/Dodd-Rehabilitation-Hospital/Staff-Nurse--RN----Acute-Inpatient-Rehabilitation_R150423,Staff Nurse (RN) - Acute Inpatient Rehabilitation,Unclassified,Full-time,,,,2026-09-16
1043,https://osu.wd1.myworkdayjobs.com/OSUCareers/job/Harding-Hospital/Staff-Nurse--RN----Inpatient-Psychiatry-Float-Pool_R150682,Staff Nurse (RN) - Inpatient Psychiatry Float Pool,Unclassified,Full-time,,,,2026-09-16
1043,https://osu.wd1.myworkdayjobs.com/OSUCareers/job/University-Hospital/Advanced-Practice-Provider--NP-PA----Transplant-ICU---Rotational_R153886,Advanced Practice Provider (NP/PA) - Transplant ICU - Rotational,Unclassified,Full-time,,,,2026-09-16
1043,https://osu.wd1.myworkdayjobs.com/OSUCareers/job/Columbus-Campus/Special-Events-Assistant-2-Part-time_R146725-1,Special Events Assistant 2-Part-time,Unclassified,Part-time,,,,2026-08-26
1043,https://osu.wd1.myworkdayjobs.com/OSUCareers/job/University-Hospital/Advanced-Practice-Provider--NP-PA----PVAT---Interventional-Radiology-Bedside-Procedure-Service_R151976-1,Advanced Practice Provider NP PA PVAT Interventional Radiology Bedside Procedure Service R151976 1,Unclassified,Full-time,,,,
1043,https://osu.wd1.myworkdayjobs.com/OSUCareers/job/Dodd-Rehabilitation-Hospital/Assistant-Professor_R115422-2,Tenure Track/ Open Rank Research Faculty in PM&R,Assistant_Professor; Associate_Professor; Full_Professor; Research_Fellow,Full-time,Department of Physical Medicine and Rehabilitation,PM&R; Statement Please summarize your previous,,2026-08-26
1043,https://osu.wd1.myworkdayjobs.com/OSUCareers/job/College-of-MedicineOffice-of-Health-Sciences/Research-Associate--Neuroscience_R156583-2,Research Associate- Neuroscience,Research_Fellow,Full-time,,,,2026-08-26
1043,https://osu.wd1.myworkdayjobs.com/OSUCareers/job/Outpatient-CareAmbulatory/Administrative-Assistant-3--Otolaryngology_R158041-1,Administrative Assistant 3 Otolaryngology R158041 1,Unclassified,Full-time,,,,
1043,https://osu.wd1.myworkdayjobs.com/OSUCareers/job/Columbus-Campus/Post-Doctoral-Scholar_R154022,Post Doctoral Scholar,Research_Fellow,Full-time,,,,
1043,https://osu.wd1.myworkdayjobs.com/OSUCareers/job/College-of-MedicineOffice-of-Health-Sciences/Assistant-Professor---Clinical_R158100-1,Assistant Professor - Clinical,Assistant_Professor,Full-time,,Clinical,,2026-08-26
1043,https://osu.wd1.myworkdayjobs.com/OSUCareers/job/College-of-MedicineOffice-of-Health-Sciences/Physician---Department-of-Anesthesiology--General-Anesthesiologist--Open-Rank-Track-Faculty-_R101265-2,"Physician – Department of Anesthesiology, General Anesthesiologist (Open Rank/Track Faculty)",Assistant_Professor; Associate_Professor; Full_Professor; Research_Fellow,Full-time,"Department of Anesthesiology, General Anesthesiologist",,,2026-08-26
1043,https://osu.wd1.myworkdayjobs.com/OSUCareers/job/College-of-MedicineOffice-of-Health-Sciences/Undergraduate-Academic-Advisor-1---School-of-Health-and-Rehab-Sciences_R157811-2,Undergraduate Academic Advisor 1 - School of Health and Rehab Sciences,Unclassified,Full-time,School of Health and Rehab Sciences,,,2026-08-26
1043,https://osu.wd1.myworkdayjobs.com/OSUCareers/job/Remote-Location/Registration-Coordinator---Dublin-Infusion-Clinic_R157366,Infusion Scheduler,Non-academic,Full-time,,,,2026-09-11
1043,https://osu.wd1.myworkdayjobs.com/OSUCareers/job/Outpatient-CareAmbulatory/Patient-Care-Associate---Full-time---First-Shift---Monday---Friday---Ambulatory-Care_R156678,Patient Care Associate - Full-time | First Shift | Monday - Friday | Ambulatory Care,Unclassified,Full-time,,,,2026-08-26
1043,https://osu.wd1.myworkdayjobs.com/OSUCareers/job/Outpatient-CareAmbulatory/MRI-Tech--15-000-Signing-Bonus-I-Outpatient-Care-Powell-Imaging_R155298,"MRI Tech $15,000 Signing Bonus I Outpatient Care Powell Imaging",Non-academic,Full-time,,,,2026-08-26
1043,https://osu.wd1.myworkdayjobs.com/OSUCareers/job/Outpatient-CareAmbulatory/Integrative-Health-Fitness-Instructor---IRP_R146625-1,Integrative Health Fitness Instructor Contingent I OSU Center for Integrative Medicine,Unclassified,Part-time,Center for Integrative Medicine,Integrative Health Fitness,,2026-08-26
1043,https://osu.wd1.myworkdayjobs.com/OSUCareers/job/Outpatient-CareAmbulatory/Nuclear-Tech-PET-Research--15-000-Signing-Bonus_R153019-1,"Nuclear Tech PET/Research $15,000 Signing Bonus I Morehouse Plaza",Non-academic,Full-time,Department of Health Radiology Licensure,,,2026-08-26
1043,https://osu.wd1.myworkdayjobs.com/OSUCareers/job/University-Hospital/Radiologist-Assistant--15-000-Signing-Bonus_R142805-1,"Registered Radiologist Assistant $15,000 Signing Bonus University Hospital | Radiology",Unclassified,Full-time,,,,2026-08-26
1043,https://osu.wd1.myworkdayjobs.com/OSUCareers/job/Outpatient-CareAmbulatory/CT-Tech--15-000-Signing-Bonus-Morehouse-Plaza-Imaging_R149334,"CT Tech $15,000 Signing Bonus Morehouse Plaza Imaging",Non-academic,Full-time,,,,2026-08-26
1043,https://osu.wd1.myworkdayjobs.com/OSUCareers/job/James-Cancer-Hospital-and-Solove-Research-Institute/Multi-Modality-Tech--15-000-Signing-Bonus-I-Spielman-Breast-Center_R151217-1,"MRI Tech $15,000 Signing Bonus I Spielman Breast Center",Non-academic,Full-time,,,,2026-08-26
1043,https://osu.wd1.myworkdayjobs.com/OSUCareers/job/Columbus-Campus/Multi-Modality-Imaging-Tech--15-000-Signing-Bonus-i-James-OPC-Imaging_R154428-1,Multi Modality Imaging Tech 15 000 Signing Bonus i James OPC Imaging R154428 1,Unclassified,Full-time,,,,
1043,https://osu.wd1.myworkdayjobs.com/OSUCareers/job/James-Cancer-Hospital-and-Solove-Research-Institute/Mammography-Tech--15-000-Signing-Bonus-I-James-Mammography_R154653-1,"Mammography Tech $15,000 Signing Bonus I James Mammography",Non-academic,Full-time,,,,2026-08-26
1043,https://osu.wd1.myworkdayjobs.com/OSUCareers/job/Remote-Location/Regional-Community-Outreach-Specialist---Psychiatry_R156170-2,Regional Community Outreach Specialist - Psychiatry,Non-academic,Part-time,Department of Psychiatry and Behavioral Health SOAR,,,2026-08-26
1043,https://osu.wd1.myworkdayjobs.com/OSUCareers/job/Outpatient-CareAmbulatory/Outpatient-RN--Infusion---Contingent-PRN_R152509-1,Outpatient RN- Infusion - Contingent/IRP,Unclassified,Part-time,,,,2026-08-26
1043,https://osu.wd1.myworkdayjobs.com/OSUCareers/job/Medical-Center-Campus/Physician---Pulmonology--Pulmonary--Critical-Care--Open-Rank--Track-Faculty-_R115492-1,Physician Pulmonology Pulmonary Critical Care Open Rank Track Faculty R115492 1,Assistant_Professor; Associate_Professor; Full_Professor,Full-time,,Physician Pulmonology Pulmonary Critical Care Open Rank Track,,
1043,https://osu.wd1.myworkdayjobs.com/OSUCareers/job/Columbus-Campus/Commercial-Front-Load-Refuse-Driver-3rd-Shift_R151927,Commercial Front Load Refuse Driver-3rd Shift,Non-academic,Full-time,,,,2026-08-26
1043,https://osu.wd1.myworkdayjobs.com/OSUCareers/job/Wooster-Campus/Recreational-Sports-Specialist-1_R157218,Recreational Sports Specialist 1,Non-academic,Full-time,,,,
1043,https://osu.wd1.myworkdayjobs.com/OSUCareers/job/Columbus-Campus/Student-Health-Insurance-Outreach-and-Engagement-Consultant_R157835-1,Student Health Insurance Outreach and Engagement Consultant R157835 1,Unclassified,Full-time,,,,
1043,https://osu.wd1.myworkdayjobs.com/OSUCareers/job/University-Hospital/Staff-Nurse-B--RN--Progressive-Care-Unit_R151792-1,Staff Nurse B RN Progressive Care Unit R151792 1,Unclassified,Full-time,,,,
1043,https://osu.wd1.myworkdayjobs.com/OSUCareers/job/East-Hospital/Medical-Laboratory-Scientist---East_R158016-1,Medical Laboratory Scientist - East,Non-academic,Full-time,,,,2026-08-25
1043,https://osu.wd1.myworkdayjobs.com/OSUCareers/job/University-Hospital/Patient-Access-Opportunities_R149452-1,Patient Access Opportunities,Non-academic,Full-time,,,,2026-09-08
1043,https://osu.wd1.myworkdayjobs.com/OSUCareers/job/Columbus-Campus/Program-Coordinator-for-Outreach-and-Strategic-Enrollment-Initiatives_R157139-1,Program Coordinator for Outreach and Strategic Enrollment Initiatives R157139 1,Non-academic,Full-time,,,,
1043,https://osu.wd1.myworkdayjobs.com/OSUCareers/job/East-Hospital/PACT-Assistant-Director_R157667-1,PACT Assistant Director R157667 1,Unclassified,Full-time,,,,
1043,https://osu.wd1.myworkdayjobs.com/OSUCareers/job/Outpatient-CareAmbulatory/Oncofertility-Nurse-Program-Coordinator--RN-_R151237-1,Oncofertility Nurse Program Coordinator RN R151237 1,Non-academic,Full-time,,,,
1043,https://osu.wd1.myworkdayjobs.com/OSUCareers/job/James-Cancer-Hospital-and-Solove-Research-Institute/Mammography-Tech--15-000-Sign-On-Bonus-James---Mammography_R147483-1,Mammography Tech 15 000 Sign On Bonus James Mammography R147483 1,Unclassified,Full-time,,,,
1043,https://osu.wd1.myworkdayjobs.com/OSUCareers/job/East-Hospital/Multi-Modality---Interventional-Technologist_R153155-1,"Multi Modality - Interventional Tech $15,000 Signing Bonus East | Cardiovascular Service, Cath Lab",Non-academic,Full-time,,,,2026-08-25
1043,https://osu.wd1.myworkdayjobs.com/OSUCareers/job/East-Hospital/Multimodality-Imaging-Tech--15-000-Signing-Bonus-East---Cardiovascular-Lab_R155263-1,"Multimodality Imaging Tech $15,000 Signing Bonus East | Cardiovascular Lab",Non-academic,Full-time,Department of Health Radiology License,,,2026-08-25
1043,https://osu.wd1.myworkdayjobs.com/OSUCareers/job/University-Hospital/CT-Technologist--15-000-Signing-Bonus-University-Hospital---CAT-Scanner_R147783,"CT Technologist $15,000 Signing Bonus University Hospital | CAT Scanner",Non-academic,Full-time,Department of Health Radiology License,,,2026-08-25
1043,https://osu.wd1.myworkdayjobs.com/OSUCareers/job/James-Cancer-Hospital-and-Solove-Research-Institute/Mammography-Tech--15-000-Signing-Bonus-James---SSCBC-Mammography_R148010,Mammography Tech Contingent - James | SSCBC Mammography,Non-academic,Part-time,,,,2026-08-25
1043,https://osu.wd1.myworkdayjobs.com/OSUCareers/job/University-Hospital/MRI-Tech--15-000-Signing-Bonus-University-Hospital---Patient-Tower-MRI_R154034-1,"MRI Tech $15,000 Signing Bonus University Hospital | Patient Tower MRI",Non-academic,Full-time,,,,2026-08-25
1043,https://osu.wd1.myworkdayjobs.com/OSUCareers/job/University-Hospital/Registration-Coordinator-1---University-Hospital_R144021-1,Registration Coordinator 1 - University Hospital,Non-academic,Full-time,,,,2026-08-25
1043,https://osu.wd1.myworkdayjobs.com/OSUCareers/job/Columbus-Campus/Emergency-Funds---Program-Administration-Specialist_R157941,Emergency Funds Program Administration Specialist,Non-academic,Full-time,,,,
1043,https://osu.wd1.myworkdayjobs.com/OSUCareers/job/College-of-MedicineOffice-of-Health-Sciences/Physician---Internal-Medicine--Medical-Oncology-Physician-faculty--Open-Rank-Track-Faculty--ASCO-AD_R146993-1,"Physician – Internal Medicine, Medical Oncology Physician/faculty (Open Rank/Track Faculty)…AD",Assistant_Professor; Associate_Professor; Full_Professor; Research_Fellow,Full-time,"Department of Internal Medicine, Division of Medical Oncology",,,2026-08-25
1043,https://osu.wd1.myworkdayjobs.com/OSUCareers/job/College-of-MedicineOffice-of-Health-Sciences/Post-Doctoral-Scholar---Surgery_R156642-1,Post Doctoral Scholar - Surgery,Research_Fellow,Full-time,,,,2026-08-25
1043,https://osu.wd1.myworkdayjobs.com/OSUCareers/job/Columbus-Campus/Student-Assistant-1--ANR---Pesticide-Safety-Education_R155482-2,"Student Assistant 1, ANR - Pesticide Safety Education",Unclassified,Part-time,,,,2026-08-25
1043,https://osu.wd1.myworkdayjobs.com/OSUCareers/job/University-Hospital/Facilities-Building-Systems-Technician_R152105-1,Facilities Building Systems Technician,Non-academic,Full-time,,,,2026-08-24
1043,https://osu.wd1.myworkdayjobs.com/OSUCareers/job/University-Hospital/Facilities-Maintenance-Technician_R150146-1,Facilities Maintenance Technician 3rd Shift,Non-academic,Full-time,,,,2026-08-24
1043,https://osu.wd1.myworkdayjobs.com/OSUCareers/job/University-Hospital/Facilities-Electrical---Electronic-Sys-Techn-Sr_R146431-1,Facilities Electrical & Electronic Systems Technician Senior,Non-academic,Full-time,,,,2026-09-11
1043,https://osu.wd1.myworkdayjobs.com/OSUCareers/job/East-Hospital/Behavioral-Health-Clinician---IRP-2_R156884-1,Behavioral Health Clinician - IRP 2,Assistant_Professor; Associate_Professor; Full_Professor,Part-time,,,,2026-08-24
1043,https://osu.wd1.myworkdayjobs.com/OSUCareers/job/College-of-MedicineOffice-of-Health-Sciences/Post-Doctoral-Scholar---Microbial-Infection---Immunity_R157684-1,Post Doctoral Scholar Microbial Infection Immunity R157684 1,Research_Fellow,Full-time,,,,
1043,https://osu.wd1.myworkdayjobs.com/OSUCareers/job/College-of-MedicineOffice-of-Health-Sciences/Post-Doctoral-Scholar--Microbial-Infection---Immunity_R157591-1,Post Doctoral Scholar Microbial Infection Immunity R157591 1,Research_Fellow,Full-time,,,,
1043,https://osu.wd1.myworkdayjobs.com/OSUCareers/job/College-of-MedicineOffice-of-Health-Sciences/Research-Senior-Technician--Neuroscience_R157039-1,Research Senior Technician- Neuroscience,Research_Fellow,Full-time,,,,2026-09-14
1043,https://osu.wd1.myworkdayjobs.com/OSUCareers/job/College-of-MedicineOffice-of-Health-Sciences/Post-Doctoral-Scholar---Microbial-Infection---Immunity_R157589-1,Post Doctoral Scholar Microbial Infection Immunity R157589 1,Research_Fellow,Full-time,,,,
1043,https://osu.wd1.myworkdayjobs.com/OSUCareers/job/Outpatient-CareAmbulatory/Post-Doctoral-Scholar_R153366-1,Post Doctoral Scholar R153366 1,Research_Fellow,Full-time,,,,
1043,https://osu.wd1.myworkdayjobs.com/OSUCareers/job/OSU-Health-Plan/Post-Doctoral-Scholar_R141627-2,Post Doctoral Scholar- CATALYST,Research_Fellow,Full-time,,,,2026-09-09
1043,https://osu.wd1.myworkdayjobs.com/OSUCareers/job/Health-System-Shared-Services/Administrative-Assistant-3_R156923-1,Administrative Assistant 3 R156923 1,Unclassified,Full-time,,,,
1043,https://osu.wd1.myworkdayjobs.com/OSUCareers/job/Columbus-Campus/Researcher-1---Neurological-Surgery-Kim-Lab_R151616,Researcher 1 Neurological Surgery Kim Lab,Unclassified,Full-time,,,,
1043,https://osu.wd1.myworkdayjobs.com/OSUCareers/job/College-of-MedicineOffice-of-Health-Sciences/Research-Senior-Technician--Neuroscience_R156580-1,Research Senior Technician Neuroscience R156580 1,Non-academic,Full-time,,,,
1043,https://osu.wd1.myworkdayjobs.com/OSUCareers/job/Columbus-Campus/Post-Doctoral-Scholar---Biomedical-Informatics_R157725-1,Post Doctoral Scholar - Biomedical Informatics,Research_Fellow,Full-time,,clinical settings; natural language,,2026-08-24
1043,https://osu.wd1.myworkdayjobs.com/OSUCareers/job/East-Hospital/Facilities-Maintenance-Tech-Sr_R155300-1,Facilities Maintenance Tech Sr,Unclassified,Full-time,,,,2026-08-24
1043,https://osu.wd1.myworkdayjobs.com/OSUCareers/job/University-Hospital/Staff-Nurse--RN----Acute-Care---Burn-and-Plastics-Surgical-Services_R156279-1,Staff Nurse (RN) - Acute Care - Burn and Plastics Surgical Services,Unclassified,Full-time,,,,2026-08-24
1043,https://osu.wd1.myworkdayjobs.com/OSUCareers/job/University-Hospital/Facilities-Building-Systems-Technician-Senior_R157308-1,Facilities Building Systems Technician Senior,Non-academic,Full-time,,,,2026-08-24
1043,https://osu.wd1.myworkdayjobs.com/OSUCareers/job/James-Cancer-Hospital-and-Solove-Research-Institute/Line-Cook_R157381,Line Cook,Unclassified,Full-time,,,,2026-08-24
1043,https://osu.wd1.myworkdayjobs.com/OSUCareers/job/East-Hospital/Med-Lab-Tech-Processing---IRP---East-Laboratory_R157617-1,Med Lab Tech Processing IRP East Laboratory R157617 1,Unclassified,Full-time,,,,
1043,https://osu.wd1.myworkdayjobs.com/OSUCareers/job/East-Hospital/Med-Lab-Tech-Processing---IRP---East-Laboratory_R157612-1,Med Lab Tech-Processing - IRP - East Laboratory,Non-academic,Part-time,department of Clinical Laboratories,,,2026-08-24
1043,https://osu.wd1.myworkdayjobs.com/OSUCareers/job/East-Hospital/Anesthesia-Technician---East-Hospital_R157252,Anesthesia Technician East Hospital,Non-academic,Full-time,,,,
1043,https://osu.wd1.myworkdayjobs.com/OSUCareers/job/College-of-MedicineOffice-of-Health-Sciences/Post-Doctoral-Scholar---Surgery_R156808-2,Post Doctoral Scholar - Surgery,Research_Fellow,Full-time,,adipocyte biology,,2026-08-24
1043,https://osu.wd1.myworkdayjobs.com/OSUCareers/job/Columbus-Campus/Assistant-Director-of-Compliance_R157646-1,Assistant Director of Compliance R157646 1,Unclassified,Full-time,,Compliance R157646 1,,
1043,https://osu.wd1.myworkdayjobs.com/OSUCareers/job/Columbus-Campus/Post-Doctoral-Scholar_R157890-1,Post Doctoral Scholar,Research_Fellow,Full-time,Department of Chemistry and Biochemistry,,,2026-08-24
1043,https://osu.wd1.myworkdayjobs.com/OSUCareers/job/East-Hospital/Clinical-Research-Aide---Pathology---Days_R157938-1,Clinical Research Aide - Pathology - Days,Unclassified,Part-time,Department of Pathology with partnership with the Center for Clinical Research Management,Good Clinical Practice regulations; IRB policies,,2026-08-24
1043,https://osu.wd1.myworkdayjobs.com/OSUCareers/job/Outpatient-CareAmbulatory/Nutrition-Care-Dietitian_R146467-1,Nutrition Care Dietitian,Unclassified,Part-time,,,,2026-08-24
1043,https://osu.wd1.myworkdayjobs.com/OSUCareers/job/University-Hospital/Organ-Recovery-Specialist---Kidney-Transplant_R157554-1,Organ Recovery Specialist - Kidney Transplant,Non-academic,Full-time,center for organ procurement,,,2026-08-24
1043,https://osu.wd1.myworkdayjobs.com/OSUCareers/job/University-Hospital/Medical-Laboratory-Scientist---Critical-Care-Laboratory_R154968-1,Medical Laboratory Scientist - Critical Care Laboratory,Non-academic,Full-time,,,,2026-08-24
1043,https://osu.wd1.myworkdayjobs.com/OSUCareers/job/Health-System-Shared-Services/Pharmacy-Audit-and-Reconciliation-Coordinator_R157292-1,Pharmacy Audit and Reconciliation Coordinator,Non-academic,Full-time,,,,2026-08-24
1043,https://osu.wd1.myworkdayjobs.com/OSUCareers/job/College-of-MedicineOffice-of-Health-Sciences/Research-Senior-Technician---Physiology---Cell-Biology_R157813-1,Research Senior Technician - Physiology & Cell Biology,Non-academic,Full-time,,requested topics; Western,,2026-08-24
1043,https://osu.wd1.myworkdayjobs.com/OSUCareers/job/Columbus-Campus/Food-Animal-Infectious-Disease-Faculty_R157636-1,Food Animal Infectious Disease Faculty,Assistant_Professor; Associate_Professor,Full-time,Department of Veterinary Preventive Medicine,Food Animal Infectious Disease; poultry infectious diseases; manner; Objectives,,2026-08-24
1043,https://osu.wd1.myworkdayjobs.com/OSUCareers/job/College-of-MedicineOffice-of-Health-Sciences/Electron-Microscopy-Specialist-2---Pathology---Days_R157464-1,Electron Microscopy Specialist 2 Pathology Days R157464 1,Non-academic,Full-time,,,,
1043,https://osu.wd1.myworkdayjobs.com/OSUCareers/job/Outpatient-CareAmbulatory/Office-Admin-Associate--Urology_R152560-1,Office Admin Associate Urology R152560 1,Unclassified,Full-time,,,,
1043,https://osu.wd1.myworkdayjobs.com/OSUCareers/job/Remote-Location/Grants---Contracts-Management-Associate---College-of-Medicine_R156981-1,Grants & Contracts Management Associate - College of Medicine,Non-academic,Full-time,College of Medicine,,,2026-09-16
1043,https://osu.wd1.myworkdayjobs.com/OSUCareers/job/College-of-MedicineOffice-of-Health-Sciences/Post-Doctoral-Scholar_R156349-1,Post Doctoral Scholar- Neurology,Research_Fellow,Full-time,Department of Neurology & Neuroscience Research Institute,metabolic adaptations; oligodendrocytes,,2026-08-24
1043,https://osu.wd1.myworkdayjobs.com/OSUCareers/job/Outpatient-CareAmbulatory/Occupational-Therapist_R157762-2,Occupational Therapist,Non-academic,Full-time,,,,2026-08-24
1043,https://osu.wd1.myworkdayjobs.com/OSUCareers/job/University-Hospital/Nursing-Program-Coordinator---Burn-PI_R157720,Nursing Program Coordinator - Burn PI,Non-academic,Full-time,College of Surgeons Verified Burn Program,trauma,,2026-09-14
1043,https://osu.wd1.myworkdayjobs.com/OSUCareers/job/East-Hospital/Speech-Language-Pathologist---Contingent-IRP_R154449-2,Speech Language Pathologist - Contingent/IRP,Unclassified,Part-time,,,,2026-08-24
1043,https://osu.wd1.myworkdayjobs.com/OSUCareers/job/Columbus-Campus/Housing-Operations-Coordinator_R157858-1,Housing Operations Coordinator R157858 1,Non-academic,Full-time,,,,
1043,https://osu.wd1.myworkdayjobs.com/OSUCareers/job/Columbus-Campus/Housing-Operations-Lead-Coordinator_R157849-1,Housing Operations Lead Coordinator R157849 1,Non-academic,Full-time,,,,
1043,https://osu.wd1.myworkdayjobs.com/OSUCareers/job/Columbus-Campus/PharmD-Recruitment-and-Admissions-Specialist_R157782-2,PharmD Recruitment and Admissions Specialist R157782 2,Non-academic,Full-time,,,,
1043,https://osu.wd1.myworkdayjobs.com/OSUCareers/job/Columbus-Campus/Senior-Career-Counselor_R157592-1,Senior Career Counselor R157592 1,Unclassified,Full-time,,,,
1043,https://osu.wd1.myworkdayjobs.com/OSUCareers/job/Columbus-Campus/Senior-Information-Systems-Auditor_R157826-1,Senior Information Systems Auditor,Unclassified,Full-time,,,,2026-08-24
1043,https://osu.wd1.myworkdayjobs.com/OSUCareers/job/James-Cancer-Hospital-and-Solove-Research-Institute/Physical-Therapist_R157503-2,Physical Therapist,Unclassified,Full-time,,,,2026-08-21
1043,https://osu.wd1.myworkdayjobs.com/OSUCareers/job/Outpatient-CareAmbulatory/Research-Aide-and-Interviewer_R151639-1,Research Aide and Interviewer,Non-academic,Full-time,,,,2026-09-11
1043,https://osu.wd1.myworkdayjobs.com/OSUCareers/job/Health-System-Shared-Services/Home-Hospital-RN_R137802-1,Home Hospital RN - IRP/Contingent,Unclassified,Part-time,,,,2026-09-08
1043,https://osu.wd1.myworkdayjobs.com/OSUCareers/job/Health-System-Shared-Services/Home-Hospital-RN_R137799-1,Home Hospital RN,Unclassified,Full-time,,,,2026-08-21
1043,https://osu.wd1.myworkdayjobs.com/OSUCareers/job/Health-System-Shared-Services/Home-Hospital-RN_R136770,Home Hospital RN,Unclassified,Full-time,,,,2026-08-21
1043,https://osu.wd1.myworkdayjobs.com/OSUCareers/job/Remote-Location/Staff-Senior-Pharmacist_R157515-1,Staff Senior Pharmacist,Unclassified,Full-time,,,,2026-08-21
1043,https://osu.wd1.myworkdayjobs.com/OSUCareers/job/University-Hospital/IRP-Social-Worker---Emergency-Department-Nights_R157256-1,Social Worker - Contingent,Unclassified,Part-time,,,,2026-08-21
1043,https://osu.wd1.myworkdayjobs.com/OSUCareers/job/James-Cancer-Hospital-and-Solove-Research-Institute/Staff-Nurse--RN---Float_R157728-2,Staff Nurse (RN) -Float,Unclassified,Full-time,,,,2026-08-21
1043,https://osu.wd1.myworkdayjobs.com/OSUCareers/job/James-Cancer-Hospital-and-Solove-Research-Institute/Staff-Nurse--RN---Float_R157723-1,Staff Nurse (RN) -Float,Unclassified,Full-time,,,,2026-08-21
1043,https://osu.wd1.myworkdayjobs.com/OSUCareers/job/James-Cancer-Hospital-and-Solove-Research-Institute/Internal-Resource-Pool-Nurse--RN----Float_R157712-1,Internal Resource Pool Nurse (RN) - Float,Unclassified,Part-time,,,,2026-08-21
1043,https://osu.wd1.myworkdayjobs.com/OSUCareers/job/Columbus-Campus/Aquatic-Program-Specialist_R157758,Aquatic Program Specialist,Non-academic,Full-time,,,,
1043,https://osu.wd1.myworkdayjobs.com/OSUCareers/job/Harding-Hospital/Staff-Nurse--RN----Adult-Inpatient-Psychiatry---Night-Shift_R157320-1,Staff Nurse (RN) - Adult Inpatient Psychiatry - Night Shift,Unclassified,Full-time,,,,2026-09-16
1043,https://osu.wd1.myworkdayjobs.com/OSUCareers/job/Columbus-Campus/Post-Doctoral-Scholar-NRSA_R157102-1,Post-Doctoral Scholar-NRSA,Research_Fellow,Full-time,College of Nursing,,,2026-08-21
1043,https://osu.wd1.myworkdayjobs.com/OSUCareers/job/University-Hospital/Director--Nursing-Clinical-Support-Services_R153060-1,"Director, Nursing Clinical Support Services",Non-academic,Full-time,,,,2026-08-21
1043,https://osu.wd1.myworkdayjobs.com/OSUCareers/job/University-Hospital/Anesthesia-Technician---IRP_R157407,Anesthesia Technician IRP,Non-academic,Full-time,,,,
1043,https://osu.wd1.myworkdayjobs.com/OSUCareers/job/University-Hospital/Staff-Nurse--RN----Corrections_R153853-1,Staff Nurse (RN) - Corrections,Unclassified,Full-time,,,,2026-08-21
1043,https://osu.wd1.myworkdayjobs.com/OSUCareers/job/Outpatient-CareAmbulatory/Multi-Modality-Imaging-Tech--15-000-Signing-Bonus-I-Outpatient-Care-Powell-Imaging_R155962,"Multi-Modality Imaging Tech $15,000 Signing Bonus I Outpatient Care Powell Imaging",Non-academic,Full-time,,,,2026-08-21
1043,https://osu.wd1.myworkdayjobs.com/OSUCareers/job/James-Cancer-Hospital-and-Solove-Research-Institute/Clinical-Research-Assistant---Oncology_R153537-1,Clinical Research Assistant - Oncology,Non-academic,Full-time,College of Nursing,,,2026-08-21
1043,https://osu.wd1.myworkdayjobs.com/OSUCareers/job/Columbus-Campus/Post-Doctoral-Researcher_R131285-1,Post-Doctoral Researcher,Research_Fellow,Full-time,Department of Biomedical Informatics but will work closely with Dr,,,2026-08-21
1043,https://osu.wd1.myworkdayjobs.com/OSUCareers/job/Columbus-Campus/Post-Doctoral-Scholar_R155153-1,Post Doctoral Scholar R155153 1,Research_Fellow,Full-time,,,,
1043,https://osu.wd1.myworkdayjobs.com/OSUCareers/job/Columbus-Campus/Assistant-Professor-Clinical_R123397-1,"Assistant/Associate Professor - Clinical track, General Practice Residency Director",Assistant_Professor; Associate_Professor,Full-time,Division of Restorative and Prosthetic Dentistry,General Practice Residency Director,,2026-08-21
1043,https://osu.wd1.myworkdayjobs.com/OSUCareers/job/James-Cancer-Hospital-and-Solove-Research-Institute/Staff-Nurse--RN---Perioperative--OR--Oncology-New-Grad-Nurse-Residency-Program--The-James_R153526-1,Staff Nurse RN Perioperative OR Oncology New Grad Nurse Residency Program The James R153526 1,Unclassified,Full-time,,,,
1043,https://osu.wd1.myworkdayjobs.com/OSUCareers/job/James-Cancer-Hospital-and-Solove-Research-Institute/Staff-Nurse--RN---Oncology-New-Grad-Nurse-Residency-Program--The-James_R153524-1,Staff Nurse (RN)- Oncology New Grad Nurse Residency Program- The James,Unclassified,Full-time,,,,2026-09-16
1043,https://osu.wd1.myworkdayjobs.com/OSUCareers/job/James-Cancer-Hospital-and-Solove-Research-Institute/Staff-Nurse--RN--Surgical-Oncology--Gynecology-and-Urology_R151650-1,"Staff Nurse (RN) Surgical Oncology, Gynecology and Urology",Unclassified,Full-time,,,,2026-09-14
1043,https://osu.wd1.myworkdayjobs.com/OSUCareers/job/Columbus-Campus/Cartographic-Materials-and-English-Monographs-Cataloging-Specialist_R157005-1,Cartographic Materials and English Monographs Cataloging Specialist R157005 1,Non-academic,Full-time,,,,
1043,https://osu.wd1.myworkdayjobs.com/OSUCareers/job/Remote-Location/Remote-Intermittent-Interpreter_R157747-1,Remote Intermittent Interpreter,Unclassified,Part-time,,,,2026-08-21
1043,https://osu.wd1.myworkdayjobs.com/OSUCareers/job/Columbus-Campus/Lecturer--9M-_R157538-1,Lecturer (9M),Lecturer,Full-time,Center for Art and Design The Advanced Computing Center for the Arts and Design,,,2026-08-20
1043,https://osu.wd1.myworkdayjobs.com/OSUCareers/job/Health-System-Shared-Services/Health-System-Informatics-Senior-Analyst_R151250-1,Health System Informatics Senior Analyst R151250 1,Non-academic,Full-time,,,,
1043,https://osu.wd1.myworkdayjobs.com/OSUCareers/job/College-of-MedicineOffice-of-Health-Sciences/Research-Senior-Technician_R141824-1,Research Senior Technician,Non-academic,Part-time,,requested topics,,2026-08-20
1043,https://osu.wd1.myworkdayjobs.com/OSUCareers/job/Extension-County-Offices/Extension-Educators-Coordinator-3---Putnam-County_R157634-1,Extension Educators Coordinator 3 Putnam County R157634 1,Non-academic,Full-time,,,,
1043,https://osu.wd1.myworkdayjobs.com/OSUCareers/job/James-Cancer-Hospital-and-Solove-Research-Institute/Assistant-Nurse-Manager---Rotation--Head--Neck---Neuro-Surgical-Oncology_R154865,"Associate Nurse Manager - Rotation- Head, Neck & Neuro Surgical Oncology",Non-academic,Full-time,,,,2026-09-14
1043,https://osu.wd1.myworkdayjobs.com/OSUCareers/job/Outpatient-CareAmbulatory/Cashier--HS-_R154744-1,Cashier HS R154744 1,Unclassified,Full-time,,,,
1043,https://osu.wd1.myworkdayjobs.com/OSUCareers/job/James-Cancer-Hospital-and-Solove-Research-Institute/Speech---Language-Pathologist---IRP-2_R148956-1,Speech - Language Pathologist - Contingent/IRP,Unclassified,Part-time,,treatment of various voice; swallowing disorders,,2026-08-20
1043,https://osu.wd1.myworkdayjobs.com/OSUCareers/job/Columbus-Campus/Post-Doctoral-Scholar_R154606-1,Post Doctoral Scholar,Research_Fellow,Full-time,College of Arts and Sciences is the academic heart of the university,,,2026-08-20
1043,https://osu.wd1.myworkdayjobs.com/OSUCareers/job/College-of-MedicineOffice-of-Health-Sciences/Physician---Otolaryngology--Otologist-Neurotologist--Open-Rank--Track-Faculty-_R147245-1,"Physician – Otolaryngology, Otologist/Neurotologist (Open Rank/ Track Faculty)",Assistant_Professor; Associate_Professor; Full_Professor; Research_Fellow,Full-time,"College of Medicine, the Health Sciences Library, and the Faculty Group Practice",,,2026-08-20
1043,https://osu.wd1.myworkdayjobs.com/OSUCareers/job/Medical-Center-Campus/Interventional-Rad-Tech----15-000-Signing-Bonus_R127269-2,"Interventional Rad Tech - $15,000 Signing Bonus",Non-academic,Full-time,Department of Health Radiology License,,,2026-08-20
1043,https://osu.wd1.myworkdayjobs.com/OSUCareers/job/Columbus-Campus/IRB-Protocol-Analyst_R154999-1,IRB Protocol Analyst R154999 1,Non-academic,Full-time,,,,
1043,https://osu.wd1.myworkdayjobs.com/OSUCareers/job/University-Hospital/Interventional-Radiology-Technologist--Neuro-Interventional-_R147732-2,Interventional Radiology Technologist (Neuro Interventional),Non-academic,Full-time,,,,2026-08-20
1043,https://osu.wd1.myworkdayjobs.com/OSUCareers/job/University-Hospital/Interventional-Rad-Tech--Neuro-Interventional-------15-000-Signing-Bonus_R146876-2,"Interventional Rad Tech (Neuro Interventional) - - $15,000 Signing Bonus",Non-academic,Full-time,,,,2026-08-20
1043,https://osu.wd1.myworkdayjobs.com/OSUCareers/job/Ross-Heart-Hospital/Interventional-Rad-Tech--Vascular-Interventional-----15-000-Signing-Bonus_R133239-3,"Interventional Rad Tech (Vascular Interventional) - $15,000 Signing Bonus",Non-academic,Full-time,Department of Health Radiology License,,,2026-08-20
1043,https://osu.wd1.myworkdayjobs.com/OSUCareers/job/Harding-Hospital/Psych-Emergency-Clinician-Lead--HS-_R157602-1,Psych Emergency Clinician-Lead (HS),Unclassified,Full-time,,,,2026-08-20
1043,https://osu.wd1.myworkdayjobs.com/OSUCareers/job/James-Cancer-Hospital-and-Solove-Research-Institute/Radiologic-Technologist----15-000-Signing-Bonus_R123173-2,"Radiologic Technologist - $15,000 Signing Bonus",Non-academic,Full-time,,,,2026-08-20
1043,https://osu.wd1.myworkdayjobs.com/OSUCareers/job/Medical-Center-Campus/Radiologic-Technology----15-000-Signing-bonus_R127265-2,"Radiologic Technology - $15,000 Signing bonus",Unclassified,Full-time,Department of Health Radiology License,,,2026-08-20
1043,https://osu.wd1.myworkdayjobs.com/OSUCareers/job/University-Hospital/Radiology--Technologist----15-000-Signing-Bonus_R127415-3,"Radiology  Technologist - $15,000 Signing Bonus",Non-academic,Full-time,,,,2026-08-20
1043,https://osu.wd1.myworkdayjobs.com/OSUCareers/job/James-Cancer-Hospital-and-Solove-Research-Institute/Clinical-Laboratory-Manager---Surgical-Pathology-Gross-Room_R155301-1,Clinical Laboratory Manager - Surgical Pathology Gross Room,Non-academic,Full-time,Department of Pathology,,,2026-08-20
1043,https://osu.wd1.myworkdayjobs.com/OSUCareers/job/University-Hospital/Food-Service-Shift-Lead_R154745-2,Food Service Shift Lead,Unclassified,Full-time,,,,2026-09-14
1043,https://osu.wd1.myworkdayjobs.com/OSUCareers/job/University-Hospital/Line-Cook_R156599-1,Line Cook,Unclassified,Full-time,,,,2026-08-19
1043,https://osu.wd1.myworkdayjobs.com/OSUCareers/job/University-Hospital/Line-Cook--HS-_R156716-1,Line Cook (HS),Unclassified,Full-time,,,,2026-09-14
1043,https://osu.wd1.myworkdayjobs.com/OSUCareers/job/University-Hospital/Food-Service-Associate-4_R152360-1,Food Service Shift Lead,Unclassified,Full-time,,,,2026-09-14
1043,https://osu.wd1.myworkdayjobs.com/OSUCareers/job/University-Hospital/Cashier_R155158-1,Cashier R155158 1,Unclassified,Full-time,,,,
1043,https://osu.wd1.myworkdayjobs.com/OSUCareers/job/Outpatient-CareAmbulatory/Food-Service-Shift-Lead_R152116,Food Service Shift Lead,Unclassified,Full-time,,University Hospital East; Spine Hospital,,2026-08-19
1043,https://osu.wd1.myworkdayjobs.com/OSUCareers/job/University-Hospital/Clinical-Dietitian_R157152-1,Clinical Dietitian,Unclassified,Full-time,,,,2026-08-19
1043,https://osu.wd1.myworkdayjobs.com/OSUCareers/job/Columbus-Campus/Staff-Dietitian-IRP_R151125-1,Clinical Dietitian IRP,Unclassified,Part-time,,,,2026-08-19
1043,https://osu.wd1.myworkdayjobs.com/OSUCareers/job/University-Hospital/Patient-Representative---First-Shift---Part-Time_R156897-1,Patient Representative First Shift Part Time R156897 1,Unclassified,Part-time,,,,
1043,https://osu.wd1.myworkdayjobs.com/OSUCareers/job/Columbus-Campus/Assistant-Dean-for-Student-Experience_R157401,Assistant Dean for Student Experience,Unclassified,Full-time,,,,2026-08-19
1043,https://osu.wd1.myworkdayjobs.com/OSUCareers/job/Outpatient-CareAmbulatory/Advanced-Practice-Provider--NP-PA----Colorectal-Surgery---Outpatient-Powell_R152402,Advanced Practice Provider (NP/PA) - Colorectal Surgery - Outpatient Powell,Unclassified,Full-time,,,,2026-08-19
1043,https://osu.wd1.myworkdayjobs.com/OSUCareers/job/Ross-Heart-Hospital/Staff-Nurse---2-Ross-Acute-Coronary-Syndrome-Unit_R132825-1,Staff Nurse - Acute Coronary Syndrome Unit,Unclassified,Full-time,school of registered nursing,,,2026-08-19
1043,https://osu.wd1.myworkdayjobs.com/OSUCareers/job/University-Hospital/Staff-Nurse--RN----Progressive-Care-Acute-Care---Bariatric-and-Colorectal-Surgery_R151957-1,Staff Nurse (RN) - PCU - Bariatric and Colorectal Surgery,Unclassified,Full-time,,,,2026-08-19
1043,https://osu.wd1.myworkdayjobs.com/OSUCareers/job/James-Cancer-Hospital-and-Solove-Research-Institute/Physical-Therapist---IRP_R149940,Physical Therapist - Contingent/IRP,Non-academic,Part-time,,,,2026-08-19
1043,https://osu.wd1.myworkdayjobs.com/OSUCareers/job/Health-System-Shared-Services/Epic-Systems-Administrator_R154827-1,Epic Systems Administrator R154827 1,Non-academic,Full-time,,,,
1043,https://osu.wd1.myworkdayjobs.com/OSUCareers/job/University-Hospital/Anesthesiologist-Assistant_R147027,Anesthesiologist Assistant,Unclassified,Full-time,school for anesthesia assistants,anesthesia practice including; clinical research,,2026-08-19
1043,https://osu.wd1.myworkdayjobs.com/OSUCareers/job/Dodd-Rehabilitation-Hospital/Speech-Language-Pathologist---IRP_R129750-2,Speech Language Pathologist - Contingent/IRP,Unclassified,Part-time,,,,2026-08-19
1043,https://osu.wd1.myworkdayjobs.com/OSUCareers/job/Columbus-Campus/Nuclear-Medicine-Tech--15-000-Signing-Bonus-I-James-Outpatient-Care_R149002-1,"Nuclear Medicine Tech $15,000 Signing Bonus I James Outpatient Care",Unclassified,Full-time,Department of Health required,,,2026-08-19
1043,https://osu.wd1.myworkdayjobs.com/OSUCareers/job/College-of-MedicineOffice-of-Health-Sciences/Physician---Department-of-Otolaryngology--Division-Director--Otologist-Neurotologist---Open-Rank-Track-Faculty-_R154274-1,"Physician – Department of Otolaryngology, Division Director, Otologist/Neurotologist  (Open Rank/Track Faculty)",Assistant_Professor; Associate_Professor; Full_Professor; Research_Fellow,Full-time,"College of Medicine, the Health Sciences Library, and the Faculty Group Practice",,,2026-09-16
1043,https://osu.wd1.myworkdayjobs.com/OSUCareers/job/Columbus-Campus/IT-Infrastructure-and-Data-Center-Engineer_R157439-1,IT Infrastructure and Data Center Engineer R157439 1,Unclassified,Full-time,,,,
1043,https://osu.wd1.myworkdayjobs.com/OSUCareers/job/James-Cancer-Hospital-and-Solove-Research-Institute/Linear-Accelerator-Engineer_R155374-1,Linear Accelerator Engineer,Unclassified,Full-time,,,,2026-08-18
1043,https://osu.wd1.myworkdayjobs.com/OSUCareers/job/University-Hospital/Staff-Nurse--RN----Acute-Care---General-Medicine_R154698,Staff Nurse (RN) - Acute Care - General Medicine,Unclassified,Full-time,,,,2026-08-18
1043,https://osu.wd1.myworkdayjobs.com/OSUCareers/job/Outpatient-CareAmbulatory/Nurse-Manager---General-Surgery_R155236-2,Nurse Manager General Surgery R155236 2,Non-academic,Full-time,,,,
1043,https://osu.wd1.myworkdayjobs.com/OSUCareers/job/Outpatient-CareAmbulatory/Occupational-Therapy-Fellow_R125436-3,Occupational Therapy Fellow R125436 3,Unclassified,Full-time,,,,
1043,https://osu.wd1.myworkdayjobs.com/OSUCareers/job/Columbus-Campus/Veterinary-Customer-Service-Representative-2_R153550-1,Veterinary Customer Service Representative 2,Unclassified,Full-time,,,,2026-08-18
1043,https://osu.wd1.myworkdayjobs.com/OSUCareers/job/Columbus-Campus/Sterile-Supply-Technician---Central-Sterile-Supply_R156384-1,Sterile Supply Technician Central Sterile Supply R156384 1,Non-academic,Full-time,,,,
1043,https://osu.wd1.myworkdayjobs.com/OSUCareers/job/University-Hospital/Paramedic--UH-Emergency-Department_R154419-1,"Paramedic, UH Emergency Department (Fulltime/Nightshift)",Unclassified,Full-time,,,,2026-09-14
1043,https://osu.wd1.myworkdayjobs.com/OSUCareers/job/East-Hospital/Inpatient-Registered-Nurse-2---ICU---East-Hospital_R145581-1,Inpatient Registered Nurse - ICU - East Hospital,Unclassified,Full-time,school of registered nursing,,,2026-08-18
1043,https://osu.wd1.myworkdayjobs.com/OSUCareers/job/University-Hospital/Staff-Nurse--RN----Critical-Care-Float-Pool_R155672-1,Staff Nurse (RN) - Critical Care Float Pool,Unclassified,Full-time,,,,2026-08-18
1043,https://osu.wd1.myworkdayjobs.com/OSUCareers/job/Columbus-Campus/Research-Associate--Sustainable-Greenhouse-and-Nursery-Systems-Lab--Owens-Lab-_R157078-1,"Research Associate, Sustainable Greenhouse and Nursery Systems Lab (Owen Lab)",Research_Fellow,Full-time,,,,2026-08-18
1043,https://osu.wd1.myworkdayjobs.com/OSUCareers/job/Columbus-Campus/Stu-Learn-to-Swim-Instructor-Non-OSU_R157440,Stu Learn to Swim Instructor-Non-OSU,Unclassified,Part-time,,Stu Learn to Swim,,2026-08-18
1043,https://osu.wd1.myworkdayjobs.com/OSUCareers/job/College-of-MedicineOffice-of-Health-Sciences/Researcher-3-Medical-Oncology_R154436-1,Researcher 3-Medical Oncology,Unclassified,Full-time,,,,2026-08-17
1043,https://osu.wd1.myworkdayjobs.com/OSUCareers/job/University-Hospital/Stores-Clerk_R156103-1,Stores Clerk,Non-academic,Full-time,,,,2026-09-14
1043,https://osu.wd1.myworkdayjobs.com/OSUCareers/job/University-Hospital/Facilities-Electrical---Electronic-Technician_R137162-1,Facilities Electrical & Electronic Technician,Non-academic,Full-time,,,,2026-09-08
1043,https://osu.wd1.myworkdayjobs.com/OSUCareers/job/East-Hospital/Respiratory-Therapist---East-Hospital---Evening-Night----10-000-Signing-Bonus_R157480-1,"Respiratory Therapist - East Hospital - Evening/Night - $10,000 Signing Bonus",Unclassified,Full-time,,,,2026-08-17
1043,https://osu.wd1.myworkdayjobs.com/OSUCareers/job/East-Hospital/Registered-Respiratory-Therapist---Day-Shift----7-000-Signing-Bonus_R157477,"Respiratory Therapist - East Hospital - Day Shift - $7,000 Signing Bonus",Unclassified,Full-time,,,,2026-08-17
1043,https://osu.wd1.myworkdayjobs.com/OSUCareers/job/Columbus-Campus/Post-Doctoral-Scholar_R157163-1,Post Doctoral Scholar,Research_Fellow,Full-time,College of Arts and Sciences seeks a Post Doctoral Scholar to join our team,group of,,2026-09-11
1043,https://osu.wd1.myworkdayjobs.com/OSUCareers/job/Health-System-Shared-Services/Manager--Building-Automation-Systems_R156409-1,Manager Building Automation Systems R156409 1,Non-academic,Full-time,,,,
1043,https://osu.wd1.myworkdayjobs.com/OSUCareers/job/Columbus-Campus/Assistant-Vice-Provost-for-University-Admissions_R155907,Assistant Vice Provost for University Admissions,Unclassified,Full-time,,,,2026-08-17
1043,https://osu.wd1.myworkdayjobs.com/OSUCareers/job/Columbus-Campus/Assistant-Teacher-1_R156904-1,Assistant Teacher 1,Unclassified,Full-time,,CACFP meal counting,,2026-08-17
1043,https://osu.wd1.myworkdayjobs.com/OSUCareers/job/Columbus-Campus/Assistant-Teacher-2_R156178-1,Assistant Teacher 2 R156178 1,Unclassified,Full-time,,,,
1043,https://osu.wd1.myworkdayjobs.com/OSUCareers/job/College-of-MedicineOffice-of-Health-Sciences/Research-Associate--Neurology_R156827,Research Associate Neurology,Research_Fellow,Full-time,,,,
1043,https://osu.wd1.myworkdayjobs.com/OSUCareers/job/Columbus-Campus/Research-Senior-Technician_R156915-1,Research Senior Technician,Non-academic,Full-time,Department of Plastic & Reconstructive Surgery,PCR reactions; Reconstructive,,2026-09-08
1043,https://osu.wd1.myworkdayjobs.com/OSUCareers/job/Columbus-Campus/Environmental-and-Safety-Compliance-Specialist_R154019-1,Environmental and Safety Compliance Specialist,Non-academic,Full-time,College of Dentistry seeks an Environmental Health and Safety,,,2026-09-09
1043,https://osu.wd1.myworkdayjobs.com/OSUCareers/job/Outpatient-CareAmbulatory/Physical-Therapist-Pelvic-Floor_R157354-2,Physical Therapist-Pelvic Floor,Unclassified,Full-time,,,,2026-08-17
1043,https://osu.wd1.myworkdayjobs.com/OSUCareers/job/Outpatient-CareAmbulatory/Neurologic-Physical-Therapist_R157293-2,Neurologic Physical Therapist R157293 2,Unclassified,Full-time,,,,
1043,https://osu.wd1.myworkdayjobs.com/OSUCareers/job/Columbus-Campus/Aircraft-Mechanic_R152308-1,Aircraft Mechanic,Unclassified,Full-time,,,,2026-08-17
1043,https://osu.wd1.myworkdayjobs.com/OSUCareers/job/Columbus-Campus/Middle-East---Islamic-Studies-Librarian_R157231-2,Middle East Islamic Studies Librarian R157231 2,Non-academic,Full-time,,,,
1043,https://osu.wd1.myworkdayjobs.com/OSUCareers/job/Columbus-Campus/Assistant-Professor-of-Technology-and-Social-Change_R156875-2,Assistant Professor of Technology and Social Change,Assistant_Professor,Full-time,Department of Sociology in the College of Arts and Sciences,Technology and Social Change; Criminal Justice Research Center; Kirwan Institute,"September 25, 2026",2026-08-14
1043,https://osu.wd1.myworkdayjobs.com/OSUCareers/job/Health-System-Shared-Services/Senior-Director--Revenue-Cycle---Patient-Accounting_R154433,"Senior Director, Revenue Cycle - Patient Accounting",Unclassified,Full-time,,,,2026-09-14
1043,https://osu.wd1.myworkdayjobs.com/OSUCareers/job/University-Hospital/Staff-Nurse--10-North-Medical-Intensive-Care-Unit--MICU-_R138295,Staff Nurse- 10 North/South Medical Intensive Care Unit (MICU),Unclassified,Full-time,,,,2026-08-14
1043,https://osu.wd1.myworkdayjobs.com/OSUCareers/job/James-Cancer-Hospital-and-Solove-Research-Institute/Care-Management-RN---Outpatient-Oncology_R156968-1,Care Management RN Outpatient Oncology R156968 1,Unclassified,Full-time,,,,
1043,https://osu.wd1.myworkdayjobs.com/OSUCareers/job/University-Hospital/Administrative-Nursing-Supervisor_R151104-1,Administrative Nursing Supervisor - Nights,Non-academic,Full-time,school of nursing,,,2026-09-11
1043,https://osu.wd1.myworkdayjobs.com/OSUCareers/job/James-Cancer-Hospital-and-Solove-Research-Institute/Administrative-Nursing-Supervisor---Rotation_R149633-1,Administrative Nursing Supervisor - Rotation,Non-academic,Full-time,school of nursing,,,2026-09-14
1043,https://osu.wd1.myworkdayjobs.com/OSUCareers/job/James-Cancer-Hospital-and-Solove-Research-Institute/Administrative-Nursing-Supervisor---Nights_R149640,Administrative Nursing Supervisor - Nights,Non-academic,Full-time,school of nursing,,,2026-08-14
1043,https://osu.wd1.myworkdayjobs.com/OSUCareers/job/College-of-MedicineOffice-of-Health-Sciences/Physician---Department-of-Radiology--Program-Director--Diagnostic-Radiology-Residency--Open-Rank-Track-Faculty-_R157375-1,"Physician - Department of Radiology, Program Director, Diagnostic Radiology Residency (Open Rank/Track Faculty)",Assistant_Professor; Associate_Professor; Full_Professor; Research_Fellow,Full-time,"Department of Radiology, Program Director, Diagnostic Radiology Residency",,,2026-09-09
1043,https://osu.wd1.myworkdayjobs.com/OSUCareers/job/Outpatient-CareAmbulatory/Mobility-Aide-Lead_R152507-1,Mobility Aide Lead,Non-academic,Full-time,,,,2026-08-14
1043,https://osu.wd1.myworkdayjobs.com/OSUCareers/job/University-Hospital/Staff-Pharmacist-Non-exempt_R157125,Staff Pharmacist-Non-exempt,Unclassified,Full-time,,,,2026-08-14
1043,https://osu.wd1.myworkdayjobs.com/OSUCareers/job/Columbus-Campus/Faculty-Director-of-Academic-Excellence_R154918-1,Faculty Director of Academic Excellence,Lecturer,Full-time,College of Law seeks a Faculty Director of Academic Excellence,Academic Excellence; College of Law,,2026-08-14
1043,https://osu.wd1.myworkdayjobs.com/OSUCareers/job/Columbus-Campus/Education-Program-Lead-Coordinator_R155461-1,Education Program Lead Coordinator,Non-academic,Full-time,College of Arts and Sciences seeks nine Education Program Lead Coordinators to join our team,Carmen assignments,,2026-08-14
1043,https://osu.wd1.myworkdayjobs.com/OSUCareers/job/Columbus-Campus/ASC-Alumni-Associate-Professor-or-Professor-of-Social-Stratification_R156872-1,ASC Alumni Associate Professor or Professor of Social Stratification,Associate_Professor; Full_Professor,Full-time,Department of Sociology in the College of Arts and Sciences,Social Stratification; mentoring undergraduate; Criminal Justice Research Center; inequality,"September 25, 2026",2026-08-14
1043,https://osu.wd1.myworkdayjobs.com/OSUCareers/job/Extension-County-Offices/Extension-Educator--4-H-Youth-Development---Lake-County_R157194,Extension Educator 4 H Youth Development Lake County,Unclassified,Full-time,,,,
1043,https://osu.wd1.myworkdayjobs.com/OSUCareers/job/Columbus-Campus/Researcher-2_R156929-1,Researcher 2 R156929 1,Unclassified,Full-time,,,,
1043,https://osu.wd1.myworkdayjobs.com/OSUCareers/job/College-of-MedicineOffice-of-Health-Sciences/Revenue-Cycle-Services-Coordinator---Driver_R156293-1,Revenue Cycle Services Coordinator - Driver,Non-academic,Full-time,,,,2026-08-13
1043,https://osu.wd1.myworkdayjobs.com/OSUCareers/job/Columbus-Campus/Office-Administrative-Associate_R154018-1,Office Administrative Associate,Unclassified,Full-time,Division of Dental Hygiene,,,2026-09-09
1043,https://osu.wd1.myworkdayjobs.com/OSUCareers/job/University-Hospital/Assistant-Nurse-Manager--Periop--HS-_R122955-1,"Associate Nurse Manager, Peri-anesthesia - Inpatient",Non-academic,Full-time,,,,2026-09-10
1043,https://osu.wd1.myworkdayjobs.com/OSUCareers/job/James-Cancer-Hospital-and-Solove-Research-Institute/Advanced-Practice-Provider--NP-PA----PVAT---Bedside-Procedure-Service-Interventional-Radiology_R151236-1,Advanced Practice Provider (NP/PA) - Clinical Interventional Radiology,Unclassified,Full-time,,,,2026-08-13
1043,https://osu.wd1.myworkdayjobs.com/OSUCareers/job/University-Hospital/Nurse-Manager--UH-MICU_R150370-1,Nurse Manager- UH MICU,Non-academic,Full-time,,,,2026-08-13
1043,https://osu.wd1.myworkdayjobs.com/OSUCareers/job/College-of-MedicineOffice-of-Health-Sciences/Assistant-to-the-Chair--Internal-Medicine-Administration_R154903-1,Assistant to the Chair Internal Medicine Administration R154903 1,Unclassified,Full-time,,,,
1043,https://osu.wd1.myworkdayjobs.com/OSUCareers/job/Columbus-Campus/Research-Technician_R157018-1,Research Technician R157018 1,Non-academic,Full-time,,,,
1043,https://osu.wd1.myworkdayjobs.com/OSUCareers/job/East-Hospital/Radiologic-Technologist--IRP_R148889-2,Radiologic Technologist -IRP,Non-academic,Part-time,,,,2026-08-12
1043,https://osu.wd1.myworkdayjobs.com/OSUCareers/job/East-Hospital/Registered-Nurse---Tower-7-General-and-Family-Medicine-Inpatient---East-Hospital_R148565-1,Registered Nurse Tower 7 General and Family Medicine Inpatient East Hospital R148565 1,Unclassified,Full-time,,,,
1043,https://osu.wd1.myworkdayjobs.com/OSUCareers/job/Columbus-Campus/Assistant-Professor---Practice-2_R151249,"Assistant Professor - Practice/Part Time, Endodontics",Assistant_Professor,Part-time,faculty of the highest caliber is a core component of this commitment,Endodontics; dental materials science; maxillofacial pathology,,2026-08-12
1043,https://osu.wd1.myworkdayjobs.com/OSUCareers/job/Columbus-Campus/Assistant-Professor---Practice_R153495-1,"Assistant Professor - Practice/Part Time, Orthodontist",Assistant_Professor,Part-time,College of Dentistry,Orthodontist,,2026-08-12
1043,https://osu.wd1.myworkdayjobs.com/OSUCareers/job/Columbus-Campus/Assistant-Professor---Practice_R90772-1,"Assistant Professor - Practice/Part Time, Orthodontist",Assistant_Professor,Part-time,,Orthodontist,,2026-08-12
1043,https://osu.wd1.myworkdayjobs.com/OSUCareers/job/Columbus-Campus/Assistant-Associate-Professor_R84305-1,"Assistant/Associate Professor - Tenure track, Oral and Maxillofacial Surgeon",Assistant_Professor; Associate_Professor,Full-time,College of Dentistry,Oral and Maxillofacial Surgeon; demonstrate high-quality scholarly work; presentations,,2026-08-12
1043,https://osu.wd1.myworkdayjobs.com/OSUCareers/job/Columbus-Campus/Assistant-or-Associate-Professor---Clinical_R65823-1,"Assistant/Associate Professor - Clinical track, Oral and Maxillofacial Surgeon",Assistant_Professor; Associate_Professor,Full-time,College of Dentistry,Oral and Maxillofacial Surgeon; demonstrate high-quality scholarly work; presentations,,2026-08-12
1043,https://osu.wd1.myworkdayjobs.com/OSUCareers/job/Columbus-Campus/Assistant-Professor---Practice_R145568-1,Assistant Professor Practice R145568 1,Assistant_Professor,Full-time,,,,
1043,https://osu.wd1.myworkdayjobs.com/OSUCareers/job/Columbus-Campus/Assistant-Professor---Clinical_R71400-1,"Assistant/Associate Professor - Clinical track, Dental Anesthesiologist",Assistant_Professor; Associate_Professor,Full-time,Department of Anesthesiology,Dental Anesthesiologist,,2026-08-12
1043,https://osu.wd1.myworkdayjobs.com/OSUCareers/job/Columbus-Campus/Clinical-Assistant-Associate-Professor---Dental-Anesthesiologist_R57929-1,"Assistant/Associate Professor - Clinical track, Dental Anesthesiologist",Assistant_Professor; Associate_Professor,Full-time,Department of Anesthesiology,Dental Anesthesiologist,,2026-08-12
1043,https://osu.wd1.myworkdayjobs.com/OSUCareers/job/Columbus-Campus/Professor--Associate-Professor--Assistant-Professor_R145549-2,"Assistant/Associate/Full Professor - Tenure track, Periodontist",Assistant_Professor; Associate_Professor; Full_Professor,Full-time,College of Dentistry,Periodontist,,2026-08-12
1043,https://osu.wd1.myworkdayjobs.com/OSUCareers/job/Outpatient-CareAmbulatory/Therapy-Aide_R156667,Therapy Aide,Unclassified,Full-time,,,,
1043,https://osu.wd1.myworkdayjobs.com/OSUCareers/job/Columbus-Campus/Clinical-Maxillofacial-Prosthodontist_R104207-1,"Assistant/Associate Professor- Clinical track, Maxillofacial Prosthodontist",Assistant_Professor; Associate_Professor,Full-time,College of Dentistry,Maxillofacial Prosthodontist; neck cancer research; type of head,,2026-08-12
1043,https://osu.wd1.myworkdayjobs.com/OSUCareers/job/Columbus-Campus/Post-Doctoral-Scholar_R154357,Post Doctoral Scholar,Research_Fellow,Full-time,,,,
1043,https://osu.wd1.myworkdayjobs.com/OSUCareers/job/East-Hospital/Inpatient-Registered-Nurse-Float_R150106,Inpatient Registered Nurse STAT- Float-  East Hospital,Unclassified,Part-time,,,,2026-09-14
1043,https://osu.wd1.myworkdayjobs.com/OSUCareers/job/East-Hospital/Registered-Nurse_R146078-1,Registered Nurse- East Hospital- Progressive Care Unit,Unclassified,Full-time,,,,2026-08-12
1043,https://osu.wd1.myworkdayjobs.com/OSUCareers/job/East-Hospital/Registered-Nurse--Emergency-Department_R151192,Registered Nurse- Emergency Department,Unclassified,Part-time,,,,2026-08-12
1043,https://osu.wd1.myworkdayjobs.com/OSUCareers/job/Outpatient-CareAmbulatory/Surgical-Technologist---Dublin-Outpatient_R145405-1,Surgical Technologist - Dublin Outpatient,Unclassified,Full-time,,,,2026-08-12
1043,https://osu.wd1.myworkdayjobs.com/OSUCareers/job/University-Hospital/Administrative-Assistant-III---Department-of-Neurological-Surgery_R156990,Administrative Assistant III Department of Neurological Surgery,Unclassified,Full-time,Department of Neurological Surgery,Neurological Surgery,,
1043,https://osu.wd1.myworkdayjobs.com/OSUCareers/job/Columbus-Campus/Clinical-Assistant-Professor-of-Practice_R156727-1,Clinical Assistant Professor of Practice,Assistant_Professor,Part-time,College of Optometry,Practice,,2026-08-12
1043,https://osu.wd1.myworkdayjobs.com/OSUCareers/job/University-Hospital/Staff-Nurse--RN----Progressive-Care-Float-Pool_R143171,Staff Nurse (RN) - Progressive Care Float Pool,Unclassified,Full-time,,,,2026-09-17
1043,https://osu.wd1.myworkdayjobs.com/OSUCareers/job/James-Cancer-Hospital-and-Solove-Research-Institute/Staff-Nurse--RN---Critical-Care-Oncology-New-Grad-Nurse-Residency-Program--The-James_R153527-1,Staff Nurse (RN)- Critical Care Oncology New Grad Nurse Residency Program- The James,Unclassified,Full-time,,,,2026-08-12
1043,https://osu.wd1.myworkdayjobs.com/OSUCareers/job/Columbus-Campus/Lecturer---American-Sign-Language-Program_R156947-1,Lecturer - American Sign Language Program,Lecturer,Full-time,Center for Languages Literature and Cultures Job Description The American Sign Language,American Sign Language Program; Columbus campus,"November 30, 2026",2026-08-11
1043,https://osu.wd1.myworkdayjobs.com/OSUCareers/job/College-of-MedicineOffice-of-Health-Sciences/Physician---Transplant-Hepatology-Clinical-Leader---Department-of-Internal-Medicine--Gastroenterology--Hepatology---Nutrition--GHN--Division---Open-Rank-Track-Faculty-_R157135-2,"Physician - Transplant Hepatology Clinical Leader – Department of Internal Medicine, Gastroenterology, Hepatology & Nutrition (GHN) Division  (Open Rank/Track Faculty)",Assistant_Professor; Associate_Professor; Full_Professor; Research_Fellow,Full-time,"Department of Internal Medicine, Gastroenterology, Hepatology & Nutrition",,,2026-08-11
1043,https://osu.wd1.myworkdayjobs.com/OSUCareers/job/Wooster-Campus/Research-Student-Assistant_R156480-2,Research Student Assistant,Unclassified,Part-time,,,,2026-08-11
1043,https://osu.wd1.myworkdayjobs.com/OSUCareers/job/College-of-MedicineOffice-of-Health-Sciences/Physician-or-Physician-Scientist---Associate-Section-Director-for-Research--Advanced-Cardiac-Arrhythmias-and-Electrophysiology-Section--Open-Rank-Track-Faculty-_R157108-1,"Physician or Physician Scientist – Associate Section Director for Research, Advanced Cardiac Arrhythmias and Electrophysiology Section (Open Rank/Track Faculty)",Assistant_Professor; Associate_Professor; Full_Professor; Research_Fellow,Full-time,"College of Medicine, the Health Sciences Library, and the Faculty Group Practice",,,2026-08-11
1043,https://osu.wd1.myworkdayjobs.com/OSUCareers/job/Columbus-Campus/CCAPP-Post-Doctoral-Scholar_R155845-1,CCAPP Post Doctoral Scholar,Research_Fellow,Full-time,Center for Cosmology and AstroParticle Physics,,,2026-08-11
1043,https://osu.wd1.myworkdayjobs.com/OSUCareers/job/College-of-MedicineOffice-of-Health-Sciences/Senior-Research-Scientist_R156867-1,Senior Research Scientist R156867 1,Research_Fellow,Full-time,,,,
1043,https://osu.wd1.myworkdayjobs.com/OSUCareers/job/College-of-MedicineOffice-of-Health-Sciences/Research-Scientist--Neurology_R156861,Research Scientist Neurology,Research_Fellow,Full-time,,,,
1043,https://osu.wd1.myworkdayjobs.com/OSUCareers/job/Outpatient-CareAmbulatory/Athletic-Trainer_R156974-2,Athletic Trainer,Unclassified,Full-time,,,,2026-08-11
1043,https://osu.wd1.myworkdayjobs.com/OSUCareers/job/College-of-MedicineOffice-of-Health-Sciences/Physician--Rheumatology--Open-Rank-Track-Faculty-_R105376-1,Physician- Rheumatology (Open Rank/Track Faculty),Assistant_Professor; Associate_Professor; Full_Professor; Research_Fellow,Full-time,Division of Rheumatology and Immunology,,,2026-08-11
1043,https://osu.wd1.myworkdayjobs.com/OSUCareers/job/James-Cancer-Hospital-and-Solove-Research-Institute/Bone-Marrow-Transplant-Coordinator_R154541,Bone Marrow Transplant Coordinator,Non-academic,Full-time,,,,
1043,https://osu.wd1.myworkdayjobs.com/OSUCareers/job/College-of-MedicineOffice-of-Health-Sciences/Physician---Endocrinology--Adrenal-Pituitary-Specialist--Open-Rank-Track-Faculty-_R114254-1,"Physician - Endocrinology, Adrenal Pituitary Specialist (Open Rank/Track Faculty)",Assistant_Professor; Associate_Professor; Full_Professor; Research_Fellow,Full-time,"Division of Endocrinology, Diabetes, and Metabolism",,,2026-08-11
1043,https://osu.wd1.myworkdayjobs.com/OSUCareers/job/Columbus-Campus/Research-Senior-Associate_R152161,Research Senior Associate,Unclassified,Full-time,Department of neurological surgery laboratory of Dr,,,2026-08-11
1043,https://osu.wd1.myworkdayjobs.com/OSUCareers/job/James-Cancer-Hospital-and-Solove-Research-Institute/Interior-Design-Planning-Specialist_R156529-1,Interior Design Planning Specialist R156529 1,Non-academic,Full-time,,,,
1043,https://osu.wd1.myworkdayjobs.com/OSUCareers/job/Health-System-Shared-Services/IT-Process-Engineer_R152729-2,IT Process Engineer,Non-academic,Full-time,,,,2026-08-11
1043,https://osu.wd1.myworkdayjobs.com/OSUCareers/job/University-Hospital/Executive-Assistant---Medical-Staff-Administration_R155779-1,Executive Assistant - Medical Staff Administration,Assistant_Professor; Associate_Professor; Full_Professor,Full-time,,,,2026-08-10
1043,https://osu.wd1.myworkdayjobs.com/OSUCareers/job/Ross-Heart-Hospital/CT-Technologist---Contingent-I-Ross-Cardiac-CT_R156766-1,CT Technologist - Contingent I Ross Cardiac CT,Non-academic,Part-time,,,,2026-08-10
1043,https://osu.wd1.myworkdayjobs.com/OSUCareers/job/Columbus-Campus/CT-Technologist_R127373-1,"CT Tech $15,000 Signing Bonus University Hospital 3rd Shift",Non-academic,Full-time,Department of Health Radiology License,,,2026-08-10
1043,https://osu.wd1.myworkdayjobs.com/OSUCareers/job/College-of-MedicineOffice-of-Health-Sciences/Physician---Department-of-Internal-Medicine--Division-of-Gastroenterology--Hepatology--and-Nutrition--All-Specialties---Open-Rank-Track-Faculty-_R108895-1,"Physician - Department of Internal Medicine, Division of Gastroenterology, Hepatology, and Nutrition (All Specialties) (Open Rank/Track Faculty)",Assistant_Professor; Associate_Professor; Full_Professor,Full-time,"Department of Internal Medicine, Division of Gastroenterology, Hepatology, and Nutrition",gastroenterology,,2026-08-10
1043,https://osu.wd1.myworkdayjobs.com/OSUCareers/job/East-Hospital/Outpatient-RN---Infusion_R156655,Outpatient RN - Infusion,Unclassified,Full-time,,,,2026-08-10
1043,https://osu.wd1.myworkdayjobs.com/OSUCareers/job/Outpatient-CareAmbulatory/Outpatient-RN---Infusion--Contingent-IRP-_R155679-1,Outpatient RN - Infusion (Contingent/IRP),Unclassified,Part-time,school of registered nursing,,,2026-08-10
1043,https://osu.wd1.myworkdayjobs.com/OSUCareers/job/James-Cancer-Hospital-and-Solove-Research-Institute/CT-Tech--15-000-Signing-Bonus-James---CT-Scan_R147788-2,CT Tech 15 000 Signing Bonus James CT Scan R147788 2,Unclassified,Full-time,,,,
1043,https://osu.wd1.myworkdayjobs.com/OSUCareers/job/James-Cancer-Hospital-and-Solove-Research-Institute/Pharmacy-Technician---Inpatient_R156516-2,Pharmacy Technician - Inpatient,Non-academic,Full-time,,,,2026-09-14
1043,https://osu.wd1.myworkdayjobs.com/OSUCareers/job/Columbus-Campus/Assistant-Director--OUAB_R156762-1,"Assistant Director, OUAB",Unclassified,Full-time,,,,2026-08-07
1043,https://osu.wd1.myworkdayjobs.com/OSUCareers/job/College-of-MedicineOffice-of-Health-Sciences/Associate-Professor---Neurology---Neurogenetics_R111255-1,Research Faculty - Neurology - Neurogenetics - (Open Rank/Track Faculty),Assistant_Professor; Associate_Professor; Full_Professor; Research_Fellow,Full-time,School of Health and Rehabilitation Sciences,Neurology; Parkinson's disease; Alzheimer's disease,,2026-08-07
1043,https://osu.wd1.myworkdayjobs.com/OSUCareers/job/University-Hospital/Clinic-RN---Multidisciplinary-Neuro-Clinic_R156899-1,Clinic RN - Multidisciplinary Neuro Clinic,Unclassified,Full-time,,,,2026-08-07
1043,https://osu.wd1.myworkdayjobs.com/OSUCareers/job/University-Hospital/Sales-Associate-1_R156657-1,Sales Associate 1 R156657 1,Unclassified,Full-time,,,,
1043,https://osu.wd1.myworkdayjobs.com/OSUCareers/job/Columbus-Campus/Chef-Apprentice_R147296-2,Chef Apprentice,Unclassified,Full-time,,,,2026-08-06
1043,https://osu.wd1.myworkdayjobs.com/OSUCareers/job/University-Hospital/Imaging-Manager--Nuclear-Medicine-I-University-Hospital_R155149-2,"Imaging Manager, Nuclear Medicine I OSU Wexner Medical Center",Non-academic,Full-time,Department of Health,,,2026-09-14
1043,https://osu.wd1.myworkdayjobs.com/OSUCareers/job/College-of-MedicineOffice-of-Health-Sciences/Physician---Clinical-Faculty--Infectious-Diseases---Solid-Organ-Transplant--Specialist--Open-Rank-Track-Faculty-_R146263-1,"Physician – Clinical Faculty, Infectious Diseases - Solid Organ Transplant  Specialist (Open Rank/Track Faculty)",Assistant_Professor; Associate_Professor; Full_Professor; Research_Fellow,Full-time,Department of Internal Medicine,Infectious Diseases - Solid Organ Transplant  Specialist,,2026-08-06
1043,https://osu.wd1.myworkdayjobs.com/OSUCareers/job/College-of-MedicineOffice-of-Health-Sciences/Physician---Infectious-Diseases---Immunocompromised-Specialist--Open-Rank-Track-Faculty-_R114574-1,Physician - Infectious Diseases - Immunocompromised Specialist (Open Rank/Track Faculty),Assistant_Professor; Associate_Professor; Full_Professor; Research_Fellow,Full-time,Department of Internal Medicine,,,2026-08-06
1043,https://osu.wd1.myworkdayjobs.com/OSUCareers/job/College-of-MedicineOffice-of-Health-Sciences/Physician---Infectious-Diseases---General-Infectious-Diseases--Open-Rank-Track-Faculty_R114573-2,Physician - Infectious Diseases - General Infectious Diseases (Open Rank/Track Faculty,Assistant_Professor; Associate_Professor; Full_Professor; Research_Fellow,Full-time,Department of Internal Medicine,,,2026-08-06
1043,https://osu.wd1.myworkdayjobs.com/OSUCareers/job/Columbus-Campus/Dental-Claims-Specialist_R108886,Dental Claims Specialist,Non-academic,Full-time,College of Dentistry,,,2026-09-08
1043,https://osu.wd1.myworkdayjobs.com/OSUCareers/job/College-of-MedicineOffice-of-Health-Sciences/Clinical-Research-Assistant-2---Psychiatry_R151468-1,Clinical Research Assistant 2 - Psychiatry,Non-academic,Full-time,"Institute of Brain, Behavior and Immunology",,,2026-08-06
1043,https://osu.wd1.myworkdayjobs.com/OSUCareers/job/Columbus-Campus/Assistant-Professor--Tenure-Track-_R155287,"Fisher College of Business, Assistant Professor (Tenure-Track)",Assistant_Professor,Full-time,"College of Business, Assistant Professor","Business, Assistant Professor; Operations Management; Service Operations",10/15/2026,2026-08-06
1043,https://osu.wd1.myworkdayjobs.com/OSUCareers/job/Columbus-Campus/Post-Doctoral-Scholar-in-AI-for-Geophysics-Geoscience_R156577-1,Post Doctoral Scholar in AI for Geophysics Geoscience R156577 1,Research_Fellow,Full-time,,AI for Geophysics Geoscience R156577 1,,
1043,https://osu.wd1.myworkdayjobs.com/OSUCareers/job/University-Hospital/Office-Services-Senior-Coordinator_R155793-1,Office Services Senior Coordinator,Non-academic,Full-time,,,,2026-08-05
1043,https://osu.wd1.myworkdayjobs.com/OSUCareers/job/University-Hospital/Security-Officer---FOP-MC-Security_R155510-1,Security Officer - FOP MC Security,Unclassified,Full-time,,,,2026-08-05
1043,https://osu.wd1.myworkdayjobs.com/OSUCareers/job/James-Cancer-Hospital-and-Solove-Research-Institute/Administrative-Nursing-Supervisor-Oncology_R155103-1,Administrative Nursing Supervisor Oncology R155103 1,Unclassified,Full-time,,,,
1043,https://osu.wd1.myworkdayjobs.com/OSUCareers/job/OSU-Health-Plan/Supervisor--Payer-Relations_R153000,"Supervisor, Payer Relations",Unclassified,Full-time,,,,2026-08-05
1043,https://osu.wd1.myworkdayjobs.com/OSUCareers/job/University-Hospital/Transplant-Coordinator---IRP_R149448-1,Transplant Coordinator IRP R149448 1,Non-academic,Full-time,,,,
1043,https://osu.wd1.myworkdayjobs.com/OSUCareers/job/University-Hospital/Transplant-Coordinator--IRP_R149447,Transplant Coordinator (RN)- IRP,Non-academic,Part-time,school of nursing,,,2026-08-05
1043,https://osu.wd1.myworkdayjobs.com/OSUCareers/job/College-of-MedicineOffice-of-Health-Sciences/Enterprise-Applications-Developer-3_R156731,Enterprise Applications Developer 3,Unclassified,Part-time,"College of Medicine, Research Information Technology, Columbus, Ohio",Silver,,2026-08-05
1043,https://osu.wd1.myworkdayjobs.com/OSUCareers/job/Outpatient-CareAmbulatory/Advanced-Practice-Provider--NP-PA---Outpatient-Surgical-Oncology_R156422,Advanced Practice Provider (NP/PA)- Surgical Oncology- Cutaneous/Endocrine,Unclassified,Full-time,,,,2026-08-05
1043,https://osu.wd1.myworkdayjobs.com/OSUCareers/job/James-Cancer-Hospital-and-Solove-Research-Institute/Advanced-Practice-Provider--NP-PA---Ambulatory-Surgical-Oncology--GI-Sarcoma_R156420-1,Advanced Practice Provider (NP/PA)- Ambulatory Surgical Oncology- GI/Sarcoma,Unclassified,Full-time,,,,2026-08-05
1043,https://osu.wd1.myworkdayjobs.com/OSUCareers/job/Outpatient-CareAmbulatory/Physical-Therapist_R156681-2,Physical Therapist R156681 2,Unclassified,Full-time,,,,
1043,https://osu.wd1.myworkdayjobs.com/OSUCareers/job/Health-System-Shared-Services/Quality-Program-Coordination-Lead_R147016-1,Quality Program Coordination Lead | Emergency Response Team,Unclassified,Full-time,,,,2026-08-05
1043,https://osu.wd1.myworkdayjobs.com/OSUCareers/job/Columbus-Campus/Senior-Director-of-Development--Fisher-College-Of-Business--Keenan-Center-for-Enterpreneurship_R143502-1,"Senior Director of Development, Fisher College Of Business, Keenan Center for Entrepreneurship",Non-academic,Full-time,"College Of Business, Keenan Center for Entrepreneurship","Development, Fisher College Of Business, Keenan Center for Entrepreneurship",,2026-08-05
1043,https://osu.wd1.myworkdayjobs.com/OSUCareers/job/Columbus-Campus/Senior-Director-of-Development--Fisher-College-Of-Business_R143688-1,"Senior Director of Development, Fisher College Of Business",Non-academic,Full-time,College Of Business,"Development, Fisher College Of Business",,2026-08-05
1043,https://osu.wd1.myworkdayjobs.com/OSUCareers/job/Columbus-Campus/Post-Doctoral-Scholar_R156574-1,Post Doctoral Scholar R156574 1,Research_Fellow,Full-time,,,,
1043,https://osu.wd1.myworkdayjobs.com/OSUCareers/job/Columbus-Campus/Assistant-Professor-of-Molecular-Genetics_R154837-1,Assistant Professor of Molecular Genetics,Assistant_Professor,Full-time,Department of Molecular Genetics in the College of Arts and Sciences,Molecular Genetics; mentoring of a diverse student,"September 1, 2026",2026-08-04
1043,https://osu.wd1.myworkdayjobs.com/OSUCareers/job/University-Hospital/Executive-Assistant---University-Hospital-Administration_R155892,Executive Assistant | University Hospital Administration,Assistant_Professor; Associate_Professor; Full_Professor,Full-time,,,,2026-08-04
1043,https://osu.wd1.myworkdayjobs.com/OSUCareers/job/Columbus-Campus/Sr-Director--Graduate-Career-Management_R150691-1,"Sr. Director, Graduate Career Management",Unclassified,Full-time,,,,2026-08-04
1043,https://osu.wd1.myworkdayjobs.com/OSUCareers/job/University-Hospital/Acute-Care-Physical-Therapy-IRP_R146325-2,Acute Care Physical Therapy IRP,Non-academic,Part-time,,,,2026-08-04
1043,https://osu.wd1.myworkdayjobs.com/OSUCareers/job/University-Hospital/Director---Histocompatibility-Lab_R129901-2,Director - Histocompatibility Lab,Unclassified,Full-time,,,,2026-09-09
1043,https://osu.wd1.myworkdayjobs.com/OSUCareers/job/College-of-MedicineOffice-of-Health-Sciences/Physician---Emergency-Medicine_R64511,Physician - Emergency Medicine,Unclassified,Part-time,,,,2026-08-04
1043,https://osu.wd1.myworkdayjobs.com/OSUCareers/job/Health-System-Shared-Services/Patient-Accounting-Coordinator-Lead_R154519-1,Patient Accounting Coordinator Lead,Non-academic,Full-time,,,,2026-08-04
1043,https://osu.wd1.myworkdayjobs.com/OSUCareers/job/Columbus-Campus/Open-Rank-Tenure-Track---Artificial-Intelligence--AI-_R156506,Open Rank Tenure Track Artificial Intelligence AI,Assistant_Professor; Associate_Professor; Full_Professor,Full-time,,,,
1043,https://osu.wd1.myworkdayjobs.com/OSUCareers/job/Columbus-Campus/Postdoctoral-Scholar_R155245,Postdoctoral Scholar,Research_Fellow,Full-time,Department of Astronomy,,,2026-08-04
1043,https://osu.wd1.myworkdayjobs.com/OSUCareers/job/Columbus-Campus/Postdoctoral-Scholar_R155249-1,Postdoctoral Scholar,Research_Fellow,Full-time,"College of Arts and Sciences, seeks several Postdoctoral Scholars  to join our team",,,2026-08-04
1043,https://osu.wd1.myworkdayjobs.com/OSUCareers/job/College-of-MedicineOffice-of-Health-Sciences/Enterprise-Applications-Developer-4_R156579,Enterprise Applications Developer 4,Unclassified,Part-time,"College of Medicine, Research Information Technology, Columbus, Ohio",,,2026-08-03
1043,https://osu.wd1.myworkdayjobs.com/OSUCareers/job/Columbus-Campus/Research-Associate_R152414-1,Research Associate,Research_Fellow,Full-time,,DNA damage response,,2026-08-03
1043,https://osu.wd1.myworkdayjobs.com/OSUCareers/job/Outpatient-CareAmbulatory/Athletic-Trainer-2_R152089-2,Athletic Trainer 2,Unclassified,Full-time,,,,2026-08-03
1043,https://osu.wd1.myworkdayjobs.com/OSUCareers/job/University-Hospital/Staff-Nurse--RN---Neuro-Progressive-Care_R155875-1,"Staff Nurse (RN), Neuro Progressive Care",Unclassified,Full-time,,,,2026-08-03
1043,https://osu.wd1.myworkdayjobs.com/OSUCareers/job/Ross-Heart-Hospital/Nurse-Navigator--Structural-Heart-Program_R153848-1,Nurse Navigator Structural Heart Program R153848 1,Unclassified,Full-time,,,,
1043,https://osu.wd1.myworkdayjobs.com/OSUCareers/job/Wooster-Campus/Assistant-Professor_R151805,Assistant Professor,Assistant_Professor,Full-time,"College of Food, Agricultural, and Environmental Sciences, Wooster, Ohio",vegetable production,,2026-08-03
1043,https://osu.wd1.myworkdayjobs.com/OSUCareers/job/Columbus-Campus/Manager--Financial-Operations---Pathology_R154069-1,"Manager, Financial Operations - Pathology",Non-academic,Full-time,Department of Pathology within College of Medicine,OSU Histology Lab; Uses,,2026-09-11
1043,https://osu.wd1.myworkdayjobs.com/OSUCareers/job/Outpatient-CareAmbulatory/Sr-Supply-Chain-Coordinator_R152623-1,Sr Supply Chain Coordinator R152623 1,Non-academic,Full-time,,,,
1043,https://osu.wd1.myworkdayjobs.com/OSUCareers/job/James-Cancer-Hospital-and-Solove-Research-Institute/Pharmacy-Technician---Outpatient_R156525-1,Pharmacy Technician - Outpatient,Non-academic,Full-time,,,,2026-09-09
1043,https://osu.wd1.myworkdayjobs.com/OSUCareers/job/College-of-MedicineOffice-of-Health-Sciences/Morgue-Attendant---Pathology_R155776-1,Morgue Attendant Pathology R155776 1,Unclassified,Full-time,,,,
1043,https://osu.wd1.myworkdayjobs.com/OSUCareers/job/University-Hospital/Administrative-Nursing-Supervisor_R154618-1,Administrative Nursing Supervisor - Nights,Non-academic,Full-time,school of nursing,,,2026-09-11
1043,https://osu.wd1.myworkdayjobs.com/OSUCareers/job/Columbus-Campus/Post-Doctoral-Scholar---Biomedical-Informatics_R143686-1,Post Doctoral Scholar - Biomedical Informatics,Research_Fellow,Full-time,,,,2026-08-03
1043,https://osu.wd1.myworkdayjobs.com/OSUCareers/job/Columbus-Campus/Senior-Career-Advisor_R154251-1,"Senior Career Advisor, Fisher College of Business",Non-academic,Full-time,College of Business,Business,,2026-08-03
1043,https://osu.wd1.myworkdayjobs.com/OSUCareers/job/Outpatient-CareAmbulatory/Service-Line-Administration-Senior-Analyst---Outpatient-Care-Powell_R145356,Service Line Administration Senior Analyst - Outpatient Care Powell,Non-academic,Full-time,,,,2026-08-03
1043,https://osu.wd1.myworkdayjobs.com/OSUCareers/job/James-Cancer-Hospital-and-Solove-Research-Institute/Theranostics-Program-Manager_R137415-1,Theranostics Program Manager,Non-academic,Full-time,,,,2026-08-03
1043,https://osu.wd1.myworkdayjobs.com/OSUCareers/job/University-Hospital/Occupational-Therapist---Contingent-IRP_R154742-2,Occupational Therapist - Contingent/IRP,Unclassified,Part-time,,,,2026-08-03
1043,https://osu.wd1.myworkdayjobs.com/OSUCareers/job/James-Cancer-Hospital-and-Solove-Research-Institute/Staff-Nurse---Palliative-Unit_R146027-1,Staff Nurse - Palliative Unit,Unclassified,Full-time,,,,2026-09-16
1043,https://osu.wd1.myworkdayjobs.com/OSUCareers/job/James-Cancer-Hospital-and-Solove-Research-Institute/Care-Manager--RN----Oncology_R143641-1,Care Manager RN Oncology R143641 1,Non-academic,Full-time,,,,
1043,https://osu.wd1.myworkdayjobs.com/OSUCareers/job/University-Hospital/Physical-Therapist---Contingent-IRP_R154793,Physical Therapist - Contingent/IRP,Unclassified,Part-time,,,,2026-08-03
1043,https://osu.wd1.myworkdayjobs.com/OSUCareers/job/Columbus-Campus/Dental-Claims-Specialist_R137962-1,Dental Claims Specialist,Non-academic,Full-time,College of Dentistry,,,2026-09-08
1043,https://osu.wd1.myworkdayjobs.com/OSUCareers/job/Remote-Location/Outpatient-Medical-Coder-3_R138621-1,Outpatient Medical Coder 3,Non-academic,Full-time,,,,2026-08-03
1043,https://osu.wd1.myworkdayjobs.com/OSUCareers/job/Columbus-Campus/Lecturer---Opera-Production-Director--Spring-2027-_R154489-1,Lecturer – Opera Production Director (Spring 2027),Lecturer,Part-time,School of Music,,,2026-08-03
1043,https://osu.wd1.myworkdayjobs.com/OSUCareers/job/University-Hospital/GME-Data-Analyst_R154225-1,GME Data Analyst R154225 1,Non-academic,Full-time,,,,
1043,https://osu.wd1.myworkdayjobs.com/OSUCareers/job/Columbus-Campus/Assistant-Professor--9M-_R156466,Assistant Professor (9M),Assistant_Professor,Full-time,"Department of History of Art, Columbus, Ohio",History of Art; Built,,2026-07-31
1043,https://osu.wd1.myworkdayjobs.com/OSUCareers/job/University-Hospital/Pharmacy-Patient-Asstnce-Coord_R155808-1,Pharmacy Patient Asstnce Coord,Non-academic,Full-time,,,,2026-07-31
1043,https://osu.wd1.myworkdayjobs.com/OSUCareers/job/College-of-MedicineOffice-of-Health-Sciences/Physician---Department-of-Physical-Medicine-and-Rehabilitation--Spinal-Cord-Injury-Medicine--Open-Rank-Track-Faculty-_R149933,"Physician – Department of Physical Medicine and Rehabilitation, Spinal Cord Injury Medicine (Open Rank/Track Faculty)",Assistant_Professor; Associate_Professor; Full_Professor; Research_Fellow,Full-time,"Department of Physical Medicine and Rehabilitation, Spinal Cord Injury Medicine",,,2026-07-31
1043,https://osu.wd1.myworkdayjobs.com/OSUCareers/job/Medical-Center-Campus/Physician---Department-of-Physical-Medicine---Rehabilitation--Prosthetics-Orthotics-Limb-Loss-Medical-Director--Open-Rank-Track-Faculty-_R122770-1,"Physician - Department of Physical Medicine & Rehabilitation, Prosthetics/Orthotics/Limb Loss Medical Director (Open Rank/Track Faculty)",Assistant_Professor; Associate_Professor; Full_Professor; Research_Fellow,Full-time,"College of Medicine, the Health Sciences Library and the Faculty Group Practice",,,2026-07-31
1043,https://osu.wd1.myworkdayjobs.com/OSUCareers/job/College-of-MedicineOffice-of-Health-Sciences/Physician---Department-of-Neurology--Neuropsychology-Division--Open-Rank-Track-Faculty-_R106857-1,"Psychologist - Department of Neurology, Neuropsychology Division (Open Rank/Track Faculty)",Assistant_Professor; Associate_Professor; Full_Professor; Research_Fellow,Full-time,"Department of Neurology, Neuropsychology Division",,,2026-07-31
1043,https://osu.wd1.myworkdayjobs.com/OSUCareers/job/Medical-Center-Campus/Physician---Department-of-Neurology--Neurovascular-Stroke--Open-Rank-Track-Faculty-_R140081-1,"Physician – Department of Neurology, Neurovascular/Stroke (Open Rank/Track Faculty)",Assistant_Professor; Associate_Professor; Full_Professor; Research_Fellow,Full-time,Department of Neurology,,,2026-07-31
1043,https://osu.wd1.myworkdayjobs.com/OSUCareers/job/James-Cancer-Hospital-and-Solove-Research-Institute/Advanced-Practice-Provider--NP-PA----MICU--Rotational_R156411-1,Advanced Practice Provider (NP/PA) - MICU- Rotational,Unclassified,Full-time,,,,2026-07-31
1043,https://osu.wd1.myworkdayjobs.com/OSUCareers/job/College-of-MedicineOffice-of-Health-Sciences/Research-Faculty----IM-Medical-Oncology---Open-Rank-Track-Faculty-_R138220-1,Research Faculty -  IM Medical Oncology  (Open Rank/Track Faculty),Assistant_Professor; Associate_Professor; Full_Professor,Full-time,Department of Internal Medicine,antibody discovery; engineering,,2026-07-31
1043,https://osu.wd1.myworkdayjobs.com/OSUCareers/job/College-of-MedicineOffice-of-Health-Sciences/Physician---Department-of-Neurology--Pain-Medicine---Open-Rank-Track-Faculty-_R156418-1,"Physician - Department of Neurology, Pain Medicine  (Open Rank/Track Faculty)",Assistant_Professor; Associate_Professor; Full_Professor; Research_Fellow,Full-time,"Department of Neurology, Pain Medicine",,,2026-07-31
1043,https://osu.wd1.myworkdayjobs.com/OSUCareers/job/College-of-MedicineOffice-of-Health-Sciences/Job-Posting-Title-Physician---Derm-Medical-Oncology--Open-Rank-Track-Faculty-_R156424-2,Job Posting Title Physician - Derm Medical Oncology (Open Rank/Track Faculty),Assistant_Professor; Associate_Professor; Full_Professor; Research_Fellow,Full-time,Department of Dermatology,,,2026-09-08
1043,https://osu.wd1.myworkdayjobs.com/OSUCareers/job/University-Hospital/Medical-Laboratory-Scientist---Microbiology_R153313-1,Medical Laboratory Scientist - Microbiology,Non-academic,Full-time,Department of Clinical Laboratories,,,2026-07-31
1043,https://osu.wd1.myworkdayjobs.com/OSUCareers/job/Columbus-Campus/Research-Technician-2_R156059-1,Research Technician 2 R156059 1,Non-academic,Full-time,,,,
1043,https://osu.wd1.myworkdayjobs.com/OSUCareers/job/Columbus-Campus/Post-Doctoral-Scholar_R155942-1,Post Doctoral Scholar,Research_Fellow,Full-time,Department of Veterinary Preventive Medicine,organic livestock production; sustainable,,2026-07-31
1043,https://osu.wd1.myworkdayjobs.com/OSUCareers/job/Columbus-Campus/Intermittent-Bus-Operator_R156022-1,Intermittent-Bus Operator,Unclassified,Part-time,,,,2026-07-30
1043,https://osu.wd1.myworkdayjobs.com/OSUCareers/job/College-of-MedicineOffice-of-Health-Sciences/Physician---Department-of-Internal-Medicine--Division-of-General-Internal-Medicine--General-Internist--Open-Rank-Track-Faculty-_R108415-1,"Physician – Department of Internal Medicine, Division of General Internal Medicine, General Internist (Open Rank/Track Faculty)",Assistant_Professor; Associate_Professor; Full_Professor; Research_Fellow,Full-time,"Department of Internal Medicine, Division of General Internal Medicine, General Internist",,,2026-07-29
1043,https://osu.wd1.myworkdayjobs.com/OSUCareers/job/Columbus-Campus/Track---Field-Specialist_R156242-1,Track & Field Specialist,Non-academic,Part-time,,,,2026-07-29
1043,https://osu.wd1.myworkdayjobs.com/OSUCareers/job/Columbus-Campus/Capital-Pillar-Senior-Analyst_R150777-1,"Senior Analyst, Innovation Investment Management",Non-academic,Full-time,,,,2026-07-29
1043,https://osu.wd1.myworkdayjobs.com/OSUCareers/job/Harding-Hospital/Social-Worker---IRP-2_R148658-1,Social Worker - Contingent,Unclassified,Part-time,,,,2026-07-29
1043,https://osu.wd1.myworkdayjobs.com/OSUCareers/job/Outpatient-CareAmbulatory/Nurse-Practitioner_R144584-1,Nurse Practitioner,Unclassified,Full-time,College of Nursing Interprofessional Collaborative Practice Clinic,,,2026-07-28
1043,https://osu.wd1.myworkdayjobs.com/OSUCareers/job/Health-System-Shared-Services/Periop-Enterprise-Coordinator_R155677-1,Periop Enterprise Coordinator,Non-academic,Full-time,college of nursing required with a minimum of three years of clinical experience required,,,2026-07-28
1043,https://osu.wd1.myworkdayjobs.com/OSUCareers/job/Columbus-Campus/Outpatient-Registered-Nurse_R154613-1,Outpatient RN - Radiation Oncology,Unclassified,Full-time,,,,2026-09-09
1043,https://osu.wd1.myworkdayjobs.com/OSUCareers/job/College-of-MedicineOffice-of-Health-Sciences/Physician-or-Physician-Scientist---Director--Cardiovascular-Research-and-Innovation--Open-Rank-Track-Faculty-_R155654-1,"Physician or Physician Scientist – Section Director, Cardiovascular Research and Innovation (Open Rank/Track Faculty)",Assistant_Professor; Associate_Professor; Full_Professor; Research_Fellow,Full-time,Division of Cardiovascular Medicine,,,2026-07-28
1043,https://osu.wd1.myworkdayjobs.com/OSUCareers/job/University-Hospital/Nurse-Anesthetist_R147026-1,Nurse Anesthetist,Unclassified,Full-time,school of nursing and a graduate of an accredited school of nurse anesthesia,anesthesia practice including; clinical research,,2026-07-28
1043,https://osu.wd1.myworkdayjobs.com/OSUCareers/job/University-Hospital/Advanced-Practice-Provider--NP-PA----Onc-ED-ICC-Observation---Nocturnal_R153803,Advanced Practice Provider NP PA Onc ED ICC Observation Nocturnal,Unclassified,Full-time,,,,
1043,https://osu.wd1.myworkdayjobs.com/OSUCareers/job/Health-System-Shared-Services/Clinical-Quality-Auditor-Contingent-IRP_R155802-1,Clinical Quality Auditor Contingent IRP R155802 1,Unclassified,Full-time,,,,
1043,https://osu.wd1.myworkdayjobs.com/OSUCareers/job/James-Cancer-Hospital-and-Solove-Research-Institute/Staff-Nurse--RN--Hematology_R154277-1,Staff Nurse (RN) Hematology,Unclassified,Full-time,,,,2026-07-28
1043,https://osu.wd1.myworkdayjobs.com/OSUCareers/job/Columbus-Campus/Facilities-Maintenance-Technician_R154231-2,Facilities Maintenance Technician,Non-academic,Full-time,,,,2026-07-27
1043,https://osu.wd1.myworkdayjobs.com/OSUCareers/job/Columbus-Campus/Post-Doctoral-Scholar_R149104-1,Post Doctoral Scholar,Research_Fellow,Full-time,,X-ray crystallography; uncovering the molecular mechanisms governing,,2026-07-27
1043,https://osu.wd1.myworkdayjobs.com/OSUCareers/job/Columbus-Campus/Postdoc-Fellow_R153744-2,Postdoc Fellow,Research_Fellow,Full-time,,advancing vaccine; viral research,,2026-07-27
1043,https://osu.wd1.myworkdayjobs.com/OSUCareers/job/Columbus-Campus/Assistant-Radiation-Safety-Officer_R137359-1,Assistant Radiation Safety Officer,Non-academic,Full-time,,,,2026-07-27
1043,https://osu.wd1.myworkdayjobs.com/OSUCareers/job/Columbus-Campus/Research-Assistant_R153383-1,Research Assistant,Non-academic,Full-time,College of Veterinary Medicine,,,2026-07-27
1043,https://osu.wd1.myworkdayjobs.com/OSUCareers/job/Outpatient-CareAmbulatory/Rehabilitation-Services-Aid_R155276-1,Rehabilitation Services Aid R155276 1,Unclassified,Full-time,,,,
1043,https://osu.wd1.myworkdayjobs.com/OSUCareers/job/University-Hospital/Clinical-Dietitian-IRP_R155557-2,Clinical Dietitian IRP,Unclassified,Part-time,,,,2026-07-27
1043,https://osu.wd1.myworkdayjobs.com/OSUCareers/job/Health-System-Shared-Services/Patient-Accounting-Coordinator_R155906,Patient Accounting Coordinator,Non-academic,Full-time,,,,2026-07-24
1043,https://osu.wd1.myworkdayjobs.com/OSUCareers/job/Columbus-Campus/Assistant-Professor_R155868,Assistant Professor,Assistant_Professor,Full-time,"Department of Economics, Columbus, Ohio",Economics; social science,,2026-07-24
1043,https://osu.wd1.myworkdayjobs.com/OSUCareers/job/James-Cancer-Hospital-and-Solove-Research-Institute/Staff-Nurse--RN----Apheresis_R152939-1,Staff Nurse (RN) - Apheresis,Unclassified,Full-time,department of Pathology is clinically consulted to perform the procedure,,,2026-07-24
1043,https://osu.wd1.myworkdayjobs.com/OSUCareers/job/University-Hospital/Specialty-Practice-Pharmacist_R155340-1,Specialty Practice Pharmacist,Unclassified,Full-time,,,,2026-07-24
1043,https://osu.wd1.myworkdayjobs.com/OSUCareers/job/College-of-MedicineOffice-of-Health-Sciences/Physician-or-Physician-Scientist---Interventional-Cardiology-and-Structural-Heart-Disease-Section-Director--Open-Rank-Track-Faculty-_R155667-1,Physician or Physician Scientist – Section Director -  Interventional Cardiology and Structural Heart Disease (Open Rank/Track Faculty),Assistant_Professor; Associate_Professor; Full_Professor; Research_Fellow,Full-time,"College of Medicine, the Health Sciences Library, and the Faculty Group Practice",,,2026-07-24
1043,https://osu.wd1.myworkdayjobs.com/OSUCareers/job/College-of-MedicineOffice-of-Health-Sciences/Physician-or-Physician-Scientist---Director--Adult-Congenital-Heart-Disease-Section--Open-Rank-Track-Faculty-_R155674-1,"Physician or Physician Scientist – Section Director, Adult Congenital Heart Disease (Open Rank/Track Faculty)",Assistant_Professor; Associate_Professor; Full_Professor; Research_Fellow,Full-time,center for adult congenital heart disease,,,2026-07-24
1043,https://osu.wd1.myworkdayjobs.com/OSUCareers/job/Outpatient-CareAmbulatory/Clinical-Research-Assistant_R153571-2,Clinical Research Assistant R153571 2,Non-academic,Full-time,,,,
1043,https://osu.wd1.myworkdayjobs.com/OSUCareers/job/Health-System-Shared-Services/Financial-Operations-Analyst---Clinical-Research-Finance-and-Compliance_R147472-1,Financial Operations Analyst - Clinical Research,Assistant_Professor; Associate_Professor; Full_Professor,Full-time,,,,2026-07-23
1043,https://osu.wd1.myworkdayjobs.com/OSUCareers/job/Outpatient-CareAmbulatory/Physical-Therapist_R134647-2,Physical Therapist (PT) - Outpatient James Oncology Rehab,Non-academic,Full-time,,,,2026-09-17
1043,https://osu.wd1.myworkdayjobs.com/OSUCareers/job/James-Cancer-Hospital-and-Solove-Research-Institute/Physical-Therapist---IRP_R149937-2,Physical Therapist - Contingent/IRP,Non-academic,Part-time,,,,2026-07-23
1043,https://osu.wd1.myworkdayjobs.com/OSUCareers/job/Dodd-Rehabilitation-Hospital/Speech-Language-Pathologist_R129748-2,Speech Language Pathologist - Contingent/IRP,Unclassified,Part-time,,,,2026-07-23
1043,https://osu.wd1.myworkdayjobs.com/OSUCareers/job/East-Hospital/Social-Work---IRP---East-Hospital_R155549-2,Social Work IRP East Hospital R155549 2,Unclassified,Full-time,,,,
1043,https://osu.wd1.myworkdayjobs.com/OSUCareers/job/Columbus-Campus/Assistant-Professor_R154232-1,Assistant Professor R154232 1,Assistant_Professor,Full-time,,,,
1043,https://osu.wd1.myworkdayjobs.com/OSUCareers/job/James-Cancer-Hospital-and-Solove-Research-Institute/Radiation-Therapist---IRP_R124126-1,Radiation Therapist - IRP,Non-academic,Part-time,Department of Radiation Oncology of the Medical Center,,,2026-07-22
1043,https://osu.wd1.myworkdayjobs.com/OSUCareers/job/James-Cancer-Hospital-and-Solove-Research-Institute/Assistant-Director--Clinical-Pharmacy_R155357-1,"Assistant Director, Clinical Pharmacy",Unclassified,Full-time,,,,2026-07-22
1043,https://osu.wd1.myworkdayjobs.com/OSUCareers/job/Health-System-Shared-Services/Patient-Accounting-Coordinator-1_R155024,Patient Accounting Coordinator 1,Non-academic,Full-time,,,,
1043,https://osu.wd1.myworkdayjobs.com/OSUCareers/job/College-of-MedicineOffice-of-Health-Sciences/Physician-or-Physician-Scientist---Cardiovascular-Medicine--Advanced-Heart-Failure-and-Cardiac-Transplant--Open-Rank-Track-Faculty-_R154845-2,"Physician or Physician Scientist - Cardiovascular Medicine, Advanced Heart Failure and Cardiac Transplant (Open Rank/Track Faculty)",Assistant_Professor; Associate_Professor; Full_Professor; Research_Fellow,Full-time,"College of Medicine, the Health Sciences Library, and the Faculty Group Practice",medical students,,2026-07-22
1043,https://osu.wd1.myworkdayjobs.com/OSUCareers/job/College-of-MedicineOffice-of-Health-Sciences/Physician---Psychologist--Family-and-Community-Medicine--Open-Rank-Track-Faculty-_R153343-1,"Physician – Psychologist, Family and Community Medicine (Open Rank/Track Faculty)",Assistant_Professor; Associate_Professor; Full_Professor; Research_Fellow,Full-time,Department of Family and Community Medicine,,,2026-07-22
1043,https://osu.wd1.myworkdayjobs.com/OSUCareers/job/College-of-MedicineOffice-of-Health-Sciences/Integrative-Medicine--Endowed-Chair--Functional-Medicine-Physician--Open-Rank-Track-Faculty-_R145158-1,"Integrative Medicine, Endowed Chair, Functional Medicine Physician (Open Rank/Track Faculty)",Assistant_Professor; Associate_Professor; Full_Professor; Research_Fellow,Full-time,Center for Integrative Health,Functional Medicine Physician,,2026-07-22
1043,https://osu.wd1.myworkdayjobs.com/OSUCareers/job/College-of-MedicineOffice-of-Health-Sciences/Physician---Family-and-Community-Health--Core-Residency-FM-OB-Faculty--Open-Rank--Track-Faculty-_R108434-1,"Physician - Family and Community Health, Core Residency FM/OB Faculty (Open Rank/ Track Faculty)",Assistant_Professor; Associate_Professor; Full_Professor; Research_Fellow,Full-time,Department of Family and Community Medicine,Obstetrics fellowship,,2026-07-22
1043,https://osu.wd1.myworkdayjobs.com/OSUCareers/job/College-of-MedicineOffice-of-Health-Sciences/Physician---Family-and-Community-Health--Occupational-Health-Physician--Open-Rank-Track-Faculty-_R117876-1,"Physician - Family and Community Health, Occupational Health Physician (Open Rank/Track Faculty)",Assistant_Professor; Associate_Professor; Full_Professor; Research_Fellow,Full-time,Department of Family and Community Medicine,,,2026-07-22
1043,https://osu.wd1.myworkdayjobs.com/OSUCareers/job/Outpatient-CareAmbulatory/Physician--Head-and-Neck_R70823-1,"Physician, General ENT | Sleep Surgery (Open Rank/Track Faculty)",Assistant_Professor; Associate_Professor; Full_Professor; Research_Fellow,Full-time,"College of Medicine, the Health Sciences Library, and the Faculty Group Practice",treating severe sleep disorders; post-surgical care,,2026-07-22
1043,https://osu.wd1.myworkdayjobs.com/OSUCareers/job/College-of-MedicineOffice-of-Health-Sciences/Physician---Comprehensive-General-Otolaryngology--Open-Rank--Track-Faculty-_R143759-1,Physician – Comprehensive General Otolaryngology (Open Rank/ Track Faculty),Assistant_Professor; Associate_Professor; Full_Professor; Research_Fellow,Full-time,"College of Medicine, the Health Sciences Library, and the Faculty Group Practice",,,2026-07-22
1043,https://osu.wd1.myworkdayjobs.com/OSUCareers/job/College-of-MedicineOffice-of-Health-Sciences/Physician---Otolaryngology--Facial-Plastics-and-Reconstructive-Surgeon--Open-Rank-Track-Faculty-_R143828-1,"Physician – Otolaryngology, Facial Plastics and Reconstructive Surgeon (Open Rank/Track Faculty)",Assistant_Professor; Associate_Professor; Full_Professor; Research_Fellow,Full-time,School of Health and Rehabilitation Sciences,,,2026-07-22
1043,https://osu.wd1.myworkdayjobs.com/OSUCareers/job/College-of-MedicineOffice-of-Health-Sciences/Physician---Department-of-Otolaryngology---Laryngologist---Open-Rank-Track-Faculty-_R147061-2,Physician - Department of Otolaryngology - Laryngologist  (Open Rank/Track Faculty),Assistant_Professor; Associate_Professor; Full_Professor; Research_Fellow,Full-time,Department of Otolaryngology,,,2026-07-22
1043,https://osu.wd1.myworkdayjobs.com/OSUCareers/job/College-of-MedicineOffice-of-Health-Sciences/Physician-or-Physician-Scientist---Section-Director--Women-s-Cardiovascular-Health--Open-Rank-Track-Faculty-_R155675-1,"Physician or Physician Scientist – Section Director, Women’s Cardiovascular Health (Open Rank/Track Faculty)",Assistant_Professor; Associate_Professor; Full_Professor; Research_Fellow,Full-time,"College of Medicine, the Health Sciences Library, and the Faculty Group Practice",,,2026-07-22
1043,https://osu.wd1.myworkdayjobs.com/OSUCareers/job/College-of-MedicineOffice-of-Health-Sciences/Physician-or-Physician-Scientist---Preventive-and-Cardiometabolic-Cardiology-Section-Director--Open-Rank-Track-Faculty-_R155635-1,Physician or Physician Scientist – Preventive and Cardiometabolic Cardiology Section Director (Open Rank/Track Faculty),Assistant_Professor; Associate_Professor; Full_Professor; Research_Fellow,Full-time,"College of Medicine, the Health Sciences Library, and the Faculty Group Practice",,,2026-07-22
1043,https://osu.wd1.myworkdayjobs.com/OSUCareers/job/College-of-MedicineOffice-of-Health-Sciences/Physician-or-Physician-Scientist---General-Cardiology-Section-Director--Open-Rank-Track-Faculty-_R155629-1,Physician or Physician Scientist – General Cardiology Section Director (Open Rank/Track Faculty),Assistant_Professor; Associate_Professor; Full_Professor; Research_Fellow,Full-time,"College of Medicine, the Health Sciences Library, and the Faculty Group Practice",,,2026-07-22
1043,https://osu.wd1.myworkdayjobs.com/OSUCareers/job/Columbus-Campus/Assistant-Professor--Clinical--College-of-Pharmacy_R151321-1,"Assistant Professor, Clinical, College of Pharmacy",Assistant_Professor,Full-time,College of Pharmacy,Pharmacy,,2026-07-21
1043,https://osu.wd1.myworkdayjobs.com/OSUCareers/job/Outpatient-CareAmbulatory/Infusion-Staff-Pharmacist_R155400-1,Infusion Staff Pharmacist R155400 1,Unclassified,Full-time,,,,
1043,https://osu.wd1.myworkdayjobs.com/OSUCareers/job/Outpatient-CareAmbulatory/Specialty-Practice-Pharmacist_R155444,Specialty Practice Pharmacist,Unclassified,Full-time,,,,2026-07-21
1043,https://osu.wd1.myworkdayjobs.com/OSUCareers/job/Columbus-Campus/MBA-Lead-Career-Strategy-Specialist_R151542-1,Lead Career Strategy Specialist,Non-academic,Full-time,,,,2026-07-21
1043,https://osu.wd1.myworkdayjobs.com/OSUCareers/job/College-of-MedicineOffice-of-Health-Sciences/Physician---Department-of-Plastic-Surgery--Plastic-Surgeon--Microsurgeon--Open-Rank-Track-Faculty-_R150600-1,"Physician - Department of Plastic Surgery, Plastic Surgeon, Microsurgeon (Open Rank/Track Faculty)",Assistant_Professor; Associate_Professor; Full_Professor; Research_Fellow,Full-time,"Department of Plastic Surgery, Plastic Surgeon, Microsurgeon",,,2026-09-08
1043,https://osu.wd1.myworkdayjobs.com/OSUCareers/job/Outpatient-CareAmbulatory/Instrumentation-Coordinator---Outpatient-Care-New-Albany---Sterile-Processing_R147838-1,Instrumentation Coordinator - Outpatient Care Powell - Sterile Processing,Non-academic,Full-time,,,,2026-07-21
1043,https://osu.wd1.myworkdayjobs.com/OSUCareers/job/University-Hospital/Instrumentation-Coordinator_R125403-1,Instrumentation Coordinator New Tower,Non-academic,Full-time,,,,2026-07-21
1043,https://osu.wd1.myworkdayjobs.com/OSUCareers/job/East-Hospital/Senior-Instrumentation-Coordinator---East-Hospital_R154544-1,Senior Instrumentation Coordinator - East Hospital,Non-academic,Full-time,,,,2026-07-21
1043,https://osu.wd1.myworkdayjobs.com/OSUCareers/job/Health-System-Shared-Services/Central-Sterile-Supply-Educator_R141939-2,Central Sterile Supply-Educator,Non-academic,Full-time,,,,2026-07-21
1043,https://osu.wd1.myworkdayjobs.com/OSUCareers/job/Outpatient-CareAmbulatory/Instrumentation-Coordinator---Outpatient-Dublin_R146299-1,Instrumentation Coordinator - Outpatient Dublin,Non-academic,Full-time,,,,2026-07-21
1043,https://osu.wd1.myworkdayjobs.com/OSUCareers/job/Outpatient-CareAmbulatory/Instrumentation-Coordinator---Sterile-Processing---New-Albany_R153603-1,Instrumentation Coordinator - Sterile Processing - New Albany,Non-academic,Full-time,,,,2026-07-21
1043,https://osu.wd1.myworkdayjobs.com/OSUCareers/job/University-Hospital/Instrumentation-Coordinator---University-Hospital---Sterile-Supply_R145168-1,Instrumentation Coordinator - University Hospital - Sterile Supply,Non-academic,Full-time,,,,2026-07-21
1043,https://osu.wd1.myworkdayjobs.com/OSUCareers/job/College-of-MedicineOffice-of-Health-Sciences/Bureau-of-Workers--Compensation-Specialist_R154623,Bureau of Workers Compensation Specialist,Non-academic,Full-time,,Workers Compensation Specialist,,
1043,https://osu.wd1.myworkdayjobs.com/OSUCareers/job/University-Hospital/Facilities-Building-Systems-Technician-2_R153363-1,Facilities Building Systems Technician 2 R153363 1,Non-academic,Full-time,,,,
1043,https://osu.wd1.myworkdayjobs.com/OSUCareers/job/Columbus-Campus/Assistant-Professor--9M---Farm-Management_R155467,Assistant Professor (9M),Assistant_Professor,Full-time,"College of Food, Agricultural, and Environmental Sciences, Columbus, Ohio",agricultural economics; farm management,,2026-07-21
1043,https://osu.wd1.myworkdayjobs.com/OSUCareers/job/Columbus-Campus/Director-of-Development--College-of-Dentistry_R154275,"Director of Development, College of Dentistry",Non-academic,Full-time,College of Dentistry,"Development, College of Dentistry",,2026-07-21
1043,https://osu.wd1.myworkdayjobs.com/OSUCareers/job/Columbus-Campus/Traffic-Services-Attendant_R147069-1,Traffic Services Attendant,Unclassified,Part-time,,,,2026-07-20
1043,https://osu.wd1.myworkdayjobs.com/OSUCareers/job/Columbus-Campus/Lecturer--SEM-_R155053,Lecturer (SEM),Lecturer,Part-time,College of Business is accepting applications for a Semester Lecture appointment,Organizational Behavior,,2026-07-20
1043,https://osu.wd1.myworkdayjobs.com/OSUCareers/job/East-Hospital/Inpatient-Registered-Nurse-2-IRP_R145427-2,Inpatient Registered Nurse 2 IRP R145427 2,Unclassified,Full-time,,,,
1043,https://osu.wd1.myworkdayjobs.com/OSUCareers/job/Columbus-Campus/Assistant-Professor-of-Strategic-Management_R154835-1,Assistant Professor of Strategic Management R154835 1,Assistant_Professor,Full-time,,Strategic Management R154835 1,,
1043,https://osu.wd1.myworkdayjobs.com/OSUCareers/job/Columbus-Campus/Student-Design-Assistant_R154304-1,Student Design Assistant,Unclassified,Part-time,,,,2026-07-20
1043,https://osu.wd1.myworkdayjobs.com/OSUCareers/job/Medical-Center-Campus/Psychologist---Department-of-Physical-Medicine---Rehabilitation--Rehabilitation-Psychologist--Open-Rank-Track-Faculty-_R129331-1,"Psychologist - Department of Physical Medicine & Rehabilitation, Rehabilitation Psychologist (Open Rank/Track Faculty)",Assistant_Professor; Associate_Professor; Full_Professor; Research_Fellow,Full-time,"Department of Physical Medicine & Rehabilitation, Rehabilitation Psychologist",,,2026-09-15
1043,https://osu.wd1.myworkdayjobs.com/OSUCareers/job/Medical-Center-Campus/Physician---Department-of-Physical-Medicine---Rehabilitation--Outpatient-EMG-MSK-Physiatrist--Open-Rank-Track-Faculty-_R122540-1,"Physician - Department of Physical Medicine & Rehabilitation, Outpatient EMG/MSK Physiatrist (Open Rank/Track Faculty)",Assistant_Professor; Associate_Professor; Full_Professor; Research_Fellow,Full-time,"College of Medicine, the Health Sciences Library and the Faculty Group Practice",,,2026-07-17
1043,https://osu.wd1.myworkdayjobs.com/OSUCareers/job/College-of-MedicineOffice-of-Health-Sciences/Psychologist---Department-of-Psychiatry---Behavioral-Health--Clinical-Psychologist---Suicide-and-Trauma-Emphasis--Open-Rank-Track-Faculty-_R147735-1,"Psychologist - Department of Psychiatry & Behavioral Health, Clinical Psychologist - Suicide Prevention Emphasis (Open Rank/Track Faculty)",Assistant_Professor; Associate_Professor; Full_Professor; Research_Fellow,Full-time,"Department of Psychiatry & Behavioral Health, Clinical Psychologist",suicidal thoughts; behaviors,,2026-07-17
1043,https://osu.wd1.myworkdayjobs.com/OSUCareers/job/College-of-MedicineOffice-of-Health-Sciences/Psychologist---Department-of-Psychiatry---Behavioral-Health--Clinical-Psychologist---Psychosis-Emphasis--Open-Rank-Track-Faculty-_R123100-1,"Psychologist - Department of Psychiatry & Behavioral Health, Clinical Psychologist - Psychosis Emphasis (Open Rank/Track Faculty)",Assistant_Professor; Associate_Professor; Full_Professor; Research_Fellow,Full-time,"Department of Psychiatry & Behavioral Health, Clinical Psychologist",,,2026-07-17
1043,https://osu.wd1.myworkdayjobs.com/OSUCareers/job/College-of-MedicineOffice-of-Health-Sciences/Physician---Department-of-Neurology--Division-of-Neurohospitalist-Tele-neurology--Neurohospitalist--Open-Rank-Track-Faculty-_R116273,"Physician - Department of Neurology, Division of Neurohospitalist/Tele-neurology, Neurohospitalist (Open Rank/Track Faculty)",Assistant_Professor; Associate_Professor; Full_Professor; Research_Fellow,Full-time,Department of Neurology,,,2026-07-17
1043,https://osu.wd1.myworkdayjobs.com/OSUCareers/job/Medical-Center-Campus/Psychologist---Department-of-Psychiatry---Behavioral-Health--Clinical-Psychologist--Open-Rank-Clinical-Track-Faculty-_R138354-1,"Psychologist - Department of Psychiatry & Behavioral Health, Clinical Psychologist (Open Rank/Clinical-Track Faculty)",Assistant_Professor; Associate_Professor; Full_Professor; Research_Fellow,Full-time,"Department of Psychiatry & Behavioral Health, Clinical Psychologist",Anxiety Disorders; ADHD assessment,,2026-07-17
1043,https://osu.wd1.myworkdayjobs.com/OSUCareers/job/Medical-Center-Campus/Physician---Department-of-Psychiatry-and-Behavioral-Health--Clinical-Addiction-Psychiatrist--Open-Rank-Track-Faculty-_R115391,"Physician – Department of Psychiatry and Behavioral Health, Clinical Addiction Psychiatrist (Open Rank/Track Faculty)",Assistant_Professor; Associate_Professor; Full_Professor; Research_Fellow,Full-time,"Department of Psychiatry and Behavioral Health, Clinical Addiction Psychiatrist",,,2026-07-17
1043,https://osu.wd1.myworkdayjobs.com/OSUCareers/job/James-Cancer-Hospital-and-Solove-Research-Institute/Nuclear-Medicine-Theranostics-Tech--15-000-Signing-Bonus-I-James-Cancer-Center_R152076-1,"Nuclear Medicine Theranostics Tech $15,000 Signing Bonus I James Cancer Center",Unclassified,Full-time,Department of Health Radiology Licensure,,,2026-07-17
1043,https://osu.wd1.myworkdayjobs.com/OSUCareers/job/James-Cancer-Hospital-and-Solove-Research-Institute/Specialty-Practice-Pharmacist--HS-_R154174-1,Specialty Practice Pharmacist (HS),Unclassified,Full-time,,,,2026-07-17
1043,https://osu.wd1.myworkdayjobs.com/OSUCareers/job/University-Hospital/Staff-Nurse---Acute-Care-Float-Pool---University-Hospital_R153452-1,Staff Nurse - Acute Care Float Pool - University Hospital,Unclassified,Full-time,,,,2026-07-17
1043,https://osu.wd1.myworkdayjobs.com/OSUCareers/job/College-of-MedicineOffice-of-Health-Sciences/Physician---Department-of-Psychiatry-and-Behavioral-Health--Clinical-Psychiatrist--Open-Rank-Track-Faculty-_R99415-1,"Physician – Department of Psychiatry and Behavioral Health, Clinical Psychiatrist (Open Rank/Track Faculty)",Assistant_Professor; Associate_Professor; Full_Professor; Research_Fellow,Full-time,"Department of Psychiatry and Behavioral Health, Clinical Psychiatrist",,,2026-07-17
1043,https://osu.wd1.myworkdayjobs.com/OSUCareers/job/College-of-MedicineOffice-of-Health-Sciences/Physician---Department-of-Neurology--Cognitive-Neurology-Division--Cognitive-Behavioral-Neurology--Open-Rank-Track-Faculty-_R132173-2,"Physician - Department of Neurology, Cognitive Neurology Division, Cognitive/Behavioral Neurology (Open Rank/Track Faculty)",Assistant_Professor; Associate_Professor; Full_Professor; Research_Fellow,Full-time,Department of Neurology,Memory Disorders; multidisciplinary group,,2026-07-17
1043,https://osu.wd1.myworkdayjobs.com/OSUCareers/job/East-Hospital/Internal-Resource-Pool-RN_R142326-1,Internal Resource Pool-RN,Unclassified,Part-time,,,,2026-07-17
1043,https://osu.wd1.myworkdayjobs.com/OSUCareers/job/College-of-MedicineOffice-of-Health-Sciences/Physician---Radiology--Thoracic-Radiologist--Open-Rank-Track-Faculty-_R103133-2,"Physician - Department of Radiology, Thoracic Radiologist (Open Rank/Track Faculty)",Assistant_Professor; Associate_Professor; Full_Professor; Research_Fellow,Part-time,"Department of Radiology, Thoracic Radiologist",imaging technology innovation; artificial intelligence,,2026-09-09
1043,https://osu.wd1.myworkdayjobs.com/OSUCareers/job/Columbus-Campus/Teaching-Veterinarian_R151996-1,Teaching Veterinarian,Unclassified,Part-time,College of Veterinary Medicine can be found,comparative medicine; veterinary; Veterinarian Department,,2026-07-16
1043,https://osu.wd1.myworkdayjobs.com/OSUCareers/job/University-Hospital/Enterostomal-Therapy-Coordinator--RN-_R154128-1,Enterostomal Therapy Coordinator (RN),Non-academic,Full-time,,,,2026-07-16
1043,https://osu.wd1.myworkdayjobs.com/OSUCareers/job/College-of-MedicineOffice-of-Health-Sciences/Physician---Surgery--Vascular-Surgeon---Blanchard-Valley-Health-System--Open-Rank-Track-Faculty-_R150238-1,"Physician - Surgery, Vascular Surgeon – Blanchard Valley Health System (Open Rank/Track Faculty)",Assistant_Professor; Associate_Professor; Full_Professor,Full-time,"Department of Surgery, Division of Vascular Diseases and Surgery",,,2026-09-10
1043,https://osu.wd1.myworkdayjobs.com/OSUCareers/job/Ross-Heart-Hospital/Rehab-Services-Manager_R154869-2,Rehab Services Manager,Non-academic,Full-time,,,,2026-07-16
1043,https://osu.wd1.myworkdayjobs.com/OSUCareers/job/College-of-MedicineOffice-of-Health-Sciences/Research-Senior-Technician---Comprehensive-Cancer-Center_R155033-1,Research Senior Technician - Comprehensive Cancer Center,Non-academic,Full-time,,,,2026-07-16
1043,https://osu.wd1.myworkdayjobs.com/OSUCareers/job/East-Hospital/Surgical-Technologist-Inpatient-2---East-2_R150151-1,Surgical Technologist Inpatient 2 - East-2,Non-academic,Full-time,,,,2026-07-15
1043,https://osu.wd1.myworkdayjobs.com/OSUCareers/job/East-Hospital/Registered-Nurse--RN---Tower-7-Neuro-Acute-Care_R135697-2,Registered Nurse – Neuro/Acute Care Unit- East Hospital,Unclassified,Full-time,,,,2026-07-15
1043,https://osu.wd1.myworkdayjobs.com/OSUCareers/job/Outpatient-CareAmbulatory/Surgical-Technologist---IRP--EEI_R144420-1,Surgical Technologist IRP EEI R144420 1,Unclassified,Full-time,,,,
1043,https://osu.wd1.myworkdayjobs.com/OSUCareers/job/University-Hospital/Orthopedic-Trauma-Unit--Registered-Nurse--East-Hospital_R146527-1,Orthopedic Trauma Unit- Registered Nurse- East Hospital,Unclassified,Full-time,,,,2026-07-15
1043,https://osu.wd1.myworkdayjobs.com/OSUCareers/job/Columbus-Campus/Assistant-Teacher-3_R154539-1,Assistant Teacher 3,Unclassified,Full-time,,CACFP meal counting,,2026-07-14
1043,https://osu.wd1.myworkdayjobs.com/OSUCareers/job/College-of-MedicineOffice-of-Health-Sciences/Physician---Internal-Medicine--Division-of-Nephrology--General-Nephrology--Open-Rank-Track-Faculty-_R118758-2,"Physician - Internal Medicine, Division of Nephrology, General Nephrology (Open Rank/Track Faculty)",Assistant_Professor; Associate_Professor; Full_Professor; Research_Fellow,Full-time,"Division of Nephrology, General Nephrology",,,2026-07-14
1043,https://osu.wd1.myworkdayjobs.com/OSUCareers/job/College-of-MedicineOffice-of-Health-Sciences/Physician---OBGyn---Section-Chief-Complex-Family-Planning-Specialist--Open-Rank-Track-Faculty-_R139272-1,Physician – OBGyn – Section Chief Complex Family Planning Specialist (Open Rank/Track Faculty),Assistant_Professor; Associate_Professor; Full_Professor; Research_Fellow,Full-time,Department of Obstetrics and Gynecology seeks a Complex Family Planning Section Chief,,,2026-07-14
1043,https://osu.wd1.myworkdayjobs.com/OSUCareers/job/College-of-MedicineOffice-of-Health-Sciences/Physician---OBGyn---Complex-Family-Planning-Specialist--Open-Rank-Track-Faculty-_R132331-1,Physician – OBGyn – Complex Family Planning Specialist (Open Rank/Track Faculty),Assistant_Professor; Associate_Professor; Full_Professor; Research_Fellow,Full-time,Department of Obstetrics and Gynecology,,,2026-07-14
1043,https://osu.wd1.myworkdayjobs.com/OSUCareers/job/College-of-MedicineOffice-of-Health-Sciences/Physician---OBGyn--General-OBGyn--Open-Rank-Track-Faculty-_R101573-2,"Physician - OBGyn, General OBGyn (Open Rank/Track Faculty)",Assistant_Professor; Associate_Professor; Full_Professor; Research_Fellow,Full-time,Division of Obstetrics and Gynecology,,,2026-07-14
1043,https://osu.wd1.myworkdayjobs.com/OSUCareers/job/James-Cancer-Hospital-and-Solove-Research-Institute/Staff-Nurse-Progressive-Care-Unit_R147098-1,Staff Nurse-Progressive Care Unit,Unclassified,Full-time,,,,2026-09-14
1043,https://osu.wd1.myworkdayjobs.com/OSUCareers/job/James-Cancer-Hospital-and-Solove-Research-Institute/Staff-Nurse--RN----Acute-Leukemia_R150721,Staff Nurse (RN) - Acute Leukemia,Unclassified,Full-time,,,,2026-09-14
1043,https://osu.wd1.myworkdayjobs.com/OSUCareers/job/James-Cancer-Hospital-and-Solove-Research-Institute/Staff-Nurse--RN---Medical-Oncology_R133419-1,Staff Nurse (RN)- Medical Oncology,Unclassified,Full-time,,,,2026-09-14
1043,https://osu.wd1.myworkdayjobs.com/OSUCareers/job/James-Cancer-Hospital-and-Solove-Research-Institute/Staff-Nurse--RN--Surgical-Oncology_R152050-1,Staff Nurse (RN) Surgical Oncology,Unclassified,Full-time,,,,2026-07-14
1043,https://osu.wd1.myworkdayjobs.com/OSUCareers/job/Columbus-Campus/Assistant-Professor---Salmon-P-Chase-Center-for-Civics--Culture--and-Society_R155025-1,"Assistant Professor - Salmon P. Chase Center for Civics, Culture, and Society",Assistant_Professor,Full-time,"Center for Civics, Culture, and Society",historical ideas; traditions; Chase Center’s study abroad program,,2026-07-13
1043,https://osu.wd1.myworkdayjobs.com/OSUCareers/job/East-Hospital/Inpatient-Registered-Nurse---Cardiovascular-Service--Cath-Lab_R154639-1,"Inpatient Registered Nurse - Cardiovascular Service, Cath Lab",Unclassified,Full-time,,,,2026-09-16
1043,https://osu.wd1.myworkdayjobs.com/OSUCareers/job/East-Hospital/Inpatient-Registered-Nurse---Cardiovascular-Service--Cath-Lab_R154640,"Inpatient Registered Nurse - Cardiovascular Service, Cath Lab",Unclassified,Full-time,,,,2026-07-13
1043,https://osu.wd1.myworkdayjobs.com/OSUCareers/job/Columbus-Campus/Stagehand_R154759-1,Stagehand,Unclassified,Part-time,,,,2026-07-13
1043,https://osu.wd1.myworkdayjobs.com/OSUCareers/job/Columbus-Campus/IRP--Contingent--Outpatient-Registered-Nurse---Community-Radiation-Oncology_R154654-1,IRP (Contingent) Outpatient Registered Nurse - Community Radiation Oncology,Unclassified,Part-time,,,,2026-07-13
1043,https://osu.wd1.myworkdayjobs.com/OSUCareers/job/Columbus-Campus/Lecturer-Semester_R154465-2,Lecturer Semester R154465 2,Lecturer,Full-time,,,,
1043,https://osu.wd1.myworkdayjobs.com/OSUCareers/job/Columbus-Campus/Temporary-Dining-Operations-Assistant_R154866-2,Temporary Dining Operations Assistant R154866 2,Unclassified,Full-time,,,,
1043,https://osu.wd1.myworkdayjobs.com/OSUCareers/job/James-Cancer-Hospital-and-Solove-Research-Institute/Clinic-Nurse--RN----Interventional-Radiology-Clinic_R153563-1,Clinic Nurse (RN) - Interventional Radiology Clinic,Unclassified,Full-time,,,,2026-07-13
1043,https://osu.wd1.myworkdayjobs.com/OSUCareers/job/College-of-MedicineOffice-of-Health-Sciences/Physician---Emergency-Medicine--Open-Rank-Track-Faculty-_R105558-1,Physician - Emergency Medicine (Open Rank/Track Faculty and Associated Faculty),Assistant_Professor; Associate_Professor; Full_Professor; Research_Fellow,Full-time,Department of Emergency Medicine,Department of Emergency; Advanced Urgent Cares,,2026-09-08
1043,https://osu.wd1.myworkdayjobs.com/OSUCareers/job/James-Cancer-Hospital-and-Solove-Research-Institute/Staff-Nurse--RN--Head--Neck---Neuro_R151678-1,"Staff Nurse (RN) Head, Neck & Neuro",Unclassified,Full-time,,,,2026-09-14
1043,https://osu.wd1.myworkdayjobs.com/OSUCareers/job/College-of-MedicineOffice-of-Health-Sciences/Post-Doctoral-Scholar_R138744-1,Post Doctoral Scholar,Research_Fellow,Full-time,,,,2026-07-10
1043,https://osu.wd1.myworkdayjobs.com/OSUCareers/job/College-of-MedicineOffice-of-Health-Sciences/Post-Doctoral-Scholar_R143901-1,Post Doctoral Scholar,Research_Fellow,Full-time,,,,2026-07-10
1043,https://osu.wd1.myworkdayjobs.com/OSUCareers/job/College-of-MedicineOffice-of-Health-Sciences/Post-Doctoral-Scholar_R147042-1,Post Doctoral Scholar,Research_Fellow,Full-time,Department of Neurology & Neuroscience Research Institute,metabolic adaptations; oligodendrocytes,,2026-07-10
1043,https://osu.wd1.myworkdayjobs.com/OSUCareers/job/Health-System-Shared-Services/Owner-s-Representative-Capital-Projects_R154429-1,Owner’s Representative Capital Projects,Unclassified,Full-time,College of Medicine,,,2026-07-10
1043,https://osu.wd1.myworkdayjobs.com/OSUCareers/job/Health-System-Shared-Services/Wexner-Medical-Center-Chief-Information-Security-Officer_R153795,Wexner Medical Center Chief Information Security Officer,Unclassified,Full-time,,,,
1043,https://osu.wd1.myworkdayjobs.com/OSUCareers/job/University-Hospital/Lung-Transplant-Coordinator--RN----Post_R154514-1,Lung Transplant Coordinator RN Post R154514 1,Non-academic,Full-time,,,,
1043,https://osu.wd1.myworkdayjobs.com/OSUCareers/job/Columbus-Campus/Event-Staff-Supervisor_R145106-1,Event Staff Supervisor,Unclassified,Part-time,Department of Public Safety Provide direct supervision to assigned crew of event staff,,,2026-07-09
1043,https://osu.wd1.myworkdayjobs.com/OSUCareers/job/Columbus-Campus/Portal-Chief-or-Crew-Lead_R145104-1,Portal Chief or Crew Lead,Unclassified,Part-time,,,,2026-07-09
1043,https://osu.wd1.myworkdayjobs.com/OSUCareers/job/Columbus-Campus/Supervisor---Specialized_R145109-1,Supervisor - Specialized,Unclassified,Part-time,Department of Public Safety Provide direct supervision to assigned crew of event staff,,,2026-07-09
1043,https://osu.wd1.myworkdayjobs.com/OSUCareers/job/Columbus-Campus/Dean-s-Distinguished-Postdoctoral-Fellowship-in-Chemical-Biology-and-Drug-Discovery_R154685-1,Dean’s Distinguished Postdoctoral Fellowship in Chemical Biology and Drug Discovery,Research_Fellow,Full-time,Center for Therapeutic Discovery and Development in the College of Pharmacy,Chemical Biology and Drug Discovery,,2026-07-09
1043,https://osu.wd1.myworkdayjobs.com/OSUCareers/job/Columbus-Campus/Golf-Outside-Operations_R146050,Golf Outside Operations,Unclassified,Part-time,,,,2026-07-09
1043,https://osu.wd1.myworkdayjobs.com/OSUCareers/job/Columbus-Campus/Fall-Semester-Temporary-Sales-Assistant_R149938-1,Fall Semester Temporary Sales Assistant,Unclassified,Part-time,,,,2026-07-09
1043,https://osu.wd1.myworkdayjobs.com/OSUCareers/job/University-Hospital/Transplant-Technologist---Tissue-Typing-Lab_R148355-1,Transplant Technologist - Tissue Typing Lab,Unclassified,Full-time,,,,2026-07-09
1043,https://osu.wd1.myworkdayjobs.com/OSUCareers/job/University-Hospital/Staff-Nurse--RN--Neuro-Progressive-Care_R153612,Staff Nurse (RN) Neuro Progressive Care,Unclassified,Full-time,,,,2026-07-09
1043,https://osu.wd1.myworkdayjobs.com/OSUCareers/job/Outpatient-CareAmbulatory/Genetic-Counseling-Graduate-Program-Co-Director---Open-Rank-Faculty-Search_R154494-1,Genetic Counseling Graduate Program Co-Director - Open Rank Faculty Search,Assistant_Professor; Associate_Professor; Full_Professor; Research_Fellow,Full-time,college of medicine leadership,adult genetic; PhDs,,2026-07-09
1043,https://osu.wd1.myworkdayjobs.com/OSUCareers/job/College-of-MedicineOffice-of-Health-Sciences/Post-Doctoral-Scholar_R150414-2,Post Doctoral Scholar,Research_Fellow,Full-time,,,,2026-07-08
1043,https://osu.wd1.myworkdayjobs.com/OSUCareers/job/University-Hospital/Physical-Therapist_R153625-3,Physical Therapist,Unclassified,Full-time,,,,2026-07-08
1043,https://osu.wd1.myworkdayjobs.com/OSUCareers/job/University-Hospital/Staff-Nurse--RN----Progressive-Care-Unit_R150028-1,Staff Nurse (RN) - Progressive Care Unit,Unclassified,Full-time,,,,2026-07-08
1043,https://osu.wd1.myworkdayjobs.com/OSUCareers/job/College-of-MedicineOffice-of-Health-Sciences/Physician---Department-of-Neurology--Division-of-Cerebrovascular-Disease-and-Neurocritical-Care--Neurocritical-Care--Open-Rank-Track-Faculty-_R138009-1,"Physician - Department of Neurology, Division of Cerebrovascular Disease and Neurocritical Care, Neurocritical Care (Open Rank/Track Faculty)",Assistant_Professor; Associate_Professor; Full_Professor; Research_Fellow,Full-time,"Division of Cerebrovascular Disease and Neurocritical Care, Neurocritical Care",Board Eligible,,2026-07-07
1043,https://osu.wd1.myworkdayjobs.com/OSUCareers/job/Columbus-Campus/Patient-Revenue-Cycle-Coordinator-3_R153758-1,Patient Revenue Cycle Coordinator 3,Non-academic,Full-time,,,,2026-07-06
1043,https://osu.wd1.myworkdayjobs.com/OSUCareers/job/James-Cancer-Hospital-and-Solove-Research-Institute/Clinic-Nurse--RN----Radiation-Oncology_R153564-1,Clinic Nurse (RN) - Radiation Oncology,Unclassified,Full-time,,,,2026-07-03
1043,https://osu.wd1.myworkdayjobs.com/OSUCareers/job/College-of-MedicineOffice-of-Health-Sciences/Assistant-Professor_R147195,Assistant Professor - IBBI / MII Faculty,Assistant_Professor,Full-time,"Institute of Brain, Behavior, and Immunology",IBBI / MII Faculty,,2026-07-02
1043,https://osu.wd1.myworkdayjobs.com/OSUCareers/job/OSU-Health-Plan/Assistant-Professor_R96775-2,Research Faculty -  IM General Internal Medicine (Open Rank/Track Faculty),Assistant_Professor; Associate_Professor; Full_Professor; Research_Fellow,Full-time,Division of  General Internal Medicine,post-doctoral fellow,,2026-07-02
1043,https://osu.wd1.myworkdayjobs.com/OSUCareers/job/University-Hospital/Staff-Nurse--10-Rhodes-Transplant-Unit_R144637-1,Staff Nurse - Transplant and Hepatology,Assistant_Professor; Associate_Professor; Full_Professor,Full-time,,,,2026-07-02
1043,https://osu.wd1.myworkdayjobs.com/OSUCareers/job/College-of-MedicineOffice-of-Health-Sciences/Researcher-3_R153973-1,Researcher 3- Neurology,Non-academic,Full-time,,PCR reactions; gel electrophoresis assays,,2026-07-02
1043,https://osu.wd1.myworkdayjobs.com/OSUCareers/job/University-Hospital/Staff-Nurse--RN----New-Grad-OR-Nurse-Residency---Varying-Shifts_R153540-1,Staff Nurse (RN) - New Grad OR Nurse Residency - Varying Shifts,Unclassified,Full-time,,,,2026-07-02
1043,https://osu.wd1.myworkdayjobs.com/OSUCareers/job/Columbus-Campus/CVM-Facilities-Director_R152313-1,CVM Facilities Director R152313 1,Unclassified,Full-time,,,,
1043,https://osu.wd1.myworkdayjobs.com/OSUCareers/job/Columbus-Campus/Post-Doctoral-Scholar_R151231-1,Post Doctoral Scholar,Research_Fellow,Full-time,"Department of Molecular Genetics, The Ohio State University",,,2026-09-11
1043,https://osu.wd1.myworkdayjobs.com/OSUCareers/job/East-Hospital/Buckeye-Nurse-Residency-OSU-East-Hospital_R153520-1,Buckeye Nurse Residency OSU East Hospital,Unclassified,Full-time,,,,2026-07-01
1043,https://osu.wd1.myworkdayjobs.com/OSUCareers/job/University-Hospital/Buckeye-Nurse-Residency-Program_R153518-1,Buckeye Nurse Residency Program,Unclassified,Full-time,,,,2026-07-01
1043,https://osu.wd1.myworkdayjobs.com/OSUCareers/job/Columbus-Campus/Postdoc-Scholar_R152540-1,Postdoc Scholar,Research_Fellow,Full-time,College of Veterinary Medicine,Western blot; RT-qPCR,,2026-06-30
1043,https://osu.wd1.myworkdayjobs.com/OSUCareers/job/Columbus-Campus/Patient-Revenue-Cycle-Lead-Coordinator_R154226-1,Patient Revenue Cycle Lead Coordinator R154226 1,Non-academic,Full-time,,,,
1043,https://osu.wd1.myworkdayjobs.com/OSUCareers/job/College-of-MedicineOffice-of-Health-Sciences/Physician---Pulmonology---Critical-Care-Division--Lung-Transplant-Physician--Open-Rank-Track-Faculty-_R147814,"Physician – Pulmonology & Critical Care Division, Lung Transplant Physician (Open Rank/Track Faculty)",Assistant_Professor; Associate_Professor; Full_Professor; Research_Fellow,Full-time,"Division of Pulmonology, Critical Care, and Sleep, led by Division Director Dr",health services research; basic,,2026-06-30
1043,https://osu.wd1.myworkdayjobs.com/OSUCareers/job/James-Cancer-Hospital-and-Solove-Research-Institute/Graduate-Research-Associate---Comprehensive-Cancer-Center_R147269,Graduate Research Associate - Comprehensive Cancer Center,Research_Fellow,Part-time,,,,2026-06-30
1043,https://osu.wd1.myworkdayjobs.com/OSUCareers/job/Columbus-Campus/Lead-Teacher-3_R151416-2,Lead Teacher 3,Unclassified,Full-time,,,,2026-06-30
1043,https://osu.wd1.myworkdayjobs.com/OSUCareers/job/Columbus-Campus/Instrumentation-Coordinator--West-Campus-The-James--Outpatient-Care_R115727-1,Instrumentation Coordinator- Sterile Processing -The James Outpatient Care,Non-academic,Full-time,,,,2026-06-30
1043,https://osu.wd1.myworkdayjobs.com/OSUCareers/job/Outpatient-CareAmbulatory/Instrumentation-Coordinator-EEI_R139203-1,Instrumentation Coordinator - Sterile Processing - Ear and Eye Institute,Non-academic,Full-time,,,,2026-06-30
1043,https://osu.wd1.myworkdayjobs.com/OSUCareers/job/University-Hospital/Care-Manager--RN----IRP---Inpatient_R152359-1,Care Manager (RN) - IRP - Inpatient,Non-academic,Part-time,,,,2026-06-29
1043,https://osu.wd1.myworkdayjobs.com/OSUCareers/job/College-of-MedicineOffice-of-Health-Sciences/Professor---Faculty-in-Anatomy_R153589-2,Professor - Faculty in Anatomy,Full_Professor,Full-time,Division of the department,anatomy set forth; Assistants,,2026-06-29
1043,https://osu.wd1.myworkdayjobs.com/OSUCareers/job/James-Cancer-Hospital-and-Solove-Research-Institute/Care-Manager---Outpatient--The-James_R146147-1,Care Manager Outpatient The James R146147 1,Non-academic,Full-time,,,,
1043,https://osu.wd1.myworkdayjobs.com/OSUCareers/job/Outpatient-CareAmbulatory/Physical-Therapist-Resident_R142625-1,Physical Therapist Geriatric Resident,Non-academic,Full-time,,,,2026-06-28
1043,https://osu.wd1.myworkdayjobs.com/OSUCareers/job/Columbus-Campus/Dosimetrist_R153945-3,Dosimetrist,Unclassified,Full-time,Department of Radiation Medicine,,,2026-06-26
1043,https://osu.wd1.myworkdayjobs.com/OSUCareers/job/James-Cancer-Hospital-and-Solove-Research-Institute/IRP--Clinical-Specialist-Pharmacist_R149376-1,IRP- Clinical Specialist Pharmacist,Non-academic,Part-time,,,,2026-06-26
1043,https://osu.wd1.myworkdayjobs.com/OSUCareers/job/Outpatient-CareAmbulatory/Respiratory-Therapist---IRP_R153426-1,Respiratory Therapist IRP R153426 1,Unclassified,Full-time,,,,
1043,https://osu.wd1.myworkdayjobs.com/OSUCareers/job/East-Hospital/IRP-Reg-Respiratory-Therapist_R153386-1,IRP-Reg Respiratory Therapist,Unclassified,Part-time,,,,2026-06-26
1043,https://osu.wd1.myworkdayjobs.com/OSUCareers/job/Medical-Center-Campus/Respiratory-Therapy-Technician-IRP_R126743,Respiratory Therapy Technician IRP,Non-academic,Part-time,,,,2026-06-24
1043,https://osu.wd1.myworkdayjobs.com/OSUCareers/job/James-Cancer-Hospital-and-Solove-Research-Institute/Certified-Surgical-Technologist---Inpatient--The-James_R152822-2,Certified Surgical Technologist - Inpatient- The James,Unclassified,Full-time,,,,2026-06-24
1043,https://osu.wd1.myworkdayjobs.com/OSUCareers/job/Ross-Heart-Hospital/Assistant-Nurse-Manager--HS--Acute-Coronary-Syndrome_R149486-1,Associate Nurse Manager - Acute Coronary Syndrome,Non-academic,Full-time,,,,2026-09-14
1043,https://osu.wd1.myworkdayjobs.com/OSUCareers/job/College-of-MedicineOffice-of-Health-Sciences/Physician---Pulmonary--Critical-Care--and-Sleep---Director-of-Lung-Transplant--Open-Rank-Track-Faculty-_R125290,"Physician – Pulmonary, Critical Care, and Sleep | Director of Lung Transplant (Open Rank/Track Faculty)",Assistant_Professor; Associate_Professor; Full_Professor; Research_Fellow,Full-time,"Department of Pulmonary, Critical Care, and Sleep Medicine",health services research; basic,,2026-06-24
1043,https://osu.wd1.myworkdayjobs.com/OSUCareers/job/College-of-MedicineOffice-of-Health-Sciences/Physician---Pathology--Hematopathology--Open-Rank-Track-Faculty-_R112353,"Physician - Pathology, Hematopathology (Open Rank/Track Faculty)",Assistant_Professor; Associate_Professor; Full_Professor; Research_Fellow,Full-time,Department of Pathology,,,2026-06-24
1043,https://osu.wd1.myworkdayjobs.com/OSUCareers/job/College-of-MedicineOffice-of-Health-Sciences/Physician---Department-of-Surgery--Surgical-Oncology--Surgical-Oncology---Robotic-Oncology--Open-Rank-Track-Faculty-_R151874-1,"Physician - Department of Surgery, Surgical Oncology, Surgical Oncology – Robotic Oncology (Open Rank/Track Faculty)",Assistant_Professor; Associate_Professor; Full_Professor; Research_Fellow,Full-time,Division of Surgical Oncology,,,2026-06-23
1043,https://osu.wd1.myworkdayjobs.com/OSUCareers/job/College-of-MedicineOffice-of-Health-Sciences/Physician---Department-of-Surgery--Surgical-Oncology--Endocrine-Surgeon--Open-Rank-Track-Faculty-_R146000-1,"Physician - Department of Surgery, Surgical Oncology, Endocrine Surgeon (Open Rank/Track Faculty)",Assistant_Professor; Associate_Professor; Full_Professor; Research_Fellow,Full-time,"Department of Surgery, Surgical Oncology, Endocrine Surgeon",,,2026-06-23
1043,https://osu.wd1.myworkdayjobs.com/OSUCareers/job/College-of-MedicineOffice-of-Health-Sciences/Physician---General-Plastic-Surgeon--Department-of-Plastic-and-Reconstructive-Surgery--Open-Rank-Track-Faculty-_R135305,"Physician – Department of Plastic and Reconstructive Surgery, Plastic Surgeon, (Open Rank/Track Faculty)",Assistant_Professor; Associate_Professor; Full_Professor; Research_Fellow,Full-time,"Department of Plastic and Reconstructive Surgery, Plastic Surgeon,",,,2026-09-08
1043,https://osu.wd1.myworkdayjobs.com/OSUCareers/job/College-of-MedicineOffice-of-Health-Sciences/Post-Doctoral-Scholar_R151356-1,Post Doctoral Scholar - Anesthesiology,Research_Fellow,Full-time,Department of Anesthesiology,,,2026-06-22
1043,https://osu.wd1.myworkdayjobs.com/OSUCareers/job/College-of-MedicineOffice-of-Health-Sciences/Post-Doctoral-Scholar--Microbial-Infection-and-Immunity_R153514-1,Post Doctoral Scholar- Microbial Infection and Immunity,Research_Fellow,Full-time,,,,2026-06-22
1043,https://osu.wd1.myworkdayjobs.com/OSUCareers/job/James-Cancer-Hospital-and-Solove-Research-Institute/Clinical-Finance-Case-Management-Specialist-2_R153283-1,Clinical Finance Case Management Specialist 2 R153283 1,Non-academic,Full-time,,,,
1043,https://osu.wd1.myworkdayjobs.com/OSUCareers/job/Columbus-Campus/Assistant-Teacher-3_R152819,Assistant Teacher 3,Unclassified,Full-time,,CACFP meal counting,,2026-06-22
1043,https://osu.wd1.myworkdayjobs.com/OSUCareers/job/Outpatient-CareAmbulatory/Exercise-Physiologist---Contingent-IRP_R153430-2,Exercise Physiologist - Contingent/IRP,Unclassified,Part-time,,,,2026-06-22
1043,https://osu.wd1.myworkdayjobs.com/OSUCareers/job/Ross-Heart-Hospital/Physical-Therapist_R146111-2,Physical Therapist,Unclassified,Full-time,,,,2026-06-18
1043,https://osu.wd1.myworkdayjobs.com/OSUCareers/job/University-Hospital/Care-Manager--RN----Inpatient_R152355-1,Care Manager (RN) - Inpatient,Non-academic,Full-time,,,,2026-06-17
1043,https://osu.wd1.myworkdayjobs.com/OSUCareers/job/College-of-MedicineOffice-of-Health-Sciences/Physician---Pathology--Anatomic-Pathology--Open-Rank-Track-Faculty-_R109530-1,"Physician - Pathology, Anatomic Pathology (Open Rank/Track Faculty)",Assistant_Professor; Associate_Professor; Full_Professor; Research_Fellow,Full-time,Department of Pathology,Solove Research Institute,,2026-06-16
1043,https://osu.wd1.myworkdayjobs.com/OSUCareers/job/College-of-MedicineOffice-of-Health-Sciences/Physician---OBGyn--Gynecologic-Surgeon--MIGS--Open-Rank-Track-Faculty-_R144056,"Physician - OBGyn, Gynecologic Surgeon, MIGS (Open Rank/Track Faculty)",Assistant_Professor; Associate_Professor; Full_Professor; Research_Fellow,Full-time,Department of Obstetrics and Gynecology The Department of Obstetrics and Gynecology,,,2026-06-16
1043,https://osu.wd1.myworkdayjobs.com/OSUCareers/job/College-of-MedicineOffice-of-Health-Sciences/Physician---OBGyn--Gynecologic-Oncologist--Open-Rank-Track-Faculty-_R142442,"Physician - OBGyn, Gynecologic Oncologist (Open Rank/Track Faculty)",Assistant_Professor; Associate_Professor; Full_Professor; Research_Fellow,Full-time,Division of Gynecologic Oncology,,,2026-06-16
1043,https://osu.wd1.myworkdayjobs.com/OSUCareers/job/Outpatient-CareAmbulatory/Athletic-Trainer---IRP-2_R149098-1,Athletic Trainer IRP 2 R149098 1,Unclassified,Full-time,,,,
1043,https://osu.wd1.myworkdayjobs.com/OSUCareers/job/Ross-Heart-Hospital/Instrumentation-Coordinator--Uncertified-----Sterile-Processing_R151066-1,Instrumentation Coordinator (Uncertified)  - Sterile Processing,Non-academic,Full-time,,,,2026-06-16
1043,https://osu.wd1.myworkdayjobs.com/OSUCareers/job/Columbus-Campus/Lead-Teacher-2_R140071,Lead Teacher 2,Unclassified,Full-time,,CACFP meal counting,,2026-06-16
1043,https://osu.wd1.myworkdayjobs.com/OSUCareers/job/College-of-MedicineOffice-of-Health-Sciences/Physician---Cardiovascular-Medicine--Vascular-Physician--Open-Rank-Track-Faculty-_R145764-1,"Physician - Cardiovascular Medicine, Vascular Physician (Open Rank/Track Faculty)",Assistant_Professor; Associate_Professor; Full_Professor; Research_Fellow,Full-time,"College of Medicine, the Health Sciences Library, and the Faculty Group Practice",,,2026-06-16
1043,https://osu.wd1.myworkdayjobs.com/OSUCareers/job/College-of-MedicineOffice-of-Health-Sciences/Physician--Ohio-State-Heart-and-Vascular-Memorial-Health---Interventional-Cardiologist-Structural-Heart_R134653-2,Physician –Ohio State Heart and Vascular Memorial Health | Interventional Cardiologist/Structural Heart,Assistant_Professor; Associate_Professor; Research_Fellow,Full-time,Division of Cardiovascular Medicine,,,2026-06-16
1043,https://osu.wd1.myworkdayjobs.com/OSUCareers/job/College-of-MedicineOffice-of-Health-Sciences/Physician---Cardiovascular-Medicine--Cardio-Oncology--Section-Lead--Open-Rank-Track-Faculty-_R120590-1,"Physician or Physician Scientist - Cardiovascular Medicine, Director, Cardio-Oncology, (Open Rank/Track Faculty)",Assistant_Professor; Associate_Professor; Full_Professor; Research_Fellow,Full-time,Division of Cardiovascular Medicine,,,2026-06-16
1043,https://osu.wd1.myworkdayjobs.com/OSUCareers/job/College-of-MedicineOffice-of-Health-Sciences/Physician---Cardiovascular-Medicine--Cardiologist--General-Non-Invasive--Open-Rank--Track-Faculty-_R119688,"Physician - Cardiovascular Medicine, Cardiologist, General Non-Invasive (Open Rank/ Track Faculty)",Assistant_Professor; Associate_Professor; Full_Professor; Research_Fellow,Full-time,Division of Cardiovascular Medicine,,,2026-06-16
1043,https://osu.wd1.myworkdayjobs.com/OSUCareers/job/College-of-MedicineOffice-of-Health-Sciences/Physician---Cardiovascular-Medicine---Cardiac-Inflammation-Program--Open-Rank-Track-Faculty-_R113729-2,"Physician - Cardiovascular Medicine,  Cardiac Inflammation Program, Electrophysiology  (Open Rank/Track Faculty)",Assistant_Professor; Associate_Professor; Full_Professor; Research_Fellow,Full-time,Division of Cardiovascular Medicine,cardiac inflammation,,2026-06-16
1043,https://osu.wd1.myworkdayjobs.com/OSUCareers/job/College-of-MedicineOffice-of-Health-Sciences/Physician---Cardiovascular-Medicine--Electrophysiologist---Open-Rank-Track-Faculty-_R110959-1,"Physician or Physician Scientist - Cardiovascular Medicine, Associate Director for Advanced Arrhythmia Research  (Open Rank/Track Faculty)",Assistant_Professor; Associate_Professor; Full_Professor; Research_Fellow,Full-time,"College of Medicine, the Health Sciences Library and the Faculty Group Practice",,,2026-06-16
1043,https://osu.wd1.myworkdayjobs.com/OSUCareers/job/College-of-MedicineOffice-of-Health-Sciences/Physician---Cardiovascular-Medicine--General-Non-Invasive-Cardiology-----Open-Rank-Track-Faculty-_R110957-1,"Physician or Physician Scientist - Cardiovascular Medicine, Program Director, Cardiac CT (Open Rank/Track Faculty)",Assistant_Professor; Associate_Professor; Full_Professor; Research_Fellow,Full-time,"College of Medicine, the Health Sciences Library and the Faculty Group Practice",,,2026-06-16
1043,https://osu.wd1.myworkdayjobs.com/OSUCareers/job/College-of-MedicineOffice-of-Health-Sciences/Physician---Cardiovascular-Medicine--Interventional-Cardiology--Structural-Heart---Open-Rank-Track-Faculty-_R110956,"Physician - Cardiovascular Medicine, Interventional Cardiology, Structural Heart  (Open Rank/Track Faculty)",Assistant_Professor; Associate_Professor; Full_Professor; Research_Fellow,Full-time,Division of Cardiovascular Medicine,,,2026-06-16
1043,https://osu.wd1.myworkdayjobs.com/OSUCareers/job/Columbus-Campus/University-Engineer_R136144-1,University Engineer,Unclassified,Full-time,,,,2026-06-16
1043,https://osu.wd1.myworkdayjobs.com/OSUCareers/job/University-Hospital/Facilities-Mechanical-Steamfitter-Tech_R132631-1,Facilities Mechanical Steamfitter Tech,Non-academic,Full-time,,,,2026-09-08
1043,https://osu.wd1.myworkdayjobs.com/OSUCareers/job/Medical-Center-Campus/Physician---Radiation-Oncology---Radiation-Oncologist--Open-Rank-Track-Faculty-_R101364-1,"Physician – Radiation Oncology,  Radiation Oncologist - CNS, GI, GU, or Thoracic  (Open Rank/Track Faculty)",Assistant_Professor; Associate_Professor; Full_Professor; Research_Fellow,Full-time,College of Medicine and the Wexner Medical Center seek Radiation Oncologists,,,2026-06-15
1043,https://osu.wd1.myworkdayjobs.com/OSUCareers/job/University-Hospital/Advanced-Practice-Provider--NP-PA---Neuro-Critical-Care---Rotational_R152992-1,Advanced Practice Provider (NP/PA)- Neuro Critical Care - Rotational,Unclassified,Full-time,,,,2026-06-15
1043,https://osu.wd1.myworkdayjobs.com/OSUCareers/job/James-Cancer-Hospital-and-Solove-Research-Institute/Advanced-Practice-Provider--NP-PA---MICU---Rotational_R152972-1,Advanced Practice Provider (NP/PA)- MICU - Rotational,Unclassified,Full-time,,,,2026-06-15
1043,https://osu.wd1.myworkdayjobs.com/OSUCareers/job/East-Hospital---Tower-0397/Respiratory-Therapist_R126733-1,Respiratory Therapist R126733 1,Unclassified,Full-time,,,,
1043,https://osu.wd1.myworkdayjobs.com/OSUCareers/job/East-Hospital/IRP-Interventional-Rad-Tech_R152802-1,IRP-Interventional Rad Tech,Non-academic,Part-time,,,,2026-09-10
1043,https://osu.wd1.myworkdayjobs.com/OSUCareers/job/University-Hospital/Interventional-Radiology-Tech----15-000-Signing-Bonus_R127736-1,"Interventional Radiology Tech - $15,000 Signing Bonus",Non-academic,Full-time,,,,2026-06-11
1043,https://osu.wd1.myworkdayjobs.com/OSUCareers/job/East-Hospital/Family-Nurse-Practitioner_R118711-2,Family Nurse Practitioner,Unclassified,Full-time,,,,2026-09-08
1043,https://osu.wd1.myworkdayjobs.com/OSUCareers/job/University-Hospital/OR-Radiologic-Technologist----15-000-Signing-Bonus_R127281-2,"OR Radiologic Technologist - $15,000 Signing Bonus",Non-academic,Full-time,,,,2026-06-11
1043,https://osu.wd1.myworkdayjobs.com/OSUCareers/job/Wooster-Campus/Student-Research-Assistant---Entomology_R148524-2,Student Research Assistant - Entomology,Non-academic,Part-time,"College of Food, Agricultural and Environmental Sciences campus",,,2026-06-11
1043,https://osu.wd1.myworkdayjobs.com/OSUCareers/job/Columbus-Campus/Open-Faculty-Search---Small-Animal-Soft-Tissue-Surgery_R152068-1,Open Faculty Search - Small Animal Soft Tissue Surgery,Assistant_Professor; Associate_Professor; Full_Professor,Full-time,College of Medicine,Small Animal Soft Tissue Surgery; comparative medicine; veterinary; DUTIES Clinical,,2026-06-11
1043,https://osu.wd1.myworkdayjobs.com/OSUCareers/job/College-of-MedicineOffice-of-Health-Sciences/Senior-Academic-Advisor---School-of-Health-and-Rehab-Sciences-Pre-Major_R152106-1,Senior Academic Advisor School of Health and Rehab Sciences Pre Major R152106 1,Unclassified,Full-time,,Health and Rehab Sciences Pre Major R152106 1,,
1043,https://osu.wd1.myworkdayjobs.com/OSUCareers/job/Remote-Location/Inpatient-Coding-Quality-Analyst--Auditor-_R150695-1,Inpatient Coding Quality Analyst Auditor R150695 1,Non-academic,Full-time,,,,
1043,https://osu.wd1.myworkdayjobs.com/OSUCareers/job/OSU-Health-Plan/Sr-Apps-Development-Analyst---OSU-Health-Plan_R152415-1,Sr. Apps Development Analyst - OSU Health Plan,Non-academic,Full-time,,,,2026-06-10
1043,https://osu.wd1.myworkdayjobs.com/OSUCareers/job/College-of-MedicineOffice-of-Health-Sciences/Section-Director---Pulmonary-Hypertension--Physician---Cardiovascular-Medicine-or-Pulmonary-Critical-Care-Medicine--Open-Rank-Track-Faculty-_R149027-1,"Section Director - Pulmonary Hypertension, Physician - Cardiovascular Medicine or Pulmonary/Critical Care Medicine (Open Rank/Track Faculty)",Assistant_Professor; Associate_Professor; Full_Professor; Research_Fellow,Full-time,Department of Internal Medicine,,,2026-06-09
1043,https://osu.wd1.myworkdayjobs.com/OSUCareers/job/Outpatient-CareAmbulatory/Histology-Technologist---IRP---James-Laboratory-Support-Services_R143380-2,Histology Technologist - IRP - James Laboratory Support Services,Non-academic,Part-time,division of Surgical Pathology,,,2026-06-09
1043,https://osu.wd1.myworkdayjobs.com/OSUCareers/job/James-Cancer-Hospital-and-Solove-Research-Institute/Care-Manager--RN----Inpatient_R148619-1,Care Manager RN Inpatient R148619 1,Non-academic,Full-time,,,,
1043,https://osu.wd1.myworkdayjobs.com/OSUCareers/job/College-of-MedicineOffice-of-Health-Sciences/Research-Senior-Technician_R150417-1,Research Senior Technician,Non-academic,Full-time,Department of Neurology,Western blot; PCR reactions,,2026-09-11
1043,https://osu.wd1.myworkdayjobs.com/OSUCareers/job/College-of-MedicineOffice-of-Health-Sciences/Post-Doctoral-Scholar---Surgery_R152028-1,Post Doctoral Scholar Surgery R152028 1,Research_Fellow,Full-time,,,,
1043,https://osu.wd1.myworkdayjobs.com/OSUCareers/job/Columbus-Campus/Community-Music-School-Instructor_R141520-1,Community Music School Instructor,Non-academic,Part-time,"College of Arts and Sciences, seeks Community Music School Instructors to join our team",,,2026-06-02
1043,https://osu.wd1.myworkdayjobs.com/OSUCareers/job/East-Hospital/R149245-Registered-Nurse---EP-Cardiovascular-Lab_R151643-1,Registered Nurse (RN) - EP/Cardiovascular Lab,Unclassified,Full-time,,,,2026-09-16
1043,https://osu.wd1.myworkdayjobs.com/OSUCareers/job/University-Hospital/Assistant-Nurse-Manager---NICU--Rotational-_R143823-1,Associate Nurse Manager - NICU (Nocturnal),Non-academic,Full-time,,,,2026-09-14
1043,https://osu.wd1.myworkdayjobs.com/OSUCareers/job/Outpatient-CareAmbulatory/Medical-Technologist-Med-Lab-Tech-Testing-East-Laboratory_R146360-1,Medical Technologist/Med Lab Tech-Testing-3rd Shift-East Laboratory,Non-academic,Full-time,,,,2026-05-28
1043,https://osu.wd1.myworkdayjobs.com/OSUCareers/job/College-of-MedicineOffice-of-Health-Sciences/Assistant-Professor---Clinical_R152099-1,Assistant Professor - Clinical,Assistant_Professor,Full-time,,Clinical,,2026-05-28
1043,https://osu.wd1.myworkdayjobs.com/OSUCareers/job/Columbus-Campus/Student-Assistant--Athletics-Facility-Operations---Non-OSU_R152041,"Student Assistant, Athletics Facility Operations - Non OSU",Unclassified,Part-time,,,,2026-05-27
1043,https://osu.wd1.myworkdayjobs.com/OSUCareers/job/University-Hospital/Staff-Nurse--NCCU--University-Hospital_R76428-2,Staff Nurse- Neuro Critical Care Unit (NCCU),Unclassified,Full-time,,,,2026-05-27
1043,https://osu.wd1.myworkdayjobs.com/OSUCareers/job/Columbus-Campus/Undergraduate-Fellow_R151795-1,Undergraduate Fellow,Unclassified,Part-time,Institute for future edge networks and distributed intelligence,,,2026-05-21
1043,https://osu.wd1.myworkdayjobs.com/OSUCareers/job/Columbus-Campus/Intermittent-Temp-Lifeguard_R151514-1,Intermittent Temp Lifeguard,Assistant_Professor; Associate_Professor; Full_Professor,Part-time,,,,2026-05-20
1043,https://osu.wd1.myworkdayjobs.com/OSUCareers/job/University-Hospital/Staff-Nurse--RN----Acute-Care---General-Medicine_R147143-1,Staff Nurse (RN) - Acute Care - General Medicine,Unclassified,Full-time,,,,2026-05-19
1043,https://osu.wd1.myworkdayjobs.com/OSUCareers/job/University-Hospital/Specialty-Practice-Pharmacist-Acute-Care-Surgery_R151117-1,Specialty Practice Pharmacist Acute Care Surgery,Unclassified,Full-time,,,,2026-05-15
1043,https://osu.wd1.myworkdayjobs.com/OSUCareers/job/Columbus-Campus/Urology---Research-Faculty-Tenure-Track--Associate-or-Professor-_R139912-1,Urology - Research Faculty-Tenure Track (Associate or Professor),Full_Professor,Full-time,Department of Urology,translational research relevant; prostate,,2026-05-13
1043,https://osu.wd1.myworkdayjobs.com/OSUCareers/job/Columbus-Campus/Student-Peer-Leader---SENR_R151013-2,Student Peer Leader - SENR,Unclassified,Part-time,School of Environment and Natural Resources,,,2026-05-13
1043,https://osu.wd1.myworkdayjobs.com/OSUCareers/job/Health-System-Shared-Services/Vice-President--Medical-and-Health-Sciences-Advancement_R138525-1,"Vice President, Medical and Health Sciences Advancement",Unclassified,Full-time,,James Cancer Center,,2026-05-12
1043,https://osu.wd1.myworkdayjobs.com/OSUCareers/job/Columbus-Campus/Electrical-Maintenance-Engineer_R144672-1,Electrical Maintenance Engineer,Unclassified,Full-time,,,,2026-05-11
1043,https://osu.wd1.myworkdayjobs.com/OSUCareers/job/Columbus-Campus/Visiting-Fellow_R150929-1,Visiting Fellow,Unclassified,Part-time,,agricultural engineering; communication,,2026-05-11
1043,https://osu.wd1.myworkdayjobs.com/OSUCareers/job/Columbus-Campus/Assistant-Professor_R150990,Assistant Professor,Assistant_Professor,Full-time,Department of Economics,,"November 20, 2023",2026-05-11
1043,https://osu.wd1.myworkdayjobs.com/OSUCareers/job/Columbus-Campus/Lecturer_R150925-1,Lecturer,Lecturer,Part-time,College of Business is accepting applications for a Semester Lecture appointment,learning setting including,,2026-05-08
1043,https://osu.wd1.myworkdayjobs.com/OSUCareers/job/Columbus-Campus/Student-Assistant-2_R150869-2,Student Assistant 2,Unclassified,Part-time,,conducting routine; HPLC Collecting,,2026-05-08
1043,https://osu.wd1.myworkdayjobs.com/OSUCareers/job/University-Hospital/Care-Manager--RN----Emergency-Department_R149474-2,Care Manager (RN) - Emergency Department,Non-academic,Full-time,,,,2026-05-04
1043,https://osu.wd1.myworkdayjobs.com/OSUCareers/job/Columbus-Campus/Open-Faculty-Search---Dermatology-and-Otology_R149350,Open Faculty Search - Dermatology and Otology,Unclassified,Full-time,Department of Veterinary Clinical Sciences,Dermatology and Otology; comparative medicine; veterinary; DUTIES Clinical teaching of professional,,2026-04-30
1043,https://osu.wd1.myworkdayjobs.com/OSUCareers/job/College-of-MedicineOffice-of-Health-Sciences/Post-Doctoral-Scholar_R115187-1,Post Doctoral Scholar,Research_Fellow,Full-time,,innate immunity,,2026-04-29
1043,https://osu.wd1.myworkdayjobs.com/OSUCareers/job/Columbus-Campus/Veterinary-Public-Health-Resident---Animal-Health-Emergency-Management_R139712-1,Veterinary Public Health Resident - Animal Health Emergency Management,Unclassified,Part-time,College of Veterinary Preventive Medicine,,,2026-04-29
1043,https://osu.wd1.myworkdayjobs.com/OSUCareers/job/College-of-MedicineOffice-of-Health-Sciences/Research-Senior-Associate_R144039-1,Research Senior Associate-Comprehensive Cancer Center,Assistant_Professor; Associate_Professor; Full_Professor,Full-time,center for antibody therapeutics,,,2026-09-17
1043,https://osu.wd1.myworkdayjobs.com/OSUCareers/job/College-of-MedicineOffice-of-Health-Sciences/Researcher-2---Comprehensive-Cancer-Center_R140383-1,Researcher 2 - Comprehensive Cancer Center,Unclassified,Full-time,,,,2026-04-28
1043,https://osu.wd1.myworkdayjobs.com/OSUCareers/job/Columbus-Campus/Research-Technician---CHRR_R136268-2,Research Technician - CHRR,Non-academic,Part-time,Center for Human Resource Research,,,2026-04-28
1043,https://osu.wd1.myworkdayjobs.com/OSUCareers/job/James-Cancer-Hospital-and-Solove-Research-Institute/Outpatient-Medical-Coder-2_R148685-1,Outpatient Medical Coder 2,Non-academic,Full-time,,,,2026-04-28
1043,https://osu.wd1.myworkdayjobs.com/OSUCareers/job/Columbus-Campus/Research-Assistant_R149200-1,Research Assistant,Non-academic,Part-time,College of Veterinary Medicine,,,2026-04-27
1043,https://osu.wd1.myworkdayjobs.com/OSUCareers/job/Columbus-Campus/Research-Technician_R149483-1,Research Technician,Research_Fellow,Full-time,Center for Retrovirus Research,vaccine design; antibody therapeutic,,2026-04-27
1043,https://osu.wd1.myworkdayjobs.com/OSUCareers/job/College-of-MedicineOffice-of-Health-Sciences/Cohen-Endowed-Chair-in-Neurodegeneration-Research_R149971-1,Cohen Endowed Chair in Neurodegeneration Research,Assistant_Professor; Associate_Professor,Full-time,Department of Neurology,Neurodegeneration Research; silico models of neurodegenerative disease; exploration include neurogenetics,,2026-04-27
1043,https://osu.wd1.myworkdayjobs.com/OSUCareers/job/College-of-MedicineOffice-of-Health-Sciences/Research-Senior-Technician---Pathology_R141717-1,Research Senior Technician - Pathology,Non-academic,Full-time,,,,2026-04-27
1043,https://osu.wd1.myworkdayjobs.com/OSUCareers/job/Columbus-Campus/Post-Doctoral-Researcher_R149107,Post Doctoral Researcher,Research_Fellow,Full-time,College of Veterinary Medicine,molecular biology of paramyxoviruses,,2026-04-24
1043,https://osu.wd1.myworkdayjobs.com/OSUCareers/job/College-of-MedicineOffice-of-Health-Sciences/Physician---Department-of-Urology--Endourologist--Open-Rank-Track-Faculty-_R132395-1,"Physician - Department of Urology, Endourologist (Open Rank/Track Faculty)",Assistant_Professor; Associate_Professor; Full_Professor; Research_Fellow,Full-time,"Department of Urology, Endourologist",Urology; residents,,2026-09-09
1043,https://osu.wd1.myworkdayjobs.com/OSUCareers/job/College-of-MedicineOffice-of-Health-Sciences/Physician---Department-of-Urology-General-Urologist--Open-Rank-Track-Faculty-_R114319-1,Physician - Department of Urology-General Urologist (Open Rank/Track Faculty),Assistant_Professor; Associate_Professor; Full_Professor; Research_Fellow,Full-time,Department of Urology Academic rank and track commensurate with academic record and experience,,,2026-09-09
1043,https://osu.wd1.myworkdayjobs.com/OSUCareers/job/College-of-MedicineOffice-of-Health-Sciences/Physician---Department-of-Urology--Urologic-Oncologist--Open-Rank-Track-Faculty-_R137219-1,"Physician - Department of Urology, Urologic Oncologist (Open Rank/Track Faculty)",Assistant_Professor; Associate_Professor; Full_Professor; Research_Fellow,Full-time,"Department of Urology, Urologic Oncologist",Urology; medical students,,2026-09-09
1043,https://osu.wd1.myworkdayjobs.com/OSUCareers/job/College-of-MedicineOffice-of-Health-Sciences/Physician---Department-of-Plastic-Surgery--Plastic-Surgeon--Orthoplastic-Microsurgeon--Open-Rank-Track-Faculty-_R146897-1,"Physician - Department of Plastic Surgery, Plastic Surgeon, Orthoplastic Microsurgeon (Open Rank/Track Faculty)",Assistant_Professor; Associate_Professor; Full_Professor; Research_Fellow,Full-time,"Department of Plastic Surgery, Plastic Surgeon, Orthoplastic Microsurgeon",,,2026-09-08
1043,https://osu.wd1.myworkdayjobs.com/OSUCareers/job/College-of-MedicineOffice-of-Health-Sciences/Physician---Department-of-Dermatology--Inpatient-Dermatologist--Open-Rank-Track-Faculty-_R144968-1,"Physician - Department of Dermatology, Inpatient Dermatologist (Open Rank/Track Faculty)",Assistant_Professor; Associate_Professor; Full_Professor; Research_Fellow,Full-time,"Department of Dermatology, Inpatient Dermatologist",Correction Duties; Clinica Latina; Responsibilities Provide direct,,2026-09-08
1043,https://osu.wd1.myworkdayjobs.com/OSUCareers/job/College-of-MedicineOffice-of-Health-Sciences/Physician---Dermatology--Open-Rank-Track-Faculty-_R100584-2,Physician - Dermatology (Open Rank/Track Faculty),Assistant_Professor; Associate_Professor; Full_Professor; Research_Fellow,Full-time,Department of Dermatology,,,2026-09-08
1043,https://osu.wd1.myworkdayjobs.com/OSUCareers/job/James-Cancer-Hospital-and-Solove-Research-Institute/Staff-Nurse-Medical-Oncology_R146379-1,Staff Nurse-Medical Oncology,Non-academic,Full-time,,,,2026-09-14
1043,https://osu.wd1.myworkdayjobs.com/OSUCareers/job/University-Hospital/Respiratory-Clinical-Lead---NICU_R149022-1,"Respiratory Therapist Clinical Lead - NICU - $7,000 Signing Bonus",Unclassified,Full-time,,,,2026-04-23
1043,https://osu.wd1.myworkdayjobs.com/OSUCareers/job/Columbus-Campus/Student-Assistant-2-Waterman-Farm_R144131-1,Student Assistant 2-Waterman Horticulture and ENR,Non-academic,Part-time,,,,2026-04-21
1043,https://osu.wd1.myworkdayjobs.com/OSUCareers/job/College-of-MedicineOffice-of-Health-Sciences/Clinical-Research-Specialist---Nuclear-Medicine_R147408-1,Nuclear Medicine Technologist -- Clinical Research Specialist - Radiology,Non-academic,Full-time,,,,2026-04-20
1043,https://osu.wd1.myworkdayjobs.com/OSUCareers/job/Ross-Heart-Hospital/Internal-Resource-Pool-Nurse_R144092-1,Internal Resource Pool Nurse - Cardiac and Vascular Surgery Unit,Unclassified,Part-time,,,,2026-04-20
1043,https://osu.wd1.myworkdayjobs.com/OSUCareers/job/Outpatient-CareAmbulatory/Clinical-Research-Coordinator_R147190-1,Clinical Research Coordinator - Radiology,Non-academic,Part-time,Center for Imaging Excellence,Women’s Imaging Research group under; Body MRI,,2026-04-20
1043,https://osu.wd1.myworkdayjobs.com/OSUCareers/job/Outpatient-CareAmbulatory/Radiologic-Technologist----15-000-Sign-on-Bonus_R146076-3,"Radiologic Technologist - $15,000 Sign on Bonus",Non-academic,Full-time,,,,2026-09-10
1043,https://osu.wd1.myworkdayjobs.com/OSUCareers/job/Outpatient-CareAmbulatory/Speech-Language-Pathologist_R149217-2,Speech Language Pathologist,Unclassified,Part-time,,treatment of various voice; swallowing disorders,,2026-04-19
1043,https://osu.wd1.myworkdayjobs.com/OSUCareers/job/Columbus-Campus/Open-Faculty-Search--Small-Animal-Neurology-and-Neurosurgery_R94679-1,Open Faculty Search- Small Animal Neurology and Neurosurgery,Unclassified,Full-time,College of Veterinary Medicine invites applications for an open,comparative medicine; veterinary; Neurosurgery Service,,2026-04-16
1043,https://osu.wd1.myworkdayjobs.com/OSUCareers/job/University-Hospital/Respiratory-Assistant_R145140-1,Respiratory Assistant,Unclassified,Part-time,,,,2026-04-15
1043,https://osu.wd1.myworkdayjobs.com/OSUCareers/job/University-Hospital/Unit-Clerical-Associate---All-Available-Units---Evergreen_R148420-2,Unit Clerical Associate - All Available Units - Evergreen,Non-academic,Full-time,College of Medicine,,,2026-04-15
1043,https://osu.wd1.myworkdayjobs.com/OSUCareers/job/Columbus-Campus/Seasonal-Golf-Course-Worker_R146054-1,Seasonal Golf Course Worker,Unclassified,Part-time,,,,2026-04-15
1043,https://osu.wd1.myworkdayjobs.com/OSUCareers/job/College-of-MedicineOffice-of-Health-Sciences/Physician---Internal-Medicine-Dept--Palliative-Care--Psychologist---Open-Rank-Track-Faculty-_R148051-1,"Physician - Internal Medicine Dept, Palliative Care, Psychologist  (Open Rank/Track Faculty)",Assistant_Professor; Associate_Professor; Full_Professor; Research_Fellow,Full-time,Division of Palliative Medicine in the Department of Internal Medicine,psychosocial palliative medicine interventions; psychosocial oncology,,2026-04-13
1043,https://osu.wd1.myworkdayjobs.com/OSUCareers/job/Columbus-Campus/Non-OSU-Student-Golf-Course-Grounds-Assistant_R148714,Non OSU Student Golf Course Grounds Assistant,Unclassified,Part-time,,,,2026-04-10
1043,https://osu.wd1.myworkdayjobs.com/OSUCareers/job/University-Hospital/Patient-Care-Associate---Full-time---All-hospitals_R132809,Patient Care Associate - Full time - All hospitals,Unclassified,Full-time,,,,2026-04-07
1043,https://osu.wd1.myworkdayjobs.com/OSUCareers/job/College-of-MedicineOffice-of-Health-Sciences/Assistant-Professor---Clinical_R148403,Assistant Professor - Clinical,Assistant_Professor,Full-time,"Department of Neurology, Columbus, Ohio",Clinical; Grand; neurology,,2026-04-03
1043,https://osu.wd1.myworkdayjobs.com/OSUCareers/job/Columbus-Campus/Poultry-Veterinarian-and-Outreach-Specialist_R147708-1,Poultry Veterinarian and Outreach Specialist R147708 1,Non-academic,Full-time,,,,
1043,https://osu.wd1.myworkdayjobs.com/OSUCareers/job/College-of-MedicineOffice-of-Health-Sciences/Administrative-Assistant-2---Hospital-Medicine_R138442-1,Administrative Assistant 2 Hospital Medicine R138442 1,Unclassified,Full-time,,,,
1043,https://osu.wd1.myworkdayjobs.com/OSUCareers/job/Columbus-Campus/Psychiatry-Open-Track-Rank----Mood-and-Anxiety_R147454-2,Psychiatry Open Track/Rank  - Mood and Anxiety,Assistant_Professor; Associate_Professor; Full_Professor; Research_Fellow,Full-time,Department of Psychiatry and Behavioral Health is seeking faculty members,anxiety-related psychopathology; peer-reviewed scientific journals,,2026-03-26
1043,https://osu.wd1.myworkdayjobs.com/OSUCareers/job/College-of-MedicineOffice-of-Health-Sciences/Physician---Radiology--Interventional-Radiologist--Open-Rank-Track-Faculty-_R101402-1,"Physician - Department of Radiology, Interventional Radiologist (Open Rank/Track Faculty)",Assistant_Professor; Associate_Professor; Full_Professor; Research_Fellow,Part-time,"Department of Radiology, Interventional Radiologist",imaging technology innovation; artificial intelligence,,2026-09-09
1043,https://osu.wd1.myworkdayjobs.com/OSUCareers/job/Columbus-Campus/Faculty---Department-of-Surgery--Division-of-Surgical-Oncology--Open-Rank-Track-_R141873-1,"Faculty - Center for Innate Immunity and Inflammation, OSU Comprehensive Cancer Center (Open Rank/Track)",Assistant_Professor; Associate_Professor; Full_Professor; Research_Fellow,Full-time,"Center for Innate Immunity and Inflammation, OSU Comprehensive Cancer Center",peer-reviewed journals Current; innate immunology,,2026-09-10
1043,https://osu.wd1.myworkdayjobs.com/OSUCareers/job/Columbus-Campus/Stu-Lifeguard---Non-OSU---Minor_R147140,Stu Lifeguard – Non-OSU - Minor,Unclassified,Part-time,,,,2026-03-24
1043,https://osu.wd1.myworkdayjobs.com/OSUCareers/job/Columbus-Campus/Lecturer_R144714,,Unclassified,Full-time,,,,
1043,https://osu.wd1.myworkdayjobs.com/OSUCareers/job/Columbus-Campus/Assistant-Associate--Full-Professor---Neurological-Surgery--Gene-Therapy-Institute_R100456,"Associate, Full Professor - Neurological Surgery, Gene Therapy Institute (Open Rank/Track Faculty)",Associate_Professor; Full_Professor,Full-time,Department of Neurological Surgery,novel gene therapy approaches; non-viral,,2026-03-23
1043,https://osu.wd1.myworkdayjobs.com/OSUCareers/job/Columbus-Campus/Stu-Lifeguard---Non-OSU_R147142,Stu Lifeguard - Non-OSU,Non-academic,Part-time,,,,2026-03-23
1043,https://osu.wd1.myworkdayjobs.com/OSUCareers/job/Columbus-Campus/Lead-Radiation-Therapist_R147153-1,Lead Radiation Therapist,Non-academic,Full-time,Department of Radiation Oncology of the Medical Center,,,2026-03-20
1043,https://osu.wd1.myworkdayjobs.com/OSUCareers/job/College-of-MedicineOffice-of-Health-Sciences/Physician---Radiology--Thoracic-Radiologist-NIGHT-SHIFT--Open-Rank-Track-Faculty-_R101358,"Physician - Department of Radiology, Thoracic Radiologist Evening Shift ~ 7 on/14 off (Open Rank/Track Faculty)",Assistant_Professor; Associate_Professor; Full_Professor; Research_Fellow,Full-time,Department of Radiology,imaging technology innovation; artificial intelligence,,2026-09-09
1043,https://osu.wd1.myworkdayjobs.com/OSUCareers/job/College-of-MedicineOffice-of-Health-Sciences/Physician---Radiology--Neuroradiologist--Evening-Shift--Open-Rank-Track-Faculty-_R103309-1,"Physician - Radiology, Neuroradiologist, Evening Shift (Open Rank/Track Faculty)",Assistant_Professor; Associate_Professor; Full_Professor; Research_Fellow,Full-time,Department of Radiology,,,2026-03-19
1043,https://osu.wd1.myworkdayjobs.com/OSUCareers/job/College-of-MedicineOffice-of-Health-Sciences/Physician---Radiology--Abdominal---Pelvic-Imaging--Open-Rank-Track-Faculty-_R101157,"Physician - Department of Radiology, Abdominal & Pelvic Imaging (Open Rank/Track Faculty)",Assistant_Professor; Associate_Professor; Full_Professor; Research_Fellow,Part-time,"Department of Radiology, Abdominal & Pelvic Imaging",imaging technology innovation; artificial intelligence,,2026-09-09
1043,https://osu.wd1.myworkdayjobs.com/OSUCareers/job/College-of-MedicineOffice-of-Health-Sciences/Physician---Department-of-Radiology--Program-Director--Thoracic-Radiology-Fellowship--Open-Rank-Track-Faculty-_R140655-1,"Physician - Department of Radiology, Program Director, Thoracic Radiology Fellowship (Open Rank/Track Faculty)",Assistant_Professor; Associate_Professor; Full_Professor; Research_Fellow,Full-time,"Department of Radiology, Program Director, Thoracic Radiology Fellowship",,,2026-09-09
1043,https://osu.wd1.myworkdayjobs.com/OSUCareers/job/College-of-MedicineOffice-of-Health-Sciences/Physician---Department-of-Radiology--Chief-of-Thoracic-Imaging-Division---Open-Rank-Track-Faculty-_R133598,"Physician - Department of Radiology, Chief of Thoracic Imaging Division  (Open Rank/Track Faculty)",Assistant_Professor; Associate_Professor; Full_Professor; Research_Fellow,Full-time,"Department of Radiology, Chief of Thoracic Imaging Division",,,2026-09-09
1043,https://osu.wd1.myworkdayjobs.com/OSUCareers/job/College-of-MedicineOffice-of-Health-Sciences/Physician---Department-of-Radiology--Program-Director--Abdominal---Pelvic-Imaging-Fellowship--Open-Rank-Track-Faculty-_R140656-1,"Physician - Department of Radiology, Program Director, Abdominal & Pelvic Imaging Fellowship (Open Rank/Track Faculty)",Assistant_Professor; Associate_Professor; Full_Professor; Research_Fellow,Full-time,"Department of Radiology, Program Director, Abdominal & Pelvic Imaging Fellowship",imaging technology innovation; artificial intelligence,,2026-09-09
1043,https://osu.wd1.myworkdayjobs.com/OSUCareers/job/College-of-MedicineOffice-of-Health-Sciences/Assistant-Professor---Hematology-Faculty_R123960-1,Assistant Professor - Hematology Faculty,Assistant_Professor,Full-time,School of Health and Rehabilitation Sciences,Hematology Faculty; specialty of,,2026-03-18
1043,https://osu.wd1.myworkdayjobs.com/OSUCareers/job/Columbus-Campus/Oral-Surgery-Resident---1-year_R146732,Oral Surgery Resident – 1 year,Unclassified,Full-time,College of Dentistry seeks a Clinical Instructor House Staff,,,2026-03-18
1043,https://osu.wd1.myworkdayjobs.com/OSUCareers/job/University-Hospital/IRP-Speech-Language-Pathologist_R146330-2,IRP-Speech Language Pathologist,Unclassified,Part-time,,,,2026-03-16
1043,https://osu.wd1.myworkdayjobs.com/OSUCareers/job/College-of-MedicineOffice-of-Health-Sciences/Physician-OR-Clinical-Researcher---Internal-Medicine-Dept--Palliative-Care-Division--Open-Rank-Track-Faculty-_R135642-1,"Physician OR Clinical Researcher - Internal Medicine Dept, Palliative Care Division (Open Rank/Track Faculty)",Assistant_Professor; Associate_Professor; Full_Professor; Research_Fellow,Full-time,Center for Research Excellence in Supportive Care,Colleges of Medicine; supportive care,,2026-03-16
1043,https://osu.wd1.myworkdayjobs.com/OSUCareers/job/Research-Stations-Ag-Operations/Student-Assistant--grounds---Farm-Science-Review_R139820-1,"Student Assistant, grounds - Farm Science Review",Unclassified,Part-time,,,,2026-03-14
1043,https://osu.wd1.myworkdayjobs.com/OSUCareers/job/Medical-Center-Campus/Radiation-Physicist----15-000-Sign-On-Bonus_R128129,"Radiation Physicist - $15,000 Sign On Bonus",Unclassified,Full-time,Department of Radiation Oncology,,,2026-03-03
1043,https://osu.wd1.myworkdayjobs.com/OSUCareers/job/College-of-MedicineOffice-of-Health-Sciences/Open-Rank-Tenure-Track-Faculty-of-Anesthesiology_R123720-1,Open-Rank Tenure-Track Faculty of Anesthesiology,Assistant_Professor; Associate_Professor; Full_Professor; Research_Fellow,Full-time,Faculty of Anesthesiology,Anesthesiology; Addiction Position Overview The Department; Pain,,2026-02-20
1043,https://osu.wd1.myworkdayjobs.com/OSUCareers/job/College-of-MedicineOffice-of-Health-Sciences/Faculty--Open-Rank-Tenure-Track--Research-in-the-Division-of-Nephrology_R145380-1,Faculty (Open-Rank Tenure-Track) Research in the Division of Nephrology,Assistant_Professor; Associate_Professor; Full_Professor; Research_Fellow,Full-time,Division of Nephrology,Nephrology; peer reviewed; scientific,,2026-02-20
1043,https://osu.wd1.myworkdayjobs.com/OSUCareers/job/Medical-Center-Campus/OR-Radiologic-Technologist----15-000-Signing-Bonus_R127268-1,"OR Radiologic Technologist - $15,000 Signing Bonus",Non-academic,Full-time,Department of Health Radiology License,,,2026-09-10
1043,https://osu.wd1.myworkdayjobs.com/OSUCareers/job/James-Cancer-Hospital-and-Solove-Research-Institute/Specialty-Practice-Pharmacist_R144847-2,Specialty Practice Pharmacist,Unclassified,Full-time,,,,2026-02-13
1043,https://osu.wd1.myworkdayjobs.com/OSUCareers/job/Columbus-Campus/Guest-Services-Attendant_R145189-1,Guest Services Attendant R145189 1,Unclassified,Full-time,,,,
1043,https://osu.wd1.myworkdayjobs.com/OSUCareers/job/Research-Stations-Ag-Operations/Student-Assistant-2--Research-Operations_R143404,Student Assistant 2 -Research Operations,Unclassified,Part-time,,,,2026-02-12
1043,https://osu.wd1.myworkdayjobs.com/OSUCareers/job/College-of-MedicineOffice-of-Health-Sciences/Post-Doctoral-Scholar_R144905-1,Post Doctoral Scholar,Research_Fellow,Full-time,Institute of Health,,,2026-02-10
1043,https://osu.wd1.myworkdayjobs.com/OSUCareers/job/University-Hospital/Psychiatric-Care-Technician---Fulltime-All-Hospitals_R132907-1,Psychiatric Care Technician - Fulltime - Harding Hospital,Non-academic,Full-time,,,,2026-02-02
1043,https://osu.wd1.myworkdayjobs.com/OSUCareers/job/College-of-MedicineOffice-of-Health-Sciences/Assistant-Professor_R109646-1,Cardiovascular Medicine Research Faculty (Open-Rank Tenure-Track),Assistant_Professor; Associate_Professor; Full_Professor; Research_Fellow,Full-time,School of Health and Rehabilitation Sciences,Cardiovascular Medicine; peer reviewed; scientific,,2026-01-29
1043,https://osu.wd1.myworkdayjobs.com/OSUCareers/job/Columbus-Campus/Student-Assistant-1_R142520-1,Student Assistant 1 -Stone Lab,Unclassified,Part-time,,,,2026-01-26
1043,https://osu.wd1.myworkdayjobs.com/OSUCareers/job/Wooster-Campus/Student-Assistant-2_R129887-1,Student Assistant 2 -Plant Path,Unclassified,Part-time,,fruit pathology program,,2026-01-26
1043,https://osu.wd1.myworkdayjobs.com/OSUCareers/job/Health-System-Shared-Services/IRP-Specialty-Practice-Pharmacist--HS-_R143515-1,IRP-Specialty Practice Pharmacist (HS),Unclassified,Part-time,,,,2026-01-20
1043,https://osu.wd1.myworkdayjobs.com/OSUCareers/job/College-of-MedicineOffice-of-Health-Sciences/Research-Faculty---Division-of-Surgical-Oncology----Open-Rank-Track-Faculty-_R140330,Research Faculty - Division of Surgical Oncology - (Associate Professor or Professor),Associate_Professor; Full_Professor,Full-time,Division of Surgical Oncology,Division of Surgical Oncology; peer reviewed; peer-reviewed journals,,2026-01-16
1043,https://osu.wd1.myworkdayjobs.com/OSUCareers/job/College-of-MedicineOffice-of-Health-Sciences/Associate-Professor_R105259-1,Research Faculty -  IM Immunology and Rheumatology - (Open Rank/Track Faculty),Assistant_Professor; Associate_Professor; Full_Professor; Research_Fellow,Full-time,Division of Rheumatology and Immunology,IM Immunology and Rheumatology; study of rheumatic autoimmune diseases; T-cell biology,,2026-01-07
1043,https://osu.wd1.myworkdayjobs.com/OSUCareers/job/James-Cancer-Hospital-and-Solove-Research-Institute/Medical-Physicist-Assistant----15-000-Sign-On-Bonus_R128120,Medical Physicist Assistant,Unclassified,Full-time,Department of Radiation Oncology,,,2026-01-06
1043,https://osu.wd1.myworkdayjobs.com/OSUCareers/job/James-Cancer-Hospital-and-Solove-Research-Institute/Clinical-Pharmacy-Specialist---Amb-Hem-Onc_R142422-1,Clinical Pharmacy Specialist - Amb Hem/Onc,Non-academic,Full-time,,,,2025-12-31
1043,https://osu.wd1.myworkdayjobs.com/OSUCareers/job/University-Hospital/Scrub-Tech-FT---Same-Day-OR_R115368-1,Surgical Technologist- Same Day OR IP,Non-academic,Full-time,,,,2025-12-26
1043,https://osu.wd1.myworkdayjobs.com/OSUCareers/job/University-Hospital/Staff-Pharmacist_R141341,Staff Pharmacist - IRP,Unclassified,Part-time,,,,2025-12-23
1043,https://osu.wd1.myworkdayjobs.com/OSUCareers/job/College-of-MedicineOffice-of-Health-Sciences/Assistant-Professor---Clinical_R129297-1,Assistant Professor - Clinical,Assistant_Professor,Full-time,,Clinical,,2025-12-23
1043,https://osu.wd1.myworkdayjobs.com/OSUCareers/job/College-of-MedicineOffice-of-Health-Sciences/Psychiatry-Open-Track-Rank---Addiction-Program_R124974,Psychiatry Open Track/Rank Faculty - Addiction Program,Assistant_Professor; Associate_Professor; Full_Professor; Research_Fellow,Full-time,Department of Psychiatry and Behavioral Health is seeking faculty members,Psychiatry Open Track/Rank; substance use disorders remains; peer-reviewed scientific journals,,2025-12-23
1043,https://osu.wd1.myworkdayjobs.com/OSUCareers/job/College-of-MedicineOffice-of-Health-Sciences/Faculty---Department-of-Surgery-Division-of-General-and-Gastrointestinal-Surgery--Open-Rank-Track-_R116457-1,Faculty - Department of Surgery/Division of General and Gastrointestinal Surgery (Open Rank/Track),Assistant_Professor; Associate_Professor; Full_Professor; Research_Fellow,Full-time,Division of General and Gastrointestinal Surgery,basic science research Proven ability; active extramural grant,,2025-12-23
1043,https://osu.wd1.myworkdayjobs.com/OSUCareers/job/College-of-MedicineOffice-of-Health-Sciences/Open-Rank-Faculty-Position-in-Neuromodulation-for-Psychiatry_R117356-1,Open-Rank Faculty Position in Neuromodulation for Psychiatry,Assistant_Professor; Associate_Professor; Full_Professor; Research_Fellow,Full-time,Department of Psychiatry and Behavioral Health is seeking several faculty members,Neuromodulation for Psychiatry; substantially contributing; research programs,,2025-12-23
1043,https://osu.wd1.myworkdayjobs.com/OSUCareers/job/College-of-MedicineOffice-of-Health-Sciences/Research-Faculty---Department-of-Surgery-Division-of-Trauma-Critical-Care-and-Burn-Surgery--Open-Rank-Track-_R114220-2,Research Faculty - Department of Surgery/Division of Trauma Critical Care and Burn Surgery (Open Rank/Track),Assistant_Professor; Associate_Professor; Full_Professor; Research_Fellow,Full-time,Division of Trauma Critical Care and Burn Surgery,basic science research Proven ability; active extramural grant,,2025-12-23
1043,https://osu.wd1.myworkdayjobs.com/OSUCareers/job/College-of-MedicineOffice-of-Health-Sciences/Research-Faculty---Department-of-Surgery-Division-of-Trauma-Critical-Care-and-Burn-Surgery--Open-Rank-Track-_R115359-1,Research Faculty - Department of Surgery/Division of Trauma Critical Care and Burn Surgery (Open Rank/Track),Assistant_Professor; Associate_Professor; Full_Professor; Research_Fellow,Full-time,Division of Trauma Critical Care and Burn Surgery,basic science research Proven ability; active extramural grant,,2025-12-23
1043,https://osu.wd1.myworkdayjobs.com/OSUCareers/job/College-of-MedicineOffice-of-Health-Sciences/Open-Faculty_R101733-1,Research Faculty - Surgery Colon and Rectal - (Open Rank/Track Faculty),Assistant_Professor; Associate_Professor; Full_Professor; Research_Fellow,Full-time,"Department of Surgery, Division of Colon and Rectal Surgery",Surgery Colon and Rectal; basic science research Proven ability; active extramural grant,,2025-12-23
1043,https://osu.wd1.myworkdayjobs.com/OSUCareers/job/James-Cancer-Hospital-and-Solove-Research-Institute/Clinical-Pharmacy-Specialist---Amb-Hem-Onc_R139089-1,Clinical Pharmacy Specialist - Amb Hem/Onc,Non-academic,Full-time,"College of Pharmacy, other hospitals and pharmacy departments, and professional meetings",pharmacy students,,2025-12-19
1043,https://osu.wd1.myworkdayjobs.com/OSUCareers/job/Columbus-Campus/Veterinary-Curriculum-Instructors_R138905-1,Veterinary Curriculum Instructors,Non-academic,Full-time,,Spectrum of Care certificate courses,,2025-12-04
1043,https://osu.wd1.myworkdayjobs.com/OSUCareers/job/Medical-Center-Campus/Line-Cook_R129646,Line Cook,Unclassified,Full-time,,,,2025-11-20
1043,https://osu.wd1.myworkdayjobs.com/OSUCareers/job/Medical-Center-Campus/Nutrition-Aide_R129644-1,Nutrition Aide,Unclassified,Full-time,,,,2025-11-20
1043,https://osu.wd1.myworkdayjobs.com/OSUCareers/job/Columbus-Campus/Research-Faculty---Psychiatry---Behavioral-Health--Open-Rank-Track-Faculty-_R140670-1,Research Faculty - Psychiatry & Behavioral Health (Open Rank/Track Faculty),Assistant_Professor; Associate_Professor; Full_Professor; Research_Fellow,Full-time,Department of Psychiatry and Behavioral Health is seeking faculty members,Behavioral Health; Psychiatry,,2025-11-19
1043,https://osu.wd1.myworkdayjobs.com/OSUCareers/job/Medical-Center-Campus/Physician---Internal-Medicine---Hematology--Open-Rank-Track-Faculty-_R117464-2,Physician - Internal Medicine - Hematology (Open Rank/Track Faculty),Assistant_Professor; Associate_Professor; Full_Professor; Research_Fellow,Full-time,Division of Hematology,,,2025-11-10
1043,https://osu.wd1.myworkdayjobs.com/OSUCareers/job/Medical-Center-Campus/Respiratory-Therapist---Nights_R137894,"Respiratory Therapist - Evening/Night Shift - $10,000 Signing Bonus",Unclassified,Full-time,,,,2025-11-07
1043,https://osu.wd1.myworkdayjobs.com/OSUCareers/job/Medical-Center-Campus/Respiratory-Therapist_R123779-1,"Respiratory Therapist - Day Shift - $7,000 Signing Bonus",Unclassified,Full-time,,,,2025-11-07
1043,https://osu.wd1.myworkdayjobs.com/OSUCareers/job/Medical-Center-Campus/Physician---PCC--Sleep-Medicine--Open-Rank-Track-Faculty-_R140075-1,"Physician - PCC, Sleep Medicine (Open Rank/Track Faculty)",Assistant_Professor; Associate_Professor; Full_Professor; Research_Fellow,Full-time,"Division of Pulmonology, Critical Care, and Sleep, led by Division Director Dr",,,2026-09-15
1043,https://osu.wd1.myworkdayjobs.com/OSUCareers/job/Medical-Center-Campus/Surgical-Technologist_R76278-1,Surgical Technologist,Non-academic,Full-time,Department of Perioperative Services,,,2025-10-14
1043,https://osu.wd1.myworkdayjobs.com/OSUCareers/job/Columbus-Campus/Musician_R132728-2,Musician,Unclassified,Part-time,,,,2025-10-02
1043,https://osu.wd1.myworkdayjobs.com/OSUCareers/job/Medical-Center-Campus/Physician--Department-of-Internal-Medicine---Interventional-Pulmonologist--Open-Rank-Track-Faculty-_R135058-1,Physician Department of Internal Medicine Interventional Pulmonologist Open Rank Track Faculty R135058 1,Assistant_Professor; Associate_Professor; Full_Professor,Full-time,,Internal Medicine Interventional Pulmonologist Open Rank Track Faculty R135058 1,,
1043,https://osu.wd1.myworkdayjobs.com/OSUCareers/job/Medical-Center-Campus/Medical-Technologist-Med-Lab-Tech-Testing_R127335-1,Medical Technologist/Med Lab Tech-Testing-Critical Care Laboratory,Non-academic,Full-time,,,,2025-08-19
1043,https://osu.wd1.myworkdayjobs.com/OSUCareers/job/Columbus-Campus/Lecturer_R131484-1,Lecturer,Lecturer,Part-time,"Department of Arts Administration, Education & Policy",museum education,,2025-08-05
1043,https://osu.wd1.myworkdayjobs.com/OSUCareers/job/Medical-Center-Campus/Physician---Clinical-Faculty--Radiation-Oncologist-GU--Open-Rank-Track-Faculty-_R133653-1,"Physician – Clinical Faculty, Radiation Oncologist-GU (Open Rank/Track Faculty)",Assistant_Professor; Associate_Professor; Full_Professor; Research_Fellow,Full-time,Department of Radiation Oncology,Radiation Oncologist-GU,,2025-07-22
1043,https://osu.wd1.myworkdayjobs.com/OSUCareers/job/Medical-Center-Campus/Physician---Internal-Medicine--Medical-Oncology--Medical-Oncologist---OUTPATIENT-ONLY--Open-Rank-Track-Faculty-_R131220-1,"Physician – Internal Medicine, Medical Oncology, Medical Oncologist - OUTPATIENT ONLY (Open Rank/Track Faculty)",Assistant_Professor; Associate_Professor; Full_Professor; Research_Fellow,Full-time,"Department of Internal Medicine, Division of Medical Oncology",translational research,,2025-07-01
1043,https://osu.wd1.myworkdayjobs.com/OSUCareers/job/Medical-Center-Campus/Physician---Internal-Medicine--Medical-Oncology--Sarcoma-Medical-Oncology--Open-Rank-Track-Faculty-_R130334,"Physician – Internal Medicine, Medical Oncology, Sarcoma Medical Oncology (Open Rank/Track Faculty)",Assistant_Professor; Associate_Professor; Full_Professor; Research_Fellow,Full-time,"Department of Internal Medicine, Division of Medical Oncology",translational research,,2025-07-01
1043,https://osu.wd1.myworkdayjobs.com/OSUCareers/job/Medical-Center-Campus/Physician---Internal-Medicine--Medical-Oncology--Inpatient-Consultant---Oncologist-Hospitalist--Open-Rank-Track-Faculty-_R127396-1,"Physician – Internal Medicine, Medical Oncology, Inpatient Consultant – Oncologist Hospitalist (Open Rank/Track Faculty)",Assistant_Professor; Associate_Professor; Full_Professor; Research_Fellow,Full-time,College of Medicine and the Wexner Medical Center seek Inpatient Medical Oncologist,,,2025-07-01
1043,https://osu.wd1.myworkdayjobs.com/OSUCareers/job/Medical-Center-Campus/Physician---Internal-Medicine--Medical-Oncology--Neuroendocrine--Open-Rank-Track-Faculty-_R121337-1,"Physician – Internal Medicine, Medical Oncology, Neuroendocrine (Open Rank/Track Faculty)",Assistant_Professor; Associate_Professor; Full_Professor; Research_Fellow,Full-time,"Department of Internal Medicine, Division of Medical Oncology",translational research,,2025-07-01
1043,https://osu.wd1.myworkdayjobs.com/OSUCareers/job/Medical-Center-Campus/Physician---Internal-Medicine--Medical-Oncology--Genitourinary--GU---Open-Rank-Track-Faculty-_R121341-1,"Physician – Internal Medicine, Medical Oncology, Genitourinary (GU) (Open Rank/Track Faculty)",Assistant_Professor; Associate_Professor; Full_Professor; Research_Fellow,Full-time,"Department of Internal Medicine, Division of Medical Oncology",translational research,,2025-07-01
1043,https://osu.wd1.myworkdayjobs.com/OSUCareers/job/Medical-Center-Campus/Physician---Internal-Medicine--Medical-Oncology--Melanoma--Open-Rank-Track-Faculty-_R101204-1,"Physician – Internal Medicine, Medical Oncology, Melanoma (Open Rank/Track Faculty)",Assistant_Professor; Associate_Professor; Full_Professor; Research_Fellow,Full-time,"Department of Internal Medicine, Division of Medical Oncology",translational research,,2025-07-01
1043,https://osu.wd1.myworkdayjobs.com/OSUCareers/job/Medical-Center-Campus/Physician---Internal-Medicine--Medical-Oncology--Gastrointestinal-Oncology--Open-Rank-Track-Faculty-_R101141-1,"Physician – Internal Medicine, Medical Oncology, Gastrointestinal Oncology (Open Rank/Track Faculty)",Assistant_Professor; Associate_Professor; Full_Professor; Research_Fellow,Full-time,College of Medicine and the Wexner Medical Center seek Gastroenterology,translational research,,2025-07-01
1043,https://osu.wd1.myworkdayjobs.com/OSUCareers/job/Medical-Center-Campus/Physician---Internal-Medicine--Medical-Oncology--Breast-Medical-Oncology--Open-Rank-Track-Faculty-_R105724,"Physician – Internal Medicine, Medical Oncology, Breast Medical Oncology (Open Rank/Track Faculty)",Assistant_Professor; Associate_Professor; Full_Professor; Research_Fellow,Full-time,"Department of Internal Medicine, Division of Medical Oncology",programmatic focus include translational research; inflammatory breast cancer,,2025-07-01
1043,https://osu.wd1.myworkdayjobs.com/OSUCareers/job/Medical-Center-Campus/Physician---Internal-Medicine--Hospital-Medicine--Director-of-Research--Open-Rank-Track-Faculty-_R114765-2,"Physician – Internal Medicine, Hospital Medicine, Director of Research (Open Rank/Track Faculty)",Assistant_Professor; Associate_Professor; Full_Professor; Research_Fellow,Full-time,Division of Hospital Medicine,indirectly improve the practice of; health services research designed,,2025-07-01
1043,https://osu.wd1.myworkdayjobs.com/OSUCareers/job/Medical-Center-Campus/Physician---Internal-Medicine--Hospital-Medicine--Hospital-Medicine--Open-Rank-Track-Faculty-_R101072-1,"Physician – Internal Medicine, Hospital Medicine, Hospital Medicine (Open Rank/Track Faculty)",Assistant_Professor; Associate_Professor; Full_Professor; Research_Fellow,Full-time,Division of Hospital Medicine,,,2025-07-01
1043,https://osu.wd1.myworkdayjobs.com/OSUCareers/job/Medical-Center-Campus/Physician---Department-of-Internal-Medicine--Division-of-General-Internal-Medicine--Internal-Medicine-Pediatrics---Open-Rank-Track-Faculty-_R108390-1,"Physician – Department of Internal Medicine, Division of General Internal Medicine, Internal Medicine/Pediatrics  (Open Rank/Track Faculty)",Assistant_Professor; Associate_Professor; Full_Professor; Research_Fellow,Full-time,Division of General Internal Medicine,,,2025-07-01
1043,https://osu.wd1.myworkdayjobs.com/OSUCareers/job/Medical-Center-Campus/Physician---Department-of-Internal-Medicine--Division-of-General-Internal-Medicine--Geriatrics---Open-Rank-Track-Faculty-_R108430-1,"Physician – Department of Internal Medicine, Division of General Internal Medicine, Geriatrics  (Open Rank/Track Faculty)",Assistant_Professor; Associate_Professor; Full_Professor; Research_Fellow,Full-time,"Department of Internal Medicine, Division of General Internal Medicine, Geriatrics",,,2025-07-01
1043,https://osu.wd1.myworkdayjobs.com/OSUCareers/job/Medical-Center-Campus/Physician---Internal-Medicine---Executive-Health--Open-Rank-Track-Faculty-_R117466-1,"Physician -Executive Health (Non-Academic, Non-Tenure Track position) - Prefer Internal Medicine, open to Family Practice",Assistant_Professor,Full-time,School of Health and Rehabilitation Sciences,,,2025-07-01
1043,https://osu.wd1.myworkdayjobs.com/OSUCareers/job/Medical-Center-Campus/Physician---Department-of-Internal-Medicine--Division-of-Gastroenterology--Hepatology--and-Nutrition---Director-of-IBD---Open-Rank-Track-Faculty-_R123811-1,"Physician - Department of Internal Medicine, Division of Gastroenterology, Hepatology, and Nutrition:  Director of IBD  (Open Rank/Track Faculty)",Assistant_Professor; Associate_Professor; Full_Professor; Research_Fellow,Full-time,"Division of Gastroenterology, Hepatology, and Nutrition",,,2025-07-01
1043,https://osu.wd1.myworkdayjobs.com/OSUCareers/job/Columbus-Campus/Computational-Psychiatry---Open-rank-and-track_R101198-1,Research Faculty - Computational Psychiatry - Open Rank and Track,Assistant_Professor; Associate_Professor; Full_Professor; Research_Fellow,Full-time,Department of Psychiatry and Behavioral Health is seeking several faculty members,Computational Psychiatry; research programs concerning computational; substantially contributing,,2025-06-30
1043,https://osu.wd1.myworkdayjobs.com/OSUCareers/job/Medical-Center-Campus/Med-Lab-Tech-Testing_R127342-1,Med Lab Tech-Testing,Non-academic,Full-time,,,,2025-06-25
1043,https://osu.wd1.myworkdayjobs.com/OSUCareers/job/Medical-Center-Campus/Medical-Technologist_R127339-1,Medical Technologist,Non-academic,Full-time,,,,2025-06-25
1043,https://osu.wd1.myworkdayjobs.com/OSUCareers/job/Medical-Center-Campus/Dosimetrist----15-000-Sign-On-Bonus_R128132,"Dosimetrist - $15,000 Sign On Bonus",Unclassified,Full-time,Department of Radiation Medicine,,,2025-05-01
1043,https://osu.wd1.myworkdayjobs.com/OSUCareers/job/Medical-Center-Campus/Respiratory-Therapist-IRP_R127942-1,Respiratory Therapist IRP,Unclassified,Part-time,,,,2025-04-29
1043,https://osu.wd1.myworkdayjobs.com/OSUCareers/job/Medical-Center-Campus/Histology-Technologist_R127345-1,Histology Technologist,Non-academic,Full-time,division of Surgical Pathology,,,2025-04-22
1043,https://osu.wd1.myworkdayjobs.com/OSUCareers/job/Medical-Center-Campus/Patient-Transporter---OSU-East_R127322-1,Patient Transporter - OSU East,Unclassified,Full-time,,,,2025-04-21
1043,https://osu.wd1.myworkdayjobs.com/OSUCareers/job/Medical-Center-Campus/Environmental-Services---Custodial-Worker-2---OSU-East_R127319-1,Environmental Services - Custodial Worker 2 - OSU East,Unclassified,Full-time,,,,2025-04-21
1043,https://osu.wd1.myworkdayjobs.com/OSUCareers/job/Columbus-Campus/Environmental-Services----Custodial-Worker-2---University-Hospital_R127314,Environmental Services -  Custodial Worker 2 - University Hospital,Unclassified,Full-time,,,,2025-04-21
1043,https://osu.wd1.myworkdayjobs.com/OSUCareers/job/Medical-Center-Campus/Environmental-Services-Custodial-Worker-2-James_R127311-1,Environmental Services-Custodial Worker 2-James,Unclassified,Full-time,,,,2025-04-21
1043,https://osu.wd1.myworkdayjobs.com/OSUCareers/job/Medical-Center-Campus/Patient-Transporter-University-Hospital_R127307-1,Patient Transporter-University Hospital,Unclassified,Full-time,,,,2025-04-21
1043,https://osu.wd1.myworkdayjobs.com/OSUCareers/job/Medical-Center-Campus/Athletic-Trainer_R127273-2,Athletic Trainer,Unclassified,Full-time,,,,2025-04-21
1043,https://osu.wd1.myworkdayjobs.com/OSUCareers/job/Columbus-Campus/Lecturer_R120373-1,Lecturer,Lecturer,Part-time,College of Arts and Sciences is the academic heart of the university,,,2025-01-03
1043,https://osu.wd1.myworkdayjobs.com/OSUCareers/job/Columbus-Campus/Veterinary-Clinical-Sciences-Instructor---Practice---LOCUM_R97309-2,Veterinary Clinical Sciences Instructor - Practice - LOCUM,Unclassified,Part-time,,Veterinary Clinical Sciences,,2024-02-02
1043,https://osu.wd1.myworkdayjobs.com/OSUCareers/job/Columbus-Campus/Lecturer_R81659,Lecturer,Lecturer,Part-time,"College of Arts and Sciences, seeks a Lecturer to join our team",,,2023-07-03
1043,https://osu.wd1.myworkdayjobs.com/OSUCareers/job/University-Hospital/Dispatch-Communications-Associate_R157794-1,Dispatch Communications Associate,Assistant_Professor; Associate_Professor; Full_Professor,Full-time,,,,2026-09-16
1043,https://osu.wd1.myworkdayjobs.com/OSUCareers/job/Columbus-Campus/Director--CCAPP_R159122-1,"Director, CCAPP",Unclassified,Part-time,Center for Cosmology and AstroParticle Physics,AstroParticle Physics; fostering scientific collaboration,,2026-09-14
1043,https://osu.wd1.myworkdayjobs.com/OSUCareers/job/Columbus-Campus/Lecturer---American-Sign-Language-Program_R159201-1,Lecturer - American Sign Language Program,Lecturer,Full-time,Center for Languages Literature and Cultures Job Description The American Sign Language,American Sign Language Program; Columbus campus,"November 30, 2026",2026-09-14
1043,https://osu.wd1.myworkdayjobs.com/OSUCareers/job/Columbus-Campus/Student-Assistant-2---HCS_R158734-1,Student Assistant 2 HCS R158734 1,Unclassified,Full-time,,,,
1043,https://osu.wd1.myworkdayjobs.com/OSUCareers/job/Columbus-Campus/Semester-Lecturer_R157868-1,Semester Lecturer,Lecturer,Part-time,,Semester,,2026-09-14
1043,https://osu.wd1.myworkdayjobs.com/OSUCareers/job/Health-System-Shared-Services/Manager--Advanced-Practice--Primary-Care-Ambulatory_R158346-1,"Manager, Advanced Practice- Primary Care Ambulatory",Non-academic,Full-time,,,,2026-09-14
1043,https://osu.wd1.myworkdayjobs.com/OSUCareers/job/University-Hospital/Staff-Nurse--RN----Women---Infant-Float-Pool_R157820-1,Staff Nurse (RN) - Women & Infant Float Pool,Unclassified,Full-time,,,,2026-09-14
1043,https://osu.wd1.myworkdayjobs.com/OSUCareers/job/University-Hospital/Business-Systems-Analyst-3_R155387-1,Business Systems Analyst 3 R155387 1,Non-academic,Full-time,,,,
1043,https://osu.wd1.myworkdayjobs.com/OSUCareers/job/Columbus-Campus/Assistant-Professor-of-Japanese-Linguistics_R159108-1,Assistant Professor of Japanese Linguistics,Assistant_Professor,Full-time,Department of East Asian Languages and Literatures,Japanese Linguistics; Language Pedagogy; employing methodologically rigorous approaches; helping them develop analytical skills,10/23/2026,2026-09-14
1043,https://osu.wd1.myworkdayjobs.com/OSUCareers/job/Columbus-Campus/Director-of-Bands---School-of-Music_R159098-1,Director of Bands - School of Music,Associate_Professor,Full-time,School of Music,Bands; University committees,10/10/2026,2026-09-14
1043,https://osu.wd1.myworkdayjobs.com/OSUCareers/job/James-Cancer-Hospital-and-Solove-Research-Institute/Scheduling-Lead-Coordinator_R158847,Scheduling Lead Coordinator,Non-academic,Full-time,,,,2026-09-14
1043,https://osu.wd1.myworkdayjobs.com/OSUCareers/job/James-Cancer-Hospital-and-Solove-Research-Institute/Scheduling-Senior-Coordinator_R158374,Oncology Scheduler,Non-academic,Full-time,,,,2026-09-16
1043,https://osu.wd1.myworkdayjobs.com/OSUCareers/job/James-Cancer-Hospital-and-Solove-Research-Institute/Scheduling-Senior-Coordinator_R158373-2,Scheduling Senior Coordinator,Non-academic,Full-time,,,,2026-09-14
1043,https://osu.wd1.myworkdayjobs.com/OSUCareers/job/Outpatient-CareAmbulatory/Scheduling-Senior-Coordinator_R159067-1,Scheduling Senior Coordinator,Non-academic,Full-time,,,,2026-09-14
1043,https://osu.wd1.myworkdayjobs.com/OSUCareers/job/Columbus-Campus/Clinical-Research-Coordinator-Hematology_R156847-1,Clinical Research Coordinator-Hematology,Non-academic,Full-time,,,,2026-09-14
1043,https://osu.wd1.myworkdayjobs.com/OSUCareers/job/College-of-MedicineOffice-of-Health-Sciences/Research-Senior-Associate---Comprehensive-Cancer-Center_R158894-1,Research Senior Associate - Comprehensive Cancer Center,Research_Fellow,Full-time,,,,2026-09-14
1043,https://osu.wd1.myworkdayjobs.com/OSUCareers/job/Columbus-Campus/Assistant-Professor--Public-Policy-and-Management-with-a-Focus-in-Urban-Policy-and-Governance_R159044,"Assistant Professor, Public Policy and Management with a Focus in Urban Policy and Governance",Assistant_Professor,Full-time,College of Public Affairs,Urban Policy and Governance; affiliated public affairs; subfield of urban pol icy; Glenn College’s undergraduate,,2026-09-14
1043,https://osu.wd1.myworkdayjobs.com/OSUCareers/job/Outpatient-CareAmbulatory/Scheduling-Senior-Coordinator_R158975-1,Scheduling Senior Coordinator,Non-academic,Full-time,,,,2026-09-14
1043,https://osu.wd1.myworkdayjobs.com/OSUCareers/job/College-of-MedicineOffice-of-Health-Sciences/Research-Technician-1---Surgery_R159025-1,Research Technician 1 - Surgery,Non-academic,Full-time,,requested topics; PCR reactions,,2026-09-14
1043,https://osu.wd1.myworkdayjobs.com/OSUCareers/job/Outpatient-CareAmbulatory/MRI-Technologist--HS-_R157642-1,MRI Technologist,Non-academic,Full-time,,,,2026-09-14
1043,https://osu.wd1.myworkdayjobs.com/OSUCareers/job/Outpatient-CareAmbulatory/MRI-Lead-Tech--15-000-Signing-Bonus-University-Hospital---Imaging-at-Morehouse_R158102-2,"MRI Lead Tech $15,000 Signing Bonus University Hospital | Imaging at Morehouse",Non-academic,Full-time,,,,2026-09-14
1043,https://osu.wd1.myworkdayjobs.com/OSUCareers/job/Outpatient-CareAmbulatory/Nuclear-Medicine-Lead-Tech--15-000-Signing-Bonus-University-Hospital---Imaging-at-Morehouse_R158099-1,"Nuclear Medicine Lead Tech $15,000 Signing Bonus University Hospital | Imaging at Morehouse",Non-academic,Full-time,Department of Health Radiology Licensure,,,2026-09-14
1043,https://osu.wd1.myworkdayjobs.com/OSUCareers/job/Columbus-Campus/Associate-Vice-President--National-Security-and-Space-Research-and-Innovation_R159127-1,"Associate Vice President, National Security and Space Research and Innovation",Unclassified,Full-time,Department of Electrical and Computer Engineering,computer vision; control systems,,2026-09-14
1043,https://osu.wd1.myworkdayjobs.com/OSUCareers/job/University-Hospital/Instrumentation-Coordinator-3_R155121-2,Instrumentation Coordinator 3 R155121 2,Non-academic,Full-time,,,,
1043,https://osu.wd1.myworkdayjobs.com/OSUCareers/job/University-Hospital/Senior-Instrumentation-Coordinator---New-Tower_R156572,Senior Instrumentation Coordinator New Tower,Non-academic,Full-time,,,,
1043,https://osu.wd1.myworkdayjobs.com/OSUCareers/job/East-Hospital/Instrumentation-Coordinator---East-Hospital---Sterile-Supply_R156613-2,Instrumentation Coordinator East Hospital Sterile Supply R156613 2,Non-academic,Full-time,,,,
1043,https://osu.wd1.myworkdayjobs.com/OSUCareers/job/Ross-Heart-Hospital/Instrumentation-Coordinator---Lead---University-Hospital_R155355-1,Instrumentation Coordinator Lead University Hospital R155355 1,Non-academic,Full-time,,,,
1043,https://osu.wd1.myworkdayjobs.com/OSUCareers/job/Columbus-Campus/Instrumentation-Coordinator---Offsite---Sterile-Supply_R158531-2,Instrumentation Coordinator Offsite Sterile Supply R158531 2,Non-academic,Full-time,,,,
1043,https://osu.wd1.myworkdayjobs.com/OSUCareers/job/Ross-Heart-Hospital/Manager---Sterile-Supply---University-Hospital_R155352-1,Manager Sterile Supply University Hospital R155352 1,Non-academic,Full-time,,,,
1043,https://osu.wd1.myworkdayjobs.com/OSUCareers/job/Health-System-Shared-Services/Sustainability-Student-Assistant_R158741-2,Sustainability Student Assistant,Non-academic,Part-time,,,,2026-09-14
1043,https://osu.wd1.myworkdayjobs.com/OSUCareers/job/University-Hospital/Clinical-Nurse-Specialist_R158771,Clinical Nurse Specialist (CNS),Non-academic,Full-time,,,,2026-09-17
1043,https://osu.wd1.myworkdayjobs.com/OSUCareers/job/Ross-Heart-Hospital/Instrumentation-Coordinator--Senior---University-Hospital_R157289-1,Instrumentation Coordinator- Senior - University Hospital,Non-academic,Full-time,,,,2026-09-14
1043,https://osu.wd1.myworkdayjobs.com/OSUCareers/job/Outpatient-CareAmbulatory/Instrumentation-Coordinator---Jameson-Crane---Sterile-Processing_R158687-1,Instrumentation Coordinator - Jameson Crane - Sterile Processing,Non-academic,Full-time,,,,2026-09-14
1043,https://osu.wd1.myworkdayjobs.com/OSUCareers/job/Columbus-Campus/Assistant-Coach--Diving_R159052-1,"Assistant Coach, Diving",Unclassified,Part-time,,,,2026-09-14
1043,https://osu.wd1.myworkdayjobs.com/OSUCareers/job/James-Cancer-Hospital-and-Solove-Research-Institute/Staff-Nurse--RN---Float---Acute-Care_R157718-1,Staff Nurse (RN) -Float - Acute Care,Unclassified,Full-time,,,,2026-09-14
1043,https://osu.wd1.myworkdayjobs.com/OSUCareers/job/East-Hospital/Polysomnography-Technician-I-East-Sleep-Lab_R149681-1,Polysomnography Technician I East Sleep Lab,Non-academic,Full-time,Division of Pulmonary and Critical Care,,,2026-09-14
1043,https://osu.wd1.myworkdayjobs.com/OSUCareers/job/Health-System-Shared-Services/Senior-Graphic-Designer_R158723-1,Senior Graphic Designer,Unclassified,Full-time,,,,2026-09-14
1043,https://osu.wd1.myworkdayjobs.com/OSUCareers/job/Health-System-Shared-Services/Student-Assistant-1_R158365-2,Student Assistant 1,Unclassified,Part-time,,,,2026-09-14
1043,https://osu.wd1.myworkdayjobs.com/OSUCareers/job/College-of-MedicineOffice-of-Health-Sciences/Administrative-Assistant---Pathology_R158450-2,Administrative Assistant - Pathology,Unclassified,Full-time,,,,2026-09-14
1043,https://osu.wd1.myworkdayjobs.com/OSUCareers/job/Columbus-Campus/Post-Doctoral-Scholar_R158993,Post Doctoral Scholar,Research_Fellow,Full-time,College of Arts and Sciences is the largest college and the academic heart of the university,,"September 20, 2026",2026-09-11
1043,https://osu.wd1.myworkdayjobs.com/OSUCareers/job/Columbus-Campus/Post-Doctoral-Scholar_R158886,Post Doctoral Scholar,Research_Fellow,Full-time,,psychology of extremism,,2026-09-11
1043,https://osu.wd1.myworkdayjobs.com/OSUCareers/job/Columbus-Campus/Post-Doctoral-Scholar_R156363-2,Post Doctoral Scholar,Research_Fellow,Full-time,,,,2026-09-11
1043,https://osu.wd1.myworkdayjobs.com/OSUCareers/job/Columbus-Campus/Assistant-Director-of-Recruitment-and-Admissions_R156002-1,Assistant Director of Recruitment and Admissions,Non-academic,Full-time,College of Pharmacy,Recruitment and Admissions,,2026-09-18
1043,https://osu.wd1.myworkdayjobs.com/OSUCareers/job/Columbus-Campus/Small-Animal-Oncologic-Surgery-Faculty_R157759-1,Small Animal Oncologic Surgery Faculty,Assistant_Professor; Associate_Professor,Full-time,Department of Veterinary Clinical Sciences,Small Animal Oncologic Surgery; comparative medicine; veterinary; postprofessional internships,,2026-09-11
1043,https://osu.wd1.myworkdayjobs.com/OSUCareers/job/James-Cancer-Hospital-and-Solove-Research-Institute/Social-Worker---IRP_R158848-2,Social Worker - IRP,Unclassified,Part-time,,,,2026-09-11
1043,https://osu.wd1.myworkdayjobs.com/OSUCareers/job/James-Cancer-Hospital-and-Solove-Research-Institute/Medical-Physicist_R159076-2,Medical Physicist,Unclassified,Full-time,Department of Radiation Oncology,,,2026-09-11
1043,https://osu.wd1.myworkdayjobs.com/OSUCareers/job/Columbus-Campus/RNA-Research-Technician-1_R158353-1,RNA Research Technician 1 R158353 1,Non-academic,Full-time,,,,
1043,https://osu.wd1.myworkdayjobs.com/OSUCareers/job/Columbus-Campus/Student-Engagement-Support-Specialist_R159150-1,Student Engagement Support Specialist,Non-academic,Full-time,"College of Food, Agricultural, and Environmental Sciences",,,2026-09-18
1043,https://osu.wd1.myworkdayjobs.com/OSUCareers/job/Columbus-Campus/Director-of-Clinical-Skills_R158173,Director of Clinical Skills,Unclassified,Full-time,College of Veterinary Medicine,Clinical Skills; Teaching Committee; professional skills,,2026-09-11
1043,https://osu.wd1.myworkdayjobs.com/OSUCareers/job/University-Hospital/Talent-Acquisition-Coordinator-3---Onboarding-Center_R158505-1,Talent Acquisition Coordinator 3 - Onboarding Center,Non-academic,Full-time,College of Medicine and Comprehensive Cancer Center,,,2026-09-11
1043,https://osu.wd1.myworkdayjobs.com/OSUCareers/job/Columbus-Campus/Project-Manager_R158938-2,Project Manager,Non-academic,Full-time,"Center for Civics, Culture, and Society",,,2026-09-11
1043,https://osu.wd1.myworkdayjobs.com/OSUCareers/job/Outpatient-CareAmbulatory/Retail-Pharmacist---Float_R158790-1,Retail Pharmacist - Float,Unclassified,Full-time,,,,2026-09-11
1043,https://osu.wd1.myworkdayjobs.com/OSUCareers/job/Columbus-Campus/Global-Education-Administrative-Senior-Coordinator_R158745-2,Global Education Administrative Senior Coordinator,Non-academic,Full-time,,,,2026-09-11
1043,https://osu.wd1.myworkdayjobs.com/OSUCareers/job/Columbus-Campus/Student-Assistant_R159011-1,Student Assistant R159011 1,Unclassified,Full-time,,,,
1043,https://osu.wd1.myworkdayjobs.com/OSUCareers/job/Columbus-Campus/Real-Estate-Senior-Consultant_R158910-1,Real Estate Senior Consultant R158910 1,Unclassified,Full-time,,,,
1043,https://osu.wd1.myworkdayjobs.com/OSUCareers/job/University-Hospital/Facilities-Mechanical-Steamfitter-Technician_R146877-1,Facilities Mechanical Steamfitter Technician,Non-academic,Full-time,,,,2026-09-11
1043,https://osu.wd1.myworkdayjobs.com/OSUCareers/job/Columbus-Campus/Facilities-Maintenance-Technician_R154570-1,Facilities Maintenance Technician,Non-academic,Full-time,,,,2026-09-11
1043,https://osu.wd1.myworkdayjobs.com/OSUCareers/job/University-Hospital/Facilities-Maintenance-Technician_R157406-1,Facilities Maintenance Technician,Non-academic,Full-time,,,,2026-09-11
1043,https://osu.wd1.myworkdayjobs.com/OSUCareers/job/College-of-MedicineOffice-of-Health-Sciences/Psychologist---Department-of-Psychiatry---Behavioral-Health--Sport-Psychologist--Open-Rank-Track-Faculty-_R117273-1,"Psychologist - Department of Psychiatry & Behavioral Health, Sport Psychologist (Open Rank/Track Faculty)",Assistant_Professor; Associate_Professor; Full_Professor; Research_Fellow,Full-time,"Department of Psychiatry & Behavioral Health, Sport Psychologist",,,2026-09-11
1043,https://osu.wd1.myworkdayjobs.com/OSUCareers/job/Columbus-Campus/Security-Officer-FOP_R150244-1,Security Officer FOP R150244 1,Unclassified,Full-time,,,,
1043,https://osu.wd1.myworkdayjobs.com/OSUCareers/job/Columbus-Campus/Lecturer--Semester-_R159109-1,Lecturer Semester R159109 1,Lecturer,Full-time,,,,
1043,https://osu.wd1.myworkdayjobs.com/OSUCareers/job/Columbus-Campus/Veterinary-Customer-Services-Representative-3_R158978-1,Veterinary Customer Services Representative 3,Unclassified,Full-time,,,,2026-09-11
1043,https://osu.wd1.myworkdayjobs.com/OSUCareers/job/Columbus-Campus/Doctor-of-Nursing-Practice-and-Master-of-Healthcare-Innovation-Faculty-College-of-Nursing_R158570-2,Doctor of Nursing Practice and Master of Healthcare Innovation Faculty College of Nursing,Unclassified,Full-time,College of Nursing,Nursing Practice and Master of Healthcare Innovation Faculty College of Nursing; Doctor of Nursing Practice,,2026-09-11
1043,https://osu.wd1.myworkdayjobs.com/OSUCareers/job/Columbus-Campus/Senior-Security-Analyst_R159041-2,Senior Security Analyst,Non-academic,Full-time,,,,2026-09-11
1043,https://osu.wd1.myworkdayjobs.com/OSUCareers/job/Ross-Heart-Hospital/Administrative-Assistant-2---Ross-Heart-Hospital_R158841-1,Administrative Assistant 2 | Ross Heart Hospital,Non-academic,Full-time,,,,2026-09-11
1043,https://osu.wd1.myworkdayjobs.com/OSUCareers/job/Columbus-Campus/Line-Cook_R155770-1,Line Cook R155770 1,Unclassified,Full-time,,,,
1043,https://osu.wd1.myworkdayjobs.com/OSUCareers/job/Columbus-Campus/Desktop---Education-Support-Specialist_R158211-1,Desktop & Education Support Specialist,Assistant_Professor; Associate_Professor; Full_Professor,Full-time,,,,2026-09-11
1043,https://osu.wd1.myworkdayjobs.com/OSUCareers/job/Columbus-Campus/Senior-Master-Schedule-and-Records-Coordinator_R159020-1,Senior Master Schedule and Records Coordinator R159020 1,Non-academic,Full-time,,,,
1043,https://osu.wd1.myworkdayjobs.com/OSUCareers/job/Columbus-Campus/Post-Doctoral-Scholar_R158757-2,Post Doctoral Scholar,Research_Fellow,Full-time,College of Public Health and the Center for Tobacco Research,operating liquid chromatography tandem mass; quality control monitoring procedures,,2026-09-11
1043,https://osu.wd1.myworkdayjobs.com/OSUCareers/job/Columbus-Campus/Clinical-Assistant-Professor-of-Practice_R159027-1,Clinical Assistant Professor of Practice,Assistant_Professor,Part-time,College of Dentistry,Practice; dental materials science; maxillofacial pathology,,2026-09-11
1043,https://osu.wd1.myworkdayjobs.com/OSUCareers/job/Outpatient-CareAmbulatory/Phlebotomist---Outpatient_R158594,Phlebotomist - Outpatient,Unclassified,Full-time,,,,2026-09-11
1043,https://osu.wd1.myworkdayjobs.com/OSUCareers/job/Outpatient-CareAmbulatory/Phlebotomist---Outpatient_R159031-1,Phlebotomist - Outpatient,Unclassified,Full-time,,,,2026-09-11
1043,https://osu.wd1.myworkdayjobs.com/OSUCareers/job/Columbus-Campus/Competitive-Intelligence-Consultant_R143586-2,Competitive Intelligence Consultant,Non-academic,Full-time,College of the Arts and Sciences Office of Industry Partnerships and Research Collaborations,,,2026-09-11
1043,https://osu.wd1.myworkdayjobs.com/OSUCareers/job/Outpatient-CareAmbulatory/Custodial-Worker-2_R158929-1,Custodial Worker 2,Unclassified,Full-time,,,,2026-09-11
1043,https://osu.wd1.myworkdayjobs.com/OSUCareers/job/Outpatient-CareAmbulatory/Student-Intern--Imaging-Services_R158817-1,Student Intern Imaging Services R158817 1,Unclassified,Full-time,,,,
1043,https://osu.wd1.myworkdayjobs.com/OSUCareers/job/University-Hospital/Student-Assistant---Imaging_R158678-1,Student Assistant Imaging R158678 1,Unclassified,Full-time,,,,
1043,https://osu.wd1.myworkdayjobs.com/OSUCareers/job/Columbus-Campus/Research-Technician-2_R130837-1,Research Technician 2,Non-academic,Full-time,"College of Arts and Sciences, seeks a Research Technician to join our team",STEM areas,,2026-09-11
1043,https://osu.wd1.myworkdayjobs.com/OSUCareers/job/Columbus-Campus/Research-Senior-Technician_R107422,Research Senior Technician,Non-academic,Full-time,"College of Arts and Sciences, seeks a Research Senior Technician to join our team",,,2026-09-11
1043,https://osu.wd1.myworkdayjobs.com/OSUCareers/job/Columbus-Campus/Education-Program-Specialist_R159048-1,Education Program Specialist R159048 1,Non-academic,Full-time,,,,
1043,https://osu.wd1.myworkdayjobs.com/OSUCareers/job/College-of-MedicineOffice-of-Health-Sciences/Post-Doctoral-Scholar--Clinical-Psychology----Comprehensive-Cancer-Center_R158952-1,"Post Doctoral Scholar, Clinical Psychology -  Comprehensive Cancer Center",Research_Fellow,Full-time,,,,2026-09-10
1043,https://osu.wd1.myworkdayjobs.com/OSUCareers/job/Columbus-Campus/Business-Operations-Manager_R158779-1,Business Operations Manager,Non-academic,Full-time,College of Arts and Sciences is the academic heart of the university,,,2026-09-10
1043,https://osu.wd1.myworkdayjobs.com/OSUCareers/job/College-of-MedicineOffice-of-Health-Sciences/Student-Operations-Associate---Office-of-the-Dean_R156959,Student Operations Associate - Office of the Dean,Non-academic,Part-time,College of Medicine,,,2026-09-10
1043,https://osu.wd1.myworkdayjobs.com/OSUCareers/job/James-Cancer-Hospital-and-Solove-Research-Institute/Research-Aide-and-Interviewer--Otolaryngology_R159001-1,Research Aide and Interviewer Otolaryngology R159001 1,Unclassified,Full-time,,,,
1043,https://osu.wd1.myworkdayjobs.com/OSUCareers/job/James-Cancer-Hospital-and-Solove-Research-Institute/Staff-Nurse-B--RN--Immediate-Care-Center_R158701-1,Staff Nurse-B (RN) Immediate Care Center,Unclassified,Full-time,,,,2026-09-10
1043,https://osu.wd1.myworkdayjobs.com/OSUCareers/job/OSU-Health-Plan/Post-Doctoral-Scholar-General-Internal-Medicine_R158521-1,Post Doctoral Scholar-General Internal Medicine,Research_Fellow,Full-time,,,,2026-09-10
1043,https://osu.wd1.myworkdayjobs.com/OSUCareers/job/Columbus-Campus/Financial-Operations-Coordinator-Center-for-Clinical-Research-Management_R158686-1,Financial Operations Coordinator Center for Clinical Research Management R158686 1,Non-academic,Full-time,,,,
1043,https://osu.wd1.myworkdayjobs.com/OSUCareers/job/Columbus-Campus/Administrative-Assistant-Hematology_R158486-1,Administrative Assistant Hematology R158486 1,Unclassified,Full-time,,,,
1043,https://osu.wd1.myworkdayjobs.com/OSUCareers/job/Columbus-Campus/Research-Senior-Technician-Medical-Oncology_R158849-1,Research Senior Technician Medical Oncology R158849 1,Non-academic,Full-time,,,,
1043,https://osu.wd1.myworkdayjobs.com/OSUCareers/job/University-Hospital/Pharmacy-Technician---Medication-Assistance-Program_R155105-1,Pharmacy Technician - Medication Assistance Program,Non-academic,Full-time,,,,2026-09-10
1043,https://osu.wd1.myworkdayjobs.com/OSUCareers/job/College-of-MedicineOffice-of-Health-Sciences/Researcher-1-Comprehensive-Cancer-Center_R158851-1,Researcher 1-Comprehensive Cancer Center,Assistant_Professor; Associate_Professor; Full_Professor,Full-time,Center for Antibody Therapeutics,,,2026-09-10
1043,https://osu.wd1.myworkdayjobs.com/OSUCareers/job/College-of-MedicineOffice-of-Health-Sciences/Research-Administration-Management-Analyst---Comprehensive-Cancer-Center_R159000-1,Research Administration Management Analyst - Comprehensive Cancer Center,Non-academic,Full-time,Center for Cancer Prevention and Survivorship,Survivorship,,2026-09-10
1043,https://osu.wd1.myworkdayjobs.com/OSUCareers/job/College-of-MedicineOffice-of-Health-Sciences/Clinical-Research-Coordinator---Comprehensive-Cancer-Center_R158997-1,Clinical Research Coordinator - Comprehensive Cancer Center,Non-academic,Full-time,,,,2026-09-10
1043,https://osu.wd1.myworkdayjobs.com/OSUCareers/job/College-of-MedicineOffice-of-Health-Sciences/Research-Professor_R158721,Research Professor,Full_Professor,Part-time,,,,2026-09-10
1043,https://osu.wd1.myworkdayjobs.com/OSUCareers/job/College-of-MedicineOffice-of-Health-Sciences/Post-Doctoral-Scholar---Surgery_R158301-2,Post Doctoral Scholar Surgery R158301 2,Research_Fellow,Full-time,,,,
1043,https://osu.wd1.myworkdayjobs.com/OSUCareers/job/James-Cancer-Hospital-and-Solove-Research-Institute/Senior-Pharmacy-Technician--CPhT----TOC_R157114-1,Senior Pharmacy Technician (CPhT) - TOC,Non-academic,Full-time,,,,2026-09-10
1043,https://osu.wd1.myworkdayjobs.com/OSUCareers/job/Columbus-Campus/Clinical-Research-Coordinator--Pulmonary-Critical-Care-and-Sleep_R152253-1,Clinical Research Coordinator- Pulmonary Critical Care and Sleep,Non-academic,Full-time,College of Medicine,accordance,,2026-09-10
1043,https://osu.wd1.myworkdayjobs.com/OSUCareers/job/East-Hospital/Medical-Laboratory-Scientist---East_R153327-1,Medical Laboratory Scientist - East,Non-academic,Full-time,,,,2026-09-10
1043,https://osu.wd1.myworkdayjobs.com/OSUCareers/job/College-of-MedicineOffice-of-Health-Sciences/Office-Associate--Gastroenterology-Hepatology-and-Nutrition_R158844-1,Office Associate Gastroenterology Hepatology and Nutrition R158844 1,Unclassified,Full-time,,,,
1043,https://osu.wd1.myworkdayjobs.com/OSUCareers/job/Columbus-Campus/Open-Rank-Professor-of-AI-in-Marketing-and-Logistics_R158775-1,Open Rank Professor of AI in Marketing and Logistics,Full_Professor,Full-time,College of Business,AI in Marketing and Logistics; quantitative marketing; consumer behavior,10/9/2026,2026-09-09
1043,https://osu.wd1.myworkdayjobs.com/OSUCareers/job/Columbus-Campus/Lead-Research-Coordinator_R158585-1,Lead Research Coordinator,Non-academic,Full-time,,,,2026-09-09
1043,https://osu.wd1.myworkdayjobs.com/OSUCareers/job/Outpatient-CareAmbulatory/Pharmacy-Technician-2--CPhT----Infusion_R156902-1,Pharmacy Technician (CPhT) - Infusion,Non-academic,Full-time,,,,2026-09-09
1043,https://osu.wd1.myworkdayjobs.com/OSUCareers/job/Columbus-Campus/Research-Senior-Technician_R158676-1,Research Senior Technician R158676 1,Non-academic,Full-time,,,,
1043,https://osu.wd1.myworkdayjobs.com/OSUCareers/job/East-Hospital/Food-Services-Management-Coordinator-2_R158260-2,Food Services Management Coordinator 2,Non-academic,Full-time,,,,2026-09-09
1043,https://osu.wd1.myworkdayjobs.com/OSUCareers/job/Columbus-Campus/Director-of-Nursing-Practice-and-Continuing-Education_R158503-1,Director of Nursing Practice and Continuing Education R158503 1,Unclassified,Full-time,,Nursing Practice and Continuing Education R158503 1,,
1043,https://osu.wd1.myworkdayjobs.com/OSUCareers/job/College-of-MedicineOffice-of-Health-Sciences/Project-Manager-Medical-Oncology_R154560-1,Project Manager-Medical Oncology,Non-academic,Full-time,,,,2026-09-09
1043,https://osu.wd1.myworkdayjobs.com/OSUCareers/job/Columbus-Campus/Customer-Service-Representative_R158470-2,Customer Service Representative R158470 2,Unclassified,Full-time,,,,
1043,https://osu.wd1.myworkdayjobs.com/OSUCareers/job/Columbus-Campus/Director-of-Development--College-Of-Engineering_R142544-1,"Director of Development, College Of Engineering",Non-academic,Full-time,College Of Engineering,"Development, College Of Engineering",,2026-09-09
1043,https://osu.wd1.myworkdayjobs.com/OSUCareers/job/Columbus-Campus/Post-Doc-Scholar_R158950-1,Post Doc Scholar R158950 1,Research_Fellow,Full-time,,,,
1043,https://osu.wd1.myworkdayjobs.com/OSUCareers/job/Columbus-Campus/Business-Operations-Analyst---Ohio-Woodland-Stewart--OWS-_R158838-1,Business Operations Analyst - Ohio Woodland Stewart (OWS),Non-academic,Part-time,,Workday Requisitions; Spend Authorizations,,2026-09-09
1043,https://osu.wd1.myworkdayjobs.com/OSUCareers/job/Extension-County-Offices/Extension-Educator--4-H-Youth-Development---Highland-County_R158969,"Extension Educator, 4-H Youth Development - Highland County",Unclassified,Full-time,,,,2026-09-09
1043,https://osu.wd1.myworkdayjobs.com/OSUCareers/job/Harding-Hospital/Psychiatric-Care-Technician_R158669-1,Psychiatric Care Technician R158669 1,Non-academic,Full-time,,,,
1043,https://osu.wd1.myworkdayjobs.com/OSUCareers/job/Harding-Hospital/Psychiatric-Care-Technician---Harding---Adult-Inpatient_R158652-1,Psychiatric Care Technician Harding Adult Inpatient R158652 1,Non-academic,Full-time,,,,
1043,https://osu.wd1.myworkdayjobs.com/OSUCareers/job/Outpatient-CareAmbulatory/Phlebotomist---Outpatient_R153814-1,Phlebotomist - Outpatient,Non-academic,Full-time,,,,2026-09-18
1043,https://osu.wd1.myworkdayjobs.com/OSUCareers/job/University-Hospital/Clinical-Laboratory-Manager_R73717-1,Assistant/Associate Director - Histocompatibility Laboratory,Non-academic,Full-time,,,,2026-09-09
1043,https://osu.wd1.myworkdayjobs.com/OSUCareers/job/Harding-Hospital/Staff-Nurse--RN----Adult-Inpatient-Psychiatry---Night-Shift_R158208-1,Staff Nurse RN Adult Inpatient Psychiatry Night Shift R158208 1,Unclassified,Full-time,,,,
1043,https://osu.wd1.myworkdayjobs.com/OSUCareers/job/Remote-Location/Lecturer_R158895-1,Lecturer,Lecturer,Part-time,College of Engineering Position Overview Professional and Distance Education Programs,human systems integration; operations research,,2026-09-09
1043,https://osu.wd1.myworkdayjobs.com/OSUCareers/job/College-of-MedicineOffice-of-Health-Sciences/Research-Senior-Associate----Surgery-Critical-Care--Trauma-and-Burn_R157911-1,Research Senior Associate Surgery Critical Care Trauma and Burn R157911 1,Unclassified,Full-time,,,,
1043,https://osu.wd1.myworkdayjobs.com/OSUCareers/job/East-Hospital/Advanced-Practice-Provider--NP-PA---Plastic-Surgery_R158358-1,Advanced Practice Provider NP PA Plastic Surgery R158358 1,Unclassified,Full-time,,,,
1043,https://osu.wd1.myworkdayjobs.com/OSUCareers/job/Columbus-Campus/Professor-of-Medicinal-Chemistry-and-Pharmacognosy_R158724-1,Professor of Medicinal Chemistry and Pharmacognosy,Full_Professor,Full-time,College of Pharmacy invites applications for a tenure track faculty position,Medicinal Chemistry and Pharmacognosy; division includes: The identification of; drug discovery,11/01/2026,2026-09-09
1043,https://osu.wd1.myworkdayjobs.com/OSUCareers/job/Health-System-Shared-Services/Budgeting-Analyst_R156365-1,Budgeting Analyst,Non-academic,Full-time,,,,2026-09-09
1043,https://osu.wd1.myworkdayjobs.com/OSUCareers/job/Columbus-Campus/Junior-Security-Officer_R158766-1,Junior Security Officer,Unclassified,Part-time,,,,2026-09-09
1043,https://osu.wd1.myworkdayjobs.com/OSUCareers/job/East-Hospital/Registration-Coordinator---2nd-Shift_R154490,Registration Coordinator - 3rd Shift,Non-academic,Full-time,,,,2026-09-09
1043,https://osu.wd1.myworkdayjobs.com/OSUCareers/job/James-Cancer-Hospital-and-Solove-Research-Institute/Prosthesis-Services-Lead_R155587-2,Prosthesis Services Lead,Non-academic,Part-time,,,,2026-09-09
1043,https://osu.wd1.myworkdayjobs.com/OSUCareers/job/Columbus-Campus/Assistant-Coach--Artistic-Swimming_R158599,"Assistant Coach, Artistic Swimming",Unclassified,Part-time,,,,2026-09-09
1043,https://osu.wd1.myworkdayjobs.com/OSUCareers/job/Columbus-Campus/Instructional-Aid-Senior-Coordinator_R158295-2,Instructional Aid Senior Coordinator R158295 2,Non-academic,Full-time,,,,
1043,https://osu.wd1.myworkdayjobs.com/OSUCareers/job/Columbus-Campus/Project-Manager_R158789-1,Project Manager,Non-academic,Full-time,,,,2026-09-09
1043,https://osu.wd1.myworkdayjobs.com/OSUCareers/job/Extension-County-Offices/Extension-Educators-Coordinator-3--4-H-Youth-Development---Medina-County_R158795-1,"Extension Educators Coordinator 3, 4-H Youth Development - Medina County",Non-academic,Full-time,,,,2026-09-08
1043,https://osu.wd1.myworkdayjobs.com/OSUCareers/job/Dodd-Rehabilitation-Hospital/Assistant-Nurse-Manager---Neuro--PCU--HS-_R156296-1,"Assistant Nurse Manager - Neuro, PCU (HS)",Non-academic,Full-time,,,,2026-09-08
1043,https://osu.wd1.myworkdayjobs.com/OSUCareers/job/University-Hospital/Nursing-Program-Coordinator---Emergency-Services-Quality---Safety_R158045-1,Nursing Program Coordinator Emergency Services Quality Safety R158045 1,Non-academic,Full-time,,,,
1043,https://osu.wd1.myworkdayjobs.com/OSUCareers/job/Columbus-Campus/Early-Childhood-Senior-Educator_R139506-1,Early Childhood Senior Educator R139506 1,Unclassified,Full-time,,,,
1043,https://osu.wd1.myworkdayjobs.com/OSUCareers/job/Columbus-Campus/Senior-Associate--Game-Watch---Athletics_R154587-1,"Senior Associate, Game Watch & Athletics",Unclassified,Full-time,,,,2026-09-16
1043,https://osu.wd1.myworkdayjobs.com/OSUCareers/job/Columbus-Campus/Piano-Accompanist---Musical-Theatre_R158646-1,Piano Accompanist - Musical Theatre,Unclassified,Part-time,"Department of Theatre, Film, and Media Arts",,,2026-09-08
1043,https://osu.wd1.myworkdayjobs.com/OSUCareers/job/Columbus-Campus/Piano-Accompanist---Musical-Theatre_R158645,Piano Accompanist - Musical Theatre,Unclassified,Part-time,,,,2026-09-08
1043,https://osu.wd1.myworkdayjobs.com/OSUCareers/job/Columbus-Campus/Patient-Revenue-Cycle-Senior-Coordinator_R155418-1,Dental Front Office Coordinator,Non-academic,Full-time,College of Dentistry,,,2026-09-08
1043,https://osu.wd1.myworkdayjobs.com/OSUCareers/job/Columbus-Campus/Visiting-Assistant-Professor_R158884-1,Visiting Assistant Professor,Assistant_Professor,Full-time,School of Architecture Administration Howard E,experimental forms of architectural; rigorous,"November 1, 2026",2026-09-08
1043,https://osu.wd1.myworkdayjobs.com/OSUCareers/job/Columbus-Campus/Clinical-Research-Assistant-2-Hematology_R156246-1,Clinical Research Assistant 2 Hematology R156246 1,Non-academic,Full-time,,,,
1043,https://osu.wd1.myworkdayjobs.com/OSUCareers/job/University-Hospital/Facilities-Contracts-Specialist_R156254,Facilities Contracts Specialist,Non-academic,Full-time,,,,2026-09-08
1043,https://osu.wd1.myworkdayjobs.com/OSUCareers/job/Columbus-Campus/Civil-Rights-Investigator_R158726-1,Civil Rights Investigator,Unclassified,Full-time,,,,2026-09-08
1043,https://osu.wd1.myworkdayjobs.com/OSUCareers/job/Health-System-Shared-Services/Executive-Assistant---Quality---Operations_R137356-1,Executive Assistant | Quality & Operations,Assistant_Professor; Associate_Professor; Full_Professor,Full-time,Center of Excellence,,,2026-09-08
1043,https://osu.wd1.myworkdayjobs.com/OSUCareers/job/Columbus-Campus/Assistant-Teacher-2_R158705,Assistant Teacher 2,Unclassified,Full-time,,CACFP meal counting,,2026-09-08
1043,https://osu.wd1.myworkdayjobs.com/OSUCareers/job/Columbus-Campus/Assistant-Teacher-2_R158761-1,Assistant Teacher 2,Unclassified,Full-time,,CACFP meal counting,,2026-09-08
1043,https://osu.wd1.myworkdayjobs.com/OSUCareers/job/College-of-MedicineOffice-of-Health-Sciences/Researcher-2--Neurology_R158490,Researcher 2 Neurology,Unclassified,Full-time,,,,
1043,https://osu.wd1.myworkdayjobs.com/OSUCareers/job/Columbus-Campus/Research-Technician_R158717-1,Research Technician R158717 1,Non-academic,Full-time,,,,
1043,https://osu.wd1.myworkdayjobs.com/OSUCareers/job/University-Hospital/Clinic-Nurse--RN---Transplant-Center_R156796-1,Clinic Nurse (RN)- Transplant Center,Unclassified,Full-time,,,,2026-09-08
1043,https://osu.wd1.myworkdayjobs.com/OSUCareers/job/College-of-MedicineOffice-of-Health-Sciences/Administrative-Assistant-II--Cardiovascular-Medicine_R154804,Administrative Assistant II Cardiovascular Medicine,Unclassified,Full-time,,,,
1043,https://osu.wd1.myworkdayjobs.com/OSUCareers/job/Outpatient-CareAmbulatory/Registration-Coordinator_R154787,Registration Coordinator,Non-academic,Full-time,,,,
1043,https://osu.wd1.myworkdayjobs.com/OSUCareers/job/University-Hospital/Capacity-Management-Specialist-RN_R158149-1,Capacity Management Specialist RN,Non-academic,Full-time,,,,2026-09-08
1043,https://osu.wd1.myworkdayjobs.com/OSUCareers/job/University-Hospital/Facilities-Mechanical-Plumbing-Technician_R146028-1,Facilities Mechanical Plumbing Technician,Non-academic,Full-time,,,,2026-09-08
1043,https://osu.wd1.myworkdayjobs.com/OSUCareers/job/Columbus-Campus/Research-Senior-Associate---Comprehensive-Cancer-Center_R157965-1,Research Senior Associate Comprehensive Cancer Center R157965 1,Unclassified,Full-time,,,,
1043,https://osu.wd1.myworkdayjobs.com/OSUCareers/job/Ross-Heart-Hospital/Staff-Nurse---Cardiac-and-Vascular-Surgery_R158618-1,Staff Nurse - Cardiac and Vascular Surgery,Unclassified,Full-time,,,,2026-09-08
1043,https://osu.wd1.myworkdayjobs.com/OSUCareers/job/Outpatient-CareAmbulatory/Post-Doctoral-Scholar---Health-and-Rehab-Sciences_R157681-1,Post Doctoral Scholar Health and Rehab Sciences R157681 1,Research_Fellow,Full-time,,,,
1043,https://osu.wd1.myworkdayjobs.com/OSUCareers/job/James-Cancer-Hospital-and-Solove-Research-Institute/Associate-Director-of-Finance---Pharmacy_R153771-1,Associate Director of Finance - Pharmacy,Non-academic,Full-time,,Finance,,2026-09-08
1043,https://osu.wd1.myworkdayjobs.com/OSUCareers/job/Columbus-Campus/Program-Manager_R158650-1,Program Manager,Non-academic,Full-time,College of Dentistry is seeking a Program Manager in the Pediatric Dentistry Division,,,2026-09-08
1043,https://osu.wd1.myworkdayjobs.com/OSUCareers/job/Columbus-Campus/Community-Outreach-Representative_R158343,Community Outreach Representative,Unclassified,Full-time,,,,
1043,https://osu.wd1.myworkdayjobs.com/OSUCareers/job/Columbus-Campus/Post-Doctoral-Scholar_R156294-1,Post Doctoral Scholar,Research_Fellow,Full-time,College of Arts and Sciences seeks two Post Doctoral Scholars to join our team,,,2026-09-08
1043,https://osu.wd1.myworkdayjobs.com/OSUCareers/job/Columbus-Campus/Continuing-Education-Specialist-2--Pesticide-Safety-Education-Program_R158776,"Continuing Education Specialist 2, Pesticide Safety Education Program",Non-academic,Full-time,,selected programs,,2026-09-08
1043,https://osu.wd1.myworkdayjobs.com/OSUCareers/job/College-of-MedicineOffice-of-Health-Sciences/Clinical-Research-Coordinator_R157669-1,Clinical Research Coordinator - Psychiatry,Non-academic,Full-time,"Institute of Brain, Behavior and Immunology",accordance,,2026-09-15
1043,https://osu.wd1.myworkdayjobs.com/OSUCareers/job/College-of-MedicineOffice-of-Health-Sciences/Research-Scientist_R159036-1,Research Scientist - Davis Heart and Lung Institute,Research_Fellow,Full-time,,cardiovascular,,2026-09-15
1043,https://osu.wd1.myworkdayjobs.com/OSUCareers/job/College-of-MedicineOffice-of-Health-Sciences/Physician---PCC--Sleep-Medicine--Open-Rank-Track-Faculty-_R140075-1,"Physician - PCC, Sleep Medicine (Open Rank/Track Faculty)",Assistant_Professor; Associate_Professor; Full_Professor; Research_Fellow,Full-time,"Division of Pulmonology, Critical Care, and Sleep, led by Division Director Dr",,,2026-09-15
1043,https://osu.wd1.myworkdayjobs.com/OSUCareers/job/College-of-MedicineOffice-of-Health-Sciences/QGenda-Scheduling-Analyst---Radiology_R158480-1,QGenda Scheduling Analyst - Radiology,Non-academic,Full-time,,,,2026-09-15
1043,https://osu.wd1.myworkdayjobs.com/OSUCareers/job/James-Cancer-Hospital-and-Solove-Research-Institute/Care-Management-RN---Oncology-Outpatient_R155366-1,Care Management RN - Oncology Outpatient,Non-academic,Full-time,,,,2026-09-15
1043,https://osu.wd1.myworkdayjobs.com/OSUCareers/job/East-Hospital/Nurse-Manager-Emergecny-Department---East-Hospital_R158821-1,Nurse Manager Emergency Department - East Hospital,Non-academic,Full-time,,,,2026-09-15
1043,https://osu.wd1.myworkdayjobs.com/OSUCareers/job/East-Hospital/Nutrition-Aide_R158258,Nutrition Aide,Unclassified,Part-time,,,,2026-09-15
1043,https://osu.wd1.myworkdayjobs.com/OSUCareers/job/East-Hospital/Nutrition-Aide_R158248-1,Nutrition Aide,Unclassified,Full-time,,,,2026-09-15
1043,https://osu.wd1.myworkdayjobs.com/OSUCareers/job/Columbus-Campus/Research-Development-Partnerships-Senior-Analyst_R158751-2,Research Development Partnerships Senior Analyst,Non-academic,Full-time,,Science Foundation,,2026-09-15
1043,https://osu.wd1.myworkdayjobs.com/OSUCareers/job/James-Cancer-Hospital-and-Solove-Research-Institute/Care-Management-Specialist-2_R153112-1,Care Management RN - Oncology,Non-academic,Full-time,,,,2026-09-15
1043,https://osu.wd1.myworkdayjobs.com/OSUCareers/job/James-Cancer-Hospital-and-Solove-Research-Institute/Care-Management-RN---Oncology_R154109-1,Care Management RN - Oncology,Non-academic,Full-time,,,,2026-09-15
1043,https://osu.wd1.myworkdayjobs.com/OSUCareers/job/University-Hospital/Supervisor--Patient-Transportation_R148014,"Supervisor, Patient Transportation",Unclassified,Full-time,,,,2026-09-15
1043,https://osu.wd1.myworkdayjobs.com/OSUCareers/job/Health-System-Shared-Services/Intern---Strategy---Transformation_R158706-2,Student Intern - Strategy & Transformation,Unclassified,Part-time,,,,2026-09-15
1043,https://osu.wd1.myworkdayjobs.com/OSUCareers/job/University-Hospital/Dialysis--IRP-Inpatient-RN-2_R158893-1,Dialysis- IRP Inpatient RN 2,Unclassified,Part-time,,,,2026-09-15
1043,https://osu.wd1.myworkdayjobs.com/OSUCareers/job/Columbus-Campus/Senior-Event-Planning-Coordinator_R159171-1,Senior Event Planning Coordinator,Non-academic,Full-time,,,,2026-09-15
1043,https://osu.wd1.myworkdayjobs.com/OSUCareers/job/Columbus-Campus/Manager--Academic-Advising_R157563-1,"Manager, Academic Advising",Non-academic,Full-time,Department of Computer Science and Engineering in the College of Engineering,,,2026-09-15
1043,https://osu.wd1.myworkdayjobs.com/OSUCareers/job/Columbus-Campus/Psychotherapist---Sports-Medicine_R159062-1,Psychotherapist - Sports Medicine,Unclassified,Full-time,,,,2026-09-15
1043,https://osu.wd1.myworkdayjobs.com/OSUCareers/job/James-Cancer-Hospital-and-Solove-Research-Institute/Retail-Pharmacist_R157640-1,Retail Pharmacist R157640 1,Unclassified,Full-time,,,,
1043,https://osu.wd1.myworkdayjobs.com/OSUCareers/job/Outpatient-CareAmbulatory/Retail-Pharmacist---Float_R157916,Retail Pharmacist - Float,Unclassified,Full-time,,,,2026-09-15
1043,https://osu.wd1.myworkdayjobs.com/OSUCareers/job/Dodd-Rehabilitation-Hospital/Research-Associate_R158855-1,Researcher 1 - Physical Medicine & Rehabilitation,Unclassified,Full-time,Department of Physical Medicine & Rehabilitation,,,2026-09-15
1043,https://osu.wd1.myworkdayjobs.com/OSUCareers/job/Research-Stations-Ag-Operations/Facilities---Maintenance-Lead_R157187-1,Facilities & Maintenance Lead,Non-academic,Full-time,,Gibraltar,,2026-09-15
1043,https://osu.wd1.myworkdayjobs.com/OSUCareers/job/University-Hospital/Advanced-Practice-Provider--NP-PA---Ambulatory-Neurosurgery_R159167-1,Advanced Practice Provider (NP/PA)- Ambulatory Neurosurgery,Unclassified,Full-time,,,,2026-09-15
1043,https://osu.wd1.myworkdayjobs.com/OSUCareers/job/Research-Stations-Ag-Operations/Research-Farm-Assistant_R153919-2,Research Farm Assistant,Non-academic,Full-time,,,,2026-09-18
1043,https://osu.wd1.myworkdayjobs.com/OSUCareers/job/Remote-Location/Post-Doctoral-Researcher_R159037-2,Post Doctoral Researcher,Research_Fellow,Full-time,,,,2026-09-18
1043,https://osu.wd1.myworkdayjobs.com/OSUCareers/job/College-of-MedicineOffice-of-Health-Sciences/Administrative-Assistant-2-Cardiovascular-Medicine_R158927-2,Administrative Assistant 2-Cardiovascular Medicine,Unclassified,Full-time,Division of Cardiovascular Medicine within the Department of Internal Medicine,,,2026-09-14
1043,https://osu.wd1.myworkdayjobs.com/OSUCareers/job/Columbus-Campus/Administrative-Assistant_R158528-1,Administrative Assistant,Non-academic,Full-time,,,,2026-09-14
1043,https://osu.wd1.myworkdayjobs.com/OSUCareers/job/East-Hospital/Unit-Clerical-Associate---General---Vascular-Surgery---East-Hospital_R158986-2,Unit Clerical Associate General Vascular Surgery East Hospital R158986 2,Unclassified,Full-time,,,,
1043,https://osu.wd1.myworkdayjobs.com/OSUCareers/job/Outpatient-CareAmbulatory/Business-Operations-Manager_R153184-1,Business Operations Manager R153184 1,Non-academic,Full-time,,,,
1043,https://osu.wd1.myworkdayjobs.com/OSUCareers/job/East-Hospital/Pharmacy-Technician-Apprentice---Inpatient_R158680-1,Pharmacy Technician Apprentice - Inpatient,Non-academic,Part-time,,,,2026-09-14
1043,https://osu.wd1.myworkdayjobs.com/OSUCareers/job/Columbus-Campus/Carter-Phillips-and-Sue-Henry-Endowed-Position-in-Law-and-Courts_R159151-1,Carter Phillips and Sue Henry Endowed Position in Law and Courts,Associate_Professor,Full-time,Department of Political Science,Law and Courts,,2026-09-14
1043,https://osu.wd1.myworkdayjobs.com/OSUCareers/job/Columbus-Campus/Assistant-Associate-Professor-AI-in-Speech-Language-Pathology-and-Audiology_R159195-1,Assistant/Associate/Professor AI in Speech-Language Pathology and Audiology,Full_Professor,Full-time,Department of Speech and Hearing Science in the College of Arts and Sciences,Speech-Language Pathology and Audiology; hearing sciences; disorders; basic speech-language,"November 15, 2026",2026-09-14
1043,https://osu.wd1.myworkdayjobs.com/OSUCareers/job/Columbus-Campus/Assistant-Professor-of-Teaching_R159202-1,Assistant Professor of Teaching R159202 1,Assistant_Professor,Full-time,,Teaching R159202 1,,
1043,https://osu.wd1.myworkdayjobs.com/OSUCareers/job/Columbus-Campus/Assistant-Director--Student-Advocacy_R159080-1,"Assistant Director, Student Advocacy",Unclassified,Full-time,,,,2026-09-14
1043,https://osu.wd1.myworkdayjobs.com/OSUCareers/job/Wooster-Campus/Project-Communications-Specialist_R159164-1,Project Communications Specialist,Non-academic,Part-time,School of Environment and Natural Resources,,,2026-09-14
1043,https://osu.wd1.myworkdayjobs.com/OSUCareers/job/Columbus-Campus/Research-Technician-2_R159188-1,Research Technician 2,Non-academic,Full-time,,,,2026-09-14
1043,https://osu.wd1.myworkdayjobs.com/OSUCareers/job/Columbus-Campus/Research-Associate_R158939-1,Research Associate R158939 1,Research_Fellow,Full-time,,,,
1043,https://osu.wd1.myworkdayjobs.com/OSUCareers/job/Health-System-Shared-Services/Clinical-Applications-Analyst_R158250-2,Clinical Applications Analyst R158250 2,Non-academic,Full-time,,,,
1043,https://osu.wd1.myworkdayjobs.com/OSUCareers/job/Columbus-Campus/IT-Service-Support-Analyst-1_R158330-2,IT Service Support Analyst 1,Non-academic,Full-time,College of Engineering,,,2026-09-16
1043,https://osu.wd1.myworkdayjobs.com/OSUCareers/job/Columbus-Campus/Custodial-Worker-2_R159250-1,Custodial Worker 2,Unclassified,Full-time,,,,2026-09-16
1043,https://osu.wd1.myworkdayjobs.com/OSUCareers/job/Columbus-Campus/Veterinary-Customer-Services-Representative---2nd-Shift_R159146-1,Veterinary Customer Services Representative – 2nd Shift,Unclassified,Full-time,,,,2026-09-16
1043,https://osu.wd1.myworkdayjobs.com/OSUCareers/job/Columbus-Campus/Business-Systems-Analyst_R159008,Business Systems Analyst,Non-academic,Full-time,College of Dentistry,,,2026-09-16
1043,https://osu.wd1.myworkdayjobs.com/OSUCareers/job/Columbus-Campus/Arts-Engagement-Specialist_R158999,Arts Engagement Specialist,Non-academic,Part-time,"Center for the Arts, the City of Columbus Recreation and Parks, and the Priscilla R",,,2026-09-16
1043,https://osu.wd1.myworkdayjobs.com/OSUCareers/job/Columbus-Campus/Custodial-Worker-2_R159365-1,Custodial Worker 2,Unclassified,Full-time,,,,2026-09-16
1043,https://osu.wd1.myworkdayjobs.com/OSUCareers/job/East-Hospital/Registered-Nurse---Dialysis_R158892-1,Registered Nurse - Dialysis,Unclassified,Full-time,,,,2026-09-16
1043,https://osu.wd1.myworkdayjobs.com/OSUCareers/job/University-Hospital/Anesthesia-Technician---University-Hospital_R158835-1,Anesthesia Technician - University Hospital,Non-academic,Full-time,,,,2026-09-16
1043,https://osu.wd1.myworkdayjobs.com/OSUCareers/job/Columbus-Campus/Contracts-Administrator_R159065-1,Contracts Administrator,Non-academic,Full-time,,,,2026-09-16
1043,https://osu.wd1.myworkdayjobs.com/OSUCareers/job/Columbus-Campus/Athletic-Camps-Assistant_R155896-1,Athletic Camps Assistant,Unclassified,Part-time,Center for Tomorrow,,,2026-09-16
1043,https://osu.wd1.myworkdayjobs.com/OSUCareers/job/Research-Stations-Ag-Operations/Special-Event-Assistant-Farm-Science-Review_R159118,Special Event Assistant Farm Science Review,Unclassified,Part-time,,,,2026-09-18
1043,https://osu.wd1.myworkdayjobs.com/OSUCareers/job/Columbus-Campus/Assistant-Director--BuckeyeThon_R150032-1,"Assistant Director, BuckeyeThon",Unclassified,Full-time,,,,2026-09-16
1043,https://osu.wd1.myworkdayjobs.com/OSUCareers/job/Health-System-Shared-Services/Associate-Med-Ctr-Buyer_R158007-1,Associate Med Ctr Buyer R158007 1,Unclassified,Full-time,,,,
1043,https://osu.wd1.myworkdayjobs.com/OSUCareers/job/Health-System-Shared-Services/Marketing-Comm-Consultant_R158703-1,Marketing/Comm Consultant,Non-academic,Full-time,College of Medicine,,,2026-09-16
1043,https://osu.wd1.myworkdayjobs.com/OSUCareers/job/Remote-Location/Business-Operations-Analyst_R159248-1,Business Operations Analyst,Non-academic,Full-time,,,,2026-09-16
1043,https://osu.wd1.myworkdayjobs.com/OSUCareers/job/Columbus-Campus/Mosquito-Laboratory-and-Field-Technician_R159264-1,Mosquito Laboratory and Field Technician,Non-academic,Full-time,,,,2026-09-16
1043,https://osu.wd1.myworkdayjobs.com/OSUCareers/job/OSU-Health-Plan/Director--Wellness---Health-Coaching_R159049-1,"Director, Wellness & Health Coaching",Unclassified,Full-time,,,,2026-09-16
1043,https://osu.wd1.myworkdayjobs.com/OSUCareers/job/Outpatient-CareAmbulatory/Outpatient-Surgery-RN---OR--Contingent-IRP-_R156828-1,Outpatient Surgery RN - OR (Contingent/IRP),Unclassified,Part-time,school of registered nursing,,,2026-09-16
1043,https://osu.wd1.myworkdayjobs.com/OSUCareers/job/East-Hospital/Outpatient-Registered-Nurse-2--Behavioral-Health-Urgent-Care---Talbot_R148372-2,Outpatient Registered Nurse - Behavioral Health Urgent Care - Talbot,Unclassified,Full-time,,,,2026-09-16
1043,https://osu.wd1.myworkdayjobs.com/OSUCareers/job/Outpatient-CareAmbulatory/Outpatient-Surgery-RN---Endo_R153634-2,Outpatient Surgery RN - Endoscopy,Unclassified,Full-time,,,,2026-09-16
1043,https://osu.wd1.myworkdayjobs.com/OSUCareers/job/College-of-MedicineOffice-of-Health-Sciences/Research-Senior-Technician---Physiology---Cell-Biology_R159149-1,Research Senior Technician - Physiology & Cell Biology,Non-academic,Part-time,,requested topics; PCR reactions,,2026-09-16
1043,https://osu.wd1.myworkdayjobs.com/OSUCareers/job/James-Cancer-Hospital-and-Solove-Research-Institute/Pharmacy-Research-Technician-2---Investigational-Drug-Services_R142605-1,Research Pharmacy Technician (CPhT) - IDS,Non-academic,Full-time,,,,2026-09-16
1043,https://osu.wd1.myworkdayjobs.com/OSUCareers/job/Health-System-Shared-Services/Sr-Reimbursement-Analyst_R157881-2,Sr. Reimbursement Analyst,Non-academic,Full-time,,,,2026-09-16
1043,https://osu.wd1.myworkdayjobs.com/OSUCareers/job/University-Hospital/Advanced-Practice-Provider--NNP-PA----Neonatal-ICU---Contingent-IRP_R159174-1,Advanced Practice Provider (NNP/PA) - Neonatal ICU - Contingent/IRP,Unclassified,Part-time,,,,2026-09-16
1043,https://osu.wd1.myworkdayjobs.com/OSUCareers/job/James-Cancer-Hospital-and-Solove-Research-Institute/Pathologist-Assistant---Pathology---Days_R158792-1,Pathologist Assistant - Pathology - Days,Unclassified,Full-time,,,,2026-09-15
1043,https://osu.wd1.myworkdayjobs.com/OSUCareers/job/James-Cancer-Hospital-and-Solove-Research-Institute/Pathologist-Assistant---Pathology---Days_R158948-1,Pathologist Assistant - Pathology - Days,Unclassified,Full-time,,,,2026-09-15
1043,https://osu.wd1.myworkdayjobs.com/OSUCareers/job/Health-System-Shared-Services/Manager-1--IT-Service-Support_R153558-1,"Manager 1, IT Service Support",Non-academic,Full-time,,,,2026-09-15
1043,https://osu.wd1.myworkdayjobs.com/OSUCareers/job/Health-System-Shared-Services/Senior-Coordinator--Clinical-Quality-and-Patient-Safety_R158802-1,"Senior Coordinator, Clinical Quality and Patient Safety",Non-academic,Full-time,,,,2026-09-15
1043,https://osu.wd1.myworkdayjobs.com/OSUCareers/job/James-Cancer-Hospital-and-Solove-Research-Institute/Nursing-Program-Coordinator--RN---Ambulatory-Surgical-Unit--Oncology_R158550-1,Nursing Program Coordinator (RN) - Perioperative,Non-academic,Full-time,,,,2026-09-15
1043,https://osu.wd1.myworkdayjobs.com/OSUCareers/job/Columbus-Campus/BSPS-Recruitment-and-Engagement-Specialist_R159169-1,BSPS Recruitment and Engagement Specialist,Non-academic,Full-time,College of Pharmacy,,,2026-09-15
1043,https://osu.wd1.myworkdayjobs.com/OSUCareers/job/College-of-MedicineOffice-of-Health-Sciences/Clinical-Research-Assistant-Hematalogy_R158985-1,Clinical Research Assistant-Hematalogy,Non-academic,Full-time,College of Medicine,,,2026-09-15
1043,https://osu.wd1.myworkdayjobs.com/OSUCareers/job/Columbus-Campus/IT-Service-Support-Analyst-2_R148379-1,IT Service Support Analyst 2,Non-academic,Full-time,,,,2026-09-15
1043,https://osu.wd1.myworkdayjobs.com/OSUCareers/job/University-Hospital/Financial-Operations-Specialist_R158839-1,Financial Operations Specialist,Non-academic,Full-time,,,,2026-09-15
1043,https://osu.wd1.myworkdayjobs.com/OSUCareers/job/Columbus-Campus/Research-Senior-Technician_R159274-1,Research Senior Technician,Non-academic,Full-time,Department of Mechanical and Aerospace Engineering is seeking a Research Senior Technician,,,2026-09-15
1043,https://osu.wd1.myworkdayjobs.com/OSUCareers/job/Columbus-Campus/Research-Associate_R159018,Research Associate,Research_Fellow,Full-time,Department of Biomedical Engineering,,,2026-09-15
1043,https://osu.wd1.myworkdayjobs.com/OSUCareers/job/Columbus-Campus/Jr-Linux-Systems-Admin_R159032-1,Jr. Linux Systems Admin,Non-academic,Full-time,College of Engineering,,,2026-09-15
1043,https://osu.wd1.myworkdayjobs.com/OSUCareers/job/Health-System-Shared-Services/Supervisor--Retail-Pharmacy_R158001-1,"Supervisor, Retail Pharmacy",Non-academic,Full-time,,pharmacy,,2026-09-15
1043,https://osu.wd1.myworkdayjobs.com/OSUCareers/job/Columbus-Campus/Administrative-Assistant_R159186-1,Administrative Assistant,Unclassified,Full-time,,,,2026-09-15
1043,https://osu.wd1.myworkdayjobs.com/OSUCareers/job/East-Hospital/Medical-Laboratory-Scientist---East_R159154-1,Medical Laboratory Scientist - East,Unclassified,Full-time,,,,2026-09-15
1043,https://osu.wd1.myworkdayjobs.com/OSUCareers/job/University-Hospital/Abdominal-Post-Transplant-Coordinator--RN-_R158552-2,Abdominal Post Transplant Coordinator (RN),Non-academic,Full-time,school of nursing,,,2026-09-15
1043,https://osu.wd1.myworkdayjobs.com/OSUCareers/job/College-of-MedicineOffice-of-Health-Sciences/Post-Doctoral-Scholar_R158626-1,Post Doctoral Scholar- Neuroscience,Research_Fellow,Full-time,,,,2026-09-17
1043,https://osu.wd1.myworkdayjobs.com/OSUCareers/job/James-Cancer-Hospital-and-Solove-Research-Institute/Patient-Care-Associate---SICU_R156303-1,Patient Care Associate - SICU,Unclassified,Full-time,,,,2026-09-17
1043,https://osu.wd1.myworkdayjobs.com/OSUCareers/job/Columbus-Campus/Semester-Lecturer_R159312,Semester Lecturer,Lecturer,Part-time,"Center for the Integration of Research, Teaching and Learning",Semester,,2026-09-17
1043,https://osu.wd1.myworkdayjobs.com/OSUCareers/job/University-Hospital/Associate-Nurse-Manager--RN---Rotation--MICU_R155817-1,Associate Nurse Manager (RN)- Rotation- MICU,Non-academic,Full-time,,,,2026-09-17
1043,https://osu.wd1.myworkdayjobs.com/OSUCareers/job/Columbus-Campus/Lecturer_R159368-1,Lecturer,Lecturer,Part-time,"Center for the Integration of Research, Teaching and Learning",geodetic applications; cross-cutting themes,,2026-09-17
1043,https://osu.wd1.myworkdayjobs.com/OSUCareers/job/Columbus-Campus/Lecturer_R159364-1,Lecturer,Lecturer,Part-time,"Center for the Integration of Research, Teaching and Learning",geodetic applications; cross-cutting themes,,2026-09-17
1043,https://osu.wd1.myworkdayjobs.com/OSUCareers/job/Columbus-Campus/Lecturer_R159367-1,Lecturer,Lecturer,Part-time,"Center for the Integration of Research, Teaching and Learning",geodetic applications; cross-cutting themes,,2026-09-17
1043,https://osu.wd1.myworkdayjobs.com/OSUCareers/job/Columbus-Campus/Administrative-Assistant-Pulmonary-Critical-Care-and-Sleep_R158344-2,Administrative Assistant-Pulmonary Critical Care and Sleep,Unclassified,Full-time,,,,2026-09-17
1043,https://osu.wd1.myworkdayjobs.com/OSUCareers/job/Columbus-Campus/Visiting-Fellow_R159409,Visiting Fellow,Unclassified,Part-time,Center for Automotive Research,,,2026-09-17
1043,https://osu.wd1.myworkdayjobs.com/OSUCareers/job/Columbus-Campus/Visiting-Fellow_R159378,Visiting Fellow,Unclassified,Part-time,Center for Automotive Research,,,2026-09-17
1043,https://osu.wd1.myworkdayjobs.com/OSUCareers/job/Columbus-Campus/Senior-Regulatory-Compliance-Officer---Clinical-Trials-Office_R159298-1,Senior Regulatory Compliance Officer - Clinical Trials Office,Non-academic,Full-time,,,,2026-09-17
1043,https://osu.wd1.myworkdayjobs.com/OSUCareers/job/Columbus-Campus/Research-Scientist_R159263,Research Scientist,Research_Fellow,Full-time,,ASPIN Laboratory; publication of jointly co-authored,,2026-09-17
1043,https://osu.wd1.myworkdayjobs.com/OSUCareers/job/College-of-MedicineOffice-of-Health-Sciences/Research-Associate-1-Hematology_R158964-1,Research Associate 1-Hematology,Research_Fellow,Full-time,,,,2026-09-17
1043,https://osu.wd1.myworkdayjobs.com/OSUCareers/job/College-of-MedicineOffice-of-Health-Sciences/Data-Management-Specialist---Center-for-Tobacco-Research_R158957,Data Management Specialist - Center for Tobacco Research,Non-academic,Full-time,Center for Tobacco Research,,,2026-09-17
1043,https://osu.wd1.myworkdayjobs.com/OSUCareers/job/East-Hospital/Surgical-Technologist-Certified---Inpatient_R156854-1,Surgical Technologist Certified - Inpatient,Unclassified,Full-time,,,,2026-09-17
1043,https://osu.wd1.myworkdayjobs.com/OSUCareers/job/Columbus-Campus/Undergraduate-Research-Assistant_R159456,Undergraduate Research Assistant,Non-academic,Part-time,,,,2026-09-17
1043,https://osu.wd1.myworkdayjobs.com/OSUCareers/job/College-of-MedicineOffice-of-Health-Sciences/Physician---Family-and-Community-Health--Family-Medicine-Physician--Open-Rank-Track-Faculty-_R159466-1,"Physician - Family and Community Health, Family Medicine Physician (Open Rank/Track Faculty)",Assistant_Professor; Associate_Professor; Full_Professor; Research_Fellow,Full-time,Department of Family and Community Medicine,,,2026-09-17
1043,https://osu.wd1.myworkdayjobs.com/OSUCareers/job/Columbus-Campus/Talent-Acquisition-Consultant_R158912-1,Talent Acquisition Consultant,Unclassified,Full-time,College of Arts and Sciences,,,2026-09-16
1043,https://osu.wd1.myworkdayjobs.com/OSUCareers/job/University-Hospital/Unit-Clerical-Associate---Part-Time--Days-Nights-_R157112-1,Unit Clerical Associate - Part Time (Days/Nights),Unclassified,Part-time,,,,2026-09-16
1043,https://osu.wd1.myworkdayjobs.com/OSUCareers/job/University-Hospital/Clinical-Research-Assistant-2-Clinical-Trial-Management-Office_R147821-1,Clinical Research Assistant 2-Clinical Trials Management Office,Non-academic,Full-time,College of Medicine,,,2026-09-16
1043,https://osu.wd1.myworkdayjobs.com/OSUCareers/job/Columbus-Campus/Talent-Acquisition-Coordinator-2_R158926-1,Talent Acquisition Coordinator 2,Non-academic,Full-time,,,,2026-09-16
1043,https://osu.wd1.myworkdayjobs.com/OSUCareers/job/Ross-Heart-Hospital/Staff-Nurse--RN----Electrophysiology--EP--Lab_R154173-1,Staff Nurse (RN) - Electrophysiology (EP) Lab,Unclassified,Full-time,,,,2026-09-24
1043,https://osu.wd1.myworkdayjobs.com/OSUCareers/job/Columbus-Campus/Server-Event-Server-2--Golf-Clubhouse_R154597-1,"Server/Event Server 2, Golf Clubhouse",Unclassified,Part-time,,,,2026-09-24
1043,https://osu.wd1.myworkdayjobs.com/OSUCareers/job/University-Hospital/Quality-Improvement-Lead---Surgical-Services_R139169,Quality Improvement Lead | Surgical Services,Assistant_Professor; Associate_Professor; Full_Professor,Full-time,,,,2026-09-24
1043,https://osu.wd1.myworkdayjobs.com/OSUCareers/job/Ross-Heart-Hospital/Clinic-Nurse--RN----Electrophysiology--EP--Lab_R153932-1,Clinic Nurse (RN) - Electrophysiology (EP) Lab,Unclassified,Full-time,,,,2026-09-24
1043,https://osu.wd1.myworkdayjobs.com/OSUCareers/job/James-Cancer-Hospital-and-Solove-Research-Institute/Clinic-Nurse--RN----Hematology_R159243-1,Clinic Nurse (RN) - Hematology,Unclassified,Full-time,,,,2026-09-24
1043,https://osu.wd1.myworkdayjobs.com/OSUCareers/job/Columbus-Campus/Visiting-Fellow_R159381,Visiting Fellow,Unclassified,Part-time,,,,2026-09-24
1043,https://osu.wd1.myworkdayjobs.com/OSUCareers/job/College-of-MedicineOffice-of-Health-Sciences/Assistant-Director-for-Community-Outreach-and-Engagement--Faculty--Division-of-Cancer-Prevention-and-Control-_R159552-1,Assistant Director for Community Outreach and Engagement- Faculty (Division of Cancer Prevention and Control),Assistant_Professor; Associate_Professor; Research_Fellow,Full-time,Center for Community Outreach and Engagement,rural health; community-engaged research,,2026-09-24
1043,https://osu.wd1.myworkdayjobs.com/OSUCareers/job/Columbus-Campus/Post-Doctoral-Scholar_R146685,Post Doctoral Scholar,Research_Fellow,Full-time,Center for Electron Microscopy and Analysis,,,2026-09-24
1043,https://osu.wd1.myworkdayjobs.com/OSUCareers/job/Columbus-Campus/Community-Partnerships-and-Strategic-Initiatives-Lead_R159741-1,Community Partnerships and Strategic Initiatives Lead,Unclassified,Full-time,,,,2026-09-24
1043,https://osu.wd1.myworkdayjobs.com/OSUCareers/job/College-of-MedicineOffice-of-Health-Sciences/Cardiovascular-Medicine-Physician_R159480,Cardiovascular Medicine Physician,Unclassified,Part-time,,,,2026-09-24
1043,https://osu.wd1.myworkdayjobs.com/OSUCareers/job/College-of-MedicineOffice-of-Health-Sciences/Physician---Endocrinology--General-Endocrinology--Open-Rank--Track-Faculty-_R101993-1,"Physician - Endocrinology, General Endocrinology (Open Rank/ Track Faculty)",Assistant_Professor; Associate_Professor; Full_Professor; Research_Fellow,Full-time,"Division of Endocrinology, Diabetes, and Metabolism",,,2026-09-24
1043,https://osu.wd1.myworkdayjobs.com/OSUCareers/job/Outpatient-CareAmbulatory/Physical-Therapist_R159794-2,Physical Therapist,Non-academic,Full-time,,,,2026-09-24
1043,https://osu.wd1.myworkdayjobs.com/OSUCareers/job/Outpatient-CareAmbulatory/Physical-Therapy-Assistant--PTA-_R159796-3,Physical Therapy Assistant (PTA),Unclassified,Full-time,,,,2026-09-24
1043,https://osu.wd1.myworkdayjobs.com/OSUCareers/job/Columbus-Campus/Office-Assistant_R159211-1,Office Assistant,Unclassified,Full-time,,,,2026-09-24
1043,https://osu.wd1.myworkdayjobs.com/OSUCareers/job/College-of-MedicineOffice-of-Health-Sciences/Researcher---Occupational-Therapy---AquOTic-Research-Laboratory_R159181-1,Researcher - Occupational Therapy - AquOTic Research Laboratory,Unclassified,Full-time,,aquatic occupational therapy,,2026-09-23
1043,https://osu.wd1.myworkdayjobs.com/OSUCareers/job/Columbus-Campus/Post-Doctoral-Scholar_R159670-1,Post Doctoral Scholar,Research_Fellow,Full-time,"Department of Food, Agricultural and Biological Engineering",agricultural data analytics; spatial data analysis,,2026-09-23
1043,https://osu.wd1.myworkdayjobs.com/OSUCareers/job/Outpatient-CareAmbulatory/Registration-Coordinator-1---Outpatient-Care-Powell_R144108,Registration Coordinator 1 Outpatient Care Powell,Non-academic,Full-time,,,,
1043,https://osu.wd1.myworkdayjobs.com/OSUCareers/job/Columbus-Campus/Assistant-Professor-Clinical_R159361-1,Assistant Professor-Clinical,Assistant_Professor,Full-time,Department of Speech and Hearing Science in the College of Arts and Sciences,candidate's areas of,"November 15, 2026",2026-09-23
1043,https://osu.wd1.myworkdayjobs.com/OSUCareers/job/Columbus-Campus/Senior-Writer_R159529,Senior Writer,Unclassified,Full-time,,,,2026-09-23
1043,https://osu.wd1.myworkdayjobs.com/OSUCareers/job/Columbus-Campus/Research-Associate-2---Engineer_R159812-1,Research Associate 2 – Engineer,Research_Fellow,Full-time,College of Engineering,experimental areas of connected; automated driving systems,,2026-09-23
1043,https://osu.wd1.myworkdayjobs.com/OSUCareers/job/Columbus-Campus/Visiting-Fellow_R159713,Visiting Fellow,Unclassified,Part-time,Center for Automotive Research,,,2026-09-23
1043,https://osu.wd1.myworkdayjobs.com/OSUCareers/job/University-Hospital/Senior-Security-Officer---FOP-MC-Security_R159306-1,Senior Security Officer - FOP MC Security,Non-academic,Full-time,Department for follow up,,,2026-09-23
1043,https://osu.wd1.myworkdayjobs.com/OSUCareers/job/Columbus-Campus/Assistant-Associate-Professor-in-Astronomy_R159581-1,Assistant/Associate/Professor in Astronomy,Full_Professor,Full-time,Department of Astronomy in the College of Arts and Sciences,Astronomy; astrophysics including observations; theoretical astrophysics,11/16/2026,2026-09-23
1043,https://osu.wd1.myworkdayjobs.com/OSUCareers/job/Columbus-Campus/Post-Doctoral-Scholar_R159799-1,Post Doctoral Scholar,Research_Fellow,Full-time,,Python; hearing healthcare outcomes Experience,,2026-09-23
1043,https://osu.wd1.myworkdayjobs.com/OSUCareers/job/University-Hospital/Clinical-Research-Coordinator---Cancer-Control_R159662-1,Clinical Research Coordinator - Cancer Control,Non-academic,Full-time,,Survey Shared Resource; Intervention,,2026-09-23
1043,https://osu.wd1.myworkdayjobs.com/OSUCareers/job/Columbus-Campus/Facilities-Mechanical-Plumbing-Technician_R159756-1,Facilities Mechanical Plumbing Technician,Non-academic,Full-time,,,,2026-09-23
1043,https://osu.wd1.myworkdayjobs.com/OSUCareers/job/College-of-MedicineOffice-of-Health-Sciences/Research-Senior-Technician_R159553,Research Senior Technician,Assistant_Professor; Associate_Professor; Full_Professor,Full-time,,,,2026-09-23
1043,https://osu.wd1.myworkdayjobs.com/OSUCareers/job/Columbus-Campus/Research-Scientist---Molecular-Medicine---Therapeutics_R154860,Research Scientist - Molecular Medicine & Therapeutics,Research_Fellow,Full-time,,,,2026-09-23
1043,https://osu.wd1.myworkdayjobs.com/OSUCareers/job/Columbus-Campus/XMLNAME---Veterinary-Care-Assistant-2---LA-ICU-_R159332-1,​​Veterinary Care Assistant 2 – LA ICU​,Non-academic,Full-time,,,,2026-09-23
1043,https://osu.wd1.myworkdayjobs.com/OSUCareers/job/Health-System-Shared-Services/Data-Governance-Specialist_R159237-1,Data Governance Specialist,Non-academic,Full-time,,,,2026-09-23
1043,https://osu.wd1.myworkdayjobs.com/OSUCareers/job/Columbus-Campus/Business-Operations-Specialist_R159751,Business Operations Specialist,Non-academic,Full-time,,,,2026-09-23
1043,https://osu.wd1.myworkdayjobs.com/OSUCareers/job/Columbus-Campus/Program-Coordinator--Student-Financial-Aid--SFA-_R159177-1,"Program Coordinator, Student Financial Aid (SFA)",Non-academic,Full-time,,,,2026-09-23
1043,https://osu.wd1.myworkdayjobs.com/OSUCareers/job/University-Hospital/Advanced-Practice-Provider--NP-PA----Trauma-Service---Rotational_R159187-1,Advanced Practice Provider (NP/PA) - Trauma Service - Rotational,Unclassified,Full-time,,,,2026-09-23
1043,https://osu.wd1.myworkdayjobs.com/OSUCareers/job/Columbus-Campus/Donor-Experience-Senior-Associate_R157807-1,Donor Experience Senior Associate,Unclassified,Full-time,College of Arts and Sciences is Ohio State's laboratory for discovery and creativity,,,2026-09-23
1043,https://osu.wd1.myworkdayjobs.com/OSUCareers/job/University-Hospital/Food-Service-Shift-Lead_R157629-2,Food Service Shift Lead,Unclassified,Full-time,,,,2026-09-23
1043,https://osu.wd1.myworkdayjobs.com/OSUCareers/job/University-Hospital/Advanced-Pracitice-Provider--NP-PA----Interventional-Pulmonary_R156417-1,Advanced Practice Provider (NP/PA) - Interventional Pulmonary,Unclassified,Full-time,,,,2026-09-23
1043,https://osu.wd1.myworkdayjobs.com/OSUCareers/job/Remote-Location/Staff-Nurse--RN----Oncology-Continuing-Care-Triage_R158433-2,Staff Nurse (RN) - Oncology Continuing Care Triage,Unclassified,Full-time,,,,2026-09-23
1043,https://osu.wd1.myworkdayjobs.com/OSUCareers/job/Remote-Location/Staff-Nurse--RN----Oncology-Continuing-Care-Triage_R158413-1,Staff Nurse (RN) - Oncology Continuing Care Triage,Unclassified,Full-time,,,,2026-09-23
1043,https://osu.wd1.myworkdayjobs.com/OSUCareers/job/Outpatient-CareAmbulatory/Outpatient-Registered-Nurse---Ambulatory-Care-Float-Pool_R151975-1,Outpatient Registered Nurse - Ambulatory Care Float Pool,Unclassified,Full-time,,,,2026-09-23
1043,https://osu.wd1.myworkdayjobs.com/OSUCareers/job/Columbus-Campus/Senior-Master-Schedule-and-Records-Coordinator_R159482-1,Senior Master Schedule and Records Coordinator,Non-academic,Full-time,"College of Food, Agricultural, and Environmental Sciences",,,2026-09-23
1043,https://osu.wd1.myworkdayjobs.com/OSUCareers/job/Columbus-Campus/College-of-Nursing-Associated-Track-Faculty-Opening_R150056-1,College of Nursing Associated Track Faculty Opening,Unclassified,Full-time,College of Nursing Associated Track Faculty Opening,Nursing Associated Track Faculty Opening,,2026-09-23
1043,https://osu.wd1.myworkdayjobs.com/OSUCareers/job/College-of-MedicineOffice-of-Health-Sciences/Student-Assistant---Non-OSU_R159485-1,Student Assistant - Non OSU,Unclassified,Full-time,,,,2026-09-23
1043,https://osu.wd1.myworkdayjobs.com/OSUCareers/job/College-of-MedicineOffice-of-Health-Sciences/Visiting-Fellow_R159737-1,Visiting Fellow R159737 1,Unclassified,Full-time,,,,
1043,https://osu.wd1.myworkdayjobs.com/OSUCareers/job/Health-System-Shared-Services/Ambulatory-Case-Manager--RN----Maternal-Special-Care_R153336-1,Ambulatory Case Manager (RN) - Maternal Special Care,Non-academic,Full-time,,postnatal maternal care,,2026-09-23
1043,https://osu.wd1.myworkdayjobs.com/OSUCareers/job/James-Cancer-Hospital-and-Solove-Research-Institute/Patient-Representative_R158911-2,Patient Representative,Unclassified,Full-time,,,,2026-09-23
1043,https://osu.wd1.myworkdayjobs.com/OSUCareers/job/Columbus-Campus/Patient-Care-Coordinator-4_R159748-1,Patient Care Coordinator-4,Non-academic,Full-time,,,,2026-09-23
1043,https://osu.wd1.myworkdayjobs.com/OSUCareers/job/James-Cancer-Hospital-and-Solove-Research-Institute/Patient-Representative---Third-Shift_R159389-1,Patient Representative - Third Shift,Non-academic,Full-time,,,,2026-09-23
1043,https://osu.wd1.myworkdayjobs.com/OSUCareers/job/University-Hospital/Sterile-Supply---Quality-and-Education-Manager_R156878,Sterile Supply - Quality and Education Manager,Non-academic,Full-time,,,,2026-09-23
1043,https://osu.wd1.myworkdayjobs.com/OSUCareers/job/College-of-MedicineOffice-of-Health-Sciences/Education-Program-Specialist--Evaluation---Assessment--Education-Curriculum_R155774-1,"Education Program Specialist, Evaluation & Assessment- Education Curriculum",Non-academic,Full-time,,,,2026-09-23
1043,https://osu.wd1.myworkdayjobs.com/OSUCareers/job/East-Hospital/Advanced-Practice-Provider--NP-PA----General-Cardiology-Consults_R159144-1,Advanced Practice Provider (NP/PA) - General Cardiology Consults,Unclassified,Full-time,,,,2026-09-23
1043,https://osu.wd1.myworkdayjobs.com/OSUCareers/job/James-Cancer-Hospital-and-Solove-Research-Institute/Advanced-Practice-Provider--NP-PA---Surgical-Assist_R158355-1,Advanced Practice Provider (NP/PA)- Surgical Assist,Unclassified,Full-time,,,,2026-09-23
1043,https://osu.wd1.myworkdayjobs.com/OSUCareers/job/University-Hospital/Staff-Nurse--RN----Labor---Delivery_R144245-1,Staff Nurse (RN) - Labor & Delivery,Unclassified,Full-time,,,,2026-09-23
1043,https://osu.wd1.myworkdayjobs.com/OSUCareers/job/Outpatient-CareAmbulatory/Custodial-Worker-2_R151808-1,Custodial Worker 2,Unclassified,Full-time,,,,2026-09-23
1043,https://osu.wd1.myworkdayjobs.com/OSUCareers/job/College-of-MedicineOffice-of-Health-Sciences/Research-Senior-Associate---Comprehensive-Cancer-Center_R159656-2,Research Senior Associate - Comprehensive Cancer Center,Unclassified,Full-time,,requested topics; Biosketches,,2026-09-22
1043,https://osu.wd1.myworkdayjobs.com/OSUCareers/job/College-of-MedicineOffice-of-Health-Sciences/Research-Technician---Pathology_R159659-1,Research Technician - Comprehensive Cancer Center,Non-academic,Full-time,,requested topics; Biosketches,,2026-09-22
1043,https://osu.wd1.myworkdayjobs.com/OSUCareers/job/Health-System-Shared-Services/Histology-Technologist-1---Pathology---Days_R158663-1,Histology Technologist 1 - Pathology - Days,Unclassified,Full-time,Division of Surgical Pathology in the Department of Pathology,,,2026-09-22
1043,https://osu.wd1.myworkdayjobs.com/OSUCareers/job/Columbus-Campus/Assistant-Professor-of-Teaching_R159329-1,Assistant Professor of Teaching,Assistant_Professor,Full-time,College of Arts and Sciences   Position Overview The Department of Geography,Teaching; Department of Geography College of,"October 30, 2026",2026-09-22
1043,https://osu.wd1.myworkdayjobs.com/OSUCareers/job/Mansfield-Campus/Part-Time-Security-Officer--Mansfield-Campus-_R159311-1,Part-Time Security Officer (Mansfield Campus),Unclassified,Part-time,School of Environment and Natural Resources,,,2026-09-22
1043,https://osu.wd1.myworkdayjobs.com/OSUCareers/job/James-Cancer-Hospital-and-Solove-Research-Institute/Manager-1--Inventory-Control-and-Analysis_R159179-1,"Manager 1, Inventory Control and Analysis",Non-academic,Full-time,,,,2026-09-22
1043,https://osu.wd1.myworkdayjobs.com/OSUCareers/job/University-Hospital/Sr-Supply-Chain-Coordinator_R158329-1,Sr. Supply Chain Coordinator,Non-academic,Full-time,,,,2026-09-22
1043,https://osu.wd1.myworkdayjobs.com/OSUCareers/job/College-of-MedicineOffice-of-Health-Sciences/Post-Doctoral-Scholar--Neuroscience_R159399-2,Post Doctoral Scholar- Neuroscience,Research_Fellow,Full-time,,,,2026-09-22
1043,https://osu.wd1.myworkdayjobs.com/OSUCareers/job/Columbus-Campus/Assistant-Professor---Practice_R159536-1,Assistant Professor - Practice,Assistant_Professor,Part-time,College of Dentistry,Practice,,2026-09-22
1043,https://osu.wd1.myworkdayjobs.com/OSUCareers/job/Columbus-Campus/Semester-Lecturer_R159735-1,Semester Lecturer,Lecturer,Part-time,"Center for the Integration of Research, Teaching and Learning",Semester,,2026-09-22
1043,https://osu.wd1.myworkdayjobs.com/OSUCareers/job/Health-System-Shared-Services/Pharmacy-Technician--CPhT----Specialty-Fulfillment_R158920-1,Pharmacy Technician (CPhT) - Specialty Fulfillment,Non-academic,Full-time,,,,2026-09-22
1043,https://osu.wd1.myworkdayjobs.com/OSUCareers/job/University-Hospital/Nurse-Educator--NPDP----Critical-Care_R159005-1,Nurse Educator (NPDP) - Critical Care,Unclassified,Full-time,,,,2026-09-22
1043,https://osu.wd1.myworkdayjobs.com/OSUCareers/job/Columbus-Campus/Student-Assistant-2---FABE_R159498-1,Student Assistant 2 - FABE,Unclassified,Part-time,,,,2026-09-22
1043,https://osu.wd1.myworkdayjobs.com/OSUCareers/job/Outpatient-CareAmbulatory/Custodial-Worker-2_R159345-1,Custodial Worker 2,Unclassified,Full-time,,,,2026-09-22
1043,https://osu.wd1.myworkdayjobs.com/OSUCareers/job/Columbus-Campus/Research-Technician_R159616-1,Research Technician,Non-academic,Part-time,Division of Pharmaceutics and Pharmacology,ELISAs,,2026-09-22
1043,https://osu.wd1.myworkdayjobs.com/OSUCareers/job/Columbus-Campus/Director-of-Teaching--Learning--and-Educational-Technology_R159636-1,"Director of Teaching, Learning, and Educational Technology",Unclassified,Full-time,,"Teaching, Learning, and Educational Technology",,2026-09-22
1043,https://osu.wd1.myworkdayjobs.com/OSUCareers/job/College-of-MedicineOffice-of-Health-Sciences/Administrative-Assistant-3---Institute-of-Brain--Behavior-and-Immunology_R159370-1,"Administrative Assistant 3 - Institute of Brain, Behavior and Immunology",Non-academic,Full-time,"Institute of Brain, Behavior and Immunology",central nervous; immune,,2026-09-22
1043,https://osu.wd1.myworkdayjobs.com/OSUCareers/job/Health-System-Shared-Services/Enterprise-Applications-Management-Senior-Analyst_R151549-1,Enterprise Applications Management Senior Analyst,Non-academic,Full-time,,,,2026-09-22
1043,https://osu.wd1.myworkdayjobs.com/OSUCareers/job/College-of-MedicineOffice-of-Health-Sciences/Post-Doctoral-Scholar---Surgery_R159119-2,Post Doctoral Scholar - Surgery,Research_Fellow,Full-time,,,,2026-09-22
1043,https://osu.wd1.myworkdayjobs.com/OSUCareers/job/Health-System-Shared-Services/Sr-Clinical-Apps-Analyst_R159126-1,Sr. Clinical Apps Analyst,Non-academic,Full-time,,,,2026-09-22
1043,https://osu.wd1.myworkdayjobs.com/OSUCareers/job/Columbus-Campus/HPC-Client-Services-Student-Assistant_R159648-1,HPC Client Services Student Assistant,Unclassified,Part-time,,,,2026-09-22
1043,https://osu.wd1.myworkdayjobs.com/OSUCareers/job/University-Hospital/Food-Preparation-Worker_R159310-1,Food Preparation Worker,Unclassified,Full-time,,,,2026-09-22
1043,https://osu.wd1.myworkdayjobs.com/OSUCareers/job/College-of-MedicineOffice-of-Health-Sciences/Assistant-Professor_R134899-1,Assistant Professor - Tenure Track - Pathology,Assistant_Professor,Full-time,Department of Pathology,Pathology; HIV Current research funding Proven; Immunology,,2026-09-22
1043,https://osu.wd1.myworkdayjobs.com/OSUCareers/job/University-Hospital/Line-Cook--HS-_R158440-2,Line Cook (HS),Unclassified,Full-time,,,,2026-09-22
1043,https://osu.wd1.myworkdayjobs.com/OSUCareers/job/University-Hospital/Nutrition-Aide_R158095-1,Nutrition Aide,Unclassified,Full-time,,,,2026-09-22
1043,https://osu.wd1.myworkdayjobs.com/OSUCareers/job/Columbus-Campus/Retiree-Faculty-Emeritus_R158661-2,Retiree-Faculty Emeritus,Unclassified,Part-time,Department of Chemistry and Biochemistry,Department of Chemistry,,2026-09-22
1043,https://osu.wd1.myworkdayjobs.com/OSUCareers/job/Health-System-Shared-Services/Clinical-Applications-Consultant_R157486-1,Clinical Applications Consultant,Unclassified,Full-time,,,,2026-09-22
1043,https://osu.wd1.myworkdayjobs.com/OSUCareers/job/College-of-MedicineOffice-of-Health-Sciences/Physician---Internal-Medicine--Division-of-Nephrology--Transplant-Nephrology---Open-Rank-Track-Faculty-_R159651-1,"Physician – Internal Medicine, Division of Nephrology, Transplant Nephrology  (Open Rank/Track Faculty)",Assistant_Professor; Associate_Professor; Full_Professor; Research_Fellow,Full-time,"Division of Nephrology, Transplant Nephrology",,,2026-09-22
1043,https://osu.wd1.myworkdayjobs.com/OSUCareers/job/Columbus-Campus/Assistant-Professor---Clinical_R98930-1,"Assistant/Associate Professor - Clinical track, Prosthodontist",Assistant_Professor; Associate_Professor,Full-time,College of Dentistry,Prosthodontist,,2026-09-22
1043,https://osu.wd1.myworkdayjobs.com/OSUCareers/job/Columbus-Campus/Patient-Revenue-Cycle-Coordinator_R159609,Patient Revenue Cycle Coordinator,Non-academic,Full-time,,,,2026-09-22
1043,https://osu.wd1.myworkdayjobs.com/OSUCareers/job/Columbus-Campus/Custodial-Worker-2_R159343-1,Custodial Worker 2,Unclassified,Full-time,,,,2026-09-22
1043,https://osu.wd1.myworkdayjobs.com/OSUCareers/job/Dodd-Rehabilitation-Hospital/Patient-Care-Associate---Brain---Spinal-Cord-Injury-Rehab---Dodd--Fulltime---Second-Shift-3-11P-_R151937-1,Patient Care Associate - Brain & Spinal Cord Injury Rehab - Dodd (Fulltime) (Second Shift/3-11P),Unclassified,Full-time,,,,2026-09-21
1043,https://osu.wd1.myworkdayjobs.com/OSUCareers/job/University-Hospital/Patient-Care-Associate---Emergency-Department-Observation-Unit---Fulltime_R159331-1,Patient Care Associate - Emergency Department Observation Unit - Fulltime,Unclassified,Full-time,,,,2026-09-21
1043,https://osu.wd1.myworkdayjobs.com/OSUCareers/job/Wooster-Campus/Dairy-Worker-1_R144549-1,Dairy Worker 1,Unclassified,Full-time,,,,2026-09-21
1043,https://osu.wd1.myworkdayjobs.com/OSUCareers/job/James-Cancer-Hospital-and-Solove-Research-Institute/Administrative-Assistant_R158528-1,Administrative Assistant 3-Hematalogy,Non-academic,Full-time,,,,2026-09-21
1043,https://osu.wd1.myworkdayjobs.com/OSUCareers/job/College-of-MedicineOffice-of-Health-Sciences/Lead-Teacher---Nisonger-Center_R159450-1,Lead Teacher - Nisonger Center,Non-academic,Full-time,,,,2026-09-21
1043,https://osu.wd1.myworkdayjobs.com/OSUCareers/job/Columbus-Campus/Licensed-Practical-Nurse_R159577-1,Licensed Practical Nurse,Unclassified,Full-time,"department of the Office of Student Life, the Licensed Practical Nurse",,,2026-09-21
1043,https://osu.wd1.myworkdayjobs.com/OSUCareers/job/University-Hospital/Diagnostic-Transportation-Training-Specialist_R159309-1,Diagnostic Transportation Training Specialist,Non-academic,Full-time,,,,2026-09-21
1043,https://osu.wd1.myworkdayjobs.com/OSUCareers/job/Remote-Location/Sem-Lecturer---Dept-of-Educational-Studies--DLC_R159688-1,Sem Lecturer – Dept of Educational Studies/ DLC,Lecturer,Part-time,,Sem; DLC courses,,2026-09-21
1043,https://osu.wd1.myworkdayjobs.com/OSUCareers/job/Columbus-Campus/Undergraduate-Research-Assistant_R159457-1,Undergraduate Research Assistant,Non-academic,Part-time,,,,2026-09-21
1043,https://osu.wd1.myworkdayjobs.com/OSUCareers/job/Columbus-Campus/School-Aide_R149730-1,School Aide,Unclassified,Full-time,,,,2026-09-21
1043,https://osu.wd1.myworkdayjobs.com/OSUCareers/job/College-of-MedicineOffice-of-Health-Sciences/Standardized-Patient-Program-Specialist_R159099-1,Standardized Patient Program Specialist,Non-academic,Full-time,,,,2026-09-21
1043,https://osu.wd1.myworkdayjobs.com/OSUCareers/job/Columbus-Campus/Sem-Lecturer---Dept-of-Educational-Studies--DLC_R159685-1,Sem Lecturer – Dept of Educational Studies/ DLC,Lecturer,Part-time,,Sem; DLC courses,,2026-09-21
1043,https://osu.wd1.myworkdayjobs.com/OSUCareers/job/College-of-MedicineOffice-of-Health-Sciences/Research-Senior-Technician---Molecular-Biology-and-Neurogenetics_R158434-1,Research Senior Technician – Molecular Biology and Neurogenetics,Non-academic,Full-time,Department of Neurology,Western blot; PCR reactions,,2026-09-24
1043,https://osu.wd1.myworkdayjobs.com/OSUCareers/job/Columbus-Campus/VLS-Training-Specialist_R157550-1,VLS Training Specialist,Non-academic,Full-time,College of Education and Human Ecology,,,2026-09-21
1043,https://osu.wd1.myworkdayjobs.com/OSUCareers/job/Columbus-Campus/Cook-1_R159352-1,Cook 1,Unclassified,Full-time,,,,2026-09-21
1043,https://osu.wd1.myworkdayjobs.com/OSUCareers/job/University-Hospital/Forensic-Specialist_R159121-1,Forensic Specialist,Non-academic,Full-time,,,,2026-09-21
1043,https://osu.wd1.myworkdayjobs.com/OSUCareers/job/University-Hospital/Forensic-Specialist_R159123-1,Forensic Specialist,Non-academic,Full-time,,,,2026-09-21
1043,https://osu.wd1.myworkdayjobs.com/OSUCareers/job/James-Cancer-Hospital-and-Solove-Research-Institute/Custodial-Worker-2_R159511-1,Custodial Worker 2,Unclassified,Part-time,,,,2026-09-21
1043,https://osu.wd1.myworkdayjobs.com/OSUCareers/job/Columbus-Campus/High-School-Research-Assistant_R159619-1,High School Research Assistant,Non-academic,Part-time,,,,2026-09-21
1043,https://osu.wd1.myworkdayjobs.com/OSUCareers/job/Columbus-Campus/Dining-Utility-Worker_R157869-1,Dining Utility Worker,Unclassified,Full-time,,,,2026-09-21
1043,https://osu.wd1.myworkdayjobs.com/OSUCareers/job/Outpatient-CareAmbulatory/Outpatient-Registered-Nurse---Powell-Multispecialty-Clinic_R148729-1,Outpatient Registered Nurse - Powell Multispecialty Clinic,Unclassified,Full-time,,,,2026-09-21
1043,https://osu.wd1.myworkdayjobs.com/OSUCareers/job/Columbus-Campus/Research-Lead-Technician_R159664-1,Research Lead Technician,Non-academic,Part-time,faculty for HRV Biofeedback testing,,,2026-09-21
1043,https://osu.wd1.myworkdayjobs.com/OSUCareers/job/College-of-MedicineOffice-of-Health-Sciences/Finance-Manager---CTSI_R157242,Finance Manager - CTSI,Non-academic,Full-time,,,,2026-09-21
1043,https://osu.wd1.myworkdayjobs.com/OSUCareers/job/Outpatient-CareAmbulatory/Outpatient-Surgery-RN---Pre-op-PACU_R156670-1,Outpatient Surgery RN - Pre-op/PACU,Unclassified,Part-time,school of registered nursing,,,2026-09-21
1043,https://osu.wd1.myworkdayjobs.com/OSUCareers/job/James-Cancer-Hospital-and-Solove-Research-Institute/Advanced-Practice-Provider---Inpatient-Hematology---Nocturnal_R158271,Advanced Practice Provider (NP/PA) - Inpatient Hematology - Nocturnal,Unclassified,Full-time,,,,2026-09-21
1043,https://osu.wd1.myworkdayjobs.com/OSUCareers/job/James-Cancer-Hospital-and-Solove-Research-Institute/Staff-Nurse--RN--Medical-Oncology_R144328-1,Staff Nurse (RN) Medical Oncology,Unclassified,Full-time,,,,2026-09-21
1043,https://osu.wd1.myworkdayjobs.com/OSUCareers/job/Columbus-Campus/Research-Senior-Technician_R159284-1,Research Senior Technician,Non-academic,Full-time,Department of Chemistry and Biochemistry,,,2026-09-21
1043,https://osu.wd1.myworkdayjobs.com/OSUCareers/job/Columbus-Campus/Staff-Pharmacist_R159533-1,Staff Pharmacist,Non-academic,Full-time,,,,2026-09-21
1043,https://osu.wd1.myworkdayjobs.com/OSUCareers/job/James-Cancer-Hospital-and-Solove-Research-Institute/Retail-Pharmacist_R159372-1,Retail Pharmacist,Unclassified,Full-time,,,,2026-09-21
1043,https://osu.wd1.myworkdayjobs.com/OSUCareers/job/James-Cancer-Hospital-and-Solove-Research-Institute/Clinic-Nurse--RN----Plastics_R159354-1,Clinic Nurse (RN) - Plastics,Unclassified,Full-time,,,,2026-09-21
1043,https://osu.wd1.myworkdayjobs.com/OSUCareers/job/Columbus-Campus/Ant-Husbandry-Student-Assistant_R159640,Ant Husbandry Student Assistant,Unclassified,Part-time,College of Arts and Sciences seeks a Ant Husbandry Student Assistant to join our team,,,2026-09-21
1043,https://osu.wd1.myworkdayjobs.com/OSUCareers/job/College-of-MedicineOffice-of-Health-Sciences/Physician---Pathology--Community-Pathology--Open-Rank-Track-Faculty-_R159645-2,"Physician - Pathology, Community Pathology (Open Rank/Track Faculty)",Assistant_Professor; Associate_Professor; Full_Professor; Research_Fellow,Full-time,Department of Pathology,,,2026-09-21
1043,https://osu.wd1.myworkdayjobs.com/OSUCareers/job/University-Hospital/IRP-Staff-Pharmacist--HS-_R158906-1,IRP Staff Pharmacist HS R158906 1,Unclassified,Full-time,,,,
1043,https://osu.wd1.myworkdayjobs.com/OSUCareers/job/James-Cancer-Hospital-and-Solove-Research-Institute/Mammography-Tech--15-000-Signing-Bonus-James---SSCBC-Mammography_R147416-1,"Mammography Tech $15,000 Signing Bonus James | SSCBC Mammography",Non-academic,Full-time,,,,2026-09-21
1043,https://osu.wd1.myworkdayjobs.com/OSUCareers/job/Extension-County-Offices/Extension-Educators-Coordinator-3--4-H---Guernsey-County_R158977,"Extension Educators Coordinator 3, 4-H - Guernsey County",Non-academic,Full-time,,,,2026-09-21
1043,https://osu.wd1.myworkdayjobs.com/OSUCareers/job/Outpatient-CareAmbulatory/OB-GYN-Sonographer--15-000-Signing-Bonus-I-Ambulatory-Women-s-Imaging_R159540-1,"OB/GYN Sonographer $15,000 Signing Bonus I Ambulatory Women's Imaging",Unclassified,Full-time,,,,2026-09-18
1043,https://osu.wd1.myworkdayjobs.com/OSUCareers/job/Columbus-Campus/Post-Doctoral-Scholar_R159446,Post Doctoral Scholar,Research_Fellow,Full-time,Department of Microbiology is seeking an Post Doctoral Scholar,systems-level mechanistic understanding; genome-resolved virome,,2026-09-18
1043,https://osu.wd1.myworkdayjobs.com/OSUCareers/job/University-Hospital/Neurodiagnostic-Technician_R159087-1,Neurodiagnostic Technician,Non-academic,Full-time,,,,2026-09-18
1043,https://osu.wd1.myworkdayjobs.com/OSUCareers/job/Columbus-Campus/Research-Senior-Technician_R159373,Research Senior Technician,Non-academic,Full-time,Center of Microbiome Science,,,2026-09-18
1043,https://osu.wd1.myworkdayjobs.com/OSUCareers/job/Columbus-Campus/Facilities-Operations-Consultant_R159376-1,Facilities Operations Consultant,Research_Fellow,Full-time,Center for Electronic and Magnetic Nanoscale Composite Multifunctional Materials,Smith Laboratory; older building,,2026-09-18
1043,https://osu.wd1.myworkdayjobs.com/OSUCareers/job/University-Hospital/Associate-Nurse-Manager---Main-OR---Level-1-Trauma-Center_R155163,Associate Nurse Manager - Main OR - Level 1 Trauma Center,Non-academic,Full-time,school of nursing required Current Ohio Registered Nurse,,,2026-09-18
1043,https://osu.wd1.myworkdayjobs.com/OSUCareers/job/Outpatient-CareAmbulatory/Pharmacy-Technician---Infusion_R158088,Pharmacy Technician - Infusion,Non-academic,Full-time,,,,2026-09-18
1043,https://osu.wd1.myworkdayjobs.com/OSUCareers/job/Columbus-Campus/Associate-Professor-or-Professor--Director-of-the-Arts-and-Humanities-Artificial-Intelligence-Institute_R159362-1,"Associate Professor or Professor, Director of the Arts and Humanities Artificial Intelligence Institute",Associate_Professor; Full_Professor,Part-time,College of Arts and Sciences is the academic heart of the university,,"November 1, 2026",2026-09-18
1043,https://osu.wd1.myworkdayjobs.com/OSUCareers/job/College-of-MedicineOffice-of-Health-Sciences/Director--Center-for-Cancer-Survivorship--Faculty--Division-of-Cancer-Prevention-and-Control-_R159539-1,"Director, Center for Cancer Survivorship- Faculty (Division of Cancer Prevention and Control)",Assistant_Professor; Associate_Professor; Research_Fellow,Full-time,Center for Cancer Survivorship,cancer control research; reduce disparities,,2026-09-18
1043,https://osu.wd1.myworkdayjobs.com/OSUCareers/job/Outpatient-CareAmbulatory/Post-Doctoral-Scholar--Otolaryngology_R159470-2,Post Doctoral Scholar- Otolaryngology,Research_Fellow,Full-time,,Auditory Evoked Potential; Neck Surgery,,2026-09-18
1043,https://osu.wd1.myworkdayjobs.com/OSUCareers/job/James-Cancer-Hospital-and-Solove-Research-Institute/Pharmacy-Technician--CPhT----Infusion_R159215-1,Pharmacy Technician (CPhT) - Infusion,Non-academic,Full-time,,,,2026-09-18
1043,https://osu.wd1.myworkdayjobs.com/OSUCareers/job/Columbus-Campus/Chief-Flight-Instructor_R159163,Chief Flight Instructor,Unclassified,Full-time,,Chief Flight,,2026-09-18
1043,https://osu.wd1.myworkdayjobs.com/OSUCareers/job/University-Hospital/Pharmacy-Technician---Inpatient---Contingent-IRP_R158984-1,Pharmacy Technician - Inpatient - Contingent/IRP,Non-academic,Part-time,,,,2026-09-18
1043,https://osu.wd1.myworkdayjobs.com/OSUCareers/job/Health-System-Shared-Services/Pharmacy-Technician---Refill-Call-Coordinator_R158935-1,Pharmacy Technician - Refill Call Coordinator,Non-academic,Full-time,,,,2026-09-18
1043,https://osu.wd1.myworkdayjobs.com/OSUCareers/job/James-Cancer-Hospital-and-Solove-Research-Institute/Staff-Scheduling-Coordinator-2_R157544-1,Staff Scheduling Coordinator 2,Non-academic,Full-time,,,,2026-09-18
1043,https://osu.wd1.myworkdayjobs.com/OSUCareers/job/Outpatient-CareAmbulatory/Prosthesis-Fitter_R155580-1,Prosthesis Fitter,Non-academic,Part-time,,,,2026-09-18
1043,https://osu.wd1.myworkdayjobs.com/OSUCareers/job/University-Hospital/Registration-Coordinator-1--Imaging-Services_R159106-1,"Registration Coordinator 1, Imaging Services",Non-academic,Full-time,,,,2026-09-18
1043,https://osu.wd1.myworkdayjobs.com/OSUCareers/job/University-Hospital/IRP-Social-Worker--HS-_R159430-1,IRP-Social Worker (HS),Unclassified,Part-time,,,,2026-09-18
1043,https://osu.wd1.myworkdayjobs.com/OSUCareers/job/University-Hospital/Perioperative-Navigation-Technician_R159412-1,Perioperative Navigation Technician,Non-academic,Full-time,,,,2026-09-18
1043,https://osu.wd1.myworkdayjobs.com/OSUCareers/job/University-Hospital/Retail-Sales-Associate-4_R157527-1,Retail Sales Associate 4,Unclassified,Full-time,,,,2026-09-18
1043,https://osu.wd1.myworkdayjobs.com/OSUCareers/job/Columbus-Campus/LifeSports-Assistant-Director_R159519,LifeSports Assistant Director,Unclassified,Full-time,,,,2026-09-18
1043,https://osu.wd1.myworkdayjobs.com/OSUCareers/job/James-Cancer-Hospital-and-Solove-Research-Institute/Pharmacy-Technician---Infusion---Contingent-IRP_R158084-1,Pharmacy Technician - Infusion - Contingent/IRP,Non-academic,Part-time,,,,2026-09-18
1043,https://osu.wd1.myworkdayjobs.com/OSUCareers/job/James-Cancer-Hospital-and-Solove-Research-Institute/Clinic-Nurse--RN----Radiation-Oncology_R158309-1,Clinic Nurse (RN) - Radiation Oncology,Unclassified,Full-time,,,,2026-09-18
1043,https://osu.wd1.myworkdayjobs.com/OSUCareers/job/University-Hospital/Pharmacy-Technician---Contingent-IRP_R159249-1,Pharmacy Technician - Inpatient - Contingent/IRP,Non-academic,Part-time,,,,2026-09-18
1043,https://osu.wd1.myworkdayjobs.com/OSUCareers/job/James-Cancer-Hospital-and-Solove-Research-Institute/Clinic-Nurse--RN-----Infusion_R158622-1,Clinic Nurse (RN) -  Infusion,Unclassified,Full-time,,,,2026-09-18
1043,https://osu.wd1.myworkdayjobs.com/OSUCareers/job/Columbus-Campus/Post-Doc-Scholar--Ophthalmology_R156953-1,Post Doc Scholar- Ophthalmology,Research_Fellow,Full-time,,,,2026-09-18
1043,https://osu.wd1.myworkdayjobs.com/OSUCareers/job/Health-System-Shared-Services/Nursing-Program-Manager_R159500-1,Nursing Program Manager,Non-academic,Full-time,,,,2026-09-18
1043,https://osu.wd1.myworkdayjobs.com/OSUCareers/job/Outpatient-CareAmbulatory/Med-Lab-Tech-Processing---James-Molecular-Laboratory_R159125-1,Med Lab Tech-Processing - James Molecular Laboratory,Non-academic,Full-time,,,,2026-09-18
1043,https://osu.wd1.myworkdayjobs.com/OSUCareers/job/Columbus-Campus/Post-Doctoral-Scholar_R159138-1,Post Doctoral Scholar,Research_Fellow,Full-time,,,,2026-09-18
1043,https://osu.wd1.myworkdayjobs.com/OSUCareers/job/James-Cancer-Hospital-and-Solove-Research-Institute/Associate-Nurse-Manager---James-Clinical-Resource-Unit--Float-Pool-_R157738-2,Associate Nurse Manager - Rotational-  James Clinical Resource Unit (Float Pool),Non-academic,Full-time,,,,2026-09-18
1043,https://osu.wd1.myworkdayjobs.com/OSUCareers/job/Columbus-Campus/Post-Doctoral-Scholar_R159371-1,Post Doctoral Scholar,Research_Fellow,Full-time,,,"November 1, 2026",2026-09-18
1043,https://osu.wd1.myworkdayjobs.com/OSUCareers/job/University-Hospital/Nurse-Manager---Neuro-Oncology_R159219-1,Nurse Manager - Neuro Oncology,Non-academic,Full-time,,,,2026-09-18
1043,https://osu.wd1.myworkdayjobs.com/OSUCareers/job/Columbus-Campus/Professional-Practice-Assistant-Professor-in-Journalism_R159363-2,Professional-Practice Assistant Professor in Journalism,Assistant_Professor,Full-time,College of Arts and Sciences Position Overview The School of Communication,Journalism,"October 19, 2026",2026-09-18
1043,https://osu.wd1.myworkdayjobs.com/OSUCareers/job/College-of-MedicineOffice-of-Health-Sciences/Physician---Neurology---Neurohospitalist_R154666-1,Physician - Neurology - Neurohospitalist,Unclassified,Part-time,,,,2026-09-18
1043,https://osu.wd1.myworkdayjobs.com/OSUCareers/job/Columbus-Campus/Staff-Pharmacist---IRP_R159494-1,Staff Pharmacist - IRP,Non-academic,Full-time,,,,2026-09-18
1043,https://osu.wd1.myworkdayjobs.com/OSUCareers/job/College-of-MedicineOffice-of-Health-Sciences/Project-Coordinator--Neurology_R159078-1,Project Coordinator- Neurology,Non-academic,Full-time,,,,2026-09-18
1043,https://osu.wd1.myworkdayjobs.com/OSUCareers/job/Columbus-Campus/Medical-Assistant_R159428-1,Medical Assistant,Unclassified,Full-time,,,,2026-09-18
1043,https://osu.wd1.myworkdayjobs.com/OSUCareers/job/James-Cancer-Hospital-and-Solove-Research-Institute/Advanced-Practice-Provider--NP-PA----GU-Medical-Oncology_R159438-1,Advanced Practice Provider (NP/PA) - GU Medical Oncology,Unclassified,Full-time,,,,2026-09-18
1043,https://osu.wd1.myworkdayjobs.com/OSUCareers/job/Columbus-Campus/Assistant-Professor--AI-and-Politics---Dept-of-Political-Science_R159307-1,"Assistant Professor, AI and Politics - Dept. of Political Science",Assistant_Professor,Full-time,Dept. of Political Science,AI and Politics - Dept. of Political Science; advanced topics; ethical areas; Engage,"October 15, 2026",2026-09-18
1043,https://osu.wd1.myworkdayjobs.com/OSUCareers/job/Columbus-Campus/Director-of-Foundation-Engagement_R158091-2,Director of Foundation Engagement,Non-academic,Full-time,,Foundation Engagement,,2026-09-18
1043,https://osu.wd1.myworkdayjobs.com/OSUCareers/job/Columbus-Campus/Visiting-Scholar_R159417,Visiting Scholar,Unclassified,Full-time,"Center for Civics, Culture, and Society The Salmon P",Center’s civic literacy requirements,,2026-09-18
1043,https://osu.wd1.myworkdayjobs.com/OSUCareers/job/Wooster-Campus/Turfgrass-Student-Assistant-2_R158736-1,Turfgrass Student Assistant 2,Unclassified,Part-time,,,,2026-09-17
1043,https://osu.wd1.myworkdayjobs.com/OSUCareers/job/Columbus-Campus/Post-Doctoral-Scholar---Biomedical-Informatics_R159026-1,Post Doctoral Scholar - Biomedical Informatics,Research_Fellow,Full-time,,longitudinal data analysis; computational genomics,,2026-09-17
1043,https://osu.wd1.myworkdayjobs.com/OSUCareers/job/Remote-Location/Physician---Radiology--Abdominal_R159464-1,"Physician - Radiology, Abdominal",Unclassified,Part-time,"College of Medicine, the Medical Center, and the University The Department of Radiology",imaging technology innovation; artificial intelligence,,2026-09-17
1043,https://osu.wd1.myworkdayjobs.com/OSUCareers/job/OSU-Health-Plan/Credentialing-Consultant_R159569-1,Credentialing Consultant,Non-academic,Full-time,,,,2026-09-25
1043,https://osu.wd1.myworkdayjobs.com/OSUCareers/job/University-Hospital/Staff-Nurse---Interventional-Radiology---University-Hospital_R141054-2,Staff Nurse (RN) - Interventional Radiology,Unclassified,Full-time,,,,2026-09-25
1043,https://osu.wd1.myworkdayjobs.com/OSUCareers/job/University-Hospital/Nurse-Manager---Acute-Care---General-Medicine_R157265,Nurse Manager - Acute Care - General Medicine and Surgical,Non-academic,Full-time,,,,2026-09-25
1043,https://osu.wd1.myworkdayjobs.com/OSUCareers/job/Outpatient-CareAmbulatory/Phlebotomist---Outpatient_R159445-1,Phlebotomist - Outpatient,Unclassified,Full-time,,,,2026-09-25
1043,https://osu.wd1.myworkdayjobs.com/OSUCareers/job/Outpatient-CareAmbulatory/Phlebotomist---Outpatient_R159440,Phlebotomist - Outpatient,Unclassified,Full-time,,,,2026-09-25
1043,https://osu.wd1.myworkdayjobs.com/OSUCareers/job/University-Hospital/Medical-Technologist_R159336-1,Medical Technologist,Non-academic,Full-time,,,,2026-09-25
1043,https://osu.wd1.myworkdayjobs.com/OSUCareers/job/Columbus-Campus/Lecturer--SEM---GE-Bookends_R159139-1,"Lecturer (SEM), GE Bookends",Lecturer,Part-time,faculty of the highest caliber is a core component of this commitment,GE Bookends,"October 18, 2026",2026-09-25
1043,https://osu.wd1.myworkdayjobs.com/OSUCareers/job/Columbus-Campus/Custodial-Worker_R159777-1,Custodial Worker,Unclassified,Full-time,,,,2026-09-25
1043,https://osu.wd1.myworkdayjobs.com/OSUCareers/job/James-Cancer-Hospital-and-Solove-Research-Institute/Pharmacy-Technician---Inpatient_R153037-1,Pharmacy Technician - Inpatient,Non-academic,Full-time,,,,2026-09-25
1043,https://osu.wd1.myworkdayjobs.com/OSUCareers/job/Columbus-Campus/Equipment-Operator-3_R159557-1,Equipment Operator 3,Non-academic,Full-time,,,,2026-09-25
1043,https://osu.wd1.myworkdayjobs.com/OSUCareers/job/Columbus-Campus/Senior-Facilities-Engineer_R159571-1,Senior Facilities Engineer,Non-academic,Full-time,,,,2026-09-25
1043,https://osu.wd1.myworkdayjobs.com/OSUCareers/job/James-Cancer-Hospital-and-Solove-Research-Institute/Clinic-Nurse--RN----Diagnostic_R159038-1,Clinic Nurse (RN) - Diagnostic,Unclassified,Full-time,,,,2026-09-25
1043,https://osu.wd1.myworkdayjobs.com/OSUCareers/job/University-Hospital/Staff-Nurse-B--RN--Emergency-Department--University-Hospital_R159895-1,"Staff Nurse-B (RN) Emergency Department, University Hospital",Unclassified,Full-time,,,,2026-09-25
1043,https://osu.wd1.myworkdayjobs.com/OSUCareers/job/Columbus-Campus/Facilities-Engineering-Manager_R159516-1,Facilities Engineering Manager,Non-academic,Full-time,,,,2026-09-25
1043,https://osu.wd1.myworkdayjobs.com/OSUCareers/job/James-Cancer-Hospital-and-Solove-Research-Institute/Clinic-Nurse---Thoracic--IRP-Contingent-_R155523-1,Clinic Nurse - Thoracic (IRP/Contingent),Unclassified,Part-time,,,,2026-09-25
1043,https://osu.wd1.myworkdayjobs.com/OSUCareers/job/Outpatient-CareAmbulatory/Clinic-Nurse--RN----Endocrine-Neuroendocrine_R157882-1,Clinic Nurse (RN) - Endocrine/Neuroendocrine,Unclassified,Full-time,,,,2026-09-25
1043,https://osu.wd1.myworkdayjobs.com/OSUCareers/job/Outpatient-CareAmbulatory/Outpatient-RN---Endoscopy--IRP-Contingent-_R159852-1,Outpatient RN - Endoscopy (IRP/Contingent),Unclassified,Part-time,school of registered nursing,,,2026-09-25
1043,https://osu.wd1.myworkdayjobs.com/OSUCareers/job/James-Cancer-Hospital-and-Solove-Research-Institute/IRP-RN---Hematology-and-Transplant--IRP-Contingent-_R159625,Staff Nurse - Hematology and Transplant (IRP/Contingent),Unclassified,Part-time,,,,2026-09-25
1043,https://osu.wd1.myworkdayjobs.com/OSUCareers/job/Columbus-Campus/Career-Services-Specialist--Extension-Internships_R159864-1,"Career Services Specialist, Extension Internships",Non-academic,Full-time,"College of Food, Agricultural, and Environmental Sciences",,,2026-09-25
1043,https://osu.wd1.myworkdayjobs.com/OSUCareers/job/University-Hospital/Clinical-Dietitian_R159848-1,Clinical Dietitian,Unclassified,Full-time,,,,2026-09-25
1043,https://osu.wd1.myworkdayjobs.com/OSUCareers/job/James-Cancer-Hospital-and-Solove-Research-Institute/Clinic-Nurse--RN----GU-and-Urology_R156942-1,Clinic Nurse (RN) - GU and Urology,Unclassified,Full-time,,,,2026-09-25
1043,https://osu.wd1.myworkdayjobs.com/OSUCareers/job/James-Cancer-Hospital-and-Solove-Research-Institute/Clinic-Nurse--RN----Radiation-Oncology_R159556-1,Clinic Nurse (RN) - Radiation Oncology,Unclassified,Full-time,,,,2026-09-25
1043,https://osu.wd1.myworkdayjobs.com/OSUCareers/job/College-of-MedicineOffice-of-Health-Sciences/Research-Associate--Neuroscience_R159403-2,Research Associate- Neuroscience,Research_Fellow,Full-time,,,,2026-09-25
1043,https://osu.wd1.myworkdayjobs.com/OSUCareers/job/Columbus-Campus/Clinical-Research-Coordinator--Neurology_R159702-1,Clinical Research Coordinator- Neurology,Non-academic,Full-time,College of Medicine,accordance,,2026-09-25
1043,https://osu.wd1.myworkdayjobs.com/OSUCareers/job/College-of-MedicineOffice-of-Health-Sciences/Research-Senior-Technician--Microbial-Infection-and-Immunity_R159809-1,Research Senior Technician- Microbial Infection and Immunity,Non-academic,Full-time,,requested topics,,2026-09-25
1043,https://osu.wd1.myworkdayjobs.com/OSUCareers/job/University-Hospital/CT-Lead-Tech--15-000-Signing-Bonus-3rd-shift-I-UH-Inpatient-Patient-Tower_R159465-1,"CT Lead Tech $15,000 Signing Bonus 3rd shift I UH Inpatient Patient Tower",Non-academic,Full-time,Department of Health Radiology License and Computed Tomography Certification,,,2026-09-25
1043,https://osu.wd1.myworkdayjobs.com/OSUCareers/job/University-Hospital/Cashier_R159495-1,Cashier,Unclassified,Full-time,,,,2026-09-25
1043,https://osu.wd1.myworkdayjobs.com/OSUCareers/job/University-Hospital/Switchboard-Associate-2_R158981-1,Switchboard Associate 2,Unclassified,Full-time,,,,2026-09-25
1043,https://osu.wd1.myworkdayjobs.com/OSUCareers/job/James-Cancer-Hospital-and-Solove-Research-Institute/CT-Tech--15-000-Signing-Bonus-James---SSCBC-Radiology_R159517-1,"CT Tech $15,000 Signing Bonus James | SSCBC Radiology",Non-academic,Full-time,,,,2026-09-25
1043,https://osu.wd1.myworkdayjobs.com/OSUCareers/job/James-Cancer-Hospital-and-Solove-Research-Institute/Multi-Modality-Imaging-Tech--15-000-Signing-Bonus_R159507-1,"Multi-Modality Imaging Tech $15,000 Signing Bonus",Non-academic,Full-time,,,,2026-09-25
1043,https://osu.wd1.myworkdayjobs.com/OSUCareers/job/College-of-MedicineOffice-of-Health-Sciences/Post-Doctoral-Scholar---Comprehensive-Cancer-Center_R159673-1,Post Doctoral Scholar - Comprehensive Cancer Center,Research_Fellow,Full-time,,,,2026-09-25
1043,https://osu.wd1.myworkdayjobs.com/OSUCareers/job/College-of-MedicineOffice-of-Health-Sciences/Director--Center-for-Cancer-Prevention--Faculty--Division-of-Cancer-Prevention-and-Control-_R159747-1,"Director, Center for Cancer Prevention- Faculty (Division of Cancer Prevention and Control)",Assistant_Professor; Associate_Professor; Research_Fellow,Full-time,Center for Cancer Prevention,Cancer epidemiology Precision prevention Behavioral; meaningful reductions,,2026-09-25
1043,https://osu.wd1.myworkdayjobs.com/OSUCareers/job/University-Hospital/Associate-Nurse-Manager---Acute-Care---General-Medicine_R157268-1,Associate Nurse Manager - Acute Care - General Medicine,Non-academic,Full-time,,,,2026-09-25
1043,https://osu.wd1.myworkdayjobs.com/OSUCareers/job/Outpatient-CareAmbulatory/Partnerships-Coordinator---Appalachian-and-Rural-Center-for-Health_R159671,Partnerships Coordinator - Appalachian and Rural Center for Health,Non-academic,Full-time,Center for Health,,,2026-09-25
1043,https://osu.wd1.myworkdayjobs.com/OSUCareers/job/Health-System-Shared-Services/Pharmacy-Technician--CPhT----Specialty-Fulfillment_R156850-1,Pharmacy Technician (CPhT) - Specialty Fulfillment,Non-academic,Full-time,,,,2026-09-25
1043,https://osu.wd1.myworkdayjobs.com/OSUCareers/job/College-of-MedicineOffice-of-Health-Sciences/Research-Associate---Surgery_R159299-1,Research Associate - Surgery,Research_Fellow,Full-time,,Department of Surgery; Cardiac,,2026-09-25
1043,https://osu.wd1.myworkdayjobs.com/OSUCareers/job/James-Cancer-Hospital-and-Solove-Research-Institute/Administrative-Assistant---Radiation-Oncology_R158427-1,Administrative Assistant - Radiation Oncology,Non-academic,Full-time,,,,2026-09-25
1043,https://osu.wd1.myworkdayjobs.com/OSUCareers/job/College-of-MedicineOffice-of-Health-Sciences/Associate-Professor-Practice_R159867-1,Associate Professor-Practice,Associate_Professor,Full-time,Department of Pathology,,,2026-09-25
1043,https://osu.wd1.myworkdayjobs.com/OSUCareers/job/University-Hospital/Specialty-Practice-Pharmacist_R159631-2,Specialty Practice Pharmacist,Unclassified,Part-time,,,,2026-09-25
1043,https://osu.wd1.myworkdayjobs.com/OSUCareers/job/College-of-MedicineOffice-of-Health-Sciences/Professor-Practice_R159858-1,Professor-Practice,Full_Professor,Full-time,Department of Pathology,,,2026-09-25
1043,https://osu.wd1.myworkdayjobs.com/OSUCareers/job/University-Hospital/Instructor-Practice_R159778-1,Instructor-Practice,Unclassified,Part-time,,,,2026-09-25
1043,https://osu.wd1.myworkdayjobs.com/OSUCareers/job/Columbus-Campus/Systems-Administration-Analysis-Health-Systems_R157746-1,Systems Administration Analysis-Health Systems,Non-academic,Full-time,,,,2026-09-25
1043,https://osu.wd1.myworkdayjobs.com/OSUCareers/job/College-of-MedicineOffice-of-Health-Sciences/Clinical-Research-Assistant-3---Surgery_R159227-1,Clinical Research Assistant 3 - Surgery,Non-academic,Full-time,,,,2026-09-25
1043,https://osu.wd1.myworkdayjobs.com/OSUCareers/job/Columbus-Campus/Temporary-Dining-Assistant---Union-Market_R159639-1,Temporary Dining Assistant - Union Market,Unclassified,Full-time,,,,2026-09-25
1043,https://osu.wd1.myworkdayjobs.com/OSUCareers/job/James-Cancer-Hospital-and-Solove-Research-Institute/Blood-Bank-Technologist_R159461-1,Blood Bank Technologist,Unclassified,Full-time,,,,2026-09-25
1043,https://osu.wd1.myworkdayjobs.com/OSUCareers/job/James-Cancer-Hospital-and-Solove-Research-Institute/Blood-Bank-Technologist_R159460-1,Blood Bank Technologist,Unclassified,Full-time,,,,2026-09-25
1043,https://osu.wd1.myworkdayjobs.com/OSUCareers/job/Columbus-Campus/Student-Assistant-Meat-Processor_R159387-2,Student Assistant Meat Processor,Unclassified,Part-time,,lab space; aiding,,2026-09-24
1043,https://osu.wd1.myworkdayjobs.com/OSUCareers/job/Ross-Heart-Hospital/Manager---Care-Management-Services_R158300-1,Manager - Care Management Services,Non-academic,Full-time,,,,2026-09-24
1043,https://osu.wd1.myworkdayjobs.com/OSUCareers/job/Columbus-Campus/Research-Senior-Technician_R159797-1,Research Senior Technician,Non-academic,Part-time,"Department of Evolution, Ecology, and Organismal Biology",molecular techniques; behavioral ecology,,2026-09-24
1043,https://osu.wd1.myworkdayjobs.com/OSUCareers/job/James-Cancer-Hospital-and-Solove-Research-Institute/Social-Worker---LISW-LPCC_R159736-1,Social Worker - LISW/LPCC,Unclassified,Full-time,,,,2026-09-24
1043,https://osu.wd1.myworkdayjobs.com/OSUCareers/job/Outpatient-CareAmbulatory/Social-Worker---LISW-LPCC--HS-_R159740,Social Worker - LISW/LPCC (HS),Unclassified,Full-time,,,,2026-09-24
1043,https://osu.wd1.myworkdayjobs.com/OSUCareers/job/University-Hospital/Inventory-Control-and-Analysis-Coordinator-2_R158292-1,Inventory Control and Analysis Coordinator 2,Non-academic,Full-time,,,,2026-09-24
1043,https://osu.wd1.myworkdayjobs.com/OSUCareers/job/University-Hospital/HRO-Change-Management-Senior-Analyst_R159561-1,HRO Change Management Senior Analyst,Non-academic,Full-time,,,,2026-09-24
1043,https://osu.wd1.myworkdayjobs.com/OSUCareers/job/Outpatient-CareAmbulatory/Outpatient-RN---Infusion---Weekend---Float_R159572-2,Outpatient RN – Infusion – Weekend & Float,Unclassified,Part-time,,,,2026-09-24
1043,https://osu.wd1.myworkdayjobs.com/OSUCareers/job/University-Hospital/HRO-Change-Management-Analyst_R159559-1,HRO Change Management Analyst,Non-academic,Full-time,,,,2026-09-24
1043,https://osu.wd1.myworkdayjobs.com/OSUCareers/job/Columbus-Campus/Research-Associate--Neurological-Surgery_R155703-1,Research Associate- Neurological Surgery,Research_Fellow,Full-time,,,,2026-09-24
1043,https://osu.wd1.myworkdayjobs.com/OSUCareers/job/Remote-Location/Sem-Lecturer---Dept-of-Human-Sciences---SFHP_R159652-1,Sem Lecturer – Dept of Human Sciences / SFHP,Lecturer,Part-time,,Sem; SFHP courses,,2026-09-24
1043,https://osu.wd1.myworkdayjobs.com/OSUCareers/job/Ross-Heart-Hospital/Staff-Nurse---Cardiovascular-Surgery-and-Transplant_R145206-1,Staff Nurse - Cardiovascular Surgery and Transplant,Unclassified,Full-time,,,,2026-09-24
1043,https://osu.wd1.myworkdayjobs.com/OSUCareers/job/University-Hospital/Patient-Experience-Coordinator_R159360-1,Patient Experience Coordinator,Non-academic,Full-time,,,,2026-09-24
