school_id,posting_url,job_title_in_post,position_type,job_term,department_or_school,area_key_words,deadline_of_application,position_start_date
1625,https://uottawa.wd3.myworkdayjobs.com/uOttawa_External_Career_Site/job/Ottawa-ON/Assistant-Professor---Emerging-Leader-in-Arctic-governance--Indigenous-leadership--community-resilience--or-related-fields_JR38816-1,"Assistant Professor - Emerging Leader in Arctic governance, Indigenous leadership, community resilience, or related fields",Assistant_Professor,Full-time,,Indigenous peoples; climate resilience,,2026-09-04
1625,https://uottawa.wd3.myworkdayjobs.com/uOttawa_External_Career_Site/job/Ottawa-ON/Cupe---Automne-2026---Assistanat-de-recherche---M-Par_JR38874,Cupe - Automne 2026 - Assistanat de recherche - M. Paré,Non-academic,Part-time,,literature concerning the YCJA; crossover youth: research,,2026-09-02
1625,https://uottawa.wd3.myworkdayjobs.com/uOttawa_External_Career_Site/job/Ottawa-ON/APTPUO-Part-Time-Professor-2027-Winter-ELG4126_JR38186,APTPUO Part Time Professor 2027 Winter ELG4126,Full_Professor,Part-time,,APTPUO Part Time,,2026-09-02
1625,https://uottawa.wd3.myworkdayjobs.com/uOttawa_External_Career_Site/job/Ottawa-ON/CUPE--Fall-2026---Teaching-Assistant---ESL-105-F100_JR38869,CUPE: Fall 2026 - Teaching Assistant - ESL 105 F100,Unclassified,Part-time,,Lab Monitor,,2026-09-02
1625,https://uottawa.wd3.myworkdayjobs.com/uOttawa_External_Career_Site/job/Ottawa-ON/Intermediate-Analyst--Prospect-Management_JR38791,,Unclassified,Full-time,,,,
1625,https://uottawa.wd3.myworkdayjobs.com/uOttawa_External_Career_Site/job/Lees-Campus/APEUO-ATPUO-Automne-2026-NUT4502-A-enseignement-clinique--simulations-_JR38868,APEUO-ATPUO_Automne 2026_NUT4502 A enseignement clinique (simulations),Unclassified,Part-time,,,,2026-09-02
1625,https://uottawa.wd3.myworkdayjobs.com/uOttawa_External_Career_Site/job/Ottawa-ON/Directrice-associe-ou-directeur-associ--communications-stratgiques--services-administratifs_JR38862,"Associate Director, Strategic Communications, Administrative Services",Unclassified,Full-time,,,,2026-09-02
1625,https://uottawa.wd3.myworkdayjobs.com/uOttawa_External_Career_Site/job/Ottawa-ON/CORR-F2026-MAT-1700-30h_JR38863-1,,Unclassified,Full-time,,,,
1625,https://uottawa.wd3.myworkdayjobs.com/uOttawa_External_Career_Site/job/Ottawa-ON/APTPUO---Automne-2026---EDU-5590---DS10--Introduction--la-recherche-en-ducation_JR38861,,Unclassified,Full-time,,,,
1625,https://uottawa.wd3.myworkdayjobs.com/uOttawa_External_Career_Site/job/Ottawa-ON/APTPUO---Automne-2026---EDU-5514---C00---Education-dans-une-perspective-autochtone_JR38859,,Unclassified,Full-time,,,,
1625,https://uottawa.wd3.myworkdayjobs.com/uOttawa_External_Career_Site/job/Ottawa-ON/Assistant-Professor---Democracy-and-Technology_JR38846,Assistant Professor - Democracy and Technology,Assistant_Professor,Full-time,School of Public and International Affairs,Democracy and Technology; Faculty’s Master’s; French,"October 31, 2026",2026-09-02
1625,https://uottawa.wd3.myworkdayjobs.com/uOttawa_External_Career_Site/job/Ottawa-ON/CUPE-F2026-RA--96H_JR38857-1,CUPE-F2026-RA -96H,Non-academic,Part-time,,,,2026-09-02
1625,https://uottawa.wd3.myworkdayjobs.com/uOttawa_External_Career_Site/job/Ottawa-ON/APTPUO---Automne-2026---GEG5505-A00_JR38083-1,,Unclassified,Full-time,,,,
1625,https://uottawa.wd3.myworkdayjobs.com/uOttawa_External_Career_Site/job/Main-Campus/Assistant-Professor---Security-and-Defence-Studies_JR38809,2 Tenured-track faculty positions - Security and Defence Studies,Assistant_Professor; Associate_Professor; Full_Professor,Full-time,School of Public and International Affairs,Security and Defence Studies; Faculty’s Master’s; French,"October 31, 2026",2026-09-08
1625,https://uottawa.wd3.myworkdayjobs.com/uOttawa_External_Career_Site/job/Ottawa-ON/APTPUO---Fall-2026---ENG1100-EI00_JR38856,,Unclassified,Full-time,,,,
1625,https://uottawa.wd3.myworkdayjobs.com/uOttawa_External_Career_Site/job/Lees-Campus/Tenure-track-position-in-Neuromotor-Control-and-Motor-Learning_JR38826,Tenure-track position in Neuromotor Control and Motor Learning,Assistant_Professor,Full-time,School of Human Kinetics,Neuromotor Control and Motor Learning; motor learning-related research involving graduate,"November 1, 2026",2026-09-02
1625,https://uottawa.wd3.myworkdayjobs.com/uOttawa_External_Career_Site/job/Smyth-Alta-Vista-General-Hospital-CHEO-Campuses/Research-Librarian--Berkman---Replacement_JR38813,"Research Librarian (Berkman), Replacement",Non-academic,Full-time,,official languages,,2026-09-02
1625,https://uottawa.wd3.myworkdayjobs.com/uOttawa_External_Career_Site/job/Ottawa-ON/CUPE---Automne-2026---COR---POL3771---A00_JR38854,CUPE - Automne 2026 - COR - POL3771 - A00,Unclassified,Part-time,,,,2026-09-01
1625,https://uottawa.wd3.myworkdayjobs.com/uOttawa_External_Career_Site/job/Ottawa-ON/APTPUO---Fall-2026---ANT5100-A00_JR38789,,Unclassified,Full-time,,,,
1625,https://uottawa.wd3.myworkdayjobs.com/uOttawa_External_Career_Site/job/Ottawa-ON/APTPUO---Fall-2026---CMN5131-8112-A00_JR35306,,Unclassified,Full-time,,,,
1625,https://uottawa.wd3.myworkdayjobs.com/uOttawa_External_Career_Site/job/Ottawa-ON/APTPUO---Automne-2026---EDU-5519---C00-DS00---Antiracismes-et-ducation_JR38853,,Unclassified,Full-time,,,,
1625,https://uottawa.wd3.myworkdayjobs.com/uOttawa_External_Career_Site/job/Ottawa-ON/Senior-Executive-Assistant-and-IT-Governance-Coordinator_JR37669,Senior Executive Assistant and IT Governance Coordinator,Non-academic,Full-time,,,,2026-09-01
1625,https://uottawa.wd3.myworkdayjobs.com/uOttawa_External_Career_Site/job/Ottawa-ON/CUPE---Fall-2026---Research-Assistant----Katherine-Moreau---130-h_JR38851,CUPE - Fall 2026 - Research Assistant -  Katherine Moreau - 130 h,Non-academic,Part-time,Faculty of Education,,,2026-09-01
1625,https://uottawa.wd3.myworkdayjobs.com/uOttawa_External_Career_Site/job/Ottawa-ON/Research-Assistant_JR38850,Research Assistant,Non-academic,Part-time,,,,2026-09-01
1625,https://uottawa.wd3.myworkdayjobs.com/uOttawa_External_Career_Site/job/Ottawa-ON/APTPUO-Winter-2027-BCH4172A00_JR38847,APTPUO-Winter 2027 BCH4172A00,Unclassified,Part-time,,,,2026-09-01
1625,https://uottawa.wd3.myworkdayjobs.com/uOttawa_External_Career_Site/job/Ottawa-ON/CUPE---Fall-2026---TA---CMN2158-B00_JR38844,,Unclassified,Full-time,,,,
1625,https://uottawa.wd3.myworkdayjobs.com/uOttawa_External_Career_Site/job/Ottawa-ON/CUPE---Fall-2026---ADM3705---Teaching-Assistant_JR38379,,Unclassified,Full-time,,,,
1625,https://uottawa.wd3.myworkdayjobs.com/uOttawa_External_Career_Site/job/Ottawa-ON/Intermediate-Specialist--Admissions_JR38742,,Unclassified,Full-time,,,,
1625,https://uottawa.wd3.myworkdayjobs.com/uOttawa_External_Career_Site/job/Ottawa-ON/CUPE-Automne-Fall-2026--AE-TA-CEG2136A_JR37407,,Unclassified,Full-time,,,,
1625,https://uottawa.wd3.myworkdayjobs.com/uOttawa_External_Career_Site/job/Ottawa-ON/CUPE-Automne-Fall-2026--AE-TA-CEG2136B_JR37408-1,,Unclassified,Full-time,,,,
1625,https://uottawa.wd3.myworkdayjobs.com/uOttawa_External_Career_Site/job/Ottawa-ON/Manager--Finance_JR38759,"Manager, Finance",Non-academic,Full-time,Faculty of Arts The oldest and one of the biggest faculties,,,2026-08-31
1625,https://uottawa.wd3.myworkdayjobs.com/uOttawa_External_Career_Site/job/Ottawa-ON/Senior-Lead-Veterinarian_JR38241,Veterinarian,Unclassified,Full-time,College of Veterinarians of Ontario,,,2026-09-09
1625,https://uottawa.wd3.myworkdayjobs.com/uOttawa_External_Career_Site/job/Lees-Campus/APTPUO---Automne-2026--NSG7703-Synthse-des-connaissances-en-sciences-infirmires-et-en-sciences-de-la-sant_JR38837,,Unclassified,Full-time,,,,
1625,https://uottawa.wd3.myworkdayjobs.com/uOttawa_External_Career_Site/job/Ottawa-ON/CUPE---Fall-2026---TA---ADM4717_JR37844,,Unclassified,Full-time,,,,
1625,https://uottawa.wd3.myworkdayjobs.com/uOttawa_External_Career_Site/job/Ottawa-ON/CUPE---Fall-2025---TA---STA1391-A00-Descriptive-Statistics_JR38835,CUPE - Fall 2026 - TA - STA1391 A00 Descriptive Statistics,Unclassified,Part-time,,Lab Monitor,,2026-08-31
1625,https://uottawa.wd3.myworkdayjobs.com/uOttawa_External_Career_Site/job/Ottawa-ON/CUPE---Automne-2026---TA---STA1791-A00-Statistique-descriptive_JR38836,CUPE - Automne 2026 - TA - STA1791 A00 Statistique descriptive,Unclassified,Part-time,,Lab Monitor,,2026-08-31
1625,https://uottawa.wd3.myworkdayjobs.com/uOttawa_External_Career_Site/job/Ottawa-ON/ATPUO---Hiver-2027---ADM3738M---Principes-de-ngociation_JR38834,ATPUO - Hiver 2027 - ADM3738M - Principes de négociation,Unclassified,Part-time,,,,2026-08-31
1625,https://uottawa.wd3.myworkdayjobs.com/uOttawa_External_Career_Site/job/Ottawa-ON/APTPUO---Hiver-2027---CML1707-B00---Vrit--rconciliation-et-peuples-autochtones_JR38833,"APTPUO - Hiver 2027 - CML1707 B00 - Vérité, réconciliation et peuples autochtones",Unclassified,Part-time,,,,2026-08-31
1625,https://uottawa.wd3.myworkdayjobs.com/uOttawa_External_Career_Site/job/Ottawa-ON/APTPUO---Hiver-2027---CML3776-M00---Responsabilit-professionnelle_JR38832,APTPUO - Hiver 2027 - CML3776 M00 - Responsabilité professionnelle,Unclassified,Part-time,,,,2026-08-31
1625,https://uottawa.wd3.myworkdayjobs.com/uOttawa_External_Career_Site/job/Ottawa-ON/APTPUO---Hiver-2027---CML4514-A00---tudes-intensives---thme-choisi-en-droit---Traduction-juridique_JR38301-1,APTPUO - Hiver 2027 - CML4514 M00 - Études intensives - thème choisi en droit - Traduction juridique,Unclassified,Part-time,,,,2026-08-31
1625,https://uottawa.wd3.myworkdayjobs.com/uOttawa_External_Career_Site/job/Ottawa-ON/TA--CUPE----MIA5310-B---Fall-2026_JR38831,,Unclassified,Full-time,,,,
1625,https://uottawa.wd3.myworkdayjobs.com/uOttawa_External_Career_Site/job/Ottawa-ON/Intermediate-Interactive-Media-and-Systems-Designer_JR38817,Intermediate Interactive Media and Systems Designer,Unclassified,Full-time,,,,2026-08-31
1625,https://uottawa.wd3.myworkdayjobs.com/uOttawa_External_Career_Site/job/Ottawa-ON/Assistant-Professor-in-Mathematics-and-Statistics_JR38374,Assistant Professor in Mathematics and Statistics,Assistant_Professor,Full-time,Department of Mathematics and Statistics,Mathematics and Statistics; official languages,"November 1, 2026",2026-08-31
1625,https://uottawa.wd3.myworkdayjobs.com/uOttawa_External_Career_Site/job/Ottawa-ON/ATPUO---Winter-2027---ADM3353M---Introduction-to-Real-Estate-Management_JR38828,ATPUO - Winter 2027 - ADM3353M - Introduction to Real Estate Management,Unclassified,Part-time,,,,2026-08-31
1625,https://uottawa.wd3.myworkdayjobs.com/uOttawa_External_Career_Site/job/Ottawa-ON/APTPUO-Prof-tudiant---Hiver-2027---PHI3798-A00_JR38829,APTPUO Prof. étudiant - Hiver 2027 - PHI3798-A00,Unclassified,Part-time,,,,2026-08-31
1625,https://uottawa.wd3.myworkdayjobs.com/uOttawa_External_Career_Site/job/Ottawa-ON/APTPUO---Automne-2026---ENV-GEG3502-A00_JR34908,,Unclassified,Full-time,,,,
1625,https://uottawa.wd3.myworkdayjobs.com/uOttawa_External_Career_Site/job/Ottawa-ON/CUPE---PSY2514-A00----Automne-2026_JR38827,,Unclassified,Full-time,,,,
1625,https://uottawa.wd3.myworkdayjobs.com/uOttawa_External_Career_Site/job/Ottawa-ON/APTPUO---Winter-2027---GEG-ENV4104--Section-A_JR38815,"APTPUO - Winter 2027 - GEG/ENV4104, Section A",Unclassified,Part-time,,,,2026-08-31
1625,https://uottawa.wd3.myworkdayjobs.com/uOttawa_External_Career_Site/job/Ottawa-ON/Associate-Supervisor--Animal-Care-Operations_JR38747,"Associate Supervisor, Animal Care Operations",Non-academic,Full-time,,,,2026-08-31
1625,https://uottawa.wd3.myworkdayjobs.com/uOttawa_External_Career_Site/job/Ottawa-ON/Technician-I--Animal-Care_JR38819,"Technician I, Animal Care",Non-academic,Full-time,,,,2026-08-31
1625,https://uottawa.wd3.myworkdayjobs.com/uOttawa_External_Career_Site/job/Ottawa-ON/CUPE---Fall-2026---Corrector---CHM2120C--80H_JR38823,,Unclassified,Full-time,,,,
1625,https://uottawa.wd3.myworkdayjobs.com/uOttawa_External_Career_Site/job/Ottawa-ON/CUPE---TA---Fall-2026---ART1360-A---History-of-Art-I_JR38777,,Unclassified,Full-time,,,,
1625,https://uottawa.wd3.myworkdayjobs.com/uOttawa_External_Career_Site/job/Ottawa-ON/APTPUO---Hiver-2027---APA-4518-M00---Fondements-biomcaniques-des-blessures_JR38822,APTPUO - Hiver 2027 - APA 4518 M00 - Fondements biomécaniques des blessures,Unclassified,Part-time,,university setting,,2026-08-28
1625,https://uottawa.wd3.myworkdayjobs.com/uOttawa_External_Career_Site/job/Ottawa-ON/APTPUO---Fall-2026---AHL3150-AHL3550-A00_JR38821,APTPUO - Fall 2026 - AHL3150/AHL3550-A00,Unclassified,Part-time,,,,2026-08-28
1625,https://uottawa.wd3.myworkdayjobs.com/uOttawa_External_Career_Site/job/Ottawa-ON/Research-Assistant_JR38820-1,Research Assistant,Non-academic,Part-time,,,,2026-08-28
1625,https://uottawa.wd3.myworkdayjobs.com/uOttawa_External_Career_Site/job/Ottawa-ON/APTPUO---Winter-2026---GEG3106-A_JR38818,APTPUO Student - GEG3106 A - Winter 2027,Unclassified,Part-time,,,,2026-08-28
1625,https://uottawa.wd3.myworkdayjobs.com/uOttawa_External_Career_Site/job/Ottawa-ON/Cupe--Automne-2026---Assistante-d-enseignement-A-Rochette_JR38814,,Unclassified,Full-time,,,,
1625,https://uottawa.wd3.myworkdayjobs.com/uOttawa_External_Career_Site/job/Ottawa-ON/CUPE---TA---Fall-2026---ART4119A---Curating-for-Contemporary-Art_JR38768,,Unclassified,Full-time,,,,
1625,https://uottawa.wd3.myworkdayjobs.com/uOttawa_External_Career_Site/job/Ottawa-ON/CUPE--TA---Fall-2026---ART2923A---Sculpture-and-Transformation_JR38775,,Unclassified,Full-time,,,,
1625,https://uottawa.wd3.myworkdayjobs.com/uOttawa_External_Career_Site/job/Ottawa-ON/CUPE--TA---Fall-2026--ART1341A---Introduction-to-Media-Arts_JR38770,,Unclassified,Full-time,,,,
1625,https://uottawa.wd3.myworkdayjobs.com/uOttawa_External_Career_Site/job/Lees-Campus/APEUO-ATPUO-Winter-2027-NUT42442-M01-2--LAB-_JR38807,APEUO-ATPUO_Winter 2027_NUT42442 M01-2 (LAB),Unclassified,Part-time,,,,2026-08-28
1625,https://uottawa.wd3.myworkdayjobs.com/uOttawa_External_Career_Site/job/Ottawa-ON/CUPE---TA---Fall-2026----ART3953-A---Drawing-IV--Expressivity_JR38774,,Unclassified,Full-time,,,,
1625,https://uottawa.wd3.myworkdayjobs.com/uOttawa_External_Career_Site/job/Ottawa-ON/CUPE---TA---AutFall-2026---ART4987A---pratiques-professionels---professional-Practices-in-Art_JR38771,,Unclassified,Full-time,,,,
1625,https://uottawa.wd3.myworkdayjobs.com/uOttawa_External_Career_Site/job/Ottawa-ON/CUPE--TA---Fall-2026---ART3916A---Painting-and-Source_JR38776,,Unclassified,Full-time,,,,
1625,https://uottawa.wd3.myworkdayjobs.com/uOttawa_External_Career_Site/job/Ottawa-ON/CUPE---TA---Fall-2026---ART4986--1--A---B----Atelier-intensif--Intensive-studio-practice_JR38740,,Unclassified,Full-time,,,,
1625,https://uottawa.wd3.myworkdayjobs.com/uOttawa_External_Career_Site/job/Ottawa-ON/Cupe--Automne-2026---Correcteur-d-examens---L-Ricard_JR38811-1,,Unclassified,Full-time,,,,
1625,https://uottawa.wd3.myworkdayjobs.com/uOttawa_External_Career_Site/job/Ottawa-ON/Intermediate-Technician--User-Engagement---Part-Time_JR38804,,Unclassified,Full-time,,,,
1625,https://uottawa.wd3.myworkdayjobs.com/uOttawa_External_Career_Site/job/Ottawa-ON/Senior-Officer--Graduate-Studies-Administration_JR38802,,Unclassified,Full-time,,,,
1625,https://uottawa.wd3.myworkdayjobs.com/uOttawa_External_Career_Site/job/Lees-Campus/APEUO-ATPUO-Winter-2027-NUT42442-M01--LAB-_JR38806,APEUO-ATPUO_Winter 2027_NUT42442 M01 (LAB),Unclassified,Part-time,,,,2026-08-27
1625,https://uottawa.wd3.myworkdayjobs.com/uOttawa_External_Career_Site/job/Ottawa-ON/Research-Assistant_JR38805,Research Assistant,Non-academic,Part-time,,,,2026-08-27
1625,https://uottawa.wd3.myworkdayjobs.com/uOttawa_External_Career_Site/job/Lees-Campus/SCFP---Automne-2026--NSG---Assistant-de-recherche---Coordonnation-du-groupe-de-discussion-francophone-PANDC-BIPOC-Automne-2026_JR38803,SCFP – Automne 2026- NSG – Assistant de recherche - Coordonnation du groupe de discussion francophone PANDC-BIPOC Automne 2026,Non-academic,Part-time,,,,2026-08-27
1625,https://uottawa.wd3.myworkdayjobs.com/uOttawa_External_Career_Site/job/Lees-Campus/CUPE---Fall-2026---NSG---Research-Assistant----Community-of-Practice-discussion-group-coordinator_JR38801,CUPE – Fall 2026 - NSG - Research Assistant -  Community of Practice discussion group coordinator,Non-academic,Part-time,Centre for Research on Health and Nursing,Nursing; Health,,2026-08-27
1625,https://uottawa.wd3.myworkdayjobs.com/uOttawa_External_Career_Site/job/Ottawa-ON/Intermediate-Specialist--Student-Recruitment_JR38763,,Unclassified,Full-time,,,,
1625,https://uottawa.wd3.myworkdayjobs.com/uOttawa_External_Career_Site/job/Ottawa-ON/Administrative-Assistant_JR38800,,Unclassified,Full-time,,,,
1625,https://uottawa.wd3.myworkdayjobs.com/uOttawa_External_Career_Site/job/Lees-Campus/CUPE---Fall-2026---NSG---Research-Assistant---BIPOC-Health-Sciences-Student-Group-Coordinator_JR38799,CUPE – Fall 2026 - NSG - Research Assistant - BIPOC Health Sciences Student Group Coordinator,Non-academic,Part-time,Centre for Research on Health and Nursing,People of Colour; Nursing,,2026-08-27
1625,https://uottawa.wd3.myworkdayjobs.com/uOttawa_External_Career_Site/job/Lees-Campus/CUPE---Fall-2026---NSG---Research-Assistant----Post-Colonial-Hub_JR38797,CUPE – Fall 2026 - NSG - Research Assistant -  Post-Colonial Hub,Non-academic,Part-time,,,,2026-08-27
1625,https://uottawa.wd3.myworkdayjobs.com/uOttawa_External_Career_Site/job/Lees-Campus/CUPE---Fall-2026---NSG---Research-Assistant----Palliative-Care-and-Nursing-Ethics-Hub_JR38796,,Unclassified,Full-time,,,,
1625,https://uottawa.wd3.myworkdayjobs.com/uOttawa_External_Career_Site/job/Ottawa-ON/CUPE---Fall-2026---Research-Assistant---D-Sarro_JR38792,CUPE - Fall 2026 - Research Assistant - D. Sarro,Research_Fellow,Part-time,,,,2026-08-27
1625,https://uottawa.wd3.myworkdayjobs.com/uOttawa_External_Career_Site/job/Lees-Campus/APEUO-ATPUO-Hiver-2027-NUT1550-M_JR38790,APEUO-ATPUO_Hiver 2027_NUT1550 M,Unclassified,Part-time,,,,2026-08-27
1625,https://uottawa.wd3.myworkdayjobs.com/uOttawa_External_Career_Site/job/Lees-Campus/APEUO-ATPUO-Winter-2027-NUT1150-M_JR38788,APEUO-ATPUO_Winter 2027_NUT1150 M,Unclassified,Part-time,,,,2026-08-27
1625,https://uottawa.wd3.myworkdayjobs.com/uOttawa_External_Career_Site/job/Ottawa-ON/CUPE---Fall-2026---Research-Assistant---M-Katsivela_JR38785,CUPE - Fall 2026 - Research Assistant - M. Katsivela,Non-academic,Part-time,,,,2026-08-27
1625,https://uottawa.wd3.myworkdayjobs.com/uOttawa_External_Career_Site/job/Ottawa-ON/APTPUO---Winter-2027---API5136E_JR38783,APTPUO - Winter 2027 - API5136E,Unclassified,Part-time,,quantitative research; defence studies,,2026-08-27
1625,https://uottawa.wd3.myworkdayjobs.com/uOttawa_External_Career_Site/job/Ottawa-ON/ATPUO---Winter-2027---ADM4319M---Strategic-Management-in-Developing-and-Emerging-Economies_JR38782,ATPUO - Winter 2027 - ADM4319M - Strategic Management in Developing and Emerging Economies,Unclassified,Part-time,,,,2026-08-27
1625,https://uottawa.wd3.myworkdayjobs.com/uOttawa_External_Career_Site/job/Ottawa-ON/Intermediate-Analyst--Advancement-Services_JR38751,,Unclassified,Full-time,,,,
1625,https://uottawa.wd3.myworkdayjobs.com/uOttawa_External_Career_Site/job/Ottawa-ON/Intermediate-Specialist--Academic-Avising_JR37088,,Unclassified,Full-time,,,,
1625,https://uottawa.wd3.myworkdayjobs.com/uOttawa_External_Career_Site/job/Ottawa-ON/Lead-Technical-Designer--Information-Technology_JR38735,,Unclassified,Full-time,,,,
1625,https://uottawa.wd3.myworkdayjobs.com/uOttawa_External_Career_Site/job/Ottawa-ON/Senior-Information-Officer--International-Market-Development_JR38761,,Unclassified,Full-time,,,,
1625,https://uottawa.wd3.myworkdayjobs.com/uOttawa_External_Career_Site/job/Ottawa-ON/Senior-Specialist--Communications-and-Marketing-Strategy_JR38453,,Unclassified,Full-time,,,,
1625,https://uottawa.wd3.myworkdayjobs.com/uOttawa_External_Career_Site/job/Ottawa-ON/Senior-Specialist--Communications-and-Marketing-Strategy_JR38459,,Unclassified,Full-time,,,,
1625,https://uottawa.wd3.myworkdayjobs.com/uOttawa_External_Career_Site/job/Ottawa-ON/Senior-Specialist--Communications-and-Marketing-Strategy_JR38658,,Unclassified,Full-time,,,,
1625,https://uottawa.wd3.myworkdayjobs.com/uOttawa_External_Career_Site/job/Main-Campus/ATPUO---Winter-2027---ADM4311M---Strategic-Management_JR38772,ATPUO - Winter 2027 - ADM4311M - Strategic Management,Unclassified,Part-time,,,,2026-08-26
1625,https://uottawa.wd3.myworkdayjobs.com/uOttawa_External_Career_Site/job/Ottawa-ON/Assistant-Professor---in-Artificial-Intelligence-Ethics_JR38647,Assistant Professor - in Artificial Intelligence Ethics,Assistant_Professor,Full-time,Department of Philosophy in the Faculty of Arts,Artificial Intelligence Ethics; normative underpinnings of artificial intelligence,"October 16, 2026",2026-08-26
1625,https://uottawa.wd3.myworkdayjobs.com/uOttawa_External_Career_Site/job/Ottawa-ON/Proctor---Adapted-Exam-Centre_JR38755,,Unclassified,Full-time,,,,
1625,https://uottawa.wd3.myworkdayjobs.com/uOttawa_External_Career_Site/job/Ottawa-ON/Assistant-professor---Franco-Ontarian-and-Canadian-Francophone-Literatures_JR38660,Assistant professor - Franco-Ontarian and Canadian Francophone Literatures,Assistant_Professor,Full-time,Department of French in the Faculty of Arts,Canadian Francophone; French,"October 16, 2026",2026-08-26
1625,https://uottawa.wd3.myworkdayjobs.com/uOttawa_External_Career_Site/job/Ottawa-ON/TA--CUPE----SED1515-A---Fall-2026_JR38753,,Unclassified,Full-time,,,,
1625,https://uottawa.wd3.myworkdayjobs.com/uOttawa_External_Career_Site/job/Lees-Campus/APEUO---Automne-2026---ERG5741-Atteintes--la-sant-des-enfants-et-approches-d-intervention---Composante-Activit-interprofessionnelle--volet-ergothrapie--_JR38750,APEUO - Automne 2026 - ERG5741 Atteintes à la santé des enfants et approches d'intervention  (Composante Activité interprofessionnelle (volet ergothérapie)),Unclassified,Part-time,,,,2026-08-26
1625,https://uottawa.wd3.myworkdayjobs.com/uOttawa_External_Career_Site/job/Main-Campus/ATPUO---Winter-2027---ADM1370Q---Applications-of-Information-Technology-for-Business_JR38426,ATPUO - Winter 2027 - ADM1370Q - Applications of Information Technology for Business,Research_Fellow,Part-time,,,,2026-08-26
1625,https://uottawa.wd3.myworkdayjobs.com/uOttawa_External_Career_Site/job/Lees-Campus/APEUO---Automne-2026---ERG5741-Atteintes--la-sant-des-enfants-et-approches-d-intervention---Composante-Activit-interprofessionnelle--volet-orthophonie--_JR38749,APEUO - Automne 2026 - ERG5741 Atteintes à la santé des enfants et approches d'intervention  (Composante Activité interprofessionnelle (volet orthophonie)),Unclassified,Part-time,,,,2026-08-26
1625,https://uottawa.wd3.myworkdayjobs.com/uOttawa_External_Career_Site/job/Lees-Campus/APEUO---Automne-2026---ERG5741-Atteintes--la-sant-des-enfants-et-approches-d-intervention---Composante-Activit-interprofessionnelle--volet-ducation--_JR38748,APEUO - Automne 2026 - ERG5741 Atteintes à la santé des enfants et approches d'intervention  (Composante Activité interprofessionnelle (volet éducation)),Unclassified,Part-time,,,,2026-08-26
1625,https://uottawa.wd3.myworkdayjobs.com/uOttawa_External_Career_Site/job/Ottawa-ON/Assistant-Professor---Medieval-and-or-transregional-history--7th-16th-centuries_JR38632-1,"Assistant Professor - Medieval and/or transregional history, 7th-16th centuries",Assistant_Professor,Full-time,Department of History,transregional history; medieval,"October 16, 2026",2026-08-26
1625,https://uottawa.wd3.myworkdayjobs.com/uOttawa_External_Career_Site/job/Lees-Campus/APEUO---Automne-2026---ERG5741-Atteintes--la-sant-des-enfants-et-approches-d-intervention---Composante-Activit-interprofessionnelle--Coordination--_JR38746,APEUO - Automne 2026 - ERG5741 Atteintes à la santé des enfants et approches d'intervention  (Composante Activité interprofessionnelle (Coordination)),Unclassified,Part-time,,,,2026-08-26
1625,https://uottawa.wd3.myworkdayjobs.com/uOttawa_External_Career_Site/job/Ottawa-ON/TA--CUPE----EMP6362-A---Fall-2026_JR38744,,Unclassified,Full-time,,,,
1625,https://uottawa.wd3.myworkdayjobs.com/uOttawa_External_Career_Site/job/Ottawa-ON/TA--CUPE----EMP5101-A---Fall-2026_JR38743,,Unclassified,Full-time,,,,
1625,https://uottawa.wd3.myworkdayjobs.com/uOttawa_External_Career_Site/job/Ottawa-ON/TA--CUPE----EMP5250-A---Fall-2026_JR38700,,Unclassified,Full-time,,,,
1625,https://uottawa.wd3.myworkdayjobs.com/uOttawa_External_Career_Site/job/Ottawa-ON/TA--CUPE----EMP5241-A---Fall-2026_JR38699,,Unclassified,Full-time,,,,
1625,https://uottawa.wd3.myworkdayjobs.com/uOttawa_External_Career_Site/job/Ottawa-ON/TA--CUPE----EMP5235-A---Fall-2026_JR38698,,Unclassified,Full-time,,,,
1625,https://uottawa.wd3.myworkdayjobs.com/uOttawa_External_Career_Site/job/Ottawa-ON/CUPE---Fall-2026---ECH2310A--TA-_JR38739,,Unclassified,Full-time,,,,
1625,https://uottawa.wd3.myworkdayjobs.com/uOttawa_External_Career_Site/job/Main-Campus/APTPUO---Hiver-2027---APA3518-M00---Loisir--sport-et-dveloppement-communautaire_JR38737,"APTPUO - Hiver 2027 - APA3518 M00 - Loisir, sport et développement communautaire",Unclassified,Part-time,,university setting,,2026-08-25
1625,https://uottawa.wd3.myworkdayjobs.com/uOttawa_External_Career_Site/job/Main-Campus/APTPUO---Winter-2027---APA-3324-M00---Techniques-and-Strategies-in-Sport_JR38734,APTPUO - Winter 2027 - APA 3324 M00 - Techniques and Strategies in Sport,Unclassified,Part-time,,university setting,,2026-08-25
1625,https://uottawa.wd3.myworkdayjobs.com/uOttawa_External_Career_Site/job/Lees-Campus/CUPE---Automne-2026---Assistanat-d-enseignement---REA5703-Pratiques-professionnelles-en-radaptation--Volet-ergothrapie--CUPE-Fall-2026---Teaching-Assistantship---REA5703-Pratiques-professionnelles-en-radaptation--Occupational-Therapy-component-_JR38729,CUPE - Automne 2026 - Assistanat d'enseignement - REA5703 Pratiques professionnelles en réadaptation (Volet ergothérapie)/CUPE Fall 2026 - Teaching Assistantship - REA5703 Pratiques professionnelles en réadaptation (Occupational Therapy component),Unclassified,Part-time,,Lab Monitor,,2026-08-25
1625,https://uottawa.wd3.myworkdayjobs.com/uOttawa_External_Career_Site/job/Ottawa-ON/ATPUO---Winter-2027---ADM3355M---Fintech_JR38727-1,ATPUO - Winter 2027 - ADM3355M - Fintech,Unclassified,Part-time,,,,2026-08-25
1625,https://uottawa.wd3.myworkdayjobs.com/uOttawa_External_Career_Site/job/Main-Campus/ATPUO---Winter-2027---ADM3352N---Portfolio-Management_JR38726,ATPUO - Winter 2027 - ADM3352N - Portfolio Management,Unclassified,Part-time,,,,2026-08-25
1625,https://uottawa.wd3.myworkdayjobs.com/uOttawa_External_Career_Site/job/Main-Campus/ATPUO---Winter-2027---ADM3352M---Portfolio-Management_JR38725,ATPUO - Winter 2027 - ADM3352M - Portfolio Management,Unclassified,Part-time,,,,2026-08-25
1625,https://uottawa.wd3.myworkdayjobs.com/uOttawa_External_Career_Site/job/Main-Campus/ATPUO---Winter-2027---ADM3351M---Fixed-Income-Investments_JR38724-1,ATPUO - Winter 2027 - ADM3351M - Fixed Income Investments,Unclassified,Part-time,,,,2026-08-25
1625,https://uottawa.wd3.myworkdayjobs.com/uOttawa_External_Career_Site/job/Main-Campus/ATPUO---Hiver-2027---ADM3754M---Modlisation-financire_JR38723,ATPUO - Hiver 2027 - ADM3754M - Modélisation financière,Unclassified,Part-time,,,,2026-08-24
1625,https://uottawa.wd3.myworkdayjobs.com/uOttawa_External_Career_Site/job/Ottawa-ON/Assistant-professor---Urban-Sustainability_JR38643-1,Assistant professor - Urban Sustainability,Assistant_Professor,Full-time,"Department of Geography, Environment and Geomatics",Urban Sustainability; French,"October 16, 2026",2026-08-24
1625,https://uottawa.wd3.myworkdayjobs.com/uOttawa_External_Career_Site/job/Main-Campus/ATPUO---Hiver-2027---ADM3752M---Gestion-de-portefeuille_JR38722,ATPUO - Hiver 2027 - ADM3752M - Gestion de portefeuille,Unclassified,Part-time,,,,2026-08-24
1625,https://uottawa.wd3.myworkdayjobs.com/uOttawa_External_Career_Site/job/Main-Campus/ATPUO---Hiver-2027---ADM3746M---Prix-de-revient_JR38721,ATPUO - Hiver 2027 - ADM3746M - Prix de revient,Unclassified,Part-time,,,,2026-08-24
1625,https://uottawa.wd3.myworkdayjobs.com/uOttawa_External_Career_Site/job/Main-Campus/ATPUO---Hiver-2027---ADM3718N---Commerce-international_JR38720,ATPUO - Hiver 2027 - ADM3718N - Commerce international,Unclassified,Part-time,,,,2026-08-24
1625,https://uottawa.wd3.myworkdayjobs.com/uOttawa_External_Career_Site/job/Main-Campus/ATPUO---Hiver-2027---ADM3718M---Commerce-international_JR38719,ATPUO - Hiver 2027 - ADM3718M - Commerce international,Unclassified,Part-time,,,,2026-08-24
1625,https://uottawa.wd3.myworkdayjobs.com/uOttawa_External_Career_Site/job/Main-Campus/ATPUO---Hiver-2027---ADM3713M---Cration-d-une-nouvelle-entreprise_JR38718,ATPUO - Hiver 2027 - ADM3713M - Création d'une nouvelle entreprise,Unclassified,Part-time,,,,2026-08-24
1625,https://uottawa.wd3.myworkdayjobs.com/uOttawa_External_Career_Site/job/Ottawa-ON/ATPUO---Hiver-2027---ADM3702M---Gestion-de-la-chane-d-approvisionnement_JR38717,ATPUO - Hiver 2027 - ADM3702M - Gestion de la chaîne d'approvisionnement,Unclassified,Part-time,,,,2026-08-24
1625,https://uottawa.wd3.myworkdayjobs.com/uOttawa_External_Career_Site/job/Main-Campus/ATPUO---Winter-2027---ADM4317M---Leadership--Strategy-and-Sustainability_JR38716,"ATPUO - Winter 2027 - ADM4317M - Leadership, Strategy and Sustainability",Unclassified,Part-time,,,,2026-08-24
1625,https://uottawa.wd3.myworkdayjobs.com/uOttawa_External_Career_Site/job/Ottawa-ON/ATPUO---Winter-2027---ADM3349A---Auditing-Theory_JR38715,ATPUO - Winter 2027 - ADM3349A - Auditing Theory,Unclassified,Part-time,,,,2026-08-24
1625,https://uottawa.wd3.myworkdayjobs.com/uOttawa_External_Career_Site/job/Main-Campus/ATPUO---Winter-2027---ADM3346M---Cost-Accounting_JR38713,ATPUO - Winter 2027 - ADM3346M - Cost Accounting,Unclassified,Part-time,,,,2026-08-24
1625,https://uottawa.wd3.myworkdayjobs.com/uOttawa_External_Career_Site/job/Ottawa-ON/ATPUO---Winter-2027---ADM3345M---Taxation-I_JR38712-1,,Unclassified,Full-time,,,,
1625,https://uottawa.wd3.myworkdayjobs.com/uOttawa_External_Career_Site/job/Main-Campus/ATPUO---Winter-2027----ADM3326M---Advertising-and-Sales-Promotion-Management_JR38711,ATPUO - Winter 2027  - ADM3326M - Advertising and Sales Promotion Management,Unclassified,Part-time,,,,2026-08-24
1625,https://uottawa.wd3.myworkdayjobs.com/uOttawa_External_Career_Site/job/Main-Campus/ATPUO---Winter-2027---ADM3323M---Market-Research_JR38710,ATPUO - Winter 2027 - ADM3323M - Market Research,Unclassified,Part-time,,not they; market research,,2026-08-24
1625,https://uottawa.wd3.myworkdayjobs.com/uOttawa_External_Career_Site/job/Ottawa-ON/Assistant-Professor---Library-Science_JR38639,Assistant Professor - Library Science,Assistant_Professor,Full-time,School of Information Studies,Library Science,,2026-08-24
1625,https://uottawa.wd3.myworkdayjobs.com/uOttawa_External_Career_Site/job/Ottawa-ON/ATPUO---Winter-2027---ADM3322N---Services-Marketing_JR38709-1,ATPUO - Winter 2027 - ADM3322N - Services Marketing,Unclassified,Part-time,,,,2026-08-24
1625,https://uottawa.wd3.myworkdayjobs.com/uOttawa_External_Career_Site/job/Ottawa-ON/ATPUO---Winter-2027---ADM3322M---Services-Marketing_JR38708,ATPUO - Winter 2027 - ADM3322M - Services Marketing,Unclassified,Part-time,,,,2026-08-24
1625,https://uottawa.wd3.myworkdayjobs.com/uOttawa_External_Career_Site/job/Main-Campus/ATPUO---Winter-2027---ADM3318Q---International-Business_JR38707,ATPUO - Winter 2027 - ADM3318Q - International Business,Unclassified,Part-time,,,,2026-08-24
1625,https://uottawa.wd3.myworkdayjobs.com/uOttawa_External_Career_Site/job/Main-Campus/ATPUO---Winter-2027---ADM3318M---International-Business_JR38706,ATPUO - Winter 2027 - ADM3318M - International Business,Unclassified,Part-time,,,,2026-08-24
1625,https://uottawa.wd3.myworkdayjobs.com/uOttawa_External_Career_Site/job/Main-Campus/ATPUO---Winter-2027---ADM3316M---Competitive-intelligence_JR38705,ATPUO - Winter 2027 - ADM3316M - Competitive intelligence,Unclassified,Part-time,,,,2026-08-24
1625,https://uottawa.wd3.myworkdayjobs.com/uOttawa_External_Career_Site/job/Ottawa-ON/ATPUO---Winter-2027---ADM3308M---Business-Data-Mining_JR38704,ATPUO - Winter 2027 - ADM3308M - Business Data Mining,Unclassified,Part-time,,,,2026-08-24
1625,https://uottawa.wd3.myworkdayjobs.com/uOttawa_External_Career_Site/job/Ottawa-ON/Assistant-professor-in-Cultural-Media-Industries-and-Digital-Cultures_JR38621,Assistant professor in Cultural/Media Industries and Digital Cultures,Assistant_Professor,Full-time,Department of Communication The Department of Communication,Cultural/Media Industries and Digital Cultures; digital humanities methods; digital archiving,"October 16, 2026",2026-08-24
1625,https://uottawa.wd3.myworkdayjobs.com/uOttawa_External_Career_Site/job/Main-Campus/ATPUO---Winter-2027---ADM3301P---Operations-Management_JR38703,ATPUO - Winter 2027 - ADM3301P - Operations Management,Unclassified,Part-time,,,,2026-08-24
1625,https://uottawa.wd3.myworkdayjobs.com/uOttawa_External_Career_Site/job/Ottawa-ON/Senior-Manager--HR-Applications-and-Support_JR38073-1,"Senior Manager, HR Applications and Support",Assistant_Professor; Associate_Professor; Full_Professor,Full-time,,,,2026-09-08
1625,https://uottawa.wd3.myworkdayjobs.com/uOttawa_External_Career_Site/job/Lees-Campus/APTPUO---Automne-2026---PHS3700_JR38697,,Unclassified,Full-time,,,,
1625,https://uottawa.wd3.myworkdayjobs.com/uOttawa_External_Career_Site/job/Main-Campus/ATPUO---Hiver-2027---ADM1501M---Gestion---Socit_JR38439,ATPUO - Hiver 2027 - ADM1501M - Gestion & Société,Unclassified,Part-time,,,,2026-08-24
1625,https://uottawa.wd3.myworkdayjobs.com/uOttawa_External_Career_Site/job/Main-Campus/ATPUO---Hiver-2027---ADM1700M---Introduction--la-gestion_JR38440,ATPUO - Hiver 2027 - ADM1700M - Introduction à la gestion,Unclassified,Part-time,,,,2026-08-24
1625,https://uottawa.wd3.myworkdayjobs.com/uOttawa_External_Career_Site/job/Main-Campus/ATPUO---Hiver-2027---ADM1740N---Comptabilit-financire_JR38441,ATPUO - Hiver 2027 - ADM1740N - Comptabilité financière,Unclassified,Part-time,,,,2026-08-24
1625,https://uottawa.wd3.myworkdayjobs.com/uOttawa_External_Career_Site/job/Main-Campus/ATPUO---Hiver-2027---ADM1740P---Comptabilit-financire_JR38442-1,ATPUO - Hiver 2027 - ADM1740P - Comptabilité financière,Unclassified,Part-time,,,,2026-08-24
1625,https://uottawa.wd3.myworkdayjobs.com/uOttawa_External_Career_Site/job/Ottawa-ON/ATPUO---Hiver-2027---ADM1770M---Applications-des-technologies-de-l-information-en-gestion_JR38443,ATPUO - Hiver 2027 - ADM1770M - Applications des technologies de l'information en gestion,Unclassified,Part-time,,,,2026-08-24
1625,https://uottawa.wd3.myworkdayjobs.com/uOttawa_External_Career_Site/job/Ottawa-ON/ATPUO---Hiver-2027---ADM1770N---Applications-des-technologies-de-l-information-en-gestion_JR38444,ATPUO - Hiver 2027 - ADM1770N - Applications des technologies de l'information en gestion,Unclassified,Part-time,,,,2026-08-24
1625,https://uottawa.wd3.myworkdayjobs.com/uOttawa_External_Career_Site/job/Ottawa-ON/ATPUO---Hiver-2027---ADM1770P---Applications-des-technologies-de-l-information-en-gestion_JR38445,ATPUO - Hiver 2027 - ADM1770P - Applications des technologies de l'information en gestion,Unclassified,Part-time,,,,2026-08-24
1625,https://uottawa.wd3.myworkdayjobs.com/uOttawa_External_Career_Site/job/Main-Campus/ATPUO---Hiver-2027---ADM2702M---Analytique-de-gestion_JR38579,ATPUO - Hiver 2027 - ADM2702M - Analytique de gestion,Unclassified,Part-time,,,,2026-08-24
1625,https://uottawa.wd3.myworkdayjobs.com/uOttawa_External_Career_Site/job/Main-Campus/ATPUO---Hiver-2027---ADM2702N---Analytique-de-gestion_JR38580,ATPUO - Hiver 2027 - ADM2702N - Analytique de gestion,Unclassified,Part-time,,,,2026-08-24
1625,https://uottawa.wd3.myworkdayjobs.com/uOttawa_External_Career_Site/job/Main-Campus/ATPUO---Hiver-2027---ADM2736M---Comportement-organisationnel_JR38582,ATPUO - Hiver 2027 - ADM2736M - Comportement organisationnel,Unclassified,Part-time,,,,2026-08-24
1625,https://uottawa.wd3.myworkdayjobs.com/uOttawa_External_Career_Site/job/Main-Campus/ATPUO---Hiver-2027---ADM2741M---Comptabilit-de-gestion_JR38583,ATPUO - Hiver 2027 - ADM2741M - Comptabilité de gestion,Unclassified,Part-time,,,,2026-08-24
1625,https://uottawa.wd3.myworkdayjobs.com/uOttawa_External_Career_Site/job/Main-Campus/ATPUO---Hiver-2027---ADM2741N---Comptabilit-de-gestion_JR38584,ATPUO - Hiver 2027 - ADM2741N - Comptabilité de gestion,Unclassified,Part-time,,,,2026-08-24
1625,https://uottawa.wd3.myworkdayjobs.com/uOttawa_External_Career_Site/job/Main-Campus/ATPUO---Hiver-2027---ADM2750M---Gestion-financire_JR38588,ATPUO - Hiver 2027 - ADM2750M - Gestion financière,Unclassified,Part-time,,,,2026-08-24
1625,https://uottawa.wd3.myworkdayjobs.com/uOttawa_External_Career_Site/job/Main-Campus/ATPUO---Hiver-2027---ADM2750P---Gestion-financire_JR38589,ATPUO - Hiver 2027 - ADM2750P - Gestion financière,Unclassified,Part-time,,,,2026-08-24
1625,https://uottawa.wd3.myworkdayjobs.com/uOttawa_External_Career_Site/job/Main-Campus/ATPUO---Hiver-2027---ADM2752M---Thorie-financire_JR38590,ATPUO - Hiver 2027 - ADM2752M - Théorie financière,Unclassified,Part-time,,,,2026-08-24
1625,https://uottawa.wd3.myworkdayjobs.com/uOttawa_External_Career_Site/job/Main-Campus/ATPUO---Hiver-2027---ADM2781M---Habilets-de-communications-d-affaires_JR38591,ATPUO - Hiver 2027 - ADM2781M - Habiletés de communications d'affaires,Unclassified,Part-time,,,,2026-08-24
1625,https://uottawa.wd3.myworkdayjobs.com/uOttawa_External_Career_Site/job/Main-Campus/ATPUO---Hiver-2027---ADM4711M---Management-stratgique_JR38594,ATPUO - Hiver 2027 - ADM4711M - Management stratégique,Unclassified,Part-time,,,,2026-08-24
1625,https://uottawa.wd3.myworkdayjobs.com/uOttawa_External_Career_Site/job/Main-Campus/ATPUO---Hiver-2027---ADM4711P---Management-stratgique_JR38595,ATPUO - Hiver 2027 - ADM4711P - Management stratégique,Unclassified,Part-time,,,,2026-08-24
1625,https://uottawa.wd3.myworkdayjobs.com/uOttawa_External_Career_Site/job/Ottawa-ON/ATPUO---Hiver-2027---ADM4719M---Gestion-stratgique-dans-les-conomies-en-dveloppement-et-mergentes_JR38596-1,ATPUO - Hiver 2027 - ADM4719M - Gestion stratégique dans les économies en développement et émergentes,Unclassified,Part-time,,,,2026-08-24
1625,https://uottawa.wd3.myworkdayjobs.com/uOttawa_External_Career_Site/job/Ottawa-ON/ATPUO---Hiver-2027---ADM4722M---Stratgie-du-marketing_JR38597,ATPUO - Hiver 2027 - ADM4722M - Stratégie du marketing,Unclassified,Part-time,,,,2026-08-24
1625,https://uottawa.wd3.myworkdayjobs.com/uOttawa_External_Career_Site/job/Main-Campus/ATPUO---Hiver-2027---ADM4736M---Sant-et-scurit-au-travail_JR38598,ATPUO - Hiver 2027 - ADM4736M - Santé et sécurité au travail,Unclassified,Part-time,,,,2026-08-24
1625,https://uottawa.wd3.myworkdayjobs.com/uOttawa_External_Career_Site/job/Main-Campus/ATPUO---Hiver-2027---ADM4744M---Fiscalit-II_JR38599,ATPUO - Hiver 2027 - ADM4744M - Fiscalité II,Unclassified,Part-time,,,,2026-08-24
1625,https://uottawa.wd3.myworkdayjobs.com/uOttawa_External_Career_Site/job/Ottawa-ON/ATPUO---Hiver-2027---ADM4745M---Systmes-de-contrle-de-gestion_JR38600,ATPUO - Hiver 2027 - ADM4745M - Systèmes de contrôle de gestion,Unclassified,Part-time,,,,2026-08-24
1625,https://uottawa.wd3.myworkdayjobs.com/uOttawa_External_Career_Site/job/Main-Campus/ATPUO---Hiver-2027---ADM4750M---valuation-d-entreprises_JR38601-1,ATPUO - Hiver 2027 - ADM4750M - Évaluation d'entreprises,Unclassified,Part-time,,,,2026-08-24
1625,https://uottawa.wd3.myworkdayjobs.com/uOttawa_External_Career_Site/job/Main-Campus/ATPUO---Hiver-2027---ADM4755M---Finances--thique-et-responsabilit-sociale_JR38602,"ATPUO - Hiver 2027 - ADM4755M - Finances, éthique et responsabilité sociale",Unclassified,Part-time,,,,2026-08-24
1625,https://uottawa.wd3.myworkdayjobs.com/uOttawa_External_Career_Site/job/Main-Campus/ATPUO---Hiver-2027---ADM4756M---Les-placements-alternatifs-et-la-gestion-du-risque_JR38603,ATPUO - Hiver 2027 - ADM4756M - Les placements alternatifs et la gestion du risque,Unclassified,Part-time,,,,2026-08-24
1625,https://uottawa.wd3.myworkdayjobs.com/uOttawa_External_Career_Site/job/Main-Campus/ATPUO---Hiver-2027---ADM4779M---Gestion-et-mise-en-place-des-technologies-Web-dans-les-organisations_JR38604,ATPUO – Hiver 2027 – ADM4779M - Gestion et mise en place des technologies Web dans les organisations,Unclassified,Part-time,,,,2026-08-24
1625,https://uottawa.wd3.myworkdayjobs.com/uOttawa_External_Career_Site/job/Main-Campus/ATPUO---Hiver-2027--ADM2720P---Marketing_JR38581,ATPUO - Hiver 2027- ADM2720P - Marketing,Unclassified,Part-time,,,,2026-08-24
1625,https://uottawa.wd3.myworkdayjobs.com/uOttawa_External_Career_Site/job/Main-Campus/ATPUO---Winter-2027----ADM4348M---Special-Topics-in-Financial-Accounting_JR38616,ATPUO - Winter 2027 -  ADM4348M - Special Topics in Financial Accounting,Unclassified,Part-time,,,,2026-08-24
1625,https://uottawa.wd3.myworkdayjobs.com/uOttawa_External_Career_Site/job/Main-Campus/ATPUO---Winter-2027---ADM1300M---Introduction-to-Business_JR38412,ATPUO - Winter 2027 - ADM1300M - Introduction to Business,Non-academic,Part-time,,,,2026-08-24
1625,https://uottawa.wd3.myworkdayjobs.com/uOttawa_External_Career_Site/job/Ottawa-ON/ATPUO---Winter-2027---ADM1301P---Business-and-Society_JR38414,ATPUO - Winter 2027 - ADM1301P - Business and Society,Unclassified,Part-time,,,,2026-08-24
1625,https://uottawa.wd3.myworkdayjobs.com/uOttawa_External_Career_Site/job/Ottawa-ON/ATPUO---Winter-2027---ADM1301Q---Business-and-Society_JR38415,ATPUO - Winter 2027 - ADM1301Q - Business and Society,Unclassified,Part-time,,,,2026-08-24
1625,https://uottawa.wd3.myworkdayjobs.com/uOttawa_External_Career_Site/job/Main-Campus/ATPUO---Winter-2027---ADM1370M---Applications-of-Information-Technology-for-Business_JR38420,ATPUO - Winter 2027 - ADM1370M - Applications of Information Technology for Business,Unclassified,Part-time,,,,2026-08-24
1625,https://uottawa.wd3.myworkdayjobs.com/uOttawa_External_Career_Site/job/Main-Campus/ATPUO---Winter-2027---ADM1370N---Applications-of-Information-Technology-for-Business_JR38423,ATPUO - Winter 2027 - ADM1370N - Applications of Information Technology for Business,Unclassified,Part-time,,,,2026-08-24
1625,https://uottawa.wd3.myworkdayjobs.com/uOttawa_External_Career_Site/job/Main-Campus/ATPUO---Winter-2027---ADM1370P---Applications-of-Information-Technology-for-Business_JR38425,ATPUO - Winter 2027 - ADM1370P - Applications of Information Technology for Business,Unclassified,Part-time,,,,2026-08-24
1625,https://uottawa.wd3.myworkdayjobs.com/uOttawa_External_Career_Site/job/Main-Campus/ATPUO---Winter-2027---ADM2304P---Applications-of-Statistical-Methods-in-Business_JR38446,ATPUO - Winter 2027 - ADM2304P - Applications of Statistical Methods in Business,Unclassified,Part-time,,,,2026-08-24
1625,https://uottawa.wd3.myworkdayjobs.com/uOttawa_External_Career_Site/job/Main-Campus/ATPUO---Winter-2027---ADM2313M---The-Entrepreneurial-Society_JR38447,ATPUO - Winter 2027 - ADM2313M - The Entrepreneurial Society,Unclassified,Part-time,,,,2026-08-24
1625,https://uottawa.wd3.myworkdayjobs.com/uOttawa_External_Career_Site/job/Ottawa-ON/ATPUO---Winter-2027---ADM2320M---Marketing_JR38448-1,ATPUO - Winter 2027 - ADM2320M - Marketing,Unclassified,Part-time,,,,2026-08-24
1625,https://uottawa.wd3.myworkdayjobs.com/uOttawa_External_Career_Site/job/Ottawa-ON/ATPUO---Winter-2027---ADM2320N---Marketing_JR38449,ATPUO - Winter 2027 - ADM2320N - Marketing,Unclassified,Part-time,,,,2026-08-24
1625,https://uottawa.wd3.myworkdayjobs.com/uOttawa_External_Career_Site/job/Ottawa-ON/ATPUO---Winter-2027---ADM2320P---Marketing_JR38450,ATPUO - Winter 2027 - ADM2320P - Marketing,Unclassified,Part-time,,,,2026-08-24
1625,https://uottawa.wd3.myworkdayjobs.com/uOttawa_External_Career_Site/job/Ottawa-ON/ATPUO---Winter-2027---ADM2320Q---Marketing_JR38451,ATPUO - Winter 2027 - ADM2320Q - Marketing,Unclassified,Part-time,,,,2026-08-24
1625,https://uottawa.wd3.myworkdayjobs.com/uOttawa_External_Career_Site/job/Ottawa-ON/ATPUO---Winter-2027---ADM2336M---Organizational-Behaviour_JR38460,ATPUO - Winter 2027 - ADM2336M - Organizational Behaviour,Unclassified,Part-time,,,,2026-08-24
1625,https://uottawa.wd3.myworkdayjobs.com/uOttawa_External_Career_Site/job/Ottawa-ON/ATPUO---Winter-2027---ADM2336N---Organizational-Behaviour_JR38461,ATPUO - Winter 2027 - ADM2336N - Organizational Behaviour,Unclassified,Part-time,,,,2026-08-24
1625,https://uottawa.wd3.myworkdayjobs.com/uOttawa_External_Career_Site/job/Ottawa-ON/ATPUO---Winter-2027---ADM2336P---Organizational-Behaviour_JR38463,ATPUO - Winter 2027 - ADM2336P - Organizational Behaviour,Unclassified,Part-time,,,,2026-08-24
1625,https://uottawa.wd3.myworkdayjobs.com/uOttawa_External_Career_Site/job/Main-Campus/ATPUO---Winter-2027---ADM2350P---Financial-Management_JR38489-1,ATPUO - Winter 2027 - ADM2350P - Financial Management,Unclassified,Part-time,,,,2026-08-24
1625,https://uottawa.wd3.myworkdayjobs.com/uOttawa_External_Career_Site/job/Main-Campus/ATPUO---Winter-2027---ADM2350Q---Financial-Management_JR38490,ATPUO - Winter 2027 - ADM2350Q - Financial Management,Unclassified,Part-time,,,,2026-08-24
1625,https://uottawa.wd3.myworkdayjobs.com/uOttawa_External_Career_Site/job/Main-Campus/ATPUO---Winter-2027---ADM2350R---Financial-Management_JR38492,ATPUO - Winter 2027 - ADM2350R - Financial Management,Unclassified,Part-time,,,,2026-08-24
1625,https://uottawa.wd3.myworkdayjobs.com/uOttawa_External_Career_Site/job/Main-Campus/ATPUO---Winter-2027---ADM2372M---Management-Information-Systems_JR38496,ATPUO - Winter 2027 - ADM2372M - Management Information Systems,Unclassified,Part-time,,,,2026-08-24
1625,https://uottawa.wd3.myworkdayjobs.com/uOttawa_External_Career_Site/job/Main-Campus/ATPUO---Winter-2027---ADM2372N---Management-Information-Systems_JR38498,ATPUO - Winter 2027 - ADM2372N - Management Information Systems,Unclassified,Part-time,,,,2026-08-24
1625,https://uottawa.wd3.myworkdayjobs.com/uOttawa_External_Career_Site/job/Main-Campus/ATPUO---Winter-2027---ADM2372P---Management-Information-Systems_JR38500,ATPUO - Winter 2027 - ADM2372P - Management Information Systems,Unclassified,Part-time,,,,2026-08-24
1625,https://uottawa.wd3.myworkdayjobs.com/uOttawa_External_Career_Site/job/Main-Campus/ATPUO---Winter-2027---ADM2381M---Business-Communication-Skills_JR38578,ATPUO - Winter 2027 - ADM2381M - Business Communication Skills,Unclassified,Part-time,,,,2026-08-24
1625,https://uottawa.wd3.myworkdayjobs.com/uOttawa_External_Career_Site/job/Main-Campus/ATPUO---Winter-2027---ADM2742M---Comptabilit-intermediaire-I_JR38585,ATPUO - Winter 2027 - ADM2742M - Comptabilité intermediaire I,Unclassified,Part-time,,,,2026-08-24
1625,https://uottawa.wd3.myworkdayjobs.com/uOttawa_External_Career_Site/job/Main-Campus/ATPUO---Winter-2027---ADM4326M---Digital-Marketing-Technologies_JR38605,ATPUO - Winter 2027 - ADM4326M - Digital Marketing Technologies,Unclassified,Part-time,,,,2026-08-24
1625,https://uottawa.wd3.myworkdayjobs.com/uOttawa_External_Career_Site/job/Ottawa-ON/ATPUO---Winter-2027---ADM4337M---Managing-Change_JR38608,ATPUO - Winter 2027 - ADM4337M - Managing Change,Unclassified,Part-time,,,,2026-08-24
1625,https://uottawa.wd3.myworkdayjobs.com/uOttawa_External_Career_Site/job/Ottawa-ON/ATPUO---Winter-2027---ADM4338M---International-Training-and-Development-for-Sustainability_JR38609,ATPUO - Winter 2027 - ADM4338M - International Training and Development for Sustainability,Unclassified,Part-time,,,,2026-08-24
1625,https://uottawa.wd3.myworkdayjobs.com/uOttawa_External_Career_Site/job/Ottawa-ON/ATPUO---Winter-2027---ADM4344M---Taxation-II_JR38610,,Unclassified,Full-time,,,,
1625,https://uottawa.wd3.myworkdayjobs.com/uOttawa_External_Career_Site/job/Main-Campus/ATPUO---Winter-2027---ADM4346M---Auditing-in-a-Digital-Environment_JR38615,ATPUO - Winter 2027 - ADM4346M - Auditing in a Digital Environment,Non-academic,Part-time,,,,2026-08-24
1625,https://uottawa.wd3.myworkdayjobs.com/uOttawa_External_Career_Site/job/Main-Campus/ATPUO---Winter-2027---ADM4350M---Equity-Valuation_JR38617,ATPUO - Winter 2027 - ADM4350M - Equity Valuation,Unclassified,Part-time,,,,2026-08-24
1625,https://uottawa.wd3.myworkdayjobs.com/uOttawa_External_Career_Site/job/Main-Campus/ATPUO---Winter-2027---ADM4350N---Equity-Valuation_JR38618,ATPUO - Winter 2027 - ADM4350N - Equity Valuation,Unclassified,Part-time,,,,2026-08-24
1625,https://uottawa.wd3.myworkdayjobs.com/uOttawa_External_Career_Site/job/Ottawa-ON/ATPUO---Winter-2027---ADM4352M---Advanced-Corporate-Finance_JR38619,ATPUO - Winter 2027 - ADM4352M - Advanced Corporate Finance,Unclassified,Part-time,,,,2026-08-24
1625,https://uottawa.wd3.myworkdayjobs.com/uOttawa_External_Career_Site/job/Main-Campus/ATPUO---Winter-2027---ADM4356M---Alternative-Investments-and-Risk-Management_JR38620,ATPUO - Winter 2027 - ADM4356M - Alternative Investments and Risk Management,Unclassified,Part-time,,,,2026-08-24
1625,https://uottawa.wd3.myworkdayjobs.com/uOttawa_External_Career_Site/job/Ottawa-ON/ATPUO---Winter-2027---ADM4377N---Digital-Enterprise-Systems-and-Strategies_JR38592,ATPUO - Winter 2027 - ADM4377N - Digital Enterprise Systems and Strategies,Unclassified,Part-time,,,,2026-08-24
1625,https://uottawa.wd3.myworkdayjobs.com/uOttawa_External_Career_Site/job/Ottawa-ON/ATPUO---Winter-2027---ADM4396M---Seminar-in-Administration--Personal-Development-and-Leadership_JR38593-1,ATPUO - Winter 2027 - ADM4396M - Seminar in Administration: Personal Development and Leadership,Unclassified,Part-time,,,,2026-08-24
1625,https://uottawa.wd3.myworkdayjobs.com/uOttawa_External_Career_Site/job/Ottawa-ON/ATPUO---Winter-2027--ADM2337M---Human-Resource-Management_JR38484,ATPUO - Winter 2027- ADM2337M - Human Resource Management,Unclassified,Part-time,,,,2026-08-24
1625,https://uottawa.wd3.myworkdayjobs.com/uOttawa_External_Career_Site/job/Ottawa-ON/ATPUO---Winter-2027--ADM2337N---Human-Resource-Management_JR38485,ATPUO - Winter 2027- ADM2337N - Human Resource Management,Research_Fellow,Part-time,,,,2026-08-24
1625,https://uottawa.wd3.myworkdayjobs.com/uOttawa_External_Career_Site/job/Ottawa-ON/ATPUO---Winter-2027--ADM2337Q---Human-Resource-Management_JR38486,ATPUO - Winter 2027- ADM2337Q - Human Resource Management,Unclassified,Part-time,,,,2026-08-24
1625,https://uottawa.wd3.myworkdayjobs.com/uOttawa_External_Career_Site/job/Ottawa-ON/ATPUO---Winter-2027--ADM2337R---Human-Resource-Management_JR38488,ATPUO - Winter 2027- ADM2337R - Human Resource Management,Unclassified,Part-time,,,,2026-08-24
1625,https://uottawa.wd3.myworkdayjobs.com/uOttawa_External_Career_Site/job/Lees-Campus/APEUO-ATPUO-Hiver-2027-NUT4541-M_JR38695-1,APEUO-ATPUO_Hiver 2027_NUT4541 M,Unclassified,Part-time,,,,2026-08-22
1625,https://uottawa.wd3.myworkdayjobs.com/uOttawa_External_Career_Site/job/Lees-Campus/APEUO-ATPUO-Hiver-2027-NUT4584-M_JR38694,APEUO-ATPUO_Hiver 2027_NUT4584 M,Unclassified,Part-time,,,,2026-08-22
1625,https://uottawa.wd3.myworkdayjobs.com/uOttawa_External_Career_Site/job/Lees-Campus/APEUO-ATPUO-Winter-2027-NUT4184-M_JR38693,APEUO-ATPUO_Winter 2027_NUT4184 M,Unclassified,Part-time,,,,2026-08-22
1625,https://uottawa.wd3.myworkdayjobs.com/uOttawa_External_Career_Site/job/Lees-Campus/APEUO-ATPUO-Winter-2027-NUT4132-M_JR38692,APEUO-ATPUO_Winter 2027_NUT4132 M,Research_Fellow,Part-time,,,,2026-08-22
1625,https://uottawa.wd3.myworkdayjobs.com/uOttawa_External_Career_Site/job/Lees-Campus/APEUO-ATPUO-Hiver-2027-NUT3702-M01--LAB-_JR38691,APEUO-ATPUO_Hiver 2027_NUT3702 M01 (LAB),Unclassified,Part-time,,,,2026-08-22
1625,https://uottawa.wd3.myworkdayjobs.com/uOttawa_External_Career_Site/job/Lees-Campus/APEUO-ATPUO-Hiver-2027-NUT3702-M_JR38690,APEUO-ATPUO_Hiver 2027_NUT3702 M,Unclassified,Part-time,,,,2026-08-22
1625,https://uottawa.wd3.myworkdayjobs.com/uOttawa_External_Career_Site/job/Lees-Campus/APEUO-ATPUO-Hiver-2027-NUT3541-M_JR38689,APEUO-ATPUO_Hiver 2027_NUT3541 M,Unclassified,Part-time,,,,2026-08-22
1625,https://uottawa.wd3.myworkdayjobs.com/uOttawa_External_Career_Site/job/Lees-Campus/APEUO-ATPUO--Hiver-2027-NUT3540-M01--LAB-_JR38688-1,APEUO-ATPUO_ Hiver 2027_NUT3540 M01 (LAB),Unclassified,Part-time,,,,2026-08-22
1625,https://uottawa.wd3.myworkdayjobs.com/uOttawa_External_Career_Site/job/Lees-Campus/APEUO-ATPUO--Hiver-2027-NUT3531-M_JR38686,APEUO-ATPUO_ Hiver 2027_NUT3531 M,Unclassified,Part-time,,,,2026-08-22
1625,https://uottawa.wd3.myworkdayjobs.com/uOttawa_External_Career_Site/job/Lees-Campus/APEUO-ATPUO--Hiver-2027-NUT3509-A_JR38685,APEUO-ATPUO_ Hiver 2027_NUT3509 A,Unclassified,Part-time,,,,2026-08-22
1625,https://uottawa.wd3.myworkdayjobs.com/uOttawa_External_Career_Site/job/Lees-Campus/APEUO-ATPUO--Hiver-2027-NUT3508-A_JR38684,APEUO-ATPUO_ Hiver 2027_NUT3508 A,Unclassified,Part-time,,,,2026-08-22
1625,https://uottawa.wd3.myworkdayjobs.com/uOttawa_External_Career_Site/job/Lees-Campus/APEUO-ATPUO--Hiver-2027-NUT3502-M_JR38683,APEUO-ATPUO_ Hiver 2027_NUT3502 M,Unclassified,Part-time,,,,2026-08-22
1625,https://uottawa.wd3.myworkdayjobs.com/uOttawa_External_Career_Site/job/Lees-Campus/APEUO-ATPUO-Winter-2027-NUT3140-M01--LAB-_JR38682,APEUO-ATPUO_Winter 2027_NUT3140 M01 (LAB),Unclassified,Part-time,,,,2026-08-22
1625,https://uottawa.wd3.myworkdayjobs.com/uOttawa_External_Career_Site/job/Lees-Campus/APEUO-ATPUO--Hiver-2027-NUT2731-M_JR38681,APEUO-ATPUO_ Hiver 2027_NUT2731 M,Unclassified,Part-time,,,,2026-08-22
1625,https://uottawa.wd3.myworkdayjobs.com/uOttawa_External_Career_Site/job/Lees-Campus/APEUO-ATPUO-Hiver-2027-NUT2721-M_JR38680,APEUO-ATPUO_Hiver 2027_NUT2721 M,Unclassified,Part-time,,,,2026-08-22
1625,https://uottawa.wd3.myworkdayjobs.com/uOttawa_External_Career_Site/job/Lees-Campus/APEUO-ATPUO-Winter-2027-NUT2331-M_JR38679,APEUO-ATPUO_Winter 2027_NUT2331 M,Unclassified,Part-time,,,,2026-08-22
1625,https://uottawa.wd3.myworkdayjobs.com/uOttawa_External_Career_Site/job/Lees-Campus/APEUO-ATPUO-Winter-2027-NUT2321-M_JR38678,APEUO-ATPUO_Winter 2027_NUT2321 M,Unclassified,Part-time,,,,2026-08-22
1625,https://uottawa.wd3.myworkdayjobs.com/uOttawa_External_Career_Site/job/Ottawa-ON/CUPE---Fall-2026---TA---CMN3105-B00_JR38677,,Unclassified,Full-time,,,,
1625,https://uottawa.wd3.myworkdayjobs.com/uOttawa_External_Career_Site/job/Lees-Campus/APEUO-ATPUO-Hiver-2027-NUT1544-M03--LAB-_JR38676,APEUO-ATPUO_Hiver 2027_NUT1544 M03 (LAB),Unclassified,Part-time,,,,2026-08-21
1625,https://uottawa.wd3.myworkdayjobs.com/uOttawa_External_Career_Site/job/Lees-Campus/APEUO-ATPUO-Hiver-2027-NUT1544-M02--LAB-_JR38675,APEUO-ATPUO_Hiver 2027_NUT1544 M02 (LAB),Unclassified,Part-time,,,,2026-08-21
1625,https://uottawa.wd3.myworkdayjobs.com/uOttawa_External_Career_Site/job/Lees-Campus/APEUO-ATPUO-Hiver-2027-NUT1544-M01--LAB-_JR38674,APEUO-ATPUO_Hiver 2027_NUT1544 M01 (LAB),Unclassified,Part-time,,,,2026-08-21
1625,https://uottawa.wd3.myworkdayjobs.com/uOttawa_External_Career_Site/job/Lees-Campus/APEUO-ATPUO-Hiver-2027-NUT1524-M01--LAB-_JR38671-1,APEUO-ATPUO_Hiver 2027_NUT1524 M01 (LAB),Unclassified,Part-time,,,,2026-08-21
1625,https://uottawa.wd3.myworkdayjobs.com/uOttawa_External_Career_Site/job/Ottawa-ON/CUPE---Fall-2026---TA---MDV2100-A00_JR38673,,Unclassified,Full-time,,,,
1625,https://uottawa.wd3.myworkdayjobs.com/uOttawa_External_Career_Site/job/Ottawa-ON/Manager--Financial-Aid-and-Awards-Services_JR35204,,Unclassified,Full-time,,,,
1625,https://uottawa.wd3.myworkdayjobs.com/uOttawa_External_Career_Site/job/Lees-Campus/APEUO-ATPUO-Hiver-2027-NUT1524-M_JR38668,APEUO-ATPUO_Hiver 2027_NUT1524 M,Unclassified,Part-time,,,,2026-08-21
1625,https://uottawa.wd3.myworkdayjobs.com/uOttawa_External_Career_Site/job/Ottawa-ON/APTPUO---Hiver-2027---CMN2580-B00_JR38667,APTPUO - Hiver 2027 - CMN2580-B00,Unclassified,Part-time,,,,2026-08-21
1625,https://uottawa.wd3.myworkdayjobs.com/uOttawa_External_Career_Site/job/Lees-Campus/CUPE---Automne-2026---Assistanat-d-enseignement--ERG5525--CUPE-Fall-2026---Teaching-Assistantship--ERG5525-_JR38664,,Unclassified,Full-time,,,,
1625,https://uottawa.wd3.myworkdayjobs.com/uOttawa_External_Career_Site/job/Lees-Campus/APEUO-ATPUO-Winter-2027-NUT1124-M02--LAB-_JR38665,APEUO-ATPUO_Winter 2027_NUT1124 M02 (LAB),Unclassified,Part-time,,,,2026-08-21
1625,https://uottawa.wd3.myworkdayjobs.com/uOttawa_External_Career_Site/job/Lees-Campus/APEUO-ATPUO-Winter-2027-NUT1124-M01--LAB-_JR38663,APEUO-ATPUO_Winter 2027_NUT1124 M01 (LAB),Unclassified,Part-time,,,,2026-08-21
1625,https://uottawa.wd3.myworkdayjobs.com/uOttawa_External_Career_Site/job/Ottawa-ON/CUPE---Automne-2026---TA---GEG5000-A00_JR38661,,Unclassified,Full-time,,,,
1625,https://uottawa.wd3.myworkdayjobs.com/uOttawa_External_Career_Site/job/Ottawa-ON/Research-Assistant_JR38659,,Unclassified,Full-time,,,,
1625,https://uottawa.wd3.myworkdayjobs.com/uOttawa_External_Career_Site/job/025-45-University/Lead-Advisor--Human-Rights-Office_JR35437,"Lead Advisor, Human Rights Office",Unclassified,Full-time,,,,2026-08-20
1625,https://uottawa.wd3.myworkdayjobs.com/uOttawa_External_Career_Site/job/Ottawa-ON/CUPE---Fall-2026---Research-Assistant---Y-Campagnolo_JR38645,,Unclassified,Full-time,,,,
1625,https://uottawa.wd3.myworkdayjobs.com/uOttawa_External_Career_Site/job/Ottawa-ON/Proctor---Adapted-Exam-Centre_JR38650,,Unclassified,Full-time,,,,
1625,https://uottawa.wd3.myworkdayjobs.com/uOttawa_External_Career_Site/job/Ottawa-ON/Senior-Specialist--Work-Organization_JR38638,,Unclassified,Full-time,,,,
1625,https://uottawa.wd3.myworkdayjobs.com/uOttawa_External_Career_Site/job/Ottawa-ON/Research-Assistant_JR38646,,Unclassified,Full-time,,,,
1625,https://uottawa.wd3.myworkdayjobs.com/uOttawa_External_Career_Site/job/Ottawa-ON/APTPUO---Hiver-2027---MED1602--Unit-I_JR38644,"APTPUO - Hiver 2027 - MED1602, Unité I",Unclassified,Part-time,,,,2026-08-20
1625,https://uottawa.wd3.myworkdayjobs.com/uOttawa_External_Career_Site/job/Ottawa-ON/APTPUO---Hiver-2027---MED2602--Unit-III_JR38641-1,"APTPUO - Hiver 2027 - MED2602, Unité III",Unclassified,Part-time,,,,2026-08-20
1625,https://uottawa.wd3.myworkdayjobs.com/uOttawa_External_Career_Site/job/Ottawa-ON/CUPE---Fall-2026---Winter-2027---MUS2191-A---B-part-1---2--Sight-Singing-and-Dictation-II--Singing_JR38637,,Unclassified,Full-time,,,,
1625,https://uottawa.wd3.myworkdayjobs.com/uOttawa_External_Career_Site/job/Ottawa-ON/CUPE---Automne-2026---Hiver-2027---MUS1591---MUS2591-A-partie-1---2--Solfge-et-dicte-musicale-I---II---Solfge_JR38634,,Unclassified,Full-time,,,,
1625,https://uottawa.wd3.myworkdayjobs.com/uOttawa_External_Career_Site/job/Ottawa-ON/CUPE---Fall-2026---Winter-2027---MUS1191-A-B-C-part-1---2--Sight-Singing-and-Dictation-I--Signing_JR38633,,Unclassified,Full-time,,,,
1625,https://uottawa.wd3.myworkdayjobs.com/uOttawa_External_Career_Site/job/Ottawa-ON/APTPUO---Winter-2027---ENG1120-MO00_JR36775,APTPUO - Winter 2027 - ENG1120 MO00,Unclassified,Part-time,,,,2026-08-20
1625,https://uottawa.wd3.myworkdayjobs.com/uOttawa_External_Career_Site/job/Ottawa-ON/Assistant-de-Rechecrhe_JR38627,,Unclassified,Full-time,,,,
1625,https://uottawa.wd3.myworkdayjobs.com/uOttawa_External_Career_Site/job/Ottawa-ON/CUPE---Winter-2027---Research-Assistant---F-Larocque_JR38554,,Unclassified,Full-time,,,,
1625,https://uottawa.wd3.myworkdayjobs.com/uOttawa_External_Career_Site/job/Ottawa-ON/CUPE---Fall-2026---Research-Assistant---F-Larocque_JR38552,,Unclassified,Full-time,,,,
1625,https://uottawa.wd3.myworkdayjobs.com/uOttawa_External_Career_Site/job/Ottawa-ON/APTPUO---Fall-2026---PT-Professor--6-hour---ESL-160-F200--Teaching--Immersion---English-Refinement--TIER--Program_JR38576,"APTPUO - Fall 2026 - PT Professor (6-hour): ESL 160 F200: Teaching, Immersion & English Refinement (TIER) Program",Full_Professor,Part-time,,Immersion & English Refinement (TIER) Program,,2026-08-18
1625,https://uottawa.wd3.myworkdayjobs.com/uOttawa_External_Career_Site/job/Ottawa-ON/APTPUO---Fall-2026---PT-Professor--9-hour---ESL-160-F200--Teaching--Immersion---English-Refinement--TIER--Program_JR38575,"APTPUO - Fall 2026 - PT Professor (9-hour): ESL 160 F200: Teaching, Immersion & English Refinement (TIER) Program",Full_Professor,Part-time,,Immersion & English Refinement (TIER) Program,,2026-08-18
1625,https://uottawa.wd3.myworkdayjobs.com/uOttawa_External_Career_Site/job/Ottawa-ON/APTPUO---Fall-2026---PT-Professor--6-hour---ESL-160-F100--Teaching--Immersion---English-Refinement--TIER--Program_JR38573-1,"APTPUO - Fall 2026 - PT Professor (6-hour): ESL 160 F100: Teaching, Immersion & English Refinement (TIER) Program",Full_Professor,Part-time,,Immersion & English Refinement (TIER) Program,,2026-08-18
1625,https://uottawa.wd3.myworkdayjobs.com/uOttawa_External_Career_Site/job/Ottawa-ON/APTPUO---Fall-2026---PT-Professor--ESL-160-F100--Teaching--Immersion---English-Refinement--TIER--Program_JR38572,"APTPUO - Fall 2026 - PT Professor: ESL 160 F100: Teaching, Immersion & English Refinement (TIER) Program",Full_Professor,Part-time,,Immersion & English Refinement (TIER) Program,,2026-08-18
1625,https://uottawa.wd3.myworkdayjobs.com/uOttawa_External_Career_Site/job/Ottawa-ON/APTPUO---Fall-2026---Part-time-Professor-English-Language-Development-Instructor---ESL-0160-F400--Student-Teaching-in-English-Program--STEP-_JR38570,APTPUO - Fall 2026 - Part-time Professor/English Language Development Instructor - ESL 0160 F400: Student Teaching in English Program (STEP),Full_Professor,Part-time,,Student Teaching in English Program (STEP,,2026-08-18
1625,https://uottawa.wd3.myworkdayjobs.com/uOttawa_External_Career_Site/job/Ottawa-ON/APTPUO---Fall-2026---Part-time-Professor-TEFL-Methodology-Instructor---ESL-0160-F400--Student-Teaching-in-English-Program--STEP-_JR38569-1,APTPUO - Fall 2026 - Part-time Professor/TEFL Methodology Instructor - ESL 0160 F400: Student Teaching in English Program (STEP),Full_Professor,Part-time,,Student Teaching in English Program (STEP,,2026-08-18
1625,https://uottawa.wd3.myworkdayjobs.com/uOttawa_External_Career_Site/job/Ottawa-ON/APTPUO---Fall-2026---Part-time-Professor-English-Language-Development-Instructor---ESL-0160-F300--Student-Teaching-in-English-Program--STEP-_JR38567,APTPUO - Fall 2026 - Part-time Professor/English Language Development Instructor - ESL 0160 F300: Student Teaching in English Program (STEP),Full_Professor,Part-time,,Student Teaching in English Program (STEP,,2026-08-18
1625,https://uottawa.wd3.myworkdayjobs.com/uOttawa_External_Career_Site/job/Ottawa-ON/APTPUO---Fall-2026---Part-time-Professor-TEFL-Methodology-Instructor---ESL-0160-F300--Student-Teaching-in-English-Program--STEP-_JR38566,APTPUO - Fall 2026 - Part-time Professor/TEFL Methodology Instructor - ESL 0160 F300: Student Teaching in English Program (STEP),Full_Professor,Part-time,,Student Teaching in English Program (STEP,,2026-08-18
1625,https://uottawa.wd3.myworkdayjobs.com/uOttawa_External_Career_Site/job/Ottawa-ON/ATPUO---Hiver-2027---MBA6665B00---Gestion-de-l-entreprise-offrant-des-services-professionnels_JR38531,ATPUO - Hiver 2027 - MBA6665B00 - Gestion de l’entreprise offrant des services professionnels,Unclassified,Part-time,,,,2026-08-18
1625,https://uottawa.wd3.myworkdayjobs.com/uOttawa_External_Career_Site/job/Ottawa-ON/ATPUO---Hiver-2027---MBA6620B00---Dveloppement-des-stratgies-de-vente-des-produits-et-services_JR38529-1,ATPUO - Hiver 2027 - MBA6620B00 - Développement des stratégies de vente des produits et services,Unclassified,Part-time,,,,2026-08-18
1625,https://uottawa.wd3.myworkdayjobs.com/uOttawa_External_Career_Site/job/Ottawa-ON/ATPUO---Winter-2027---MBA6299B00---Emerging-Topics-in-Digital-Transformation_JR38528,ATPUO - Winter 2027 - MBA6299B00 - Emerging Topics in Digital Transformation,Unclassified,Part-time,,,,2026-08-18
1625,https://uottawa.wd3.myworkdayjobs.com/uOttawa_External_Career_Site/job/Ottawa-ON/ATPUO---Winter-2027---MBA6254B00---Sustainable-Finance_JR38514,ATPUO - Winter 2027 - MBA6254B00 - Sustainable Finance,Unclassified,Part-time,,,,2026-08-18
1625,https://uottawa.wd3.myworkdayjobs.com/uOttawa_External_Career_Site/job/Ottawa-ON/ATPUO---Winter-2027---MBA6253B00---Ethics-in-Finance_JR38512,ATPUO - Winter 2027 - MBA6253B00 - Ethics in Finance,Non-academic,Part-time,,,,2026-08-18
1625,https://uottawa.wd3.myworkdayjobs.com/uOttawa_External_Career_Site/job/Main-Campus/ATPUO---Hiver-2027---MBA5680B00---Gestion-des-oprations-et-de-la-chaine-d-approvisionnement_JR38511,ATPUO - Hiver 2027 - MBA5680B00 - Gestion des opérations et de la chaine d’approvisionnement,Unclassified,Part-time,,,,2026-08-18
1625,https://uottawa.wd3.myworkdayjobs.com/uOttawa_External_Career_Site/job/Ottawa-ON/ATPUO---Hiver-2027---MBA5611B00---Gouvernance-d-entreprise-pour-le-gestionnaire-responsable_JR38510,ATPUO - Hiver 2027 - MBA5611B00 - Gouvernance d’entreprise pour le gestionnaire responsable,Unclassified,Part-time,,,,2026-08-18
1625,https://uottawa.wd3.myworkdayjobs.com/uOttawa_External_Career_Site/job/Ottawa-ON/ATPUO---Hiver-2027---MBA5501B00---Analyse-infrentielle-des-donnes_JR38508,ATPUO - Hiver 2027 - MBA5501B00 - Analyse inférentielle des données,Unclassified,Part-time,,,,2026-08-18
1625,https://uottawa.wd3.myworkdayjobs.com/uOttawa_External_Career_Site/job/Main-Campus/ATPUO---Winter-2027---MBA5345B00---Financial-Management---Markets_JR38507,ATPUO - Winter 2027 - MBA5345B00 - Financial Management & Markets,Unclassified,Part-time,,,,2026-08-18
1625,https://uottawa.wd3.myworkdayjobs.com/uOttawa_External_Career_Site/job/Main-Campus/ATPUO---Winter-2027---MBA5280B00----Operations---Supply-Chain-Management_JR38504,ATPUO - Winter 2027 - MBA5280B00 - 	Operations & Supply Chain Management,Unclassified,Part-time,,,,2026-08-18
1625,https://uottawa.wd3.myworkdayjobs.com/uOttawa_External_Career_Site/job/Ottawa-ON/ATPUO---Winter-2027---MBA5211B00---Corporate-Governance-for-the-Responsible-Manager_JR38503,ATPUO - Winter 2027 - MBA5211B00 - Corporate Governance for the Responsible Manager,Non-academic,Part-time,,,,2026-08-18
1625,https://uottawa.wd3.myworkdayjobs.com/uOttawa_External_Career_Site/job/Ottawa-ON/ATPUO---Winter-2027---ADM6420C00---Digital-Marketing_JR38502,ATPUO - Winter 2027 - ADM6420C00 - Digital Marketing,Unclassified,Part-time,,,,2026-08-18
1625,https://uottawa.wd3.myworkdayjobs.com/uOttawa_External_Career_Site/job/Ottawa-ON/ATPUO---Winter-2027---ADX6214---Sustainable-Supply-Chain-Management_JR38493,ATPUO - Winter 2027 - ADX6214 - Sustainable Supply Chain Management,Unclassified,Part-time,,,,2026-08-18
1625,https://uottawa.wd3.myworkdayjobs.com/uOttawa_External_Career_Site/job/Ottawa-ON/APTPUO---Fall-2026---ASE5102_JR38427,APTPUO - Fall 2026 - ASE5102,Unclassified,Part-time,,context of cadaveric dissection,,2026-08-14
1625,https://uottawa.wd3.myworkdayjobs.com/uOttawa_External_Career_Site/job/Ottawa-ON/APTPUO---Fall-2026---ASE5101_JR38417,APTPUO - Fall 2026 - ASE5101,Unclassified,Part-time,,context of cadaveric dissection,,2026-08-14
1625,https://uottawa.wd3.myworkdayjobs.com/uOttawa_External_Career_Site/job/Ottawa-ON/Lifeguard_JR38421,Lifeguard,Unclassified,Part-time,,,,2026-08-14
1625,https://uottawa.wd3.myworkdayjobs.com/uOttawa_External_Career_Site/job/Ottawa-ON/APTPUO---Automne-2026---MED6533_JR38395,APTPUO - Automne 2026 - MED6533,Unclassified,Part-time,,,,2026-08-13
1625,https://uottawa.wd3.myworkdayjobs.com/uOttawa_External_Career_Site/job/Ottawa-ON/APTPUO---Printemps-t-2027---MED6505_JR38394,APTPUO - Printemps-été 2027 - MED6505,Unclassified,Part-time,,,,2026-08-13
1625,https://uottawa.wd3.myworkdayjobs.com/uOttawa_External_Career_Site/job/Ottawa-ON/APTPUO-Hiver-2027-MUS-2768-A00---Musique-et-identits_JR35301,APTPUO Hiver 2027 MUS 2768 A00 : Musique et identités,Unclassified,Part-time,,,,2026-08-13
1625,https://uottawa.wd3.myworkdayjobs.com/uOttawa_External_Career_Site/job/Ottawa-ON/APTPUO-Winter-2027-BCH4932-G00_JR38382,APTPUO Winter 2027 BCH4932 G00,Unclassified,Part-time,,,,2026-08-13
1625,https://uottawa.wd3.myworkdayjobs.com/uOttawa_External_Career_Site/job/Ottawa-ON/APTPUO---Automne-2026-Hiver-2027---PED-3620-SO3-Stage-I-en-milieu-scolaire-secondaire_JR38251,APTPUO - Automne 2026/Hiver 2027 - PED 3620 SO3 Stage I en milieu scolaire secondaire,Unclassified,Part-time,,,,2026-08-12
1625,https://uottawa.wd3.myworkdayjobs.com/uOttawa_External_Career_Site/job/Ottawa-ON/APTPUO---Automne-2026-Hiver-2027---PED-3620-SO2-Stage-I-en-milieu-scolaire-secondaire_JR38250,APTPUO - Automne 2026/Hiver 2027 - PED 3620 SO2 Stage I en milieu scolaire secondaire,Unclassified,Part-time,,,,2026-08-12
1625,https://uottawa.wd3.myworkdayjobs.com/uOttawa_External_Career_Site/job/Ottawa-ON/APTPUO---Automne-2026-Hiver-2027---PED-3620-Stage-I-en-milieu-scolaire-secondaire_JR38248,APTPUO - Automne 2026/Hiver 2027 - PED 3620 SO1 Stage I en milieu scolaire secondaire,Unclassified,Part-time,,,,2026-08-12
1625,https://uottawa.wd3.myworkdayjobs.com/uOttawa_External_Career_Site/job/Ottawa-ON/ATPUO---Winter-2027---ADX6271---Innovation-and-Entrepreneurship---PART-2_JR38346,ATPUO - Winter 2027 - ADX6271 - Innovation and Entrepreneurship - PART 2,Unclassified,Part-time,,another,,2026-08-12
1625,https://uottawa.wd3.myworkdayjobs.com/uOttawa_External_Career_Site/job/Ottawa-ON/ATPUO---Winter-2027---ADX6271---Innovation-and-Entrepreneurship---PART-1_JR38343,ATPUO - Winter 2027 - ADX6271 - Innovation and Entrepreneurship - PART 1,Unclassified,Part-time,,,,2026-08-12
1625,https://uottawa.wd3.myworkdayjobs.com/uOttawa_External_Career_Site/job/Ottawa-ON/ATPUO---Winter-2027---ADX6266---Negotiation-Strategies_JR38341,ATPUO - Winter 2027 - ADX6266 - Negotiation Strategies,Unclassified,Part-time,,,,2026-08-12
1625,https://uottawa.wd3.myworkdayjobs.com/uOttawa_External_Career_Site/job/Ottawa-ON/ATPUO---Winter-2027---ADX5237---Change-Management_JR38339,ATPUO - Winter 2027 - ADX5237 - Change Management,Unclassified,Part-time,,,,2026-08-12
1625,https://uottawa.wd3.myworkdayjobs.com/uOttawa_External_Career_Site/job/Ottawa-ON/ATPUO---Winter-2027---ADX5111---Governance--Risk-and-Compliance_JR38338-1,"ATPUO - Winter 2027 - ADX5111 - Governance, Risk and Compliance",Unclassified,Part-time,,,,2026-08-12
1625,https://uottawa.wd3.myworkdayjobs.com/uOttawa_External_Career_Site/job/Ottawa-ON/ATPUO---Winter-2027---ADX5103---Artificial-Intelligence-for-Executives_JR38337,ATPUO - Winter 2027 - ADX5103 - Artificial Intelligence for Executives,Unclassified,Part-time,,,,2026-08-12
1625,https://uottawa.wd3.myworkdayjobs.com/uOttawa_External_Career_Site/job/Ottawa-ON/APTPUO---Winter-2027---HIS4720-A00-MDV4500-A00_JR38331,APTPUO - Winter 2027 - HIS4720-A00/MDV4500-A00,Unclassified,Part-time,,,,2026-08-12
1625,https://uottawa.wd3.myworkdayjobs.com/uOttawa_External_Career_Site/job/Ottawa-ON/APTPUO---Winter-2027--PHI2183-B00_JR38329,APTPUO - Winter 2027- PHI2183-B00,Unclassified,Part-time,Department of Philosophy,,,2026-08-11
1625,https://uottawa.wd3.myworkdayjobs.com/uOttawa_External_Career_Site/job/Ottawa-ON/APTPUO---Winter-2027---PHI1101-H00_JR38326,APTPUO - Winter 2027 - PHI1101-H00,Unclassified,Part-time,Department of Philosophy,,,2026-08-11
1625,https://uottawa.wd3.myworkdayjobs.com/uOttawa_External_Career_Site/job/Ottawa-ON/APTPUO---Janvier-2027---CML4507-JA00---tudes-en-droit-des-affaires---institutions-financires_JR38321,APTPUO - Janvier 2027 - CML4507 JA00 - Études en droit des affaires : institutions financières,Unclassified,Part-time,,,,2026-08-11
1625,https://uottawa.wd3.myworkdayjobs.com/uOttawa_External_Career_Site/job/Ottawa-ON/APTPUO---Hiver-2027---CML3723-M00---Les-assurances_JR38319,APTPUO - Hiver 2027 - CML3723 M00 - Les assurances,Unclassified,Part-time,,,,2026-08-11
1625,https://uottawa.wd3.myworkdayjobs.com/uOttawa_External_Career_Site/job/Main-Campus/APTPUO---Winter-2027---APA3120-M00---Psychomotor-Behavior-Laboratory_JR37966,,Unclassified,Full-time,,,,
1625,https://uottawa.wd3.myworkdayjobs.com/uOttawa_External_Career_Site/job/Ottawa-ON/Professor-in-Information-Systems_JR38094,Professor in Information Systems,Full_Professor,Full-time,School of Management,Information Systems,"September 28, 2026",2026-07-27
1625,https://uottawa.wd3.myworkdayjobs.com/uOttawa_External_Career_Site/job/Ottawa-ON/Replacement-Professor---Sociology-and-Anthropology_JR38076-1,Replacement Professor - Sociology and Anthropology,Full_Professor,Full-time,School of Sociological and Anthropological Studies is accepting applications for one,Replacement; research design; methodology; French,"August 28, 2026",2026-07-24
1625,https://uottawa.wd3.myworkdayjobs.com/uOttawa_External_Career_Site/job/Ottawa-ON/APTPUO---CVG2507_JR7500,APTPUO - CVG2507,Unclassified,Part-time,,,,2026-07-24
1625,https://uottawa.wd3.myworkdayjobs.com/uOttawa_External_Career_Site/job/Ottawa-ON/Tier-2-Canada-Research-Chair-In-Neuromuscular-Disease_JR35266,Tier 2 Canada Research Chair In Neuromuscular Disease,Assistant_Professor; Associate_Professor; Research_Fellow,Full-time,Department of Medicine,Tier 2 Canada; inclusive environment; neuromuscular,"September 20, 2026",2026-07-20
1625,https://uottawa.wd3.myworkdayjobs.com/uOttawa_External_Career_Site/job/Ottawa-ON/Professor-in-Accounting-at-the-rank-of-Assistant-or-Associate_JR37760,Professor in Accounting at the rank of Assistant or Associate,Full_Professor,Full-time,School of Management,Accounting at the rank of Assistant or Associate; Management Accounting,"August 24, 2026",2026-07-15
1625,https://uottawa.wd3.myworkdayjobs.com/uOttawa_External_Career_Site/job/Ottawa-ON/Professor-in-Accounting--open-rank-_JR37755-1,Professor in Accounting (open rank),Full_Professor,Full-time,School of Management,Accounting; English,"August 31, 2026",2026-07-15
1625,https://uottawa.wd3.myworkdayjobs.com/uOttawa_External_Career_Site/job/Ottawa-ON/Professor-of-Finance-at-the-rank-of-Assistant-or-Associate-Professor_JR37683,Professor of Finance at the rank of Assistant or Associate Professor,Assistant_Professor; Associate_Professor; Full_Professor,Full-time,School of Management,Finance at the rank of Assistant or Associate Professor; Advanced Corporate Finance,"September 14, 2026",2026-07-15
1625,https://uottawa.wd3.myworkdayjobs.com/uOttawa_External_Career_Site/job/Province-of-Ontario/Tier-2-Canada-Research-Chair-in-Vascular-Links-to-Neurodevelopment_JR37405,,Unclassified,Full-time,,,,
1625,https://uottawa.wd3.myworkdayjobs.com/uOttawa_External_Career_Site/job/Ottawa-ON/Tier-1-Canada-Research-Chair-in-Indigenous-Community-Infrastructure---Directorship-of-the-Centre-for-Indigenous-Community-Infrastructure_JR36966,Tier 1 Canada Research Chair in Indigenous Community Infrastructure - Directorship of the Centre for Indigenous Community Infrastructure,Associate_Professor,Full-time,Centre for Indigenous Community Infrastructure,Indigenous Community Infrastructure; Transportation Engineering; Geotechnical Engineering; trainees Participate,"August 27, 2026",2026-06-29
1625,https://uottawa.wd3.myworkdayjobs.com/uOttawa_External_Career_Site/job/Ottawa-ON/Tier-2-Canada-Research-Chair-in-Application-AI-Innovation-in-Public-Health_JR33417,Tier 2 Canada Research Chair in Applied AI Innovation in Public Health,Assistant_Professor; Associate_Professor; Research_Fellow,Full-time,School of Pharmaceutical Sciences,Applied AI Innovation in Public Health,,2026-06-24
1625,https://uottawa.wd3.myworkdayjobs.com/uOttawa_External_Career_Site/job/Lees-Campus/Assistant-Professor--Physiotherapy-Program_JR35540,"Assistant Professor, Physiotherapy Program",Assistant_Professor,Full-time,Faculty of Health Sciences,Physiotherapy Program,"June 30, 2026",2026-05-29
1625,https://uottawa.wd3.myworkdayjobs.com/uOttawa_External_Career_Site/job/Ottawa-ON/Tenure-Track-Faculty-Position-in-Accounting_JR35304-1,Tenure-Track Faculty Position in Accounting,Assistant_Professor; Associate_Professor; Full_Professor; Research_Fellow,Full-time,School of Management,Accounting; auditing; official,"August 17, 2026",2026-05-26
1625,https://uottawa.wd3.myworkdayjobs.com/uOttawa_External_Career_Site/job/Ottawa-ON/Replacement-Professor-in-Biology_JR34663,Replacement Professor in Biology,Full_Professor,Full-time,,Biology; application of this experience,"May 30, 2026",2026-05-26
1625,https://uottawa.wd3.myworkdayjobs.com/uOttawa_External_Career_Site/job/Ottawa-ON/Tenure-track-faculty-positions-in-financial-accounting_JR26393,Tenure-track faculty position in financial accounting,Assistant_Professor; Associate_Professor; Full_Professor; Research_Fellow,Full-time,School of Management,accounting; English,"August 9, 2026",2026-05-05
1625,https://uottawa.wd3.myworkdayjobs.com/uOttawa_External_Career_Site/job/Lees-Campus/Assistant-Professor-in-Health-Science-Communication_JR28238,Assistant Professor in Health Science Communication,Assistant_Professor,Full-time,Faculty of Health Sciences,Health Science Communication; Scholarly research activities Academic service,"November 29, 2025",2026-03-09
1625,https://uottawa.wd3.myworkdayjobs.com/uOttawa_External_Career_Site/job/Ottawa-ON/Tier-2-Canada-Research-Chair-in-Experimental-Cellular-and-Systems-Biophysics_JR30878,Tier 2 Canada Research Chair in Experimental Cellular and Systems Biophysics,Assistant_Professor; Associate_Professor; Research_Fellow,Full-time,"Centre for Neural Dynamics and AI, and Nexus for Quantum Technologies",Experimental Cellular and Systems Biophysics; cardiac cells; interconnection,"February 10, 2026",2025-12-10
1625,https://uottawa.wd3.myworkdayjobs.com/uOttawa_External_Career_Site/job/Ottawa-ON/Replacement-professor-in-Earth-and-Environmental-Sciences_JR23349,Replacement professor in Earth and Environmental Sciences,Full_Professor,Full-time,,Earth and Environmental Sciences; industry experience; academia; geochemistry The candidate,"June 20, 2025",2025-05-20
1625,https://uottawa.wd3.myworkdayjobs.com/uOttawa_External_Career_Site/job/Ottawa-ON/Tenure-track-position-with-Open-Specialization_JR20039,"Associate or Full Professor, Institute of Indigenous Research and Studies",Associate_Professor; Full_Professor,Full-time,Institute of Indigenous Research and Studies,Indigenous Research and Studies; equivalent knowledge translation,"March 10, 2025",2025-01-27
1625,https://uottawa.wd3.myworkdayjobs.com/uOttawa_External_Career_Site/job/Ottawa-ON/CUPE-Winter-2025-CORR-50H-MAT3379A_JR19026,CUPE-Winter-2025-CORR 50H MAT3379A,Unclassified,Part-time,,,,2024-10-31
1625,https://uottawa.wd3.myworkdayjobs.com/uOttawa_External_Career_Site/job/Ottawa-ON/APTPUO--Winter-2024---BPS-4102-A00--Pharmaceuticals--Federal-and-International-Regulations--_JR15371,APTPUO -Winter 2025 | BPS 4102 A00 (Pharmaceuticals: Federal and International Regulations ),Research_Fellow,Part-time,,biotherapeutic research,,2024-07-26
1625,https://uottawa.wd3.myworkdayjobs.com/uOttawa_External_Career_Site/job/Lees-Campus/APTPUO-PT-HSS3103C-Winter-2025_JR12331,APTPUO-PT-HSS3103C-Winter 2025,Unclassified,Part-time,,rehabilitation,,2024-06-10
1625,https://uottawa.wd3.myworkdayjobs.com/uOttawa_External_Career_Site/job/Ottawa-ON/Research-Librarian---ASC--Replacement-_JR39013,Research Librarian ASC Replacement,Non-academic,Full-time,,,,
1625,https://uottawa.wd3.myworkdayjobs.com/uOttawa_External_Career_Site/job/Ottawa-ON/Lead-Coordinator--User-Engagement_JR39014-1,"Lead Coordinator, User Engagement",Non-academic,Full-time,,,,2026-09-14
1625,https://uottawa.wd3.myworkdayjobs.com/uOttawa_External_Career_Site/job/Ottawa-ON/APTPUO--Winter-2027--BIO1131--Section-A00_JR39031,"APTPUO- Winter 2027- BIO1131, Section A00",Research_Fellow,Part-time,,,,2026-09-14
1625,https://uottawa.wd3.myworkdayjobs.com/uOttawa_External_Career_Site/job/Ottawa-ON/Intermediate-Software-Developer--Information-Technology_JR39024,"Intermediate Software Developer, Information Technology",Unclassified,Full-time,,,,2026-09-14
1625,https://uottawa.wd3.myworkdayjobs.com/uOttawa_External_Career_Site/job/Ottawa-ON/SCFP---Automne-2026---AE---Simon-Parent--65h---EDU-4504-A00_JR39023,SCFP - Automne 2026 - AE - Simon Parent- 65h - EDU 4504 A00,Unclassified,Part-time,,Lab Monitor,,2026-09-14
1625,https://uottawa.wd3.myworkdayjobs.com/uOttawa_External_Career_Site/job/Ottawa-ON/SCFP---Raffichage---Automne-2026---AE---PED3544-F210---EDUC-INCLUSIVE---SOUTIEN_JR39021,SCFP - Réaffichage - Automne 2026 - AE - PED3544 F210 - EDUC. INCLUSIVE & SOUTIEN,Unclassified,Part-time,,Lab Monitor,,2026-09-14
1625,https://uottawa.wd3.myworkdayjobs.com/uOttawa_External_Career_Site/job/Ottawa-ON/CUPE---automne-2026---TA---TSO2551---A00_JR39018,CUPE – automne 2026 – TA – TSO2551 – A00,Unclassified,Part-time,,Lab Monitor,,2026-09-14
1625,https://uottawa.wd3.myworkdayjobs.com/uOttawa_External_Career_Site/job/Ottawa-ON/Senior-Officer--Academic-Administration_JR39016-1,"Senior Officer, Academic Administration",Assistant_Professor; Associate_Professor; Full_Professor,Full-time,Faculty of Engineering students or staff,,,2026-09-14
1625,https://uottawa.wd3.myworkdayjobs.com/uOttawa_External_Career_Site/job/Ottawa-ON/Manager--Educational-Development-and-Digital-Learning_JR38867,"Manager, Educational Development and Digital Learning",Non-academic,Full-time,,post-secondary setting,,2026-09-14
1625,https://uottawa.wd3.myworkdayjobs.com/uOttawa_External_Career_Site/job/Ottawa-ON/Intermediate-Software-Developer--Information-Technology_JR38974,"Intermediate Software Developer, Information Technology",Unclassified,Full-time,,,,2026-09-14
1625,https://uottawa.wd3.myworkdayjobs.com/uOttawa_External_Career_Site/job/Ottawa-ON/Product-Manager--Information-Technology_JR38975,"Product Manager, Information Technology",Non-academic,Full-time,,,,2026-09-14
1625,https://uottawa.wd3.myworkdayjobs.com/uOttawa_External_Career_Site/job/Ottawa-ON/Replacement-Professor---Director-of-the-Teacher-Education-Programs--Assistant-level-_JR38915,Replacement Professor - Director of the Teacher Education Programs (Assistant level),Full_Professor,Full-time,Faculty of Education,Replacement; Faculty of Education,,2026-09-11
1625,https://uottawa.wd3.myworkdayjobs.com/uOttawa_External_Career_Site/job/Ottawa-ON/APTPUO---Hiver-2027---PED-1599-D200---CONNAIS---HABIL-FRA-CRIT-ENS_JR39008,APTPUO - Hiver 2027 - PED 1599 D200 - CONNAIS & HABIL FRA. ÉCRIT ENS,Unclassified,Part-time,,,,2026-09-11
1625,https://uottawa.wd3.myworkdayjobs.com/uOttawa_External_Career_Site/job/Ottawa-ON/APTPUO---Hiver-2027---PED-3558-D200---SCI--TECHNO--SOCIT-ET-ENV_JR39009,"APTPUO - Hiver 2027 - PED 3558 D200 - SCI, TECHNO, SOCIÉTÉ ET ENV",Unclassified,Part-time,,,,2026-09-11
1625,https://uottawa.wd3.myworkdayjobs.com/uOttawa_External_Career_Site/job/Ottawa-ON/APTPUO---Hiver-2027---PED-3565-D200---PEUPLES-ET-TECHNO-AUTOCHTONES_JR39010-1,APTPUO - Hiver 2027 - PED 3565 D200 - PEUPLES ET TECHNO AUTOCHTONES,Unclassified,Part-time,,,,2026-09-11
1625,https://uottawa.wd3.myworkdayjobs.com/uOttawa_External_Career_Site/job/Ottawa-ON/APTPUO---Hiver-2027---PED-3567-D100---3568-D200---GESTION-CLASSE-CYCLE-I---II_JR39011,APTPUO - Hiver 2027 - PED 3567 D100 / 3568 D200 - GESTION CLASSE CYCLE I & II,Unclassified,Part-time,,,,2026-09-11
1625,https://uottawa.wd3.myworkdayjobs.com/uOttawa_External_Career_Site/job/Ottawa-ON/APTPUO---Hiver-2027---PED-4551-D100--4552-D200---INTGRAPPRENDVPROFSEC-I---II_JR39012,APTPUO - Hiver 2027 - PED 4551 D100/ 4552 D200 - INTÉGR.APPREN.DÉV.PROF.SEC. I & II,Unclassified,Part-time,,,,2026-09-11
1625,https://uottawa.wd3.myworkdayjobs.com/uOttawa_External_Career_Site/job/Ottawa-ON/Clinical-Manager--Student-Health-and-Wellness_JR38886-1,"Clinical Manager, Student Health and Wellness",Non-academic,Full-time,,,,2026-09-11
1625,https://uottawa.wd3.myworkdayjobs.com/uOttawa_External_Career_Site/job/Ottawa-ON/CUPE---Research-Assistant---Ruth-Kane---Fall-2026---65h_JR39005,CUPE - Research Assistant - Ruth Kane - Fall 2026 - 65h,Non-academic,Part-time,,,,2026-09-11
1625,https://uottawa.wd3.myworkdayjobs.com/uOttawa_External_Career_Site/job/Ottawa-ON/Cupe---Automne-2026---Assistanat-de-recherche---J-Fathally_JR39006-1,Cupe - Automne 2026 - Assistanat de recherche - J. Fathally,Non-academic,Part-time,,,,2026-09-11
1625,https://uottawa.wd3.myworkdayjobs.com/uOttawa_External_Career_Site/job/Ottawa-ON/CUPE---Fall-2026---COR---POL3102---F00_JR39003,CUPE - Fall 2026 - COR - POL3102 - F00,Unclassified,Part-time,,,,2026-09-11
1625,https://uottawa.wd3.myworkdayjobs.com/uOttawa_External_Career_Site/job/Ottawa-ON/CUPE---Automne-2026---COR---POL3502---C00_JR39002,CUPE - Automne 2026 - COR - POL3502 - C00,Unclassified,Part-time,,,,2026-09-11
1625,https://uottawa.wd3.myworkdayjobs.com/uOttawa_External_Career_Site/job/Ottawa-ON/Lead-Research-Advisor--Grant-Development-Services_JR38972,"Lead Research Advisor, Grant Development Services",Unclassified,Full-time,,,,2026-09-11
1625,https://uottawa.wd3.myworkdayjobs.com/uOttawa_External_Career_Site/job/Ottawa-ON/APTPUO---Winter-2027---CML2309-O00---Civil-Procedure-I_JR39001-1,APTPUO - Winter 2027 - CML2309 O00 - Civil Procedure I,Unclassified,Part-time,,,,2026-09-11
1625,https://uottawa.wd3.myworkdayjobs.com/uOttawa_External_Career_Site/job/Ottawa-ON/APTPUO---Hiver-2027---POL2556---B00_JR38998,APTPUO - Hiver 2027 - POL2556 - B00,Unclassified,Part-time,,,,2026-09-10
1625,https://uottawa.wd3.myworkdayjobs.com/uOttawa_External_Career_Site/job/Ottawa-ON/APTPUO---Hiver-2027---POL2508---B00_JR38997,APTPUO - Hiver 2027 - POL2508 - B00,Unclassified,Part-time,,,,2026-09-10
1625,https://uottawa.wd3.myworkdayjobs.com/uOttawa_External_Career_Site/job/Ottawa-ON/CUPE---Fall-2026---TA---ENV2301-A00_JR38996,CUPE - Fall 2026 - TA - ENV2301 A00,Unclassified,Part-time,,Lab Monitor,,2026-09-10
1625,https://uottawa.wd3.myworkdayjobs.com/uOttawa_External_Career_Site/job/Ottawa-ON/CUPE---Fall-2026---TA---ENV4113-Selected-Topics-in-Environmental-Issues_JR38995,CUPE - Fall 2026 - TA - ENV4113 Selected Topics in Environmental Issues,Unclassified,Part-time,,Lab Monitor,,2026-09-10
1625,https://uottawa.wd3.myworkdayjobs.com/uOttawa_External_Career_Site/job/Ottawa-ON/CUPE---Fall-2026---Corrector---ENG1120_JR38994,CUPE - Fall 2026 - Corrector - ENG1120,Unclassified,Part-time,,,,2026-09-10
1625,https://uottawa.wd3.myworkdayjobs.com/uOttawa_External_Career_Site/job/Ottawa-ON/Senior-Coordinator--Revue-gnrale-de-droit_JR38991-1,"Senior Coordinator, Revue générale de droit",Non-academic,Part-time,,,,2026-09-10
1625,https://uottawa.wd3.myworkdayjobs.com/uOttawa_External_Career_Site/job/Ottawa-ON/Junior-Software-Developer--Information-Technology_JR38990,"Junior Software Developer, Information Technology",Unclassified,Full-time,,,,2026-09-10
1625,https://uottawa.wd3.myworkdayjobs.com/uOttawa_External_Career_Site/job/Ottawa-ON/Intermediate-Web-Developer_JR38988,Intermediate Web Developer,Unclassified,Full-time,,,,2026-09-10
1625,https://uottawa.wd3.myworkdayjobs.com/uOttawa_External_Career_Site/job/Ottawa-ON/Research-Assistant_JR38986,Research Assistant,Non-academic,Part-time,,,,2026-09-10
1625,https://uottawa.wd3.myworkdayjobs.com/uOttawa_External_Career_Site/job/Ottawa-ON/Senior-Information-Officer--Customer-Service--Financial-Aid-_JR38973,"Senior Information Officer, Customer Service (Financial Aid)",Unclassified,Full-time,,,,2026-09-10
1625,https://uottawa.wd3.myworkdayjobs.com/uOttawa_External_Career_Site/job/Ottawa-ON/Director--Experiential-and-Clinical-Learning-Hub_JR38984,"Director, Experiential and Clinical Learning Hub",Unclassified,Part-time,Faculty of Law,,,2026-09-10
1625,https://uottawa.wd3.myworkdayjobs.com/uOttawa_External_Career_Site/job/Ottawa-ON/CUPE---Fall-2026--MUS3958-A---Vocal-Repertoire-I--Pianist-_JR38987,CUPE - Fall 2026  MUS3958 A - Vocal Repertoire I (Pianist),Unclassified,Part-time,,Lab Monitor,,2026-09-10
1625,https://uottawa.wd3.myworkdayjobs.com/uOttawa_External_Career_Site/job/Ottawa-ON/APTPUO--Hiver-2027--BIO2535--Section-A00_JR38983,"APTPUO- Hiver 2027- BIO2535, Section A00",Unclassified,Part-time,,,,2026-09-10
1625,https://uottawa.wd3.myworkdayjobs.com/uOttawa_External_Career_Site/job/Ottawa-ON/Research-Assistant_JR38982,Research Assistant,Non-academic,Part-time,,,,2026-09-10
1625,https://uottawa.wd3.myworkdayjobs.com/uOttawa_External_Career_Site/job/Ottawa-ON/Supervisor--Academic-Administration_JR38913,"Supervisor, Academic Administration",Non-academic,Full-time,,,,2026-09-10
1625,https://uottawa.wd3.myworkdayjobs.com/uOttawa_External_Career_Site/job/Ottawa-ON/Lead-Data-Administrator--Quantitative-Health-Research_JR38970,"Lead Data Administrator, Quantitative Health Research",Non-academic,Full-time,"Faculty of Medicine, the first and largest bilingual medical faculty in Canada",,,2026-09-10
1625,https://uottawa.wd3.myworkdayjobs.com/uOttawa_External_Career_Site/job/Ottawa-ON/CUPE---Fall-2026---Research-Assistant----Tracy-Vaillancourt---130-h_JR38980,CUPE - Fall 2026/Winter 2027 - Research Assistant -  Tracy Vaillancourt - 130 h,Non-academic,Part-time,,,,2026-09-10
1625,https://uottawa.wd3.myworkdayjobs.com/uOttawa_External_Career_Site/job/Ottawa-ON/APTPUO---PSY2510-C00---HIVER-2027_JR37865,APTPUO - PSY2510 C00 - WINTER 2027,Unclassified,Part-time,School of Psychology Secretariat,social,,2026-09-10
1625,https://uottawa.wd3.myworkdayjobs.com/uOttawa_External_Career_Site/job/Ottawa-ON/Adjointe-ou-adjoint-de-direction-II_JR38957,Executive Assistant II,Unclassified,Full-time,,,,2026-09-10
1625,https://uottawa.wd3.myworkdayjobs.com/uOttawa_External_Career_Site/job/Ottawa-ON/Intermediate-Administrator--Human-Resources_JR38966,"Intermediate Administrator, Human Resources",Non-academic,Full-time,"Faculty of Education is proud to promote equity, diversity, and inclusion",,,2026-09-10
1625,https://uottawa.wd3.myworkdayjobs.com/uOttawa_External_Career_Site/job/Ottawa-ON/Lead-Coordinator--Research-Administration-and-Communications_JR38936,"Lead Coordinator, Research Administration and Communications",Non-academic,Full-time,"Faculty of Medicine, the first and largest bilingual medical faculty in Canada",enabling the development of expert; respond,,2026-09-10
1625,https://uottawa.wd3.myworkdayjobs.com/uOttawa_External_Career_Site/job/Lees-Campus/Senior-Advisor--Undergraduate-Program-in-Nursing_JR35294,"Senior Advisor, Undergraduate Program in Nursing",Unclassified,Full-time,School of Nursing,Nursing,,2026-09-10
1625,https://uottawa.wd3.myworkdayjobs.com/uOttawa_External_Career_Site/job/Ottawa-ON/APTPUO--Hiver-2027---ISI6742---Architecture-web-et-technologies_JR38916,APTPUO- Hiver 2027 - ISI6742 - Architecture de l’information et expérience de l’utilisateur dans la conception de sites web,Unclassified,Part-time,,,,2026-09-09
1625,https://uottawa.wd3.myworkdayjobs.com/uOttawa_External_Career_Site/job/Ottawa-ON/APTPUO--Winter-2027--ISI-6353-Access-and-Services-to-Diverse-Populations_JR38917,APTPUO- Winter 2027- ISI 6353 Access and Services to Diverse Populations,Unclassified,Part-time,,,,2026-09-09
1625,https://uottawa.wd3.myworkdayjobs.com/uOttawa_External_Career_Site/job/Ottawa-ON/Research-Assistant_JR38971-1,Research Assistant,Non-academic,Part-time,,,,2026-09-09
1625,https://uottawa.wd3.myworkdayjobs.com/uOttawa_External_Career_Site/job/Ottawa-ON/Research-Assistant_JR38922,Research Assistant,Non-academic,Part-time,,,,2026-09-09
1625,https://uottawa.wd3.myworkdayjobs.com/uOttawa_External_Career_Site/job/Ottawa-ON/Research-Assistant_JR38965,Research Assistant,Non-academic,Part-time,,,,2026-09-09
1625,https://uottawa.wd3.myworkdayjobs.com/uOttawa_External_Career_Site/job/Ottawa-ON/Research-Assistant_JR38964,Research Assistant,Non-academic,Part-time,Centre for International Policy Studies,,,2026-09-09
1625,https://uottawa.wd3.myworkdayjobs.com/uOttawa_External_Career_Site/job/Ottawa-ON/CUPE---Research-Assistant---John-Ranellucci---Fall-2026---40h_JR38963-1,CUPE - Research Assistant - John Ranellucci - Fall 2026 - 40h,Non-academic,Part-time,Faculty of Education will be considered,,,2026-09-09
1625,https://uottawa.wd3.myworkdayjobs.com/uOttawa_External_Career_Site/job/Ottawa-ON/CUPE-Automne-Fall-2026--AE-TA-CEG3155A_JR38962,CUPE-Automne/Fall 2026- AE/TA-CEG3155A,Unclassified,Part-time,,Lab Monitor,,2026-09-09
1625,https://uottawa.wd3.myworkdayjobs.com/uOttawa_External_Career_Site/job/Ottawa-ON/SCFP---Automne-2026---AE---Mirela-Moldoveanu---65h---EDU-7700_JR38961,SCFP - Automne 2026 - AE - Mirela Moldoveanu - 65h - EDU 7700,Unclassified,Part-time,,Lab Monitor,,2026-09-09
1625,https://uottawa.wd3.myworkdayjobs.com/uOttawa_External_Career_Site/job/Ottawa-ON/SCFP---Automne-2026---AE---Carole-Fleuret--130h_JR38960,SCFP - Automne 2026 - AE - Carole Fleuret- 130h,Unclassified,Part-time,,Lab Monitor,,2026-09-09
1625,https://uottawa.wd3.myworkdayjobs.com/uOttawa_External_Career_Site/job/Ottawa-ON/CUPE---Fall-2026---TA---ANP1111_JR38958,CUPE – Fall 2026 – TA – ANP1111,Unclassified,Part-time,,Lab Monitor,,2026-09-09
1625,https://uottawa.wd3.myworkdayjobs.com/uOttawa_External_Career_Site/job/Ottawa-ON/CUPE-Fall-2026-BIO3702-CRS-CORR--86H_JR38956,CUPE-Fall 2026-BIO3702-CRS CORR -86H,Unclassified,Part-time,,,,2026-09-09
1625,https://uottawa.wd3.myworkdayjobs.com/uOttawa_External_Career_Site/job/Main-Campus/ATPUO---Hiver-2027---ADM4752M---Gestion-financire-avance_JR38952,ATPUO - Hiver 2027 - ADM4752M - Gestion financière avancée,Unclassified,Part-time,,,,2026-09-09
1625,https://uottawa.wd3.myworkdayjobs.com/uOttawa_External_Career_Site/job/Ottawa-ON/SCFP---Automne-2026---AE---Grardine-Kamdoum---65h_JR38951,SCFP - Automne 2026 - AE - Gérardine Kamdoum - 65h,Unclassified,Part-time,,Lab Monitor,,2026-09-08
1625,https://uottawa.wd3.myworkdayjobs.com/uOttawa_External_Career_Site/job/Ottawa-ON/SCFP---Automne-2026---AE---Andr-Samson---130h_JR38950,SCFP - Automne 2026 - AE - André Samson - 130h,Unclassified,Part-time,,Lab Monitor,,2026-09-08
1625,https://uottawa.wd3.myworkdayjobs.com/uOttawa_External_Career_Site/job/Ottawa-ON/CUPE---Fall-2026---TA---Eliane-Dulude---65h---EDU-5230-DA30_JR38949,CUPE - Fall 2026 - TA - Eliane Dulude - 65h - EDU 5230 DA30,Unclassified,Part-time,,Lab Monitor,,2026-09-08
1625,https://uottawa.wd3.myworkdayjobs.com/uOttawa_External_Career_Site/job/Ottawa-ON/CUPE---Fall-2026---TA---Peter-Milley---130h---EDU-5263_JR38948,CUPE - Fall 2026 - TA - Peter Milley - 130h - EDU 5263,Unclassified,Part-time,,Lab Monitor,,2026-09-08
1625,https://uottawa.wd3.myworkdayjobs.com/uOttawa_External_Career_Site/job/Ottawa-ON/CUPE---Fall-2026---TA-PED4125-S200---TEACH-SC-CHEM-AT-SENIOR-DIV_JR38945,CUPE - Fall 2026 - TA PED4125 S200 - TEACH. SC. CHEM. AT SENIOR DIV,Unclassified,Part-time,,Assistant contract Tasks,,2026-09-08
1625,https://uottawa.wd3.myworkdayjobs.com/uOttawa_External_Career_Site/job/Ottawa-ON/CUPE---Fall-2026---TA---Holly-Adam---130h---EDU-5261_JR38946,CUPE - Fall 2026 - TA - Holly Adam - 130h - EDU 5261,Unclassified,Part-time,,Lab Monitor,,2026-09-08
1625,https://uottawa.wd3.myworkdayjobs.com/uOttawa_External_Career_Site/job/Ottawa-ON/CUPE---Fall-2026---TA---130h---Minahil-Asim_JR38943,CUPE - Fall 2026 - TA - Minahil Asim - 130h,Unclassified,Part-time,,Lab Monitor,,2026-09-08
1625,https://uottawa.wd3.myworkdayjobs.com/uOttawa_External_Career_Site/job/Ottawa-ON/ISI-6771---Apprentissage-et-Instruction_JR38938,ISI 6771 - Apprentissage et Instruction,Unclassified,Part-time,,,,2026-09-08
1625,https://uottawa.wd3.myworkdayjobs.com/uOttawa_External_Career_Site/job/Ottawa-ON/APTPUO--Hiver-2027--BIO3515--Section-A00_JR38937,"APTPUO- Hiver 2027- BIO3515, Section A00",Unclassified,Part-time,,,,2026-09-08
1625,https://uottawa.wd3.myworkdayjobs.com/uOttawa_External_Career_Site/job/Ottawa-ON/ISI-6372-Information-Literacy_JR38935,ISI 6372 Information Literacy,Unclassified,Part-time,,,,2026-09-08
1625,https://uottawa.wd3.myworkdayjobs.com/uOttawa_External_Career_Site/job/Ottawa-ON/Senior-Specialist--HR-Business-Applications_JR38635,"Senior Specialist, Workday HCM",Non-academic,Full-time,,,,2026-09-08
1625,https://uottawa.wd3.myworkdayjobs.com/uOttawa_External_Career_Site/job/Ottawa-ON/Senior-Executive-Assistant_JR38879,Senior Executive Assistant,Non-academic,Full-time,,,,2026-09-07
1625,https://uottawa.wd3.myworkdayjobs.com/uOttawa_External_Career_Site/job/Ottawa-ON/CUPE---Hiver-2027---RA---P_JR38933-1,CUPE - Hiver 2027 - RA - ÉÉP,Non-academic,Part-time,,,,2026-09-04
1625,https://uottawa.wd3.myworkdayjobs.com/uOttawa_External_Career_Site/job/Ottawa-ON/CUPE---Automne-2026---RA---P_JR38930,CUPE - Automne 2026 - RA - ÉÉP,Non-academic,Part-time,,,,2026-09-04
1625,https://uottawa.wd3.myworkdayjobs.com/uOttawa_External_Career_Site/job/Ottawa-ON/Research-Assistant_JR38924,Research Assistant,Non-academic,Part-time,,,,2026-09-04
1625,https://uottawa.wd3.myworkdayjobs.com/uOttawa_External_Career_Site/job/Ottawa-ON/Research-Assistant_JR38921,Research Assistant,Non-academic,Part-time,,,,2026-09-04
1625,https://uottawa.wd3.myworkdayjobs.com/uOttawa_External_Career_Site/job/Ottawa-ON/APTPUO---Hiver-2027---ISI6713-A00_JR38912,APTPUO - Hiver 2027 - ISI6713-A00,Unclassified,Part-time,,,,2026-09-04
1625,https://uottawa.wd3.myworkdayjobs.com/uOttawa_External_Career_Site/job/Ottawa-ON/APTPUO---Winter-2027---ISI6331_JR38911,APTPUO - Winter 2027 - ISI6331,Unclassified,Part-time,,,,2026-09-04
1625,https://uottawa.wd3.myworkdayjobs.com/uOttawa_External_Career_Site/job/Ottawa-ON/APTPUO---Winter-2027---ISI5307-A00_JR38909-1,APTPUO - Winter 2027 - ISI5307-A00,Unclassified,Part-time,,,,2026-09-04
1625,https://uottawa.wd3.myworkdayjobs.com/uOttawa_External_Career_Site/job/Ottawa-ON/APTPUO---Hiver-2027---ISI5705-A00_JR38908,APTPUO - Hiver 2027 - ISI5705-A00,Unclassified,Part-time,,,,2026-09-04
1625,https://uottawa.wd3.myworkdayjobs.com/uOttawa_External_Career_Site/job/Ottawa-ON/CUPE---Fall-2026---Corrector---ENG1320-A00_JR38905,CUPE - Fall 2026 - Corrector - ENG1320 A00,Unclassified,Part-time,,,,2026-09-04
1625,https://uottawa.wd3.myworkdayjobs.com/uOttawa_External_Career_Site/job/Ottawa-ON/Senior-Manager--Learning-Solutions_JR38872,"Senior Manager, Learning Solutions",Assistant_Professor; Associate_Professor; Full_Professor,Full-time,,,,2026-09-03
1625,https://uottawa.wd3.myworkdayjobs.com/uOttawa_External_Career_Site/job/Ottawa-ON/ATPUO---Hiver-2027---MBA6654B00---Financement-durable_JR38883,ATPUO - Hiver 2027 - MBA6654B00 - Financement durable,Unclassified,Part-time,,,,2026-09-03
1625,https://uottawa.wd3.myworkdayjobs.com/uOttawa_External_Career_Site/job/Ottawa-ON/ATPUO---Hiver-2027---MBA6653B00---thique-en-finance_JR38881,ATPUO - Hiver 2027 - MBA6653B00 - Éthique en finance,Unclassified,Part-time,,,,2026-09-03
1625,https://uottawa.wd3.myworkdayjobs.com/uOttawa_External_Career_Site/job/Lees-Campus/APEUO-ATPUO-Automne-2026-NUT3702-A-enseignement-clinique--simulations-_JR38882,APEUO-ATPUO_Automne 2026_NUT3702 A enseignement clinique (simulations),Unclassified,Part-time,,,,2026-09-03
1625,https://uottawa.wd3.myworkdayjobs.com/uOttawa_External_Career_Site/job/Ottawa-ON/CUPE---Fall-2026---TA-PED3153---CONTEXT-ONT-MID---SEC-SCH_JR39046,CUPE - Fall 2026 - TA PED3153 - CONTEXT ONT MID & SEC SCH,Unclassified,Part-time,,Lab Monitor,,2026-09-15
1625,https://uottawa.wd3.myworkdayjobs.com/uOttawa_External_Career_Site/job/Ottawa-ON/Lead-Executive-Advisor--Research-Services_JR38969,"Lead Executive Advisor, Research Services",Unclassified,Full-time,,,,2026-09-15
1625,https://uottawa.wd3.myworkdayjobs.com/uOttawa_External_Career_Site/job/Ottawa-ON/TA--CUPE----SED2115-A---Fall-2026_JR39039,TA (CUPE) - SED2115 A - Fall 2026,Unclassified,Part-time,,Lab Monitor,,2026-09-15
1625,https://uottawa.wd3.myworkdayjobs.com/uOttawa_External_Career_Site/job/Ottawa-ON/CUPE---Aut-2026---Assistante-de-recherche---Pr-Louise-Frappier_JR39035,CUPE - Aut. 2026 - Assistant.e de recherche - Pr. Louise Frappier,Non-academic,Part-time,,,,2026-09-14
1625,https://uottawa.wd3.myworkdayjobs.com/uOttawa_External_Career_Site/job/Ottawa-ON/APTPUO---Winter-2027----EDU5113-DA00---INCLUSIVE---SPECIAL-EDUCATION_JR39055,APTPUO - Winter 2027 -  EDU5113 DA00 - INCLUSIVE & SPECIAL EDUCATION,Unclassified,Part-time,,inclusive; special,,2026-09-16
1625,https://uottawa.wd3.myworkdayjobs.com/uOttawa_External_Career_Site/job/Ottawa-ON/APTPUO---Winter-2027----EDU5113-DA10---INCLUSIVE---SPECIAL-EDUCATION_JR39057-1,APTPUO - Winter 2027 -  EDU5113 DA10 - INCLUSIVE & SPECIAL EDUCATION,Unclassified,Part-time,,inclusive; special,,2026-09-16
1625,https://uottawa.wd3.myworkdayjobs.com/uOttawa_External_Career_Site/job/Ottawa-ON/APTPUO---Winter-2027----EDU5125-DA00---SOCIAL-EMOTIONAL-LEARNING_JR39060,APTPUO - Winter 2027 -  EDU5125 DA00 - SOCIAL EMOTIONAL LEARNING,Unclassified,Part-time,,,,2026-09-16
1625,https://uottawa.wd3.myworkdayjobs.com/uOttawa_External_Career_Site/job/Ottawa-ON/APTPUO---Winter-2027----EDU5125-DA10---SOCIAL-EMOTIONAL-LEARNING_JR39061,APTPUO - Winter 2027 -  EDU5125 DA10 - SOCIAL EMOTIONAL LEARNING,Unclassified,Part-time,,,,2026-09-16
1625,https://uottawa.wd3.myworkdayjobs.com/uOttawa_External_Career_Site/job/Ottawa-ON/APTPUO---Winter-2027----EDU5127-DA00---MENTORING-AND-COACHING_JR39062,APTPUO - Winter 2027 -  EDU5127 DA00 - MENTORING AND COACHING,Unclassified,Part-time,,,,2026-09-16
1625,https://uottawa.wd3.myworkdayjobs.com/uOttawa_External_Career_Site/job/Ottawa-ON/APTPUO---Winter-2027----EDU5127-DA10---MENTORING-AND-COACHING_JR39063,APTPUO - Winter 2027 -  EDU5127 DA10 - MENTORING AND COACHING,Unclassified,Part-time,,,,2026-09-16
1625,https://uottawa.wd3.myworkdayjobs.com/uOttawa_External_Career_Site/job/Ottawa-ON/APTPUO---Winter-2027----EDU5146-DA10---SOC--POL---CULTURAL-ISSUES_JR39064,"APTPUO - Winter 2027 -  EDU5146 DA10 - SOC., POL. & CULTURAL ISSUES",Unclassified,Part-time,,,,2026-09-16
1625,https://uottawa.wd3.myworkdayjobs.com/uOttawa_External_Career_Site/job/Ottawa-ON/APTPUO---Winter-2027----EDU5188-C00---INTEGRATION-OF-TECH-IN-EDUC_JR39067,APTPUO - Winter 2027 -  EDU5188 C00 - INTEGRATION OF TECH. IN EDUC.,Unclassified,Part-time,,,,2026-09-16
1625,https://uottawa.wd3.myworkdayjobs.com/uOttawa_External_Career_Site/job/Ottawa-ON/APTPUO---Winter-2027----EDU5188-DA00---INTEGRATION-OF-TECH-IN-EDUC_JR39074,APTPUO - Winter 2027 -  EDU5188 DA00 - INTEGRATION OF TECH. IN EDUC.,Unclassified,Part-time,,,,2026-09-16
1625,https://uottawa.wd3.myworkdayjobs.com/uOttawa_External_Career_Site/job/Ottawa-ON/APTPUO---Winter-2027----EDU5199-DA00---SYNTHESIS-SEMINAR_JR39078,APTPUO - Winter 2027 -  EDU5199 DA00 - SYNTHESIS SEMINAR,Unclassified,Part-time,,,,2026-09-16
1625,https://uottawa.wd3.myworkdayjobs.com/uOttawa_External_Career_Site/job/Ottawa-ON/APTPUO---Winter-2027----EDU5199-DA10---SYNTHESIS-SEMINAR_JR39081,APTPUO - Winter 2027 -  EDU5199 DA10 - SYNTHESIS SEMINAR,Unclassified,Part-time,,,,2026-09-16
1625,https://uottawa.wd3.myworkdayjobs.com/uOttawa_External_Career_Site/job/Ottawa-ON/APTPUO---Winter-2027----EDU5199-DS00---SYNTHESIS-SEMINAR_JR39084-1,APTPUO - Winter 2027 -  EDU5199 DS00 - SYNTHESIS SEMINAR,Unclassified,Part-time,,,,2026-09-16
1625,https://uottawa.wd3.myworkdayjobs.com/uOttawa_External_Career_Site/job/Ottawa-ON/APTPUO---Student---Winter-2027----EDU5202-DA20---TEACH-STRATEG-HEALTH-PROF_JR39088-1,APTPUO - Student - Winter 2027 -  EDU5202 DA20 - TEACH. STRATEG. HEALTH PROF.,Unclassified,Part-time,,Strategies,,2026-09-16
1625,https://uottawa.wd3.myworkdayjobs.com/uOttawa_External_Career_Site/job/Ottawa-ON/APTPUO---Student---Winter-2027----EDU5210-C00---PHILOSOPHIES-OF-EDUCATION_JR39089,APTPUO - Student - Winter 2027 -  EDU5210 C00 - PHILOSOPHIES OF EDUCATION,Unclassified,Part-time,,,,2026-09-16
1625,https://uottawa.wd3.myworkdayjobs.com/uOttawa_External_Career_Site/job/Ottawa-ON/APTPUO---Student---Winter-2027----EDU5230-DA00---LEADERSHIP-EDUC-ORGANIZATIONS_JR39090,APTPUO - Student - Winter 2027 -  EDU5230 DA00 - LEADERSHIP EDUC. ORGANIZATIONS,Unclassified,Part-time,,,,2026-09-16
1625,https://uottawa.wd3.myworkdayjobs.com/uOttawa_External_Career_Site/job/Ottawa-ON/APTPUO---Student---Winter-2027----EDU5232-DA00---HUMAN-RELATION-IN-EDUC-ADMIN_JR39091,APTPUO - Student - Winter 2027 -  EDU5232 DA00 - HUMAN RELATION IN EDUC. ADMIN.,Unclassified,Part-time,,,,2026-09-16
1625,https://uottawa.wd3.myworkdayjobs.com/uOttawa_External_Career_Site/job/Ottawa-ON/APTPUO---Student---Winter-2027----EDU5244-DA00---BILINGUAL-MULTILINGUAL---MINOR_JR39093,APTPUO - Student - Winter 2027 -  EDU5244 DA00 - BILINGUAL MULTILINGUAL & MINOR,Unclassified,Part-time,,,,2026-09-16
1625,https://uottawa.wd3.myworkdayjobs.com/uOttawa_External_Career_Site/job/Ottawa-ON/APTPUO---Student---Winter-2027----EDU5258-DA00---INCLUSIVE-PRACT-DIVERSE-NEEDS_JR39101,APTPUO - Student - Winter 2027 -  EDU5258 DA00 - INCLUSIVE PRACT DIVERSE NEEDS,Unclassified,Part-time,,inclusive practices,,2026-09-16
1625,https://uottawa.wd3.myworkdayjobs.com/uOttawa_External_Career_Site/job/Ottawa-ON/APTPUO---Student---Winter-2027----EDU5265-C00---INTNLOF-CURRICULUM-STUDIES_JR39103,APTPUO - Student - Winter 2027 -  EDU5265	C00 - INTNL.OF CURRICULUM STUDIES,Unclassified,Part-time,,,,2026-09-16
1625,https://uottawa.wd3.myworkdayjobs.com/uOttawa_External_Career_Site/job/Ottawa-ON/APTPUO---Student---Winter-2027----EDU5265-DA00---INTNLOF-CURRICULUM-STUDIES_JR39104,APTPUO - Student - Winter 2027 -  EDU5265	DA00 - INTNL.OF CURRICULUM STUDIES,Unclassified,Part-time,,,,2026-09-16
1625,https://uottawa.wd3.myworkdayjobs.com/uOttawa_External_Career_Site/job/Ottawa-ON/APTPUO---Student---Winter-2027----EDU5274-C00--TESTS---MEASURIN-COUNS-PSY_JR39105-1,APTPUO - Student - Winter 2027 -  EDU5274 C00	-TESTS & MEASUR.IN COUNS. PSY,Unclassified,Part-time,,,,2026-09-16
1625,https://uottawa.wd3.myworkdayjobs.com/uOttawa_External_Career_Site/job/Ottawa-ON/APTPUO---Winter-2027----EDU-5287-DA00---EMERGING-TECH-AND--LEARNING_JR39107,APTPUO - Winter 2027 -  EDU 5287 DA00 - EMERGING TECH. AND  LEARNING,Unclassified,Part-time,,,,2026-09-16
1625,https://uottawa.wd3.myworkdayjobs.com/uOttawa_External_Career_Site/job/Ottawa-ON/APTPUO---Winter-2027----EDU-5299-DA00---PROGRAM-EVAL--METHODS---PRAC_JR39108,APTPUO - Winter 2027 -  EDU 5299 DA00 - PROGRAM EVAL.: METHODS & PRAC.,Unclassified,Part-time,,,,2026-09-16
1625,https://uottawa.wd3.myworkdayjobs.com/uOttawa_External_Career_Site/job/Ottawa-ON/APTPUO---Winter-2027----EDU-5299-DA10---PROGRAM-EVAL--METHODS---PRAC_JR39109-1,APTPUO - Winter 2027 -  EDU 5299 DA10 - PROGRAM EVAL.: METHODS & PRAC.,Unclassified,Part-time,,,,2026-09-16
1625,https://uottawa.wd3.myworkdayjobs.com/uOttawa_External_Career_Site/job/Ottawa-ON/APTPUO---Winter-2027----EDU-5299-DA20---PROGRAM-EVAL--METHODS---PRAC_JR39110,APTPUO - Winter 2027 -  EDU 5299 DA20 - PROGRAM EVAL.: METHODS & PRAC.,Unclassified,Part-time,,,,2026-09-16
1625,https://uottawa.wd3.myworkdayjobs.com/uOttawa_External_Career_Site/job/Ottawa-ON/APTPUO---Student---Winter-2027----EDU5299-DA50---PROGRAM-EVAL--METHODS---PRAC_JR39113,APTPUO - Student - Winter 2027 -  EDU5299 DA50 - PROGRAM EVAL.: METHODS & PRAC.,Unclassified,Part-time,,,,2026-09-16
1625,https://uottawa.wd3.myworkdayjobs.com/uOttawa_External_Career_Site/job/Ottawa-ON/APTPUO---Student---Winter-2027----EDU-5357-DA00---CURRENT-ISSUES-IN-MATH-EDUC_JR39114,APTPUO - Student - Winter 2027 -  EDU 5357	DA00 - CURRENT ISSUES IN MATH. EDUC.,Unclassified,Part-time,,,,2026-09-16
1625,https://uottawa.wd3.myworkdayjobs.com/uOttawa_External_Career_Site/job/Ottawa-ON/APTPUO---Student---Winter-2027----EDU5385-DA00---CHILDREN-S-LIT---LEARNING_JR39115,APTPUO - Student - Winter 2027 -  EDU5385 DA00 - CHILDREN'S LIT. & LEARNING,Unclassified,Part-time,,,,2026-09-16
1625,https://uottawa.wd3.myworkdayjobs.com/uOttawa_External_Career_Site/job/Ottawa-ON/APTPUO---Student---Winter-2027----EDU5465-DA00---GLOBALIZATION---COMPAR-EDUC_JR39116,APTPUO - Student - Winter 2027 -  EDU5465 DA00 - GLOBALIZATION & COMPAR. EDUC.,Unclassified,Part-time,,,,2026-09-16
1625,https://uottawa.wd3.myworkdayjobs.com/uOttawa_External_Career_Site/job/Ottawa-ON/APTPUO---Automne-2026----PDP-2687---A00----Stage-d-enseignement-II_JR39102,APTPUO - Automne 2026 -  PDP 2687 - A00    Stage d'enseignement II,Unclassified,Part-time,,,,2026-09-16
1625,https://uottawa.wd3.myworkdayjobs.com/uOttawa_External_Career_Site/job/Ottawa-ON/APTPUO---Automne-2026----PDP16152-A00---ENS-AUX-LVES-CCIT-PART-I---partie-2-de-3-_JR39099,APTPUO - Automne 2026 -  PDP16152 A00 - ENS. AUX ÉLÈVES CÉCITÉ PART I  (partie 2 de 3),Unclassified,Part-time,,,,2026-09-16
1625,https://uottawa.wd3.myworkdayjobs.com/uOttawa_External_Career_Site/job/Ottawa-ON/APTPUO----Winter-2027---PDP3232-A00--MATH--PJ-SPECIALIST_JR39095-1,"APTPUO -  Winter 2027 - PDP3232 A00- MATH, PJ SPECIALIST",Non-academic,Part-time,,,,2026-09-16
1625,https://uottawa.wd3.myworkdayjobs.com/uOttawa_External_Career_Site/job/Ottawa-ON/APTPUO----Winter-2027---PDP3232-B00---MATH--PJ-SPECIALIST_JR39096,"APTPUO -  Winter 2027 - PDP3232 B00 - MATH, PJ SPECIALIST",Non-academic,Part-time,,,,2026-09-16
1625,https://uottawa.wd3.myworkdayjobs.com/uOttawa_External_Career_Site/job/Ottawa-ON/APTPUO---Winter-2027---PDP1579-A00--MESURE---VAL-STRAT-ENSEIGN_JR39097,APTPUO - Winter 2027 - PDP1579 A00- MESURE & ÉVAL STRAT ENSEIGN,Unclassified,Part-time,,,,2026-09-16
1625,https://uottawa.wd3.myworkdayjobs.com/uOttawa_External_Career_Site/job/Ottawa-ON/Assistanat-CUPE-Automne-2026--Centre-de-rdaction_JR39092,Assistanat CUPE-Automne 2026 -Centre de rédaction,Unclassified,Part-time,,Lab Monitor,,2026-09-16
1625,https://uottawa.wd3.myworkdayjobs.com/uOttawa_External_Career_Site/job/Ottawa-ON/Assistanat-CUPE--Hiver-2027--Centre-de-rdaction_JR39094,Assistanat CUPE- Hiver 2027 -Centre de rédaction,Unclassified,Part-time,,Lab Monitor,,2026-09-16
1625,https://uottawa.wd3.myworkdayjobs.com/uOttawa_External_Career_Site/job/Ottawa-ON/CUPE---Assistant-e--de-recherche---Megan-Cotnam-Kappel---60h_JR39086,CUPE - Assistant(e) de recherche - Megan Cotnam-Kappel - 60h,Non-academic,Part-time,,,,2026-09-16
1625,https://uottawa.wd3.myworkdayjobs.com/uOttawa_External_Career_Site/job/Ottawa-ON/Canada-Impact--Emerging-Leader-in-Epidemiology-and-or-Applied-Health-Research_JR39027,Canada Impact+ Emerging Leader in Epidemiology and/or Applied Health Research,Assistant_Professor; Research_Fellow,Full-time,"Faculty of Medicine , as part of the Eddie Goldenberg Research Chairs of Canada Program",Epidemiology and/or Applied Health Research; these priorities; Indigenous peoples,"October 16, 2026",2026-09-16
1625,https://uottawa.wd3.myworkdayjobs.com/uOttawa_External_Career_Site/job/Ottawa-ON/APTPUO---Hiver-2027---PDP-3670-A00---DU-SPEC-SPCIALISTE_JR39083,APTPUO - Hiver 2027 - PDP 3670 A00 - ÉDU. SPEC. SPÉCIALISTE,Unclassified,Part-time,,,,2026-09-16
1625,https://uottawa.wd3.myworkdayjobs.com/uOttawa_External_Career_Site/job/Ottawa-ON/APTPUO---Winter-2027---PDP-3660-A00---FRA-LANGUE-SECONDE-SPCIALISTE_JR39080,APTPUO - Winter 2027 - PDP 3660 A00 - FRA LANGUE SECONDE SPÉCIALISTE,Non-academic,Part-time,College of Teacher of Ontario,,,2026-09-16
1625,https://uottawa.wd3.myworkdayjobs.com/uOttawa_External_Career_Site/job/Ottawa-ON/Canada-Impact--Emerging-Leader-in-Environmental-Geochemistry_JR39025,Canada Impact+ Emerging Leader in Environmental Geochemistry,Assistant_Professor; Research_Fellow,Full-time,"Faculty of Science, as part of the Eddie Goldenberg Research Chairs of Canada Program",Environmental Geochemistry; isotope geochemistry; Indigenous peoples; French,"November 16, 2026",2026-09-16
1625,https://uottawa.wd3.myworkdayjobs.com/uOttawa_External_Career_Site/job/Ottawa-ON/APTPUO---Winter-2027---PDP-2660-A00---Franais-langue-seconde---partie-II_JR39079,APTPUO - Winter 2027 - PDP 2660 A00 - Français langue seconde - partie II,Non-academic,Part-time,College of Teacher of Ontario,French,,2026-09-16
1625,https://uottawa.wd3.myworkdayjobs.com/uOttawa_External_Career_Site/job/Ottawa-ON/APTPUO---Hiver-2027---PDP-2620-A00---ducation-spcialise----partie-II_JR39077,APTPUO - Hiver 2027 - PDP 2620 A00 - Éducation spécialisée  - partie II,Unclassified,Part-time,,,,2026-09-16
1625,https://uottawa.wd3.myworkdayjobs.com/uOttawa_External_Career_Site/job/Ottawa-ON/APTPUO---Hiver-2027---PDP-1899-A00---SMINAIRE---ATELIER-EN-EDU_JR39073,APTPUO - Hiver 2027 - PDP 1899 A00 - SÉMINAIRE & ATELIER EN EDU.,Unclassified,Part-time,,,,2026-09-16
1625,https://uottawa.wd3.myworkdayjobs.com/uOttawa_External_Career_Site/job/Ottawa-ON/APTPUO---Hiver-2027---PDP-1821-A00---SANT-D-PHYS-PR-MO-PARTIE-I_JR39071,APTPUO - Hiver 2027 - PDP 1821 A00 - SANTÉ ÉD PHYS PR MO PARTIE I,Unclassified,Part-time,,,,2026-09-16
1625,https://uottawa.wd3.myworkdayjobs.com/uOttawa_External_Career_Site/job/Ottawa-ON/APTPUO---Hiver-2027---PDP-1685-A00---TROUBLES-DU-SPECTRE-AUTISTIQUE_JR39070-1,APTPUO - Hiver 2027 - PDP 1685 A00 - TROUBLES DU SPECTRE AUTISTIQUE,Unclassified,Part-time,,,,2026-09-16
1625,https://uottawa.wd3.myworkdayjobs.com/uOttawa_External_Career_Site/job/Ottawa-ON/APTPUO---Winter-2027---PDP1660-A00---FR-LANGUE-SEC-I_JR39069,APTPUO - Winter 2027 - PDP1660 A00 - FR LANGUE SEC I,Non-academic,Part-time,College of Teacher of Ontario,,,2026-09-16
1625,https://uottawa.wd3.myworkdayjobs.com/uOttawa_External_Career_Site/job/Ottawa-ON/APTPUO---Hiver-2027---PDP1649-A00---JARDIN-D-ENFANTS--PARTIE-I_JR39068,"APTPUO - Hiver 2027 - PDP1649 A00 - JARDIN D'ENFANTS, PARTIE I",Unclassified,Part-time,,,,2026-09-16
1625,https://uottawa.wd3.myworkdayjobs.com/uOttawa_External_Career_Site/job/Ottawa-ON/APTPUO---Hiver-2027---PDP1620-A00---DU-SPEC-I_JR39066,APTPUO - Hiver 2027 - PDP1620 A00 - ÉDU. SPEC. I,Unclassified,Part-time,,,,2026-09-16
1625,https://uottawa.wd3.myworkdayjobs.com/uOttawa_External_Career_Site/job/Ottawa-ON/APTPUO---Hiver-2027---PDP1605-A00---Mathmatiques-7e-et-8e-annes_JR39065,APTPUO - Hiver 2027 - PDP1605 A00 - Mathématiques 7e et 8e années,Unclassified,Part-time,,,,2026-09-16
1625,https://uottawa.wd3.myworkdayjobs.com/uOttawa_External_Career_Site/job/Ottawa-ON/APTPUO---Hiver-2027---PDP1502-A00---Apprentissage-et-partage-des-connaissances-intergnrationnelles_JR39059,APTPUO - Hiver 2027 - PDP1502 A00 - Apprentissage et partage des connaissances intergénérationnelles,Unclassified,Part-time,,,,2026-09-16
1625,https://uottawa.wd3.myworkdayjobs.com/uOttawa_External_Career_Site/job/Ottawa-ON/Canada-Impact--Emerging-Leader-in-Experimental-Biophotonics_JR39022,Canada Impact+ Emerging Leader in Experimental Biophotonics,Assistant_Professor; Research_Fellow,Full-time,"Faculty of Science, as part of the Eddie Goldenberg Research Chairs of Canada Program",Experimental Biophotonics; quantum-enabled approaches; Indigenous peoples,"November 16, 2026",2026-09-16
1625,https://uottawa.wd3.myworkdayjobs.com/uOttawa_External_Career_Site/job/Ottawa-ON/APTPUO---Winter-2027---PDP1499-A00---SEMINAR---WORKSHOP-IN-EDUC_JR39058,APTPUO - Winter 2027 - PDP1499 A00 - SEMINAR & WORKSHOP IN EDUC.,Non-academic,Part-time,College of Teacher of Ontario,,,2026-09-16
1625,https://uottawa.wd3.myworkdayjobs.com/uOttawa_External_Career_Site/job/Ottawa-ON/APTPUO---Aut-Fall-2026---Hiver-Winter-2027-MUS3944-A-1-2---Musique-de-chambre-I-Chamber-Music-I_JR35999,APTPUO - Aut./Fall 2026 & Hiver/Winter 2027 MUS3944 A 1&2 - Musique de chambre I/Chamber Music I,Unclassified,Part-time,,,,2026-09-15
1625,https://uottawa.wd3.myworkdayjobs.com/uOttawa_External_Career_Site/job/Ottawa-ON/CUPE---Fall-2026----RA---Lauren-Gillingham_JR39051,CUPE - Fall 2026 -  RA - Lauren Gillingham,Non-academic,Part-time,,,,2026-09-15
1625,https://uottawa.wd3.myworkdayjobs.com/uOttawa_External_Career_Site/job/Ottawa-ON/CUPE---Fall-2026---TA-PED3114-C100---TEACH-JUNIOR-DIV--PART-I_JR39050,CUPE - Fall 2026 - TA PED3114 C100 - TEACH. JUNIOR DIV.: PART I,Unclassified,Part-time,,Lab Monitor,,2026-09-15
1625,https://uottawa.wd3.myworkdayjobs.com/uOttawa_External_Career_Site/job/Ottawa-ON/CUPE---Fall-2026---TA-PED3183-I200---TEACH-HIST-AT-INTERM-DIV_JR39052,CUPE - Fall 2026 - TA PED3183 I200 - TEACH HIST AT INTERM DIV,Unclassified,Part-time,,Lab Monitor,,2026-09-15
1625,https://uottawa.wd3.myworkdayjobs.com/uOttawa_External_Career_Site/job/Ottawa-ON/CUPE---Fall-2026---TA-PED3113-A100---TEACH-PRIMARY-DIV--PART-III_JR39049,CUPE - Fall 2026 - TA PED3113 A100 - TEACH PRIMARY DIV: PART III,Unclassified,Part-time,,Lab Monitor,,2026-09-15
1625,https://uottawa.wd3.myworkdayjobs.com/uOttawa_External_Career_Site/job/Ottawa-ON/CUPE---Fall-2026---TA-PED31511-U200---ENACT-COLLAB-PROF-PRAC--1-2-_JR39048,CUPE - Fall 2026 - TA PED31511 U200 - ENACT COLLAB PROF PRAC (1/2),Unclassified,Part-time,,Lab Monitor,,2026-09-15
1625,https://uottawa.wd3.myworkdayjobs.com/uOttawa_External_Career_Site/job/Ottawa-ON/CUPE---Fall-2026---TA-PED31501-U100---BECOMING-TCHR-IN-PRAC--1-2-_JR39047,CUPE - Fall 2026 - TA PED31501 U100 - BECOMING TCHR IN PRAC (1/2),Unclassified,Part-time,,Lab Monitor,,2026-09-15
1625,https://uottawa.wd3.myworkdayjobs.com/uOttawa_External_Career_Site/job/Ottawa-ON/ATPUO---Winter-2027---ADM4344M---Taxation-II_JR39132,ATPUO - Winter 2027 - ADM4344M - Taxation II,Non-academic,Part-time,,,,2026-09-17
1625,https://uottawa.wd3.myworkdayjobs.com/uOttawa_External_Career_Site/job/Ottawa-ON/ATPUO---Winter-2027---ADM3345M---Taxation-I_JR39131,ATPUO - Winter 2027 - ADM3345M - Taxation I,Unclassified,Part-time,,,,2026-09-17
1625,https://uottawa.wd3.myworkdayjobs.com/uOttawa_External_Career_Site/job/Ottawa-ON/Specialist--Access-to-Information-and-Privacy_JR38454,"Specialist, Privacy",Non-academic,Full-time,,,,2026-09-17
1625,https://uottawa.wd3.myworkdayjobs.com/uOttawa_External_Career_Site/job/Ottawa-ON/Senior-Coordinator--Supply-Chain-Operations_JR39126-1,"Senior Coordinator, Supply Chain Operations",Non-academic,Full-time,,Accounts Payable; Purchasing,,2026-09-17
1625,https://uottawa.wd3.myworkdayjobs.com/uOttawa_External_Career_Site/job/Ottawa-ON/SCFP-CUPE---Fall-2026---Corrector---CRM4317-A00_JR39129,SCFP-CUPE - Fall 2026 - Corrector - CRM4317 A00,Unclassified,Part-time,,,,2026-09-17
1625,https://uottawa.wd3.myworkdayjobs.com/uOttawa_External_Career_Site/job/Ottawa-ON/Technician-III--Laboratory-Support_JR39085,"Technician III, Laboratory Support",Non-academic,Full-time,"Faculty of Education is proud to promote equity, diversity, and inclusion",research supported; assigned,,2026-09-17
1625,https://uottawa.wd3.myworkdayjobs.com/uOttawa_External_Career_Site/job/Ottawa-ON/APTPUO---Fall-2026---ISI6312-A00_JR34409,(Repost) APTPUO - Fall 2026 - ISI6312-A00,Unclassified,Part-time,,,,2026-09-17
1625,https://uottawa.wd3.myworkdayjobs.com/uOttawa_External_Career_Site/job/Ottawa-ON/Intermediate-Generalist--Human-Resources_JR39040,"Intermediate Generalist, Human Resources",Unclassified,Full-time,"Faculty of Medicine, the first and largest bilingual medical faculty in Canada",,,2026-09-17
1625,https://uottawa.wd3.myworkdayjobs.com/uOttawa_External_Career_Site/job/Ottawa-ON/Intermediate-Generalist--Human-Resources_JR39042,"Intermediate Generalist, Human Resources",Unclassified,Full-time,"Faculty of Medicine, the first and largest bilingual medical faculty in Canada",,,2026-09-17
1625,https://uottawa.wd3.myworkdayjobs.com/uOttawa_External_Career_Site/job/Ottawa-ON/Intermediate-Learning-Specialist--Academic-Accommodation_JR39098,"Intermediate Learning Specialist, Academic Accommodation",Non-academic,Full-time,,,,2026-09-17
1625,https://uottawa.wd3.myworkdayjobs.com/uOttawa_External_Career_Site/job/Ottawa-ON/Intermediate-Specialist--Research-Support_JR39032,"Intermediate Specialist, Research Support",Non-academic,Full-time,School of Management The Telfer School of Management,,,2026-09-17
1625,https://uottawa.wd3.myworkdayjobs.com/uOttawa_External_Career_Site/job/Ottawa-ON/Lead-Coordinator--Campus-Events_JR39045-1,"Lead Coordinator, Campus Events",Non-academic,Full-time,,,,2026-09-17
1625,https://uottawa.wd3.myworkdayjobs.com/uOttawa_External_Career_Site/job/Ottawa-ON/Lead-Investigator--Protection-Services_JR39087,"Lead Investigator, Protection Services",Unclassified,Full-time,,,,2026-09-17
1625,https://uottawa.wd3.myworkdayjobs.com/uOttawa_External_Career_Site/job/Ottawa-ON/SCFP-CUPE---Fall-2026---Corrector---CRM2310-A00_JR36853,SCFP-CUPE - Fall 2026 - Corrector - CRM2310 A00,Unclassified,Part-time,,,,2026-09-17
1625,https://uottawa.wd3.myworkdayjobs.com/uOttawa_External_Career_Site/job/Ottawa-ON/SCFP-CUPE---Fall-2026---Corrector---CRM2716-A00_JR39121,SCFP-CUPE - Fall 2026 - Corrector - CRM2716 A00,Unclassified,Part-time,,Lab Monitor,,2026-09-17
1625,https://uottawa.wd3.myworkdayjobs.com/uOttawa_External_Career_Site/job/Ottawa-ON/SCFP-CUPE---Fall-2026---Corrector---CRM4717-A00_JR39118,SCFP-CUPE - Fall 2026 - Corrector - CRM4717 A00,Unclassified,Part-time,,,,2026-09-17
1625,https://uottawa.wd3.myworkdayjobs.com/uOttawa_External_Career_Site/job/Ottawa-ON/SCFP-CUPE---Fall-2026---TA---CRM1701-A00_JR36862,SCFP-CUPE - Fall 2026 - TA - CRM1701 A00,Unclassified,Part-time,,Lab Monitor,,2026-09-17
1625,https://uottawa.wd3.myworkdayjobs.com/uOttawa_External_Career_Site/job/Ottawa-ON/SCFP-CUPE---Fall-2026---TA---CRM3731-A00_JR36913-1,SCFP-CUPE - Fall 2026 - TA - CRM3731 A00,Unclassified,Part-time,,Lab Monitor,,2026-09-17
1625,https://uottawa.wd3.myworkdayjobs.com/uOttawa_External_Career_Site/job/Ottawa-ON/Senior-Specialist--Community-Engagement-and-Experiential-Learning_JR39044,"Senior Specialist, Community Engagement and Experiential Learning",Non-academic,Full-time,Faculty of Social Sciences plays a key role,Faculty's masters,,2026-09-17
1625,https://uottawa.wd3.myworkdayjobs.com/uOttawa_External_Career_Site/job/Ottawa-ON/Senior-Specialist--Field-Placement-and-Education_JR39041-1,"Senior Specialist, Field Placement and Education",Non-academic,Full-time,Faculty of Social Sciences plays a key role,Faculty's masters; Honours Bachelor’s,,2026-09-17
1625,https://uottawa.wd3.myworkdayjobs.com/uOttawa_External_Career_Site/job/Ottawa-ON/Senior-Specialist--Program-Management_JR39054,"Senior Specialist, Program Management",Non-academic,Full-time,Faculty of Social Sciences and led by Dr,Faculty's masters,,2026-09-17
1625,https://uottawa.wd3.myworkdayjobs.com/uOttawa_External_Career_Site/job/Ottawa-ON/CUPE---Research-Assistant---John-Ranellucci---Fall-2026-Winter-2027---260h_JR39160,CUPE - Research Assistant - John Ranellucci - Fall 2026/Winter 2027 - 260h,Non-academic,Part-time,,,,2026-09-18
1625,https://uottawa.wd3.myworkdayjobs.com/uOttawa_External_Career_Site/job/Ottawa-ON/Product-Manager--IT-Security_JR39151,"Product Manager, IT Security",Non-academic,Full-time,,,,2026-09-18
1625,https://uottawa.wd3.myworkdayjobs.com/uOttawa_External_Career_Site/job/Ottawa-ON/CUPE---Fall-2026---TA---MGT5100_JR39149-1,CUPE - Fall 2026 - TA - MGT5100,Non-academic,Part-time,,mixed methods; research design; Lab Monitor,,2026-09-18
1625,https://uottawa.wd3.myworkdayjobs.com/uOttawa_External_Career_Site/job/Ottawa-ON/APTPUO----Fall2026-Winter-2027---PDP1232-A00--MATH-PJ-PART-I_JR39146,APTPUO -  Fall2026/Winter 2027 - PDP1232 A00- MATH PJ PART I,Non-academic,Part-time,,,,2026-09-18
1625,https://uottawa.wd3.myworkdayjobs.com/uOttawa_External_Career_Site/job/Ottawa-ON/CUPE---Correcteur-Correctrice---FRA2789B--Automne-2026_JR39144,CUPE - Correcteur/Correctrice - FRA2789A- Automne 2026,Unclassified,Part-time,,,,2026-09-18
1625,https://uottawa.wd3.myworkdayjobs.com/uOttawa_External_Career_Site/job/Ottawa-ON/Research-Assistant_JR39143,Research Assistant,Non-academic,Part-time,,,,2026-09-18
1625,https://uottawa.wd3.myworkdayjobs.com/uOttawa_External_Career_Site/job/Ottawa-ON/Assistant-or-Associate-Professor-in-Mathematics_JR39125,Assistant or Associate Professor in Mathematics,Assistant_Professor; Associate_Professor,Full-time,Department of Mathematics and Statistics,Mathematics; evolving mathematical research; official languages,"November 1, 2026",2026-09-18
1625,https://uottawa.wd3.myworkdayjobs.com/uOttawa_External_Career_Site/job/Ottawa-ON/CUPE---Fall-2026---Corrector---ADM4743_JR39138-1,CUPE - Fall 2026 - Corrector - ADM4743,Unclassified,Part-time,,,,2026-09-18
1625,https://uottawa.wd3.myworkdayjobs.com/uOttawa_External_Career_Site/job/Ottawa-ON/Adjointe-ou-adjoint--la-rdaction---Editorial-Assistant_JR39136,Adjointe ou adjoint à la rédaction / Editorial Assistant,Non-academic,Part-time,,,,2026-09-18
1625,https://uottawa.wd3.myworkdayjobs.com/uOttawa_External_Career_Site/job/Ottawa-ON/CUPE---AR---Site-Web--Dpartement-FRA---Automne-2026_JR39128,CUPE - AR - Site Web -Département FRA - Automne 2026,Non-academic,Part-time,,,,2026-09-18
1625,https://uottawa.wd3.myworkdayjobs.com/uOttawa_External_Career_Site/job/Lees-Campus/CUPE-Automne-2026-SSP3900-TA-120h_JR39135-1,CUPE_Automne 2026_SSP3900_TA_120h,Unclassified,Part-time,,Lab Monitor,,2026-09-17
1625,https://uottawa.wd3.myworkdayjobs.com/uOttawa_External_Career_Site/job/Ottawa-ON/APTPUO---PSY3126-B00---WINTER-2027_JR39193,APTPUO - PSY3126 B00 - WINTER 2027,Unclassified,Part-time,,cultural,,2026-09-21
1625,https://uottawa.wd3.myworkdayjobs.com/uOttawa_External_Career_Site/job/Ottawa-ON/APTPUO---PSY3109-C00---WINTER-2027_JR39190,APTPUO - PSY3109 C00 - WINTER 2027,Unclassified,Part-time,,social,,2026-09-21
1625,https://uottawa.wd3.myworkdayjobs.com/uOttawa_External_Career_Site/job/Ottawa-ON/APTPUO---Winter-2027---PED3102-L100---SCHOOLING-AND-SOCIETY_JR39192,APTPUO - Winter 2027 - PED3102 L100 - SCHOOLING AND SOCIETY,Unclassified,Part-time,College of Teachers in systems of schooling,systems-level leadership,,2026-09-21
1625,https://uottawa.wd3.myworkdayjobs.com/uOttawa_External_Career_Site/job/Ottawa-ON/APTPUO---Winter-2027---PED3102-J100---SCHOOLING-AND-SOCIETY_JR39191-1,APTPUO - Winter 2027 - PED3102 J100 - SCHOOLING AND SOCIETY,Unclassified,Part-time,College of Teachers in systems of schooling,systems-level leadership,,2026-09-21
1625,https://uottawa.wd3.myworkdayjobs.com/uOttawa_External_Career_Site/job/Ottawa-ON/APTPUO---Winter-2027---PED3102-H100---SCHOOLING-AND-SOCIETY_JR39189,APTPUO - Winter 2027 - PED3102 H100 - SCHOOLING AND SOCIETY,Unclassified,Part-time,College of Teachers in systems of schooling,systems-level leadership,,2026-09-21
1625,https://uottawa.wd3.myworkdayjobs.com/uOttawa_External_Career_Site/job/Ottawa-ON/APTPUO---Winter-2027---PED3102-G100---SCHOOLING-AND-SOCIETY_JR39188,APTPUO - Winter 2027 - PED3102 G100 - SCHOOLING AND SOCIETY,Unclassified,Part-time,College of Teachers in systems of schooling,systems-level leadership,,2026-09-21
1625,https://uottawa.wd3.myworkdayjobs.com/uOttawa_External_Career_Site/job/Ottawa-ON/APTPUO---Winter-2027---PED3102-F100---SCHOOLING-AND-SOCIETY_JR39187,APTPUO - Winter 2027 - PED3102 F100 - SCHOOLING AND SOCIETY,Unclassified,Part-time,College of Teachers in systems of schooling,systems-level leadership,,2026-09-21
1625,https://uottawa.wd3.myworkdayjobs.com/uOttawa_External_Career_Site/job/Ottawa-ON/APTPUO---PSY2174-G00---WINTER-2027_JR39183,APTPUO - PSY2174 G00 - WINTER 2027,Unclassified,Part-time,,,,2026-09-21
1625,https://uottawa.wd3.myworkdayjobs.com/uOttawa_External_Career_Site/job/Ottawa-ON/APTPUO---Winter-2027---PED3102-E100---SCHOOLING-AND-SOCIETY_JR39185-1,APTPUO - Winter 2027 - PED3102 E100 - SCHOOLING AND SOCIETY,Unclassified,Part-time,College of Teachers in systems of schooling,systems-level leadership,,2026-09-21
1625,https://uottawa.wd3.myworkdayjobs.com/uOttawa_External_Career_Site/job/Ottawa-ON/APTPUO---Winter-2027---PED3102-D100---SCHOOLING-AND-SOCIETY_JR39184,APTPUO - Winter 2027 - PED3102 D100 - SCHOOLING AND SOCIETY,Unclassified,Part-time,College of Teachers in systems of schooling,systems-level leadership,,2026-09-21
1625,https://uottawa.wd3.myworkdayjobs.com/uOttawa_External_Career_Site/job/Ottawa-ON/APTPUO---Winter-2027---PED3102-C100---SCHOOLING-AND-SOCIETY_JR39147,APTPUO - Winter 2027 - PED3102 C100 - SCHOOLING AND SOCIETY,Unclassified,Part-time,College of Teachers in systems of schooling,systems-level leadership,,2026-09-21
1625,https://uottawa.wd3.myworkdayjobs.com/uOttawa_External_Career_Site/job/Ottawa-ON/APTPUO---Winter-2027---GEG3300-B00_JR39182,APTPUO - Winter 2027 - GEG3300-B00,Unclassified,Part-time,,,,2026-09-21
1625,https://uottawa.wd3.myworkdayjobs.com/uOttawa_External_Career_Site/job/Ottawa-ON/APTPUO-tudiant---Hiver-2027---EDU-1501---A00---Introduction--l-enseignement_JR39181,APTPUO Étudiant - Hiver 2027 - EDU 1501 - A00 - Introduction à l’enseignement,Unclassified,Part-time,,,,2026-09-21
1625,https://uottawa.wd3.myworkdayjobs.com/uOttawa_External_Career_Site/job/Ottawa-ON/Information-Officer--SHIFT-_JR39015,Information Officer (Evening),Unclassified,Full-time,,,,2026-09-21
1625,https://uottawa.wd3.myworkdayjobs.com/uOttawa_External_Career_Site/job/Ottawa-ON/CUPE---Corrector---ENG1141---Fall-2026_JR39176,CUPE - Corrector - ENG1141 - Fall 2026,Unclassified,Part-time,,,,2026-09-21
1625,https://uottawa.wd3.myworkdayjobs.com/uOttawa_External_Career_Site/job/Ottawa-ON/CUPE---Automne-2026---AE---CMN2573-A00_JR39169,CUPE - Automne 2026 - AE - CMN2573-A00,Unclassified,Part-time,,Lab Monitor,,2026-09-21
1625,https://uottawa.wd3.myworkdayjobs.com/uOttawa_External_Career_Site/job/Ottawa-ON/CUPE---Fall-2026---TA---SRS2113-A00_JR39167,CUPE - Fall 2026 - TA - SRS2113-A00,Unclassified,Part-time,,Lab Monitor,,2026-09-21
1625,https://uottawa.wd3.myworkdayjobs.com/uOttawa_External_Career_Site/job/Ottawa-ON/Intermediate-Liaison-Officer--Student-Recruitment_JR39124,"Intermediate Liaison Officer, Student Recruitment",Non-academic,Full-time,Faculty of Arts The oldest and one of the biggest faculties,,,2026-09-21
1625,https://uottawa.wd3.myworkdayjobs.com/uOttawa_External_Career_Site/job/Ottawa-ON/Archivist--II_JR39162,Archivist  II,Unclassified,Full-time,,,,2026-09-21
1625,https://uottawa.wd3.myworkdayjobs.com/uOttawa_External_Career_Site/job/Ottawa-ON/CUPE---Fall-2026---HIS3305-A00_JR39166,CUPE – Fall 2026 – HIS3305-A00,Unclassified,Part-time,,Lab Monitor,,2026-09-21
1625,https://uottawa.wd3.myworkdayjobs.com/uOttawa_External_Career_Site/job/Ottawa-ON/CUPE---Automne-2026---HIS2551-A00_JR39164,CUPE – Automne 2026 – HIS2551-A00,Unclassified,Part-time,,Lab Monitor,,2026-09-21
1625,https://uottawa.wd3.myworkdayjobs.com/uOttawa_External_Career_Site/job/Ottawa-ON/CUPE---Fall-2026---HIS2376-A00_JR39163,CUPE – Fall 2026 – HIS2376-A00,Unclassified,Part-time,,Lab Monitor,,2026-09-21
1625,https://uottawa.wd3.myworkdayjobs.com/uOttawa_External_Career_Site/job/Ottawa-ON/Lead-Advisor--Human-Rights-Office--Sexual-Violence-Prevention-_JR39148,"Lead Advisor, Human Rights Office (Sexual Violence Prevention)",Unclassified,Full-time,,,,2026-09-21
1625,https://uottawa.wd3.myworkdayjobs.com/uOttawa_External_Career_Site/job/Ottawa-ON/APTPUO---Hiver-2027---PED4570-F240---RECH-EDUC_JR39319,APTPUO - Hiver 2027 - PED4570 F240 - RECH. EDUC,Unclassified,Part-time,,,,2026-09-23
1625,https://uottawa.wd3.myworkdayjobs.com/uOttawa_External_Career_Site/job/Ottawa-ON/APTPUO---Hiver-2027---PED4570-F210---RECH-EDUC_JR39318,APTPUO - Hiver 2027 - PED4570 F210 - RECH. EDUC,Unclassified,Part-time,,,,2026-09-23
1625,https://uottawa.wd3.myworkdayjobs.com/uOttawa_External_Career_Site/job/Ottawa-ON/APTPUO---Hiver-2027---PED3703-K210---ENSEIGNRELIGCATHOLCYCINTER_JR39315,APTPUO - Hiver 2027 - PED3703 K210 - ENSEIGN.RELIG.CATHOL.CYC.INTER,Unclassified,Part-time,,,,2026-09-23
1625,https://uottawa.wd3.myworkdayjobs.com/uOttawa_External_Career_Site/job/Ottawa-ON/APTPUO---Hiver-2027---PED3704-K200---DUCATION-VALEUR-MILIEU-SCOL_JR39316,APTPUO - Hiver 2027 - PED3704 K200 - ÉDUCATION VALEUR MILIEU SCOL.,Unclassified,Part-time,,,,2026-09-23
1625,https://uottawa.wd3.myworkdayjobs.com/uOttawa_External_Career_Site/job/Ottawa-ON/APTPUO---Hiver-2027---PED3717-I200---TECHNOLOGIE-SERVICE-ENSEIGNE_JR39317,APTPUO - Hiver 2027 - PED3717 I200 - TECHNOLOGIE SERVICE ENSEIGNE.,Unclassified,Part-time,,,,2026-09-23
1625,https://uottawa.wd3.myworkdayjobs.com/uOttawa_External_Career_Site/job/Ottawa-ON/APTPUO---Hiver-2027---PED3554-I120---COMPTENCES-EN-COMMUNICATION_JR39312,APTPUO - Hiver 2027 - PED3554 I120 - COMPÉTENCES EN COMMUNICATION,Unclassified,Part-time,,,,2026-09-23
1625,https://uottawa.wd3.myworkdayjobs.com/uOttawa_External_Career_Site/job/Ottawa-ON/APTPUO---Hiver-2027---PED3554-OV10---COMPTENCES-EN-COMMUNICATION_JR39314,APTPUO - Hiver 2027 - PED3554 OV10 - COMPÉTENCES EN COMMUNICATION,Unclassified,Part-time,,,,2026-09-23
1625,https://uottawa.wd3.myworkdayjobs.com/uOttawa_External_Career_Site/job/Ottawa-ON/APTPUO---Hiver-2027---PED3554-I100---COMPTENCES-EN-COMMUNICATION_JR39310,APTPUO - Hiver 2027 - PED3554 I100 - COMPÉTENCES EN COMMUNICATION,Unclassified,Part-time,,,,2026-09-23
1625,https://uottawa.wd3.myworkdayjobs.com/uOttawa_External_Career_Site/job/Ottawa-ON/APTPUO---Hiver-2027---PED3554-I110---COMPTENCES-EN-COMMUNICATION_JR39311,APTPUO - Hiver 2027 - PED3554 I110 - COMPÉTENCES EN COMMUNICATION,Unclassified,Part-time,,,,2026-09-23
1625,https://uottawa.wd3.myworkdayjobs.com/uOttawa_External_Career_Site/job/Ottawa-ON/APTPUO---Hiver-2027---PED3553-I120---VAL-APPRENTIS-AU-SECONDAIRE_JR39309-1,APTPUO - Hiver 2027 - PED3553 I120 - ÉVAL. APPRENTIS. AU SECONDAIRE,Unclassified,Part-time,,,,2026-09-23
1625,https://uottawa.wd3.myworkdayjobs.com/uOttawa_External_Career_Site/job/Ottawa-ON/APTPUO---Hiver-2027---PED3553-I100---VAL-APPRENTIS-AU-SECONDAIRE_JR39307,APTPUO - Hiver 2027 - PED3553 I100 - ÉVAL. APPRENTIS. AU SECONDAIRE,Unclassified,Part-time,,,,2026-09-23
1625,https://uottawa.wd3.myworkdayjobs.com/uOttawa_External_Career_Site/job/Ottawa-ON/APTPUO---Hiver-2027---PED3553-I110---VAL-APPRENTIS-AU-SECONDAIRE_JR39308,APTPUO - Hiver 2027 - PED3553 I110 - ÉVAL. APPRENTIS. AU SECONDAIRE,Unclassified,Part-time,,,,2026-09-23
1625,https://uottawa.wd3.myworkdayjobs.com/uOttawa_External_Career_Site/job/Ottawa-ON/APTPUO---Hiver-2027---PED4570---RECH-EDUC_JR39303,APTPUO - Hiver 2027 - PED4570 F200 - RECH. EDUC,Unclassified,Part-time,,,,2026-09-23
1625,https://uottawa.wd3.myworkdayjobs.com/uOttawa_External_Career_Site/job/Main-Campus/Histoire-du-sport-et-de-l-activit-physique-au-Canada---CUPE---Automne-2026---APA2702--LEC-_JR39281,Histoire du sport et de l'activité physique au Canada - CUPE - Automne 2026 - APA2702 (LEC),Unclassified,Part-time,,Lab Monitor,,2026-09-23
1625,https://uottawa.wd3.myworkdayjobs.com/uOttawa_External_Career_Site/job/Ottawa-ON/APTPUO---Hiver-2027---PED3543-C100---VAL-APPRENTIS--L-LMENT_JR39305,APTPUO - Hiver 2027 - PED3543 C100 - ÉVAL. APPRENTIS. À L'ÉLÉMENT.,Unclassified,Part-time,,,,2026-09-23
1625,https://uottawa.wd3.myworkdayjobs.com/uOttawa_External_Career_Site/job/Ottawa-ON/APTPUO---Winter-2027---EDU-4102---A00---Equity--Diversity-and-Inclusion-in-Education_JR39301,"APTPUO - Winter 2027 - EDU 4102 - A00 - Equity, Diversity and Inclusion in Education",Non-academic,Part-time,College of Teachers,Current,,2026-09-23
1625,https://uottawa.wd3.myworkdayjobs.com/uOttawa_External_Career_Site/job/Ottawa-ON/APTPUO---Winter-2027---EDU-4502---A00---quit--diversit-et-inclusion-en-ducation_JR39302,"APTPUO - Hiver 2027 - EDU 4502 - A00 - Équité, diversité et inclusion en éducation",Unclassified,Part-time,,,,2026-09-23
1625,https://uottawa.wd3.myworkdayjobs.com/uOttawa_External_Career_Site/job/Ottawa-ON/Assistant-Professor_JR39197,Assistant Professor,Assistant_Professor,Full-time,Department of Modern Languages and Literatures,Digital Cultures: Interdisciplinary study of; Media; Arab Studies,,2026-09-23
1625,https://uottawa.wd3.myworkdayjobs.com/uOttawa_External_Career_Site/job/Ottawa-ON/APTPUO---Hiver-2027---PED3543-B100---VAL-APPRENTIS--L-LMENT_JR39298,APTPUO - Hiver 2027 - PED3543 B100 - ÉVAL. APPRENTIS. À L'ÉLÉMENT.,Unclassified,Part-time,,,,2026-09-23
1625,https://uottawa.wd3.myworkdayjobs.com/uOttawa_External_Career_Site/job/Ottawa-ON/APTPUO---Hiver-2027---PED3543-A100---VAL-APPRENTIS--L-LMENT_JR39293,APTPUO - Hiver 2027 - PED3543 A100 - ÉVAL. APPRENTIS. À L'ÉLÉMENT.,Unclassified,Part-time,,,,2026-09-23
1625,https://uottawa.wd3.myworkdayjobs.com/uOttawa_External_Career_Site/job/Ottawa-ON/Research-Assistant_JR39294,Research Assistant,Non-academic,Part-time,,,,2026-09-23
1625,https://uottawa.wd3.myworkdayjobs.com/uOttawa_External_Career_Site/job/Ottawa-ON/Canada-Impact--Emerging-Leader-in-Manufacturing-and-Advanced-Materials_JR39233,Canada Impact+ Emerging Leader in Manufacturing and Advanced Materials,Assistant_Professor; Research_Fellow,Full-time,Faculty of Engineering under the Eddie Goldenberg Research Chairs of Canada Program,Manufacturing and Advanced Materials; Sustainable Soft Materials enabled; Intelligent Thin Films,"October 23, 2026",2026-09-23
1625,https://uottawa.wd3.myworkdayjobs.com/uOttawa_External_Career_Site/job/Ottawa-ON/APTPUO---Winter-2027---PED4142-L200---INCLUSIVE-CLASSROOMS-PART-II_JR39297,APTPUO - Winter 2027 - PED4142 L200 - INCLUSIVE CLASSROOMS PART II,Unclassified,Part-time,College of Teachers,,,2026-09-23
1625,https://uottawa.wd3.myworkdayjobs.com/uOttawa_External_Career_Site/job/Ottawa-ON/APTPUO---Winter-2027---PED4142-J200---INCLUSIVE-CLASSROOMS-PART-II_JR39296,APTPUO - Winter 2027 - PED4142 J200 - INCLUSIVE CLASSROOMS PART II,Unclassified,Part-time,College of Teachers,,,2026-09-23
1625,https://uottawa.wd3.myworkdayjobs.com/uOttawa_External_Career_Site/job/Ottawa-ON/APTPUO---Winter-2027---PED4142-H200---INCLUSIVE-CLASSROOMS-PART-II_JR39295,APTPUO - Winter 2027 - PED4142 H200 - INCLUSIVE CLASSROOMS PART II,Unclassified,Part-time,College of Teachers,,,2026-09-23
1625,https://uottawa.wd3.myworkdayjobs.com/uOttawa_External_Career_Site/job/Ottawa-ON/APTPUO---Student----Winter-2027---PED4142-G200---INCLUSIVE-CLASSROOMS-PART-II_JR39292,APTPUO - Student -  Winter 2027 - PED4142 G200 - INCLUSIVE CLASSROOMS PART II,Unclassified,Part-time,College of Teachers,,,2026-09-23
1625,https://uottawa.wd3.myworkdayjobs.com/uOttawa_External_Career_Site/job/Ottawa-ON/APTPUO---Winter-2027---PED4142-F200---INCLUSIVE-CLASSROOMS-PART-II_JR39291,APTPUO - Winter 2027 - PED4142 F200 - INCLUSIVE CLASSROOMS PART II,Unclassified,Part-time,College of Teachers,,,2026-09-23
1625,https://uottawa.wd3.myworkdayjobs.com/uOttawa_External_Career_Site/job/Ottawa-ON/APTPUO---Winter-2027---PED4142-E200---INCLUSIVE-CLASSROOMS-PART-II_JR39290,APTPUO - Winter 2027 - PED4142 E200 - INCLUSIVE CLASSROOMS PART II,Unclassified,Part-time,College of Teachers,,,2026-09-23
1625,https://uottawa.wd3.myworkdayjobs.com/uOttawa_External_Career_Site/job/Ottawa-ON/APTPUO---Winter-2027---PED4142-D200---INCLUSIVE-CLASSROOMS-PART-II_JR39289,APTPUO - Winter 2027 - PED4142 D200 - INCLUSIVE CLASSROOMS PART II,Unclassified,Part-time,College of Teachers,,,2026-09-23
1625,https://uottawa.wd3.myworkdayjobs.com/uOttawa_External_Career_Site/job/Ottawa-ON/APTPUO---Winter-2027---PED4142-C200---INCLUSIVE-CLASSROOMS-PART-II_JR39288,APTPUO - Winter 2027 - PED4142 C200 - INCLUSIVE CLASSROOMS PART II,Unclassified,Part-time,College of Teachers,,,2026-09-23
1625,https://uottawa.wd3.myworkdayjobs.com/uOttawa_External_Career_Site/job/Ottawa-ON/APTPUO---Winter-2027---PED4142-B200---INCLUSIVE-CLASSROOMS-PART-II_JR39158,APTPUO - Winter 2027 - PED4142 B200 - INCLUSIVE CLASSROOMS PART II,Unclassified,Part-time,College of Teachers,,,2026-09-23
1625,https://uottawa.wd3.myworkdayjobs.com/uOttawa_External_Career_Site/job/Ottawa-ON/APTPUO---Winter-2027---PED4142-A200---INCLUSIVE-CLASSROOMS-PART-II_JR39287,APTPUO - Winter 2027 - PED4142 A200 - INCLUSIVE CLASSROOMS PART II,Unclassified,Part-time,College of Teachers,,,2026-09-23
1625,https://uottawa.wd3.myworkdayjobs.com/uOttawa_External_Career_Site/job/Ottawa-ON/APTPUO---Winter-2027---PED4141-J100---PLAN--IMPL---ASSMT-PART-II_JR39285-1,"APTPUO - Winter 2027 - PED4141 J100 - PLAN., IMPL. & ASSMT. PART II",Unclassified,Part-time,College of Teachers,,,2026-09-23
1625,https://uottawa.wd3.myworkdayjobs.com/uOttawa_External_Career_Site/job/Ottawa-ON/APTPUO---Winter-2027---PED4141-L100---PLAN--IMPL---ASSMT-PART-II_JR39286,"APTPUO - Winter 2027 - PED4141 L100 - PLAN., IMPL. & ASSMT. PART II",Unclassified,Part-time,College of Teachers,,,2026-09-23
1625,https://uottawa.wd3.myworkdayjobs.com/uOttawa_External_Career_Site/job/Ottawa-ON/APTPUO---Winter-2027---PED4141-H100---PLAN--IMPL---ASSMT-PART-II_JR39284,"APTPUO - Winter 2027 - PED4141 H100 - PLAN., IMPL. & ASSMT. PART II",Unclassified,Part-time,College of Teachers,,,2026-09-23
1625,https://uottawa.wd3.myworkdayjobs.com/uOttawa_External_Career_Site/job/Ottawa-ON/APTPUO---Winter-2027---PED4141-G100---PLAN--IMPL---ASSMT-PART-II_JR39283,"APTPUO - Winter 2027 - PED4141 G100 - PLAN., IMPL. & ASSMT. PART II",Unclassified,Part-time,College of Teachers,,,2026-09-23
1625,https://uottawa.wd3.myworkdayjobs.com/uOttawa_External_Career_Site/job/Ottawa-ON/APTPUO---Winter-2027---PED4141-F100---PLAN--IMPL---ASSMT-PART-II_JR39282,"APTPUO - Winter 2027 - PED4141 F100 - PLAN., IMPL. & ASSMT. PART II",Unclassified,Part-time,College of Teachers,,,2026-09-23
1625,https://uottawa.wd3.myworkdayjobs.com/uOttawa_External_Career_Site/job/Ottawa-ON/CUPE---Winter-2027---Research-Assistant---DWiseman_JR39268,CUPE - Winter 2027 - Research Assistant - D.Wiseman,Non-academic,Part-time,,,,2026-09-23
1625,https://uottawa.wd3.myworkdayjobs.com/uOttawa_External_Career_Site/job/Ottawa-ON/CUPE---Fall-2026---Research-Assistant---DWiseman_JR39260-1,CUPE - Fall 2026 - Research Assistant - D.Wiseman,Non-academic,Part-time,,,,2026-09-23
1625,https://uottawa.wd3.myworkdayjobs.com/uOttawa_External_Career_Site/job/Ottawa-ON/Intermediate-Technician--Audiovisual-and-Educational-Technologies_JR37668,"Intermediate Technician, Audiovisual and Educational Technologies",Non-academic,Full-time,,,,2026-09-22
1625,https://uottawa.wd3.myworkdayjobs.com/uOttawa_External_Career_Site/job/Ottawa-ON/APTPUO---Winter-2027---PED4141-D200---PLAN--IMPL---ASSMT-PART-II_JR39275,"APTPUO - Winter 2027 - PED4141 D200 - PLAN., IMPL. & ASSMT. PART II",Unclassified,Part-time,College of Teachers,,,2026-09-22
1625,https://uottawa.wd3.myworkdayjobs.com/uOttawa_External_Career_Site/job/Ottawa-ON/APTPUO---Winter-2027---PED4141-D100---PLAN--IMPL---ASSMT-PART-II_JR39274,"APTPUO - Winter 2027 - PED4141 D100 - PLAN., IMPL. & ASSMT. PART II",Unclassified,Part-time,College of Teachers,,,2026-09-22
1625,https://uottawa.wd3.myworkdayjobs.com/uOttawa_External_Career_Site/job/Ottawa-ON/APTPUO---Winter-2027---PED4141-C200---PLAN--IMPL---ASSMT-PART-II_JR39266,"APTPUO - Winter 2027 - PED4141 C200 - PLAN., IMPL. & ASSMT. PART II",Unclassified,Part-time,College of Teachers,,,2026-09-22
1625,https://uottawa.wd3.myworkdayjobs.com/uOttawa_External_Career_Site/job/Ottawa-ON/APTPUO---Student---Winter-2027---PED4141-C100---PLAN--IMPL---ASSMT-PART-II_JR39258,"APTPUO - Student - Winter 2027 - PED4141 C100 - PLAN., IMPL. & ASSMT. PART II",Unclassified,Part-time,College of Teachers,,,2026-09-22
1625,https://uottawa.wd3.myworkdayjobs.com/uOttawa_External_Career_Site/job/Ottawa-ON/APTPUO---Winter-2027---PED4141-B200---PLAN--IMPL---ASSMT-PART-II_JR39257,"APTPUO - Winter 2027 - PED4141 B200 - PLAN., IMPL. & ASSMT. PART II",Unclassified,Part-time,College of Teachers,,,2026-09-22
1625,https://uottawa.wd3.myworkdayjobs.com/uOttawa_External_Career_Site/job/Ottawa-ON/APTPUO---Hiver-2027---EDU-8505---C00---Questions-contemporaines-en-ducation_JR39255,APTPUO – Hiver 2027 – EDU 8505 - C00 - Questions contemporaines en éducation,Unclassified,Part-time,,,,2026-09-22
1625,https://uottawa.wd3.myworkdayjobs.com/uOttawa_External_Career_Site/job/Ottawa-ON/APTPUO---Winter-2027---PED4141-B100---PLAN--IMPL---ASSMT-PART-II_JR39256,"APTPUO - Winter 2027 - PED4141 B100 - PLAN., IMPL. & ASSMT. PART II",Unclassified,Part-time,College of Teachers,,,2026-09-22
1625,https://uottawa.wd3.myworkdayjobs.com/uOttawa_External_Career_Site/job/Ottawa-ON/APTPUO---Hiver-2027---EDU-8105---C00---Contemporary-Issues-in-Education_JR39254,APTPUO – Hiver 2027 – EDU 8105 - C00 - Contemporary Issues in Education,Unclassified,Part-time,,,,2026-09-22
1625,https://uottawa.wd3.myworkdayjobs.com/uOttawa_External_Career_Site/job/Ottawa-ON/APTPUO---Winter-2027---PED4141-A200---PLAN--IMPL---ASSMT-PART-II_JR39253,"APTPUO - Winter 2027 - PED4141 A200 - PLAN., IMPL. & ASSMT. PART II",Unclassified,Part-time,College of Teachers,,,2026-09-22
1625,https://uottawa.wd3.myworkdayjobs.com/uOttawa_External_Career_Site/job/Ottawa-ON/APTPUO---Hiver-2027---EDU-7541---DA00----Enjeux-actuels-de-la-recherche-en-didactique-des-langues-secondes_JR39252-1,APTPUO – Hiver 2027 – EDU 7541 - DA00 -  Enjeux actuels de la recherche en didactique des langues secondes,Unclassified,Part-time,,,,2026-09-22
1625,https://uottawa.wd3.myworkdayjobs.com/uOttawa_External_Career_Site/job/Ottawa-ON/APTPUO---Hiver-2027---EDU-7397---DS00---Development-and-Evaluation-of-Data-Collection-Instruments_JR39250,APTPUO – Hiver 2027 – EDU 7397 - DS00 - Development and Evaluation of Data Collection Instruments,Unclassified,Part-time,,,,2026-09-22
1625,https://uottawa.wd3.myworkdayjobs.com/uOttawa_External_Career_Site/job/Ottawa-ON/APTPUO---Hiver-2027---EDU-7242---DA00---Critical-Disability-Perspectives-in-Education_JR39248,APTPUO – Hiver 2027 – EDU 7242 - DA00 - Critical Disability Perspectives in Education,Unclassified,Part-time,,,,2026-09-22
1625,https://uottawa.wd3.myworkdayjobs.com/uOttawa_External_Career_Site/job/Ottawa-ON/APTPUO---Hiver-2027---EDU-7141---DA00---Current-Research-in-Second-Language-Education_JR39247,APTPUO – Hiver 2027 – EDU 7141 - DA00 - Current Research in Second Language Education,Unclassified,Part-time,,Second Language Education Course Code,,2026-09-22
1625,https://uottawa.wd3.myworkdayjobs.com/uOttawa_External_Career_Site/job/Ottawa-ON/APTPUO---Hiver-2027---EDU-6873---DS00---Stage-en-psychologie-du-counselling-II_JR39246,APTPUO – Hiver 2027 – EDU 6873 - DS00 - Stage en psychologie du counselling II,Unclassified,Part-time,,,,2026-09-22
1625,https://uottawa.wd3.myworkdayjobs.com/uOttawa_External_Career_Site/job/Ottawa-ON/APTPUO---Hiver-2027---EDU-6652--DA00---Littratie-et-diversit_JR39244,APTPUO – Hiver 2027 – EDU 6652- DA00 - Littératie et diversité,Unclassified,Part-time,,,,2026-09-22
1625,https://uottawa.wd3.myworkdayjobs.com/uOttawa_External_Career_Site/job/Ottawa-ON/APTPUO---Hiver-2027---EDU-6532---DA00---Enseigner-en-sant--partie-2-_JR39243,APTPUO – Hiver 2027 – EDU 6532 - DA00 - Enseigner en santé (partie 2),Unclassified,Part-time,,,,2026-09-22
1625,https://uottawa.wd3.myworkdayjobs.com/uOttawa_External_Career_Site/job/Ottawa-ON/APTPUO---Hiver-2027---EDU-6474---C100---Practicum-in-Counselling-Psychology-II_JR39242-1,APTPUO – Hiver 2027 – EDU 6474 - C100 - Practicum in Counselling Psychology II,Unclassified,Part-time,,,,2026-09-22
1625,https://uottawa.wd3.myworkdayjobs.com/uOttawa_External_Career_Site/job/Ottawa-ON/APTPUO---Hiver-2027---EDU-6470---C00---Multicultural-Counselling_JR39241,APTPUO – Hiver 2027 – EDU 6470 - C00 - Multicultural Counselling,Unclassified,Part-time,,,,2026-09-22
1625,https://uottawa.wd3.myworkdayjobs.com/uOttawa_External_Career_Site/job/Ottawa-ON/APTPUO---Hiver-2027---EDU-6293---DS00---Assessment-for-Learning_JR39239,APTPUO – Hiver 2027 – EDU 6293 - DS00 - Assessment for Learning,Unclassified,Part-time,,,,2026-09-22
1625,https://uottawa.wd3.myworkdayjobs.com/uOttawa_External_Career_Site/job/Ottawa-ON/APTPUO---Hiver-2027---EDU-6293---DA00---Assessment-for-Learning_JR39238,APTPUO – Hiver 2027 – EDU 6293 - DA00 - Assessment for Learning,Unclassified,Part-time,,,,2026-09-22
1625,https://uottawa.wd3.myworkdayjobs.com/uOttawa_External_Career_Site/job/Ottawa-ON/APTPUO---Hiver-2027---EDU-6375---C00---Psychopathology-and-Assessment_JR39240-1,APTPUO – Hiver 2027 – EDU 6375 - C00 - Psychopathology and Assessment,Unclassified,Part-time,,,,2026-09-22
1625,https://uottawa.wd3.myworkdayjobs.com/uOttawa_External_Career_Site/job/Ottawa-ON/APTPUO---Winter-2027---PED4141-A100---PLAN--IMPL---ASSMT-PART-II_JR39157,"APTPUO - Winter 2027 - PED4141 A100 - PLAN., IMPL. & ASSMT. PART II",Unclassified,Part-time,College of Teachers,,,2026-09-22
1625,https://uottawa.wd3.myworkdayjobs.com/uOttawa_External_Career_Site/job/Ottawa-ON/APTPUO---Hiver-2027---EDU-6200---DA10---The-Adult-Educator--Roles-and-Behavior_JR39237,APTPUO – Hiver 2027 – EDU 6200 - DA10 - The Adult Educator: Roles and Behavior,Unclassified,Part-time,,,,2026-09-22
1625,https://uottawa.wd3.myworkdayjobs.com/uOttawa_External_Career_Site/job/Ottawa-ON/APTPUO---Hiver-2027---EDU-6200---DA00---The-Adult-Educator--Roles-and-Behavior_JR39236,APTPUO – Hiver 2027 – EDU 6200 - DA00 - The Adult Educator: Roles and Behavior,Unclassified,Part-time,,,,2026-09-22
1625,https://uottawa.wd3.myworkdayjobs.com/uOttawa_External_Career_Site/job/Ottawa-ON/APTPUO---Winter-2027---PED3160-K200---INTRO-EDUCATION-LEADERSHIP_JR39156,APTPUO - Winter 2027 - PED3160 K200 - INTRO EDUCATION LEADERSHIP,Unclassified,Part-time,College of Teachers,,,2026-09-22
1625,https://uottawa.wd3.myworkdayjobs.com/uOttawa_External_Career_Site/job/Ottawa-ON/APTPUO---Winter-2027---PED3155-S200---TEACH-ACROSS-INTER-SEN-CUR_JR39155,APTPUO - Winter 2027 - PED3155 S200 - TEACH ACROSS INTER SEN CUR,Unclassified,Part-time,College of Teachers,,,2026-09-22
1625,https://uottawa.wd3.myworkdayjobs.com/uOttawa_External_Career_Site/job/Ottawa-ON/APTPUO---Hiver-2027---EDU-6191---DS00---Quantitative-Research_JR39235,APTPUO – Hiver 2027 – EDU 6191 - DS00 - Quantitative Research,Unclassified,Part-time,,mixed method; quasi-experimental,,2026-09-22
1625,https://uottawa.wd3.myworkdayjobs.com/uOttawa_External_Career_Site/job/Ottawa-ON/APTPUO---Hiver-2027---EDU-6146----DA00----Second-Language-Learning-Theories_JR39232-1,APTPUO – Hiver 2027 – EDU 6146  - DA00 -  Second Language Learning Theories,Unclassified,Part-time,,,,2026-09-22
1625,https://uottawa.wd3.myworkdayjobs.com/uOttawa_External_Career_Site/job/Ottawa-ON/APTPUO---Hiver-2027---EDU-6146----C00----Second-Language-Learning-Theories_JR39231,APTPUO – Hiver 2027 – EDU 6146  - C00 -  Second Language Learning Theories,Unclassified,Part-time,,,,2026-09-22
1625,https://uottawa.wd3.myworkdayjobs.com/uOttawa_External_Career_Site/job/Ottawa-ON/APTPUO---Winter-2027---PED3154-I200---TEACH-INTERMEDIATE-DIVISION_JR39154,APTPUO - Winter 2027 - PED3154	I200 - TEACH INTERMEDIATE DIVISION,Unclassified,Part-time,College of Teachers,,,2026-09-22
1625,https://uottawa.wd3.myworkdayjobs.com/uOttawa_External_Career_Site/job/Ottawa-ON/APTPUO---Hiver-2027---EDU-5899---DS00---Enjeux-actuels-en-valuation-des-apprentissages_JR39230,APTPUO – Hiver 2027 – EDU 5899 - DS00 - Enjeux actuels en évaluation des apprentissages,Unclassified,Part-time,,,,2026-09-22
1625,https://uottawa.wd3.myworkdayjobs.com/uOttawa_External_Career_Site/job/Ottawa-ON/APTPUO---Winter-2027---PED3145-K200---KINDERGARTEN---THE-EARLY-YEARS_JR39153,APTPUO - Winter 2027 - PED3145	K200 - KINDERGARTEN & THE EARLY YEARS,Unclassified,Part-time,College of Teachers,,,2026-09-22
1625,https://uottawa.wd3.myworkdayjobs.com/uOttawa_External_Career_Site/job/Ottawa-ON/APTPUO---Winter-2027---PED-3142-L100---INCLUSIVE-CLASSROOMS-PART-I_JR39228,APTPUO - Winter 2027 - PED 3142	L100 - INCLUSIVE CLASSROOMS PART I,Unclassified,Part-time,College of Teachers,,,2026-09-22
1625,https://uottawa.wd3.myworkdayjobs.com/uOttawa_External_Career_Site/job/Ottawa-ON/APTPUO---Hiver-2027---EDU-5832---C00-DS00---Dveloppement-des-relations-avec-la-communaut-scolaire_JR39227,APTPUO – Hiver 2027 – EDU 5832 - C00/DS00 - Développement des relations avec la communauté scolaire,Unclassified,Part-time,,,,2026-09-22
1625,https://uottawa.wd3.myworkdayjobs.com/uOttawa_External_Career_Site/job/Lees-Campus/APEUO-ATPUO-Winter-2027--NUT2125-M_JR39224,APEUO-ATPUO_Winter 2027_ NUT2125 M,Unclassified,Part-time,,,,2026-09-22
1625,https://uottawa.wd3.myworkdayjobs.com/uOttawa_External_Career_Site/job/Ottawa-ON/APTPUO---Hiver-2027---EDU-5752---C00-DS00---Enseignement-en-milieu-minoritaire-francophone_JR39226,APTPUO – Hiver 2027 – EDU 5752 - C00/DS00 - Enseignement en milieu minoritaire francophone,Unclassified,Part-time,,,,2026-09-22
1625,https://uottawa.wd3.myworkdayjobs.com/uOttawa_External_Career_Site/job/Ottawa-ON/APTPUO---Winter-2027---PED-3142-J100---INCLUSIVE-CLASSROOMS-PART-I_JR39225,APTPUO - Winter 2027 - PED 3142	J100 - INCLUSIVE CLASSROOMS PART I,Unclassified,Part-time,College of Teachers,,,2026-09-22
1625,https://uottawa.wd3.myworkdayjobs.com/uOttawa_External_Career_Site/job/Ottawa-ON/APTPUO---Hiver-2027---EDU-5699---DS10---valuation-des-programmes_JR39223,APTPUO – Hiver 2027 – EDU 5699 - DS10 - Évaluation des programmes,Unclassified,Part-time,,,,2026-09-22
1625,https://uottawa.wd3.myworkdayjobs.com/uOttawa_External_Career_Site/job/Ottawa-ON/APTPUO---Winter-2027---PED-3142-G100---INCLUSIVE-CLASSROOMS-PART-I_JR39222,APTPUO - Winter 2027 - PED 3142	G100 - INCLUSIVE CLASSROOMS PART I,Unclassified,Part-time,College of Teachers,,,2026-09-22
1625,https://uottawa.wd3.myworkdayjobs.com/uOttawa_External_Career_Site/job/Ottawa-ON/APTPUO---Hiver-2027---EDU-5699---DS00---valuation-des-programmes_JR39220,APTPUO – Hiver 2027 – EDU 5699 - DS00 - Évaluation des programmes,Unclassified,Part-time,,,,2026-09-22
1625,https://uottawa.wd3.myworkdayjobs.com/uOttawa_External_Career_Site/job/Ottawa-ON/APTPUO---Winter-2027---PED-3142-E100---INCLUSIVE-CLASSROOMS-PART-I_JR39221,APTPUO - Winter 2027 - PED 3142	E100 - INCLUSIVE CLASSROOMS PART I,Unclassified,Part-time,College of Teachers,,,2026-09-22
1625,https://uottawa.wd3.myworkdayjobs.com/uOttawa_External_Career_Site/job/Lees-Campus/APEUO-ATPUO-Winter-2027-NUT-5108-M_JR39219,APEUO-ATPUO_Winter 2027_NUT 5108 M,Unclassified,Part-time,,,,2026-09-22
1625,https://uottawa.wd3.myworkdayjobs.com/uOttawa_External_Career_Site/job/Ottawa-ON/APTPUO---STUDENT---Winter-2027---PED-3142-D100---INCLUSIVE-CLASSROOMS-PART-I_JR39218,APTPUO - STUDENT - Winter 2027 - PED 3142	D100 - INCLUSIVE CLASSROOMS PART I,Unclassified,Part-time,College of Teachers,,,2026-09-22
1625,https://uottawa.wd3.myworkdayjobs.com/uOttawa_External_Career_Site/job/Ottawa-ON/APTPUO---Hiver-2027---EDU-5674---DA00----Psychomtrie-et-mesure-d-valuation-en-psychologie-du-counselling_JR39217,APTPUO – Hiver 2027 – EDU 5674 - DA00 -  Psychométrie et mesure d'évaluation en psychologie du counselling,Unclassified,Part-time,,,,2026-09-22
1625,https://uottawa.wd3.myworkdayjobs.com/uOttawa_External_Career_Site/job/Lees-Campus/APEUO-ATPUO-Winter-2027-NUT-5107-M_JR39211,APEUO-ATPUO_Winter 2027_NUT 5107 M,Unclassified,Part-time,,,,2026-09-22
1625,https://uottawa.wd3.myworkdayjobs.com/uOttawa_External_Career_Site/job/Ottawa-ON/APTPUO---Hiver-2027---EDU-5671---C00----Counselling-et-psychothrapie_JR39216-1,APTPUO – Hiver 2027 – EDU 5671 - C00 -  Counselling et psychothérapie,Unclassified,Part-time,,,,2026-09-22
1625,https://uottawa.wd3.myworkdayjobs.com/uOttawa_External_Career_Site/job/Ottawa-ON/APTPUO---Hiver-2027---EDU-5670---C00----thique-professionnelle-en-psychologie-du-counselling_JR39215,APTPUO – Hiver 2027 – EDU 5670 - C00 -  Éthique professionnelle en psychologie du counselling,Unclassified,Part-time,,,,2026-09-22
1625,https://uottawa.wd3.myworkdayjobs.com/uOttawa_External_Career_Site/job/Ottawa-ON/APTPUO---Hiver-2027---EDU-5602---C00-DS00----Stratgies-d-enseignement-en-sant_JR39214,APTPUO – Hiver 2027 – EDU 5602 - C00/DS00 -  Stratégies d’enseignement en santé,Unclassified,Part-time,,,,2026-09-22
1625,https://uottawa.wd3.myworkdayjobs.com/uOttawa_External_Career_Site/job/Ottawa-ON/APTPUO---Hiver-2027---EDU-5599---DA00----Sminaire-de-synthse_JR39213,APTPUO – Hiver 2027 – EDU 5599 - DA00 -  Séminaire de synthèse,Unclassified,Part-time,,,,2026-09-22
1625,https://uottawa.wd3.myworkdayjobs.com/uOttawa_External_Career_Site/job/Ottawa-ON/APTPUO---Hiver-2027---EDU-5582---DA00----Modles-mdiatiss-d-enseignement_JR39210,APTPUO – Hiver 2027 – EDU 5582 - DA00 -  Modèles médiatisés d'enseignement,Unclassified,Part-time,,,,2026-09-22
1625,https://uottawa.wd3.myworkdayjobs.com/uOttawa_External_Career_Site/job/Ottawa-ON/APTPUO---Hiver-2027---EDU-5584---DA00----Dimensions--stratgies-et-gestion-des-apprentissages_JR39212,"APTPUO – Hiver 2027 – EDU 5584 - DA00 -  Dimensions, stratégies et gestion des apprentissages",Unclassified,Part-time,,,,2026-09-22
1625,https://uottawa.wd3.myworkdayjobs.com/uOttawa_External_Career_Site/job/Ottawa-ON/Cupe--Automne-2026---Assistanat-de-recherche--P-Cornut-StPierre_JR39208,Cupe -Automne 2026 - Assistanat de recherche- P. Cornut St.Pierre,Non-academic,Part-time,,,,2026-09-22
1625,https://uottawa.wd3.myworkdayjobs.com/uOttawa_External_Career_Site/job/Ottawa-ON/APTPUO---Hiver-2027---EDU-5515---C00-DS00----Rcits-et-ducation_JR39209,APTPUO – Hiver 2027 – EDU 5515 - C00/DS00 -  Récits et éducation,Unclassified,Part-time,,,,2026-09-22
1625,https://uottawa.wd3.myworkdayjobs.com/uOttawa_External_Career_Site/job/Ottawa-ON/APTPUO---Winter-2027---PED-3142-C100---INCLUSIVE-CLASSROOMS-PART-I_JR39152-1,APTPUO - Winter 2027 - PED 3142	C100 - INCLUSIVE CLASSROOMS PART I,Unclassified,Part-time,College of Teachers,,,2026-09-22
1625,https://uottawa.wd3.myworkdayjobs.com/uOttawa_External_Career_Site/job/Ottawa-ON/Cupe---Automne-2026---Correcteur-d-examens---A-Talarico_JR39205,Cupe - Automne 2026 - Correcteur d'examens - A. Talarico,Unclassified,Part-time,,,,2026-09-22
1625,https://uottawa.wd3.myworkdayjobs.com/uOttawa_External_Career_Site/job/Ottawa-ON/APTPUO---Winter-2027---PED3139-K200---CREATING-HEALT--SAFE-SUPP-ENV_JR39206,"APTPUO - Winter 2027 - PED3139 K200 - CREATING HEALT, SAFE,SUPP ENV",Unclassified,Part-time,College of Teachers,,,2026-09-22
1625,https://uottawa.wd3.myworkdayjobs.com/uOttawa_External_Career_Site/job/Ottawa-ON/APTPUO---Winter-2027---PED-3138-L100---FIRST-NAT--INUIT---MTIS-EDU_JR39204,"APTPUO - Winter 2027 - PED 3138 L100 - FIRST NAT, INUIT & MÉTIS EDU",Unclassified,Part-time,College of Teachers,,,2026-09-22
1625,https://uottawa.wd3.myworkdayjobs.com/uOttawa_External_Career_Site/job/Ottawa-ON/APTPUO---STUDENT---Winter-2027---PED-3138-J100---FIRST-NAT--INUIT---MTIS-EDU_JR39203,"APTPUO - STUDENT - Winter 2027 - PED 3138 J100 - FIRST NAT, INUIT & MÉTIS EDU",Unclassified,Part-time,College of Teachers,,,2026-09-22
1625,https://uottawa.wd3.myworkdayjobs.com/uOttawa_External_Career_Site/job/Ottawa-ON/Cupe---Automne-2026---Correcteur-d-examens---P-Dumberry_JR39201-1,Cupe - Automne 2026 - Correcteur d'examens - P. Dumberry,Unclassified,Part-time,,,,2026-09-22
1625,https://uottawa.wd3.myworkdayjobs.com/uOttawa_External_Career_Site/job/Ottawa-ON/APTPUO---Winter-2027---PED-3138-G100---FIRST-NAT--INUIT---MTIS-EDU_JR39202,"APTPUO - Winter 2027 - PED 3138 G100 - FIRST NAT, INUIT & MÉTIS EDU",Unclassified,Part-time,College of Teachers,,,2026-09-22
1625,https://uottawa.wd3.myworkdayjobs.com/uOttawa_External_Career_Site/job/Ottawa-ON/APTPUO---Winter-2027---PED-3138-F100---FIRST-NAT--INUIT---MTIS-EDU_JR39200,"APTPUO - Winter 2027 - PED 3138 F100 - FIRST NAT, INUIT & MÉTIS EDU",Unclassified,Part-time,College of Teachers,,,2026-09-22
1625,https://uottawa.wd3.myworkdayjobs.com/uOttawa_External_Career_Site/job/Ottawa-ON/APTPUO---Winter-2027---PED-3138-D100---FIRST-NAT--INUIT---MTIS-EDU_JR39199,"APTPUO - Winter 2027 - PED 3138 D100 - FIRST NAT, INUIT & MÉTIS EDU",Unclassified,Part-time,College of Teachers,,,2026-09-22
1625,https://uottawa.wd3.myworkdayjobs.com/uOttawa_External_Career_Site/job/Ottawa-ON/APTPUO---Winter-2027---PED-3138-C100---FIRST-NAT--INUIT---MTIS-EDU_JR39198,"APTPUO - Winter 2027 - PED 3138 C100 - FIRST NAT, INUIT & MÉTIS EDU",Unclassified,Part-time,College of Teachers,,,2026-09-22
1625,https://uottawa.wd3.myworkdayjobs.com/uOttawa_External_Career_Site/job/Ottawa-ON/Intermediate-Administrator--Human-Resources-Operations_JR39195,"Intermediate Administrator, Human Resources Operations",Non-academic,Full-time,Faculty of Law,,,2026-09-22
1625,https://uottawa.wd3.myworkdayjobs.com/uOttawa_External_Career_Site/job/Ottawa-ON/APTPUO---Winter-2027---PED-3138-B100---FIRST-NAT--INUIT---MTIS-EDU_JR39196,"APTPUO - Winter 2027 - PED 3138 B100 - FIRST NAT, INUIT & MÉTIS EDU",Unclassified,Part-time,College of Teachers,,,2026-09-22
1625,https://uottawa.wd3.myworkdayjobs.com/uOttawa_External_Career_Site/job/Ottawa-ON/APTPUO---Winter-2027---PED-3138-A100---FIRST-NAT--INUIT---MTIS-EDU_JR39150,"APTPUO - Winter 2027 - PED 3138 A100 - FIRST NAT, INUIT & MÉTIS EDU",Unclassified,Part-time,College of Teachers,,,2026-09-22
1625,https://uottawa.wd3.myworkdayjobs.com/uOttawa_External_Career_Site/job/Ottawa-ON/APTPUO---Winter-2027---PED3132-S200---APPROACHES-TO-TEACHING-SCIENCE_JR39159,APTPUO - Winter 2027 - PED3132 S200 - APPROACHES TO TEACHING SCIENCE,Unclassified,Part-time,College of Teachers,Science,,2026-09-22
1625,https://uottawa.wd3.myworkdayjobs.com/uOttawa_External_Career_Site/job/Ottawa-ON/APTPUO---Winter-2027---PED3124-K200---EQUITY-IN-EDU-THEORY---PRACTICE_JR39194,APTPUO - Winter 2027 - PED3124 K200 - EQUITY IN EDU THEORY & PRACTICE,Unclassified,Part-time,College of Teachers,,,2026-09-22
1625,https://uottawa.wd3.myworkdayjobs.com/uOttawa_External_Career_Site/job/Ottawa-ON/APTPUO---Hiver-2027---PED4803-G100---DUCATION--LA-SEXUALIT_JR39368,APTPUO - Hiver 2027 - PED4803 G100 - ÉDUCATION À LA SEXUALITÉ,Unclassified,Part-time,,,,2026-09-24
1625,https://uottawa.wd3.myworkdayjobs.com/uOttawa_External_Career_Site/job/Ottawa-ON/APTPUO---Hiver-2027---PED4766-K210---ENSEIG--CONTEXTE-MINOR-PLURIT_JR39367,APTPUO - Hiver 2027 - PED4766 K210 - ENSEIG: CONTEXTE MINOR PLURIÉT,Unclassified,Part-time,,,,2026-09-24
1625,https://uottawa.wd3.myworkdayjobs.com/uOttawa_External_Career_Site/job/Ottawa-ON/APTPUO---Hiver-2027---PED4766-K200---ENSEIG--CONTEXTE-MINOR-PLURIT_JR39363,APTPUO - Hiver 2027 - PED4766 K200 - ENSEIG: CONTEXTE MINOR PLURIÉT,Unclassified,Part-time,,,,2026-09-24
1625,https://uottawa.wd3.myworkdayjobs.com/uOttawa_External_Career_Site/job/Ottawa-ON/APTPUO---Hiver-2027---PED4760-CC20---ENVIR-APPREN---TECH-INFO---CMN_JR39361,APTPUO - Hiver 2027 - PED4760 CC20 - ENVIR APPREN & TECH INFO & CMN,Unclassified,Part-time,,,,2026-09-24
1625,https://uottawa.wd3.myworkdayjobs.com/uOttawa_External_Career_Site/job/Ottawa-ON/Research-Assistant_JR39360,Research Assistant,Non-academic,Part-time,,,,2026-09-24
1625,https://uottawa.wd3.myworkdayjobs.com/uOttawa_External_Career_Site/job/Ottawa-ON/APTPUO---Hiver-2027---PED4760-C200---ENVIR-APPREN---TECH-INFO---CMN_JR39359,APTPUO - Hiver 2027 - PED4760 C200 - ENVIR APPREN & TECH INFO & CMN,Unclassified,Part-time,,,,2026-09-24
1625,https://uottawa.wd3.myworkdayjobs.com/uOttawa_External_Career_Site/job/Ottawa-ON/CUPE---Research-Assistant---Fall2026---David-Hung---16h_JR39357,CUPE - Research Assistant - Fall2026 - David Hung - 16h,Non-academic,Part-time,,,"November 6, 2026",2026-09-24
1625,https://uottawa.wd3.myworkdayjobs.com/uOttawa_External_Career_Site/job/Main-Campus/ATPUO---Winter-2027---ADM3396M---Seminar-on-Administration--Generative-AI-for-Business-Innovation_JR39347,ATPUO - Winter 2027 - ADM3396M - Seminar on Administration: Generative AI for Business Innovation,Unclassified,Part-time,,,,2026-09-24
1625,https://uottawa.wd3.myworkdayjobs.com/uOttawa_External_Career_Site/job/Ottawa-ON/APTPUO---Hiver-2027---PED4760-B200---ENVIR-APPREN---TECH-INFO---CMN_JR39348,APTPUO - Hiver 2027 - PED4760 B200 - ENVIR APPREN & TECH INFO & CMN,Unclassified,Part-time,,,,2026-09-24
1625,https://uottawa.wd3.myworkdayjobs.com/uOttawa_External_Career_Site/job/Ottawa-ON/APTPUO---Hiver-2027---PED4760-AA20---ENVIR-APPREN---TECH-INFO---CMN_JR39344-1,APTPUO - Hiver 2027 - PED4760 AA20 - ENVIR APPREN & TECH INFO & CMN,Unclassified,Part-time,,,,2026-09-24
1625,https://uottawa.wd3.myworkdayjobs.com/uOttawa_External_Career_Site/job/Ottawa-ON/Research-Associate-II_JR39174,Research Associate II,Research_Fellow,Full-time,,,,2026-09-24
1625,https://uottawa.wd3.myworkdayjobs.com/uOttawa_External_Career_Site/job/Ottawa-ON/Manager--Research_JR39338,"Manager, Research",Non-academic,Full-time,,,,2026-09-24
1625,https://uottawa.wd3.myworkdayjobs.com/uOttawa_External_Career_Site/job/Ottawa-ON/Senior-Research-Associate_JR39173,Senior Research Associate,Research_Fellow,Full-time,,,,2026-09-24
1625,https://uottawa.wd3.myworkdayjobs.com/uOttawa_External_Career_Site/job/Ottawa-ON/APTPUO---Hiver-2027---PED4760-A200---ENVIR-APPREN---TECH-INFO---CMN_JR39343-1,APTPUO - Hiver 2027 - PED4760 A200 - ENVIR APPREN & TECH INFO & CMN,Unclassified,Part-time,,,,2026-09-24
1625,https://uottawa.wd3.myworkdayjobs.com/uOttawa_External_Career_Site/job/Ottawa-ON/APTPUO---Hiver-2027---PED4570-OV20---RECH-EDUC_JR39339,APTPUO - Hiver 2027 - PED4570 OV20 - RECH. EDUC,Unclassified,Part-time,,,,2026-09-24
1625,https://uottawa.wd3.myworkdayjobs.com/uOttawa_External_Career_Site/job/Ottawa-ON/APTPUO---Hiver-2027---PED4570-F270---RECH-EDUC_JR39335,APTPUO - Hiver 2027 - PED4570 F270 - RECH. EDUC,Unclassified,Part-time,,,,2026-09-24
1625,https://uottawa.wd3.myworkdayjobs.com/uOttawa_External_Career_Site/job/Ottawa-ON/Research-Assistant_JR39336,Research Assistant,Non-academic,Part-time,,,,2026-09-24
1625,https://uottawa.wd3.myworkdayjobs.com/uOttawa_External_Career_Site/job/Ottawa-ON/Intermediate-Specialist--Academic-Administration--Pharm-D-_JR39323,"Intermediate Specialist, Academic Administration (Pharm D)",Assistant_Professor; Associate_Professor; Full_Professor,Full-time,"Faculty of Medicine, the first and largest bilingual medical faculty in Canada",,,2026-09-24
1625,https://uottawa.wd3.myworkdayjobs.com/uOttawa_External_Career_Site/job/Ottawa-ON/APTPUO---Hiver-2027---PED4570-F260---RECH-EDUC_JR39333,APTPUO - Hiver 2027 - PED4570 F260 - RECH. EDUC,Unclassified,Part-time,,,,2026-09-24
1625,https://uottawa.wd3.myworkdayjobs.com/uOttawa_External_Career_Site/job/Ottawa-ON/Intermediate-Coordinator--Academic-Program-Management_JR39280,"Intermediate Coordinator, Academic Program Management",Non-academic,Full-time,"Faculty of Education is proud to promote equity, diversity, and inclusion",,,2026-09-24
1625,https://uottawa.wd3.myworkdayjobs.com/uOttawa_External_Career_Site/job/Ottawa-ON/APTPUO---Hiver-2027---PED3762-H130---DIDAC-FRANAIS-AU-CYCLE-MOYEN_JR39332,APTPUO - Hiver 2027 - PED3762 H130 - DIDAC. FRANÇAIS AU CYCLE MOYEN,Unclassified,Part-time,,,,2026-09-24
1625,https://uottawa.wd3.myworkdayjobs.com/uOttawa_External_Career_Site/job/Ottawa-ON/APTPUO---Hiver-2027---PED3756-OV10---DID-SCHUM---SOC-LMENTAIRE_JR39327,APTPUO - Hiver 2027 - PED3756 OV10 - DID. SC.HUM & SOC. ÉLÉMENTAIRE,Unclassified,Part-time,,,,2026-09-24
1625,https://uottawa.wd3.myworkdayjobs.com/uOttawa_External_Career_Site/job/Ottawa-ON/APTPUO---Hiver-2027---PED3762-H110---DIDAC-FRANAIS-AU-CYCLE-MOYEN_JR39330-1,APTPUO - Hiver 2027 - PED3762 H110 - DIDAC. FRANÇAIS AU CYCLE MOYEN,Unclassified,Part-time,,,,2026-09-24
1625,https://uottawa.wd3.myworkdayjobs.com/uOttawa_External_Career_Site/job/Ottawa-ON/APTPUO---Hiver-2027---PED3762-H120---DIDAC-FRANAIS-AU-CYCLE-MOYEN_JR39331,APTPUO - Hiver 2027 - PED3762 H120 - DIDAC. FRANÇAIS AU CYCLE MOYEN,Unclassified,Part-time,,,,2026-09-24
1625,https://uottawa.wd3.myworkdayjobs.com/uOttawa_External_Career_Site/job/Ottawa-ON/APTPUO---Hiver-2027---PED3756-H100---DID-SCHUM---SOC-LMENTAIRE_JR39324,APTPUO - Hiver 2027 - PED3756 H100 - DID. SC.HUM & SOC. ÉLÉMENTAIRE,Unclassified,Part-time,,,,2026-09-24
1625,https://uottawa.wd3.myworkdayjobs.com/uOttawa_External_Career_Site/job/Ottawa-ON/APTPUO---Hiver-2027---PED3756-H110---DID-SCHUM---SOC-LMENTAIRE_JR39325,APTPUO - Hiver 2027 - PED3756 H110 - DID. SC.HUM & SOC. ÉLÉMENTAIRE,Unclassified,Part-time,,,,2026-09-24
1625,https://uottawa.wd3.myworkdayjobs.com/uOttawa_External_Career_Site/job/Ottawa-ON/APTPUO---Hiver-2027---PED3756-H120---DID-SCHUM---SOC-LMENTAIRE_JR39326,APTPUO - Hiver 2027 - PED3756 H120 - DID. SC.HUM & SOC. ÉLÉMENTAIRE,Unclassified,Part-time,,,,2026-09-24
1625,https://uottawa.wd3.myworkdayjobs.com/uOttawa_External_Career_Site/job/Ottawa-ON/APTPUO---Hiver-2027---PED4570-F250---RECH-EDUC_JR39322,APTPUO - Hiver 2027 - PED4570 F250 - RECH. EDUC,Unclassified,Part-time,,,,2026-09-24
1625,https://uottawa.wd3.myworkdayjobs.com/uOttawa_External_Career_Site/job/Ottawa-ON/Advisor--Procurement_JR39270,"Advisor, Procurement",Non-academic,Full-time,,,,2026-09-24
1625,https://uottawa.wd3.myworkdayjobs.com/uOttawa_External_Career_Site/job/Ottawa-ON/Intermediate-Advisor--Procurement_JR39267,"Intermediate Advisor, Procurement",Non-academic,Full-time,,,,2026-09-24
1625,https://uottawa.wd3.myworkdayjobs.com/uOttawa_External_Career_Site/job/Ottawa-ON/Manager--Operations-and-Business-Development---Events_JR39259,"Manager, Operations and Business Development – Events",Non-academic,Full-time,,,,2026-09-24
1625,https://uottawa.wd3.myworkdayjobs.com/uOttawa_External_Career_Site/job/Ottawa-ON/Senior-Advisor--Program-Management_JR39251,"Senior Advisor, Program Management",Unclassified,Full-time,,,,2026-09-24
1625,https://uottawa.wd3.myworkdayjobs.com/uOttawa_External_Career_Site/job/Ottawa-ON/Senior-Executive-Assistant---Governance-Coordinator_JR39261,Senior Executive Assistant & Governance Coordinator,Non-academic,Full-time,,,,2026-09-24
1625,https://uottawa.wd3.myworkdayjobs.com/uOttawa_External_Career_Site/job/Ottawa-ON/Senior-Specialist--Finance-Business-Applications_JR39263-1,"Senior Specialist, Finance Business Applications",Non-academic,Full-time,,,,2026-09-24
