school_id,posting_url,job_title_in_post,position_type,job_term,department_or_school,area_key_words,deadline_of_application,position_start_date
1641,https://mcgill.wd3.myworkdayjobs.com/mcgill_careers/job/MacDonald-Harrington/Research-Assistant-1_JR0000079935,Research Assistant 1,Non-academic,Full-time,,,,
1641,https://mcgill.wd3.myworkdayjobs.com/mcgill_careers/job/MacDonald-Harrington/Research-Assistant-2_JR0000078637,Research Assistant 2,Non-academic,Full-time,,,,
1641,https://mcgill.wd3.myworkdayjobs.com/mcgill_careers/job/Bronfman-Building/Teaching-Assistant---MGSC-401_JR0000080113,Teaching Assistant MGSC 401,Unclassified,Full-time,,,,
1641,https://mcgill.wd3.myworkdayjobs.com/mcgill_careers/job/Bronfman-Building/Teaching-Assistant---MGSC-661_JR0000080111,Teaching Assistant MGSC 661,Unclassified,Full-time,,,,
1641,https://mcgill.wd3.myworkdayjobs.com/mcgill_careers/job/McLennan-Library/Student-Librarian---Office-Assistant-B_JR0000080098-1,Student Librarian - Office Assistant B,Non-academic,Part-time,"School of Information Studies, or students enrolled in a graduate program",,2026-09-11,2026-09-02
1641,https://mcgill.wd3.myworkdayjobs.com/mcgill_careers/job/MacdonaldStewart-Lib/Student-Librarian---Office-Assistant-B_JR0000080105,Student Librarian - Office Assistant B,Non-academic,Part-time,"School of Information Studies, or students enrolled in a graduate program",,2026-09-01,2026-09-02
1641,https://mcgill.wd3.myworkdayjobs.com/mcgill_careers/job/McGill-College-2001/Teaching-Assistant-DENT-317_JR0000080099,Teaching Assistant DENT 317,Unclassified,Full-time,,,,
1641,https://mcgill.wd3.myworkdayjobs.com/mcgill_careers/job/Res-Carrefour-Sherb/Communication-Assistant-A_JR0000080085,Communication Assistant A,Unclassified,Part-time,,,,2026-09-02
1641,https://mcgill.wd3.myworkdayjobs.com/mcgill_careers/job/Birks-Building/Office-Assistant-B---Chapel-and-Event-Assistant_JR0000078751-1,Office Assistant B Chapel and Event Assistant JR0000078751 1,Unclassified,Full-time,,,,
1641,https://mcgill.wd3.myworkdayjobs.com/mcgill_careers/job/Sherbrooke-550/Research-Assistant_JR0000079842,Research Assistant,Non-academic,Full-time,,,,
1641,https://mcgill.wd3.myworkdayjobs.com/mcgill_careers/job/McGill-College-2001/Invigilators_JR0000080083,Invigilators,Non-academic,Part-time,,,2026-09-01,2026-09-02
1641,https://mcgill.wd3.myworkdayjobs.com/mcgill_careers/job/James-Admin-Bldg/Program-Assistant--McGill-Sustainability-Summit-_JR0000079655,Program Assistant McGill Sustainability Summit,Unclassified,Full-time,,,,
1641,https://mcgill.wd3.myworkdayjobs.com/mcgill_careers/job/Sherbrooke-680/Ingram-School-of-Nursing---Nurse-Practitioner-Program-Postings-for-Fall-2026_JR0000076960,Ingram School of Nursing Nurse Practitioner Program Postings for Fall 2026,Unclassified,Full-time,,Nursing Nurse Practitioner Program Postings for Fall 2026,,
1641,https://mcgill.wd3.myworkdayjobs.com/mcgill_careers/job/Sherbrooke-680/Ingram-School-of-Nursing--Course-Lecturer---Instructor--Fall-2026-_JR0000076974,Ingram School of Nursing Course Lecturer Instructor Fall 2026,Lecturer,Full-time,,Nursing Course Lecturer Instructor Fall 2026,,
1641,https://mcgill.wd3.myworkdayjobs.com/mcgill_careers/job/Leacock-Building/HIST-214---TA-Fall-2026--150-hours-_JR0000080071,HIST 214 TA Fall 2026 150 hours,Unclassified,Full-time,,,,
1641,https://mcgill.wd3.myworkdayjobs.com/mcgill_careers/job/Leacock-Building/HIST-299---TA-Fall-2026--90-hours-_JR0000080069,HIST 299 TA Fall 2026 90 hours,Unclassified,Full-time,,,,
1641,https://mcgill.wd3.myworkdayjobs.com/mcgill_careers/job/Stewart-Biology-Bldg/Web-Development-Intern--IT-Assistant-C-_JR0000079762,Web Development Intern IT Assistant C,Unclassified,Full-time,,,,
1641,https://mcgill.wd3.myworkdayjobs.com/mcgill_careers/job/Sherbrooke-680/Health-and-Wellness-Advisor_JR0000080012,Health and Wellness Advisor,Unclassified,Full-time,,,2026-09-14,2026-09-01
1641,https://mcgill.wd3.myworkdayjobs.com/mcgill_careers/job/McLennan-Library/Admissions-Administrator_JR0000080001,Admissions Administrator,Non-academic,Part-time,,,2026-09-14,2026-09-01
1641,https://mcgill.wd3.myworkdayjobs.com/mcgill_careers/job/Sherbrooke-1010/Carpenter--Downtown-_JR0000072548-1,Carpenter (Downtown),Unclassified,Full-time,,,2026-09-11,2026-09-01
1641,https://mcgill.wd3.myworkdayjobs.com/mcgill_careers/job/Redpath-Library/Casual-Staffing---Operations-Manager_JR0000079809-2,Casual Staffing & Operations Manager,Assistant_Professor; Associate_Professor; Full_Professor,Full-time,,,,2026-09-01
1641,https://mcgill.wd3.myworkdayjobs.com/mcgill_careers/job/Brown-Student-Serv/Service-Representative_JR0000079890,Service Representative,Assistant_Professor; Associate_Professor; Full_Professor,Full-time,,,2026-09-10,2026-09-01
1641,https://mcgill.wd3.myworkdayjobs.com/mcgill_careers/job/McLennan-Library/Convocation-Clerk_JR0000080040,Convocation Clerk,Assistant_Professor; Associate_Professor; Full_Professor,Part-time,,,2026-09-20,2026-09-01
1641,https://mcgill.wd3.myworkdayjobs.com/mcgill_careers/job/McLennan-Library/Curatorial-Intern-for-Indigenous-Art_JR0000080042,Curatorial Intern for Indigenous Art,Unclassified,Full-time,,,,
1641,https://mcgill.wd3.myworkdayjobs.com/mcgill_careers/job/Education-Building/Teaching-Assistant-EDTL-520-001-002-DISE-F26_JR0000080025,Teaching Assistant EDTL 520 001 002 DISE F26,Unclassified,Full-time,,,,
1641,https://mcgill.wd3.myworkdayjobs.com/mcgill_careers/job/Education-Building/Course-Lecturer-EDEE-280-782-OFNIE-F26_JR0000079274,Course Lecturer EDEE 280 782 OFNIE F26,Lecturer,Part-time,,Course; Quebec elementary school system Previous,"September 13, 2026",2026-09-01
1641,https://mcgill.wd3.myworkdayjobs.com/mcgill_careers/job/Bronfman-Building/Teaching-Assistant---INSY-669-670-RETL-613_JR0000080035,Teaching Assistant INSY 669 670 RETL 613,Unclassified,Full-time,,,,
1641,https://mcgill.wd3.myworkdayjobs.com/mcgill_careers/job/Stewart-Biology-Bldg/Biology-Dept-Fall-2026-TA-positions_JR0000075047,Biology Dept Fall 2026 TA positions,Unclassified,Full-time,,,,
1641,https://mcgill.wd3.myworkdayjobs.com/mcgill_careers/job/Various/Course-Lecturers-EDER-395-731-756-OFNIE-F26_JR0000080024,Course Lecturers EDER 395 731/756 OFNIE F26,Non-academic,Part-time,,Quebec elementary school system Previous,"September 14, 2026",2026-09-01
1641,https://mcgill.wd3.myworkdayjobs.com/mcgill_careers/job/Various/Invigilator---SPOT-Midterm-Exam_JR0000080022-1,Invigilator - SPOT Midterm Exam,Non-academic,Part-time,,,2026-09-09,2026-09-01
1641,https://mcgill.wd3.myworkdayjobs.com/mcgill_careers/job/Stewart-Biology-Bldg/Assistant-Professor-in-Quantitative-Cell-Biology---Department-of-Biology_JR0000079704,Assistant Professor in Quantitative Cell Biology - Department of Biology,Assistant_Professor,Full-time,Department of Biology,Quantitative Cell Biology; Biology core curriculum,"October 12, 2026",2026-09-01
1641,https://mcgill.wd3.myworkdayjobs.com/mcgill_careers/job/McGill-College-2001/Office-Assistant-B_JR0000079621,Office Assistant B,Unclassified,Full-time,,,,
1641,https://mcgill.wd3.myworkdayjobs.com/mcgill_careers/job/Bronfman-Building/Teaching-Assistant---MGCR-222-ORGB-423_JR0000080013,Teaching Assistant MGCR 222 ORGB 423,Unclassified,Full-time,,,,
1641,https://mcgill.wd3.myworkdayjobs.com/mcgill_careers/job/McConnell-Eng-Bldg/Assistant-Professor---Emerging-Leaders_JR0000079891,Assistant Professor - Emerging Leaders,Assistant_Professor,Full-time,Faculty of Engineering,Emerging Leaders; Canada’s strategic priority areas; translate their research; mentor graduate students,"October 27, 2026",2026-09-01
1641,https://mcgill.wd3.myworkdayjobs.com/mcgill_careers/job/Macdonald-Eng-Bldg/Mechanical-Engineering-Teaching-Assistants_JR0000076940,Mechanical Engineering Teaching Assistants,Unclassified,Full-time,,,,
1641,https://mcgill.wd3.myworkdayjobs.com/mcgill_careers/job/Sherbrooke-680/Office-Assistant-A--Work-Study-_JR0000079820,Office Assistant A Work Study,Unclassified,Full-time,,,,
1641,https://mcgill.wd3.myworkdayjobs.com/mcgill_careers/job/Redpath-Library/Student-Project-Assistant----Blacker-Wood-Correspondence-Collection_JR0000080006,Student Project Assistant Blacker Wood Correspondence Collection,Unclassified,Full-time,,,,
1641,https://mcgill.wd3.myworkdayjobs.com/mcgill_careers/job/Maass-Chemistry-Bldg/Assistant-Professor-in-Materials-Chemistry----Canada-Impact--Emerging-Leaders----Department-of-Chemistry_JR0000079819,Assistant Professor in Materials Chemistry - (Canada Impact+ Emerging Leaders) – Department of Chemistry,Assistant_Professor,Full-time,Department of Chemistry,Materials Chemistry; Canada’s strategic priority areas; translate their research; mentor graduate students,,2026-09-01
1641,https://mcgill.wd3.myworkdayjobs.com/mcgill_careers/job/Sherbrooke-1010/Director--Building-Sustainment-Planning_JR0000079895,"Director, Building Sustainment Planning",Unclassified,Full-time,,,2026-09-15,2026-09-01
1641,https://mcgill.wd3.myworkdayjobs.com/mcgill_careers/job/Burnside-Hall/Student-Research-Assistant_JR0000079741,Student Research Assistant,Non-academic,Full-time,,,,
1641,https://mcgill.wd3.myworkdayjobs.com/mcgill_careers/job/Stewart-Biology-Bldg/Lab-Helper-B_JR0000079653,Lab Helper B,Unclassified,Full-time,,,,
1641,https://mcgill.wd3.myworkdayjobs.com/mcgill_careers/job/Stewart-Biology-Bldg/Lab-Helper-A_JR0000079726,Lab Helper A,Unclassified,Full-time,,,,
1641,https://mcgill.wd3.myworkdayjobs.com/mcgill_careers/job/Bronfman-Building/Teaching-Assistant---MGCR-622_JR0000079998,Teaching Assistant MGCR 622,Unclassified,Full-time,,,,
1641,https://mcgill.wd3.myworkdayjobs.com/mcgill_careers/job/Education-Building/Teaching-Assistant---EDPE-502-001-002-ECP-F26_JR0000079994,Teaching Assistant EDPE 502 001 002 ECP F26,Unclassified,Full-time,,,,
1641,https://mcgill.wd3.myworkdayjobs.com/mcgill_careers/job/Education-Building/Teaching-Assistant---EDPE-502-003-762-ECP-F26_JR0000079964,Teaching Assistant EDPE 502 003 762 ECP F26,Unclassified,Full-time,,,,
1641,https://mcgill.wd3.myworkdayjobs.com/mcgill_careers/job/Education-Building/Teaching-Assistant-EDPI-665-001-ECP-F26_JR0000079968,Teaching Assistant EDPI 665 001 ECP F26,Unclassified,Full-time,,,,
1641,https://mcgill.wd3.myworkdayjobs.com/mcgill_careers/job/MacDonald-Harrington/Teaching-Assistant---ARCH-377-Fall2026_JR0000076645,Teaching Assistant - ARCH 377 Fall2026,Unclassified,Part-time,,,2026-09-10,2026-09-08
1641,https://mcgill.wd3.myworkdayjobs.com/mcgill_careers/job/Bronfman-Building/MDIIM-Project-Associate_JR0000079997,MDIIM Project Associate,Unclassified,Full-time,,,,
1641,https://mcgill.wd3.myworkdayjobs.com/mcgill_careers/job/Macdonald-Eng-Bldg/Workshop-Facilitator_JR0000079326,Workshop Facilitator,Non-academic,Part-time,,,2026-09-10,2026-08-31
1641,https://mcgill.wd3.myworkdayjobs.com/mcgill_careers/job/Bronfman-Building/Recruitment-and-Marketing-Associate_JR0000079996,Recruitment and Marketing Associate,Unclassified,Part-time,,,,2026-08-31
1641,https://mcgill.wd3.myworkdayjobs.com/mcgill_careers/job/Penfield-1085/Grader---LING-365---Fall-2026_JR0000079531,Grader - LING 365 - Fall 2026,Unclassified,Part-time,,,2026-09-15,2026-08-31
1641,https://mcgill.wd3.myworkdayjobs.com/mcgill_careers/job/Sherbrooke-550/Program-Assistant-C--OSVRSE-events-and-workshops-_JR0000079791,Program Assistant C OSVRSE events and workshops,Unclassified,Full-time,,,,
1641,https://mcgill.wd3.myworkdayjobs.com/mcgill_careers/job/Various/Ingram-School-of-Nursing--Clinical-Instructors---Clinical-Facilitators--Fall-2026-_JR0000076668,Ingram School of Nursing Clinical Instructors Clinical Facilitators Fall 2026,Unclassified,Full-time,,Nursing Clinical Instructors Clinical Facilitators Fall 2026,,
1641,https://mcgill.wd3.myworkdayjobs.com/mcgill_careers/job/MacdonaldStewart-Lib/XMLNAME-3D-Printing-Assistant_JR0000079832,XMLNAME 3D Printing Assistant,Unclassified,Full-time,,,,
1641,https://mcgill.wd3.myworkdayjobs.com/mcgill_careers/job/Montreal-Neuro/Research-Associate_JR0000079801,Research Associate,Research_Fellow,Full-time,,,,
1641,https://mcgill.wd3.myworkdayjobs.com/mcgill_careers/job/Music-527-Sherbrooke/Student-Library-Services-Assistant_JR0000079965-1,Student Library Services Assistant JR0000079965 1,Unclassified,Full-time,,,,
1641,https://mcgill.wd3.myworkdayjobs.com/mcgill_careers/job/MacdonaldStewart-Bld/Lab-Helper-B_JR0000079945-1,Lab Helper B JR0000079945 1,Unclassified,Full-time,,,,
1641,https://mcgill.wd3.myworkdayjobs.com/mcgill_careers/job/Sherbrooke-680/TA-Fall-2026--NUR1-424-001-Legal--Ethical--and-Professional-Practice-Issues--on-Campus-_JR0000079974,TA Fall 2026 NUR1 424 001 Legal Ethical and Professional Practice Issues on Campus,Unclassified,Full-time,,,,
1641,https://mcgill.wd3.myworkdayjobs.com/mcgill_careers/job/Currie-Gymnasium/Varsity-Sport-Announcer_JR0000078836,Varsity Sport Announcer,Unclassified,Full-time,,,,
1641,https://mcgill.wd3.myworkdayjobs.com/mcgill_careers/job/Duff-Medical-Bldg/Student-Research-Assistant_JR0000079927,Student Research Assistant,Non-academic,Full-time,,,,
1641,https://mcgill.wd3.myworkdayjobs.com/mcgill_careers/job/Redpath-Library/Communications-Assistant-B--Scribe---Proficient-in-Latin-and-English-_JR0000078946,Communications Assistant B (Scribe - Proficient in Latin and English),Non-academic,Part-time,,,,2026-08-31
1641,https://mcgill.wd3.myworkdayjobs.com/mcgill_careers/job/Mtl-General-Hosp/Invigilator-OMFS_JR0000079957,Invigilator OMFS,Non-academic,Part-time,,,2026-09-09,2026-08-31
1641,https://mcgill.wd3.myworkdayjobs.com/mcgill_careers/job/Rutherford-Physics/Program-Assistant_JR0000079636,Program Assistant,Unclassified,Full-time,,,,
1641,https://mcgill.wd3.myworkdayjobs.com/mcgill_careers/job/Montreal-Neuro/Clinical-Research-Unit-Assistant-Manager_JR0000078893,Clinical Research Unit Assistant Manager,Non-academic,Full-time,,neurological diseases; ideally,2026-09-13,2026-08-31
1641,https://mcgill.wd3.myworkdayjobs.com/mcgill_careers/job/MacDonald-Harrington/Post-Doctoral-Researcher_JR0000079716,Post Doctoral Researcher,Research_Fellow,Full-time,,,,
1641,https://mcgill.wd3.myworkdayjobs.com/mcgill_careers/job/Res-Carrefour-Sherb/Protection-Supervisor_JR0000070006,Protection Supervisor,Unclassified,Full-time,,,2026-09-30,2026-08-31
1641,https://mcgill.wd3.myworkdayjobs.com/mcgill_careers/job/Currie-Gymnasium/Technical-Specialist---Assistant-Coach-Martlet-Basketball_JR0000079690,Technical Specialist - Assistant Coach Martlet Basketball,Non-academic,Part-time,,,2026-09-10,2026-08-28
1641,https://mcgill.wd3.myworkdayjobs.com/mcgill_careers/job/Currie-Gymnasium/Technical-Specialist---Assistant-Coach-Martlet-Hockey_JR0000079942,Technical Specialist - Assistant Coach Martlet Hockey,Non-academic,Part-time,,,2026-09-10,2026-08-28
1641,https://mcgill.wd3.myworkdayjobs.com/mcgill_careers/job/Currie-Gymnasium/Technical-Specialist-Assistant-Coach-Martlet-Soccer_JR0000079904,Technical Specialist Assistant Coach Martlet Soccer,Non-academic,Part-time,,,2026-09-10,2026-08-28
1641,https://mcgill.wd3.myworkdayjobs.com/mcgill_careers/job/Education-Building/Office-Assistant-A_JR0000079825,Office Assistant A,Unclassified,Part-time,,,2026-09-13,2026-08-28
1641,https://mcgill.wd3.myworkdayjobs.com/mcgill_careers/job/Sherbrooke-680/Teaching-Assistant---PPOL-602--Microeconomics-for-Public-Policy_JR0000079875-1,Teaching Assistant - PPOL 602: Microeconomics for Public Policy,Unclassified,Part-time,,Public Policy,"September 18, 2026",2026-08-28
1641,https://mcgill.wd3.myworkdayjobs.com/mcgill_careers/job/Bronfman-Building/Grader---MGCR-460--Herve-Robert-Horner-_JR0000079937,Grader - MGCR 460 (Herve Robert Horner),Unclassified,Part-time,,,,2026-08-28
1641,https://mcgill.wd3.myworkdayjobs.com/mcgill_careers/job/MacDonald-Harrington/Communications-Assistant-B--Architecture-_JR0000079244,Communications Assistant B Architecture,Unclassified,Full-time,,,,
1641,https://mcgill.wd3.myworkdayjobs.com/mcgill_careers/job/Bronfman-Building/Tutor---ACCT-463_JR0000079932,Tutor - ACCT 463,Unclassified,Part-time,,,,2026-08-28
1641,https://mcgill.wd3.myworkdayjobs.com/mcgill_careers/job/Montreal-Neuro/Assistant-or-Associate-Professor--Clinical---Department-of-Neurology-and-Neurosurgery--Epilepsy--C1-260819-_JR0000079608,"Assistant or Associate Professor (Clinical), Department of Neurology and Neurosurgery, Epilepsy (C1-260819)",Assistant_Professor; Associate_Professor,Full-time,"Department of Neurology and Neurosurgery, Epilepsy","Neurology and Neurosurgery, Epilepsy; Neuro's McConnell Brain Imaging Centre; computational neuroscience",,2026-08-28
1641,https://mcgill.wd3.myworkdayjobs.com/mcgill_careers/job/Bronfman-Building/Grader---ACCT-463_JR0000079931-1,Grader - ACCT 463,Unclassified,Part-time,,,,2026-08-28
1641,https://mcgill.wd3.myworkdayjobs.com/mcgill_careers/job/Mtl-Childrens-Hosp/Assistant-or-Associate-Professor--Clinical---Department-of-Pediatrics--Division-of-Neonatal-Medicine-and-Follow-Up--C1-260817-_JR0000079902,"Assistant or Associate Professor (Clinical), Department of Pediatrics, Division of Neonatal Medicine and Follow-Up (C1-260817)",Assistant_Professor; Associate_Professor,Full-time,Department of Pediatrics is a leader in academic medicine,"Pediatrics, Division of Neonatal Medicine and Follow-Up; neonatal hemodynamics; family-centered care",,2026-08-28
1641,https://mcgill.wd3.myworkdayjobs.com/mcgill_careers/job/Sherbrooke-680/TA-FALL-2026--Research-Methods-in-Nursing-1---NUR2-612_JR0000079914,TA FALL 2026 Research Methods in Nursing 1 NUR2 612,Unclassified,Full-time,,Nursing 1 NUR2 612,,
1641,https://mcgill.wd3.myworkdayjobs.com/mcgill_careers/job/Sherbrooke-680/TA--Fall-2026--NUR1-323-Illness-Management-1---NUR2-623-Clinical-Assessment-and-Therapeutics_JR0000079912,TA Fall 2026 NUR1 323 Illness Management 1 NUR2 623 Clinical Assessment and Therapeutics,Unclassified,Full-time,,,,
1641,https://mcgill.wd3.myworkdayjobs.com/mcgill_careers/job/Sherbrooke-680/Office-Assistant-C_JR0000079831,Office Assistant C,Unclassified,Full-time,,,,
1641,https://mcgill.wd3.myworkdayjobs.com/mcgill_careers/job/Montreal-Neuro/Clinical-Research-Coordinator_JR0000079248,Clinical Research Coordinator,Non-academic,Full-time,,,2026-09-11,2026-08-28
1641,https://mcgill.wd3.myworkdayjobs.com/mcgill_careers/job/McConnell-Eng-Bldg/Teaching-Assistant--ECSE-210_JR0000079903,Teaching Assistant ECSE 210,Unclassified,Full-time,,,,
1641,https://mcgill.wd3.myworkdayjobs.com/mcgill_careers/job/Penfield-740/Research-Associate_JR0000079896,Research Associate,Research_Fellow,Full-time,,,,
1641,https://mcgill.wd3.myworkdayjobs.com/mcgill_careers/job/Horticulture-Service/Field-Operation-Assistant-3_JR0000079430,Field Operation Assistant-3,Non-academic,Part-time,,,2026-09-10,2026-09-04
1641,https://mcgill.wd3.myworkdayjobs.com/mcgill_careers/job/Horticulture-Service/Field-Operation-Assistant-4_JR0000079428,Field Operation Assistant 4,Unclassified,Full-time,,,,
1641,https://mcgill.wd3.myworkdayjobs.com/mcgill_careers/job/Horticulture-Service/Field-Operation-Assistant-9_JR0000079423,Field Operation Assistant-9,Non-academic,Part-time,,,2026-09-10,2026-09-04
1641,https://mcgill.wd3.myworkdayjobs.com/mcgill_careers/job/Currie-Gymnasium/Technical-Specialist---Skills-Coach---Martlet-Hockey_JR0000079856,Technical Specialist - Skills Coach - Martlet Hockey,Non-academic,Part-time,,,2026-09-09,2026-08-27
1641,https://mcgill.wd3.myworkdayjobs.com/mcgill_careers/job/Currie-Gymnasium/Technical-Specialist---Equipment-Manager---Martlet-Hockey_JR0000079853-1,Technical Specialist - Equipment Manager - Martlet Hockey,Non-academic,Part-time,,,2026-09-09,2026-08-27
1641,https://mcgill.wd3.myworkdayjobs.com/mcgill_careers/job/Currie-Gymnasium/Technical-Specialist---Assistant-Coach-Martlet-Hockey_JR0000079841,Technical Specialist - Assistant Coach Martlet Hockey,Non-academic,Part-time,,,2026-09-09,2026-08-27
1641,https://mcgill.wd3.myworkdayjobs.com/mcgill_careers/job/James-Admin-Bldg/Administrative-Student-Affairs-Coordinator_JR0000079773-1,Administrative Student Affairs Coordinator JR0000079773 1,Non-academic,Full-time,,,,
1641,https://mcgill.wd3.myworkdayjobs.com/mcgill_careers/job/Strathcona-Music/Communications---Publications-Coordinator_JR0000079788,Communications Publications Coordinator,Non-academic,Full-time,,,,
1641,https://mcgill.wd3.myworkdayjobs.com/mcgill_careers/job/Bishop-Mountain-Hall/Cook-s-Helper_JR0000079855,Cook's Helper,Unclassified,Part-time,,,2026-09-11,2026-08-27
1641,https://mcgill.wd3.myworkdayjobs.com/mcgill_careers/job/MacdonaldStewart-Lib/Senior-Library-Clerk---Circulation-Services_JR0000079781,Senior Library Clerk - Circulation Services,Assistant_Professor; Associate_Professor; Full_Professor,Full-time,,,2026-09-11,2026-08-27
1641,https://mcgill.wd3.myworkdayjobs.com/mcgill_careers/job/Bishop-Mountain-Hall/Service-Person-C_JR0000079848,Service Person C,Unclassified,Full-time,,,2026-09-11,2026-08-27
1641,https://mcgill.wd3.myworkdayjobs.com/mcgill_careers/job/Bishop-Mountain-Hall/Sous-Chef_JR0000079854,Sous Chef,Unclassified,Part-time,,,2026-09-11,2026-08-27
1641,https://mcgill.wd3.myworkdayjobs.com/mcgill_careers/job/Strathcona-Music/Student-Affairs-Coordinator_JR0000079060,Student Affairs Coordinator,Non-academic,Full-time,,,,
1641,https://mcgill.wd3.myworkdayjobs.com/mcgill_careers/job/Adams-Building/Senior-Entrepreneurship-Advisor_JR0000077121,Senior Entrepreneurship Advisor,Non-academic,Part-time,Institute of the McGill University Health Centre,digital health; surgical tools,2026-09-11,2026-08-27
1641,https://mcgill.wd3.myworkdayjobs.com/mcgill_careers/job/Duff-Medical-Bldg/Research-Associate_JR0000079870,Research Associate,Research_Fellow,Full-time,,,2026-10-05,2026-08-27
1641,https://mcgill.wd3.myworkdayjobs.com/mcgill_careers/job/Various/Course-Lecturer-EDPE-300-760-762-OFNIE-F26_JR0000079873,Course Lecturer EDPE 300 760/762 OFNIE F26,Lecturer,Part-time,,Course; Quebec elementary school,"September 9, 2026",2026-08-27
1641,https://mcgill.wd3.myworkdayjobs.com/mcgill_careers/job/Sherbrooke-550/Supplementary-Posting---Teaching-Assistants--SWRK-319-002-and-SWRK-321-001--Fall-2026--School-of-Social-Work_JR0000079876,Supplementary Posting Teaching Assistants SWRK 319 002 and SWRK 321 001 Fall 2026 School of Social Work,Unclassified,Full-time,School of Social Work,Social Work,,
1641,https://mcgill.wd3.myworkdayjobs.com/mcgill_careers/job/Maass-Chemistry-Bldg/Research-Associate_JR0000079643,Research Associate,Research_Fellow,Full-time,,,,
1641,https://mcgill.wd3.myworkdayjobs.com/mcgill_careers/job/Penfield-740/Research-Associate_JR0000079858,Research Associate,Research_Fellow,Full-time,,,,
1641,https://mcgill.wd3.myworkdayjobs.com/mcgill_careers/job/Various/Office-Assistant-C_JR0000079863,Office Assistant C,Assistant_Professor; Associate_Professor; Full_Professor,Part-time,,,,2026-08-27
1641,https://mcgill.wd3.myworkdayjobs.com/mcgill_careers/job/Education-Building/Communications-Assistant---Social-Media_JR0000079674,Communications Assistant - Social Media,Unclassified,Part-time,,,,2026-08-27
1641,https://mcgill.wd3.myworkdayjobs.com/mcgill_careers/job/Education-Building/Communications-Assistant---Graphic-Design_JR0000079752,Communications Assistant - Graphic Design,Unclassified,Part-time,,,,2026-08-27
1641,https://mcgill.wd3.myworkdayjobs.com/mcgill_careers/job/Education-Building/IT-Assistant-A---AV-Loan-Services_JR0000079732-1,IT Assistant A - AV Loan Services,Unclassified,Part-time,Faculty of Education AV,,,2026-08-27
1641,https://mcgill.wd3.myworkdayjobs.com/mcgill_careers/job/McIntyre--Medical/Research-Assistant-1_JR0000079795-1,Research Assistant 1,Non-academic,Part-time,Department of Physiology,,2026-09-10,2026-08-27
1641,https://mcgill.wd3.myworkdayjobs.com/mcgill_careers/job/MacdonaldStewart-Bld/Cleaner--Mac-Powerhouse-_JR0000079659,Cleaner (Mac Powerhouse),Unclassified,Full-time,,,2026-09-10,2026-08-27
1641,https://mcgill.wd3.myworkdayjobs.com/mcgill_careers/job/Burnside-Hall/IT-Assistant-B_JR0000079738,IT Assistant B,Unclassified,Full-time,,,,
1641,https://mcgill.wd3.myworkdayjobs.com/mcgill_careers/job/McGill-College-2001/Associate-Director--Undergraduate-Medical-Admissions_JR0000079546,"Associate Director, Undergraduate Medical Admissions",Non-academic,Full-time,Centre for Simulation and Interactive Learning,,2026-09-09,2026-08-26
1641,https://mcgill.wd3.myworkdayjobs.com/mcgill_careers/job/Stewart-Biology-Bldg/Course-Technician_JR0000078212,Course Technician,Non-academic,Full-time,,,,
1641,https://mcgill.wd3.myworkdayjobs.com/mcgill_careers/job/Univ-Hall-Residence/Plumber--Downtown--Plombier-Centre-Ville-_JR0000070760,Plumber (Downtown)/Plombier(Centre-Ville),Unclassified,Full-time,,,2026-09-10,2026-08-26
1641,https://mcgill.wd3.myworkdayjobs.com/mcgill_careers/job/McGill-University-Collection-Center-MUCC/Library-Supervisor--McGill-University-Collections-Centre_JR0000079777,"Library Supervisor, McGill University Collections Centre",Unclassified,Full-time,,,2026-09-11,2026-08-26
1641,https://mcgill.wd3.myworkdayjobs.com/mcgill_careers/job/James-Admin-Bldg/Senior-Advisor-Research-Development_JR0000078996,Senior Advisor Research Development,Non-academic,Full-time,,Associate Deans of Research,2026-09-10,2026-08-26
1641,https://mcgill.wd3.myworkdayjobs.com/mcgill_careers/job/Peel--1430/Director-of-Development--Faculties-of-Agricultural-and-Environmental-Sciences--Arts--and-Science-_JR0000079736,"Director of Development (Faculties of Agricultural and Environmental Sciences, Arts, and Science)",Unclassified,Full-time,,Development,2026-09-10,2026-08-26
1641,https://mcgill.wd3.myworkdayjobs.com/mcgill_careers/job/Peel--1430/Director-of-Development--Faculties-of-Education--Law--and-the-Schulich-School-of-Music-_JR0000079774,"Director of Development (Faculties of Education, Law, and the Schulich School of Music)",Unclassified,Full-time,School of Music,Development,2026-09-10,2026-08-26
1641,https://mcgill.wd3.myworkdayjobs.com/mcgill_careers/job/Peel--1430/Director-of-Development--Faculty-of-Engineering-and-Desautels-Faculty-of-Management-_JR0000079737,Director of Development (Faculty of Engineering and Desautels Faculty of Management),Unclassified,Full-time,Faculty of Engineering and the Desautels Faculty of Management,Development,2026-09-10,2026-08-26
1641,https://mcgill.wd3.myworkdayjobs.com/mcgill_careers/job/McLennan-Library/Quebec-Student-Ambassador_JR0000079851,Quebec Student Ambassador,Unclassified,Full-time,,,,
1641,https://mcgill.wd3.myworkdayjobs.com/mcgill_careers/job/McTavish-3610/Teaching-Assistant---INTD-200---Fall-2026--Supplementary-_JR0000079852,Teaching Assistant INTD 200 Fall 2026 Supplementary,Unclassified,Full-time,,,,
1641,https://mcgill.wd3.myworkdayjobs.com/mcgill_careers/job/Peel-3661/Graduate-Student-Research-Assistant_JR0000079562-1,Graduate Student Research Assistant JR0000079562 1,Non-academic,Full-time,,,,
1641,https://mcgill.wd3.myworkdayjobs.com/mcgill_careers/job/Peel-3647/Postdoctoral-Researcher_JR0000079617,Postdoctoral Researcher,Research_Fellow,Full-time,,McGill employee; historical dimensions of health,2026-11-15,2026-08-26
1641,https://mcgill.wd3.myworkdayjobs.com/mcgill_careers/job/McGill-College-2001/Tenure-Track-Position--Assistant-Professor---Developmental-Psychology--Department-of-Psychology_JR0000079367,"Tenure-Track Position (Assistant Professor), Developmental Psychology, Department of Psychology",Assistant_Professor,Full-time,Department of Psychology,Psychology; Montreal Neurological,,2026-08-26
1641,https://mcgill.wd3.myworkdayjobs.com/mcgill_careers/job/Sherbrooke-680/Research-Associate_JR0000079707-1,Research Associate JR0000079707 1,Research_Fellow,Full-time,,,,
1641,https://mcgill.wd3.myworkdayjobs.com/mcgill_careers/job/McGill-College-2001/Tenure--Track-Position--Assistant-Professor---Child-Clinical-Psychology--Department-of-Psychology_JR0000079375,"Tenure -Track Position (Assistant Professor), Child Clinical Psychology, Department of Psychology",Assistant_Professor,Full-time,Department of Psychology,Department of Psychology; child clinical,,2026-08-26
1641,https://mcgill.wd3.myworkdayjobs.com/mcgill_careers/job/McConnell-Eng-Bldg/School-of-Computer-Science-Teaching-Assistant-COMP-424-Fall-2026_JR0000077240,School of Computer Science Teaching Assistant COMP 424 Fall 2026,Unclassified,Full-time,,Computer Science Teaching Assistant COMP 424 Fall 2026,,
1641,https://mcgill.wd3.myworkdayjobs.com/mcgill_careers/job/Maass-Chemistry-Bldg/Assistant-Professor--Department-of-Chemistry_JR0000078053,"Assistant Professor, Department of Chemistry",Assistant_Professor,Full-time,Department of Chemistry,Chemistry,"October 10, 2026",2026-08-26
1641,https://mcgill.wd3.myworkdayjobs.com/mcgill_careers/job/Various/Course-Lecturer-EDEC-203-707-OFNIE-F26_JR0000079764,Course Lecturer EDEC 203 707 OFNIE F26,Lecturer,Full-time,,Course,,
1641,https://mcgill.wd3.myworkdayjobs.com/mcgill_careers/job/Sherbrooke-680/Office-Assistant-C---Student-Engagement_JR0000079766,Office Assistant C Student Engagement,Unclassified,Full-time,,,,
1641,https://mcgill.wd3.myworkdayjobs.com/mcgill_careers/job/Currie-Gymnasium/Technical-Specialist---Assistant-Coach-Redbirds-Basketball_JR0000079748,Technical Specialist Assistant Coach Redbirds Basketball,Non-academic,Full-time,,,,
1641,https://mcgill.wd3.myworkdayjobs.com/mcgill_careers/job/Faculty-Club/Waiter_JR0000069598,,Unclassified,Full-time,,,,
1641,https://mcgill.wd3.myworkdayjobs.com/mcgill_careers/job/Sherbrooke-1010/Sustainability-Officer_JR0000079733,Sustainability Officer,Unclassified,Full-time,,,2026-09-09,2026-08-25
1641,https://mcgill.wd3.myworkdayjobs.com/mcgill_careers/job/Peel--1430/Associate-Director-Donor-Relations_JR0000079698,Associate Director Donor Relations,Unclassified,Full-time,,,,
1641,https://mcgill.wd3.myworkdayjobs.com/mcgill_careers/job/Sherbrooke-680/Financial-Administrator_JR0000079551,Financial Administrator,Non-academic,Full-time,,,,
1641,https://mcgill.wd3.myworkdayjobs.com/mcgill_careers/job/James-Admin-Bldg/Administrative-Officer_JR0000078891,Administrative Officer,Unclassified,Full-time,,,,
1641,https://mcgill.wd3.myworkdayjobs.com/mcgill_careers/job/Various/Course-Lecturer-EDEC-344-731-761-OFNIE-F26_JR0000079749,Course Lecturer EDEC 344 731 761 OFNIE F26,Lecturer,Full-time,,Course,,
1641,https://mcgill.wd3.myworkdayjobs.com/mcgill_careers/job/Peel-3661/Office-Assistant-C_JR0000079626-1,Office Assistant C JR0000079626 1,Unclassified,Full-time,,,,
1641,https://mcgill.wd3.myworkdayjobs.com/mcgill_careers/job/Rutherford-Physics/Post-doctoral-researcher_JR0000079642,Post-doctoral researcher,Research_Fellow,Full-time,,,2026-09-30,2026-08-25
1641,https://mcgill.wd3.myworkdayjobs.com/mcgill_careers/job/Les-Cours-Mont-Royal/Communications-Assistant-B_JR0000079751,Communications Assistant B,Unclassified,Part-time,,,2026-09-15,2026-09-08
1641,https://mcgill.wd3.myworkdayjobs.com/mcgill_careers/job/MUHC-GLEN/Assistant-or-Associate-Professor--Clinical---Department-of-Diagnostic-Radiology--Division-of-Nuclear-Medicine--C1-260820-_JR0000079723,"Assistant or Associate Professor (Clinical), Department of Diagnostic Radiology, Division of Nuclear Medicine (C1-260820)",Assistant_Professor; Associate_Professor,Full-time,"Department of Diagnostic Radiology, Division of Nuclear Medicine","Diagnostic Radiology, Division of Nuclear Medicine; therapeutic Nuclear",,2026-08-24
1641,https://mcgill.wd3.myworkdayjobs.com/mcgill_careers/job/McLennan-Library/Student-Library-Services-Assistant_JR0000079727,Student Library Services Assistant,Unclassified,Part-time,,,2026-09-11,2026-08-24
1641,https://mcgill.wd3.myworkdayjobs.com/mcgill_careers/job/Royal-Victoria-Hosp/Assistant-or-Associate-Professor--Clinical---Department-of-Obstetrics-and-Gynecology--Division-of-Minimally-Invasive-Gynecologic-Surgery--C1-260728-_JR0000079715,"Assistant or Associate Professor (Clinical), Department of Obstetrics and Gynecology, Division of Minimally Invasive Gynecologic Surgery (C1-260728)",Assistant_Professor; Associate_Professor,Full-time,"Department of Obstetrics and Gynecology, Division of Minimally Invasive Gynecologic Surgery","Obstetrics and Gynecology, Division of Minimally Invasive Gynecologic Surgery",,2026-08-24
1641,https://mcgill.wd3.myworkdayjobs.com/mcgill_careers/job/McLennan-Library/Museum-Database-Assistant--AUS-Intern-_JR0000079507,Museum Database Assistant (AUS Intern),Unclassified,Part-time,,,2026-09-11,2026-08-24
1641,https://mcgill.wd3.myworkdayjobs.com/mcgill_careers/job/Bronfman-Building/Grader----FINE-482_JR0000079719-1,Grader -  FINE 482,Unclassified,Part-time,,,,2026-08-24
1641,https://mcgill.wd3.myworkdayjobs.com/mcgill_careers/job/McLennan-Library/Head-Library-Clerk_JR0000079632,Head Library Clerk,Non-academic,Full-time,,,,
1641,https://mcgill.wd3.myworkdayjobs.com/mcgill_careers/job/Adams-Building/Administrative-Coordinator_JR0000079566,Administrative Coordinator,Non-academic,Full-time,,,,
1641,https://mcgill.wd3.myworkdayjobs.com/mcgill_careers/job/Bronfman-Building/Masters-Career-Coach_JR0000079493,Masters Career Coach,Unclassified,Full-time,,,,
1641,https://mcgill.wd3.myworkdayjobs.com/mcgill_careers/job/Bronfman-Building/Technical-Interview-Coach_JR0000079523,Technical Interview Coach,Unclassified,Full-time,,,,
1641,https://mcgill.wd3.myworkdayjobs.com/mcgill_careers/job/Sherbrooke-680/Assistant-Professor_JR0000079402,Assistant Professor,Assistant_Professor,Full-time,,twentieth-century Russian literature,,2026-08-24
1641,https://mcgill.wd3.myworkdayjobs.com/mcgill_careers/job/Sherbrooke-680/Administrative-Student-Affairs-Coordinator_JR0000079230,Administrative Student Affairs Coordinator,Non-academic,Full-time,,,,
1641,https://mcgill.wd3.myworkdayjobs.com/mcgill_careers/job/Macdonald-Eng-Bldg/Administrative-Coordinator_JR0000079561-1,Administrative Coordinator JR0000079561 1,Non-academic,Full-time,,,,
1641,https://mcgill.wd3.myworkdayjobs.com/mcgill_careers/job/Sherbrooke-680/Finance-Manager_JR0000079366,Finance Manager,Non-academic,Full-time,,,,
1641,https://mcgill.wd3.myworkdayjobs.com/mcgill_careers/job/Bishop-Mountain-Hall/Cook-s-Helper--casual-_JR0000079611,Cook s Helper casual,Unclassified,Full-time,,,,
1641,https://mcgill.wd3.myworkdayjobs.com/mcgill_careers/job/Les-Cours-Mont-Royal/Donor-Experience-Officer_JR0000077850,Donor Experience Officer,Unclassified,Full-time,,,2026-09-17,2026-09-08
1641,https://mcgill.wd3.myworkdayjobs.com/mcgill_careers/job/Bronfman-Building/Grader---MGCR-352--Liliya-Lyubman-_JR0000079649,Grader - MGCR 352 (Liliya Lyubman),Unclassified,Part-time,,,,2026-08-20
1641,https://mcgill.wd3.myworkdayjobs.com/mcgill_careers/job/Bronfman-Building/Grader---MRKT-453_JR0000079646,Grader - MRKT 453,Unclassified,Part-time,,,,2026-08-20
1641,https://mcgill.wd3.myworkdayjobs.com/mcgill_careers/job/Strathcona-Music/Assistant-Professor-of-Composition_JR0000079243,Assistant Professor of Composition,Assistant_Professor,Full-time,Department of Music Research invites applications for a tenure track position in composition,Composition; knowledge of relevant techniques; concert music traditions,,2026-08-20
1641,https://mcgill.wd3.myworkdayjobs.com/mcgill_careers/job/McLennan-Library/Associate-Dean--Library-Technology_JR0000072170,"Associate Dean, Library Technology",Assistant_Professor; Associate_Professor; Full_Professor,Full-time,Center for Research Libraries,Library Technology; welcoming; supportive,"September 25, 2026",2026-08-20
1641,https://mcgill.wd3.myworkdayjobs.com/mcgill_careers/job/Ferrier-Building/Building-Operator_JR0000079563,Building Operator,Unclassified,Full-time,,,,
1641,https://mcgill.wd3.myworkdayjobs.com/mcgill_careers/job/Ferrier-Building/Plumber--Downtown-_JR0000072503,Plumber (Downtown),Unclassified,Full-time,,,2026-09-16,2026-08-19
1641,https://mcgill.wd3.myworkdayjobs.com/mcgill_careers/job/Education-Building/Psychologist_JR0000074928,,Unclassified,Full-time,,,,
1641,https://mcgill.wd3.myworkdayjobs.com/mcgill_careers/job/Montreal-Neuro/Senior-Research-Software-Developer_JR0000075082,Senior Research Software Developer,Unclassified,Full-time,,,,
1641,https://mcgill.wd3.myworkdayjobs.com/mcgill_careers/job/Stewart-Biology-Bldg/Administrative-Officer_JR0000079491,Administrative Officer,Unclassified,Full-time,,,,
1641,https://mcgill.wd3.myworkdayjobs.com/mcgill_careers/job/Bronfman-Building/Research-Assistant--Sustainable-Management-_JR0000079464,Research Assistant (Sustainable Management),Associate_Professor,Part-time,,,,2026-08-17
1641,https://mcgill.wd3.myworkdayjobs.com/mcgill_careers/job/McGill-College-2001/Dental-Hygienist_JR0000077133,Dental Hygienist,Unclassified,Full-time,,,,
1641,https://mcgill.wd3.myworkdayjobs.com/mcgill_careers/job/JGH---Jewish-General-Hosp/Assistant-Professor--Clinical---Department-of-Psychiatry--Mood-Disorders--C2-260812-_JR0000079341,"Assistant Professor (Clinical), Department of Psychiatry, Mood Disorders (C2-260812)",Assistant_Professor,Full-time,"Department of Psychiatry, Mood Disorders","Psychiatry, Mood Disorders; substance abuse research; advanced brain imaging",,2026-08-13
1641,https://mcgill.wd3.myworkdayjobs.com/mcgill_careers/job/Sherbrooke-680/Guest-Speaker-for-Masterclass-in-Policy-Advocacy_JR0000079283-2,Guest Speaker for Masterclass in Policy Advocacy,Unclassified,Part-time,School of Public Policy,Policy Advocacy,,2026-08-13
1641,https://mcgill.wd3.myworkdayjobs.com/mcgill_careers/job/Adams-Building/Assistant-Professor-in-Earth-and-Planetary-Sciences--Critical-Materials-for-Sustainability_JR0000078461,"Assistant Professor in Earth and Planetary Sciences, Critical Minerals for Sustainability",Assistant_Professor,Full-time,,"Earth and Planetary Sciences, Critical Minerals for Sustainability; processes; mineral deposits","October 1, 2026",2026-08-11
1641,https://mcgill.wd3.myworkdayjobs.com/mcgill_careers/job/MUHC-GLEN/Assistant-Professor--Clinical---Department-of-Surgery--Division-of-Vascular-Surgery--C1-260810-_JR0000079251-1,"Assistant Professor (Clinical), Department of Surgery, Division of Vascular Surgery (C1-260810)",Assistant_Professor,Full-time,"Department of Surgery, Division of Vascular Surgery","Surgery, Division of Vascular Surgery; demonstrate excellence; clinical care",,2026-08-11
1641,https://mcgill.wd3.myworkdayjobs.com/mcgill_careers/job/Adams-Building/Assistant-Professor-in-Earth-and-Planetary-Sciences--Solid-Earth-Processes_JR0000078451,"Assistant Professor in Earth and Planetary Sciences, Solid Earth Processes",Assistant_Professor,Full-time,,"Earth and Planetary Sciences, Solid Earth Processes; mineralogy","October 1, 2026",2026-08-11
1641,https://mcgill.wd3.myworkdayjobs.com/mcgill_careers/job/Bronfman-Building/Hospitality-Assistant_JR0000079252,Hospitality Assistant,Unclassified,Part-time,,,,2026-08-10
1641,https://mcgill.wd3.myworkdayjobs.com/mcgill_careers/job/3605-de-la-Montagne/Director--RUISSS-McGill_JR0000078700,"Director, RUISSS McGill",Unclassified,Part-time,Faculty of Medicine and Health Sciences,,2026-09-10,2026-08-10
1641,https://mcgill.wd3.myworkdayjobs.com/mcgill_careers/job/5100-de-Maisonneuve-West/Postdoctoral-Researcher_JR0000079245-1,Postdoctoral Researcher,Research_Fellow,Full-time,Department of Oncology,,2026-09-10,2026-08-10
1641,https://mcgill.wd3.myworkdayjobs.com/mcgill_careers/job/5858-Cote-des-Neiges/Associate-or-Full-Professor--Tenure-Track--and-Canada-Research-Chair--CRC--Tier-1--Department-of-Family-Medicine--RL--L000692-_JR0000074985,"Associate or Full Professor (Tenure Track) and Canada Research Chair (CRC) Tier 1, Department of Family Medicine (RL# L000692)",Associate_Professor; Full_Professor,Full-time,Department of Family Medicine,Family Medicine; primary healthcare of the highest; appropriate; mentor graduate students,"October 12, 2026",2026-08-10
1641,https://mcgill.wd3.myworkdayjobs.com/mcgill_careers/job/Burnside-Hall/Assistant-Professor-in-Geography--Health-and-Sustainability_JR0000078552,"Assistant Professor in Geography, Health and Sustainability",Assistant_Professor,Full-time,Department of Geography,"Geography, Health and Sustainability; interface of health","October 15, 2026",2026-08-08
1641,https://mcgill.wd3.myworkdayjobs.com/mcgill_careers/job/JGH---Jewish-General-Hosp/Assistant-Professor--Clinical---Department-of-Surgery--Division-of-Vascular-Surgery--C2-260729-_JR0000079169,"Assistant Professor (Clinical), Department of Surgery, Division of Vascular Surgery (C2-260729)",Assistant_Professor,Full-time,"Department of Surgery, Division of Vascular Surgery","Surgery, Division of Vascular Surgery",,2026-08-06
1641,https://mcgill.wd3.myworkdayjobs.com/mcgill_careers/job/Mtl-Childrens-Hosp/Open-Rank--Clinical--and-Division-Director-of-Neonatal-Medicine-and-Follow-Up--Department-of-Pediatrics--C1-260727-_JR0000079185,"Open Rank (Clinical) and Division Director of Neonatal Medicine and Follow-Up, Department of Pediatrics (C1-260727)",Assistant_Professor; Associate_Professor; Full_Professor,Full-time,Department of Pediatrics,"Neonatal Medicine and Follow-Up, Department of Pediatrics; physiological monitoring; neonatal neurocritical; neonatal nurse practitioner students",,2026-08-06
1641,https://mcgill.wd3.myworkdayjobs.com/mcgill_careers/job/St-Marys-Hospital/Assistant-Professor--Clinical---Department-of-Critical-Care-Medicine--C1-260729-_JR0000079012-1,"Assistant Professor (Clinical), Department of Critical Care Medicine (C1-260729)",Assistant_Professor,Full-time,Department of Critical Care Medicine,Critical Care Medicine,,2026-09-08
1641,https://mcgill.wd3.myworkdayjobs.com/mcgill_careers/job/Leacock-Building/Assistant-Professor_JR0000079102,Assistant Professor,Assistant_Professor,Full-time,,,"October 9, 2026",2026-08-05
1641,https://mcgill.wd3.myworkdayjobs.com/mcgill_careers/job/Burnside-Hall/Assistant-Professor-in-Atmospheric-and-Oceanic-Sciences---Oceanography---Earth-Systems_JR0000078298,"Assistant Professor in Atmospheric and Oceanic Sciences,  Oceanography & Earth Systems",Assistant_Professor,Full-time,,"Atmospheric and Oceanic Sciences,  Oceanography & Earth Systems; physical oceanography; observational","October 15, 2026",2026-08-04
1641,https://mcgill.wd3.myworkdayjobs.com/mcgill_careers/job/MUHC-GLEN/Assistant-Professor--Clinical---Department-of-Medicine--Division-of-Geriatric-Medicine--C1-260424-_JR0000075806,"Assistant Professor (Clinical), Department of Medicine, Division of Geriatric Medicine (C1-260424)",Assistant_Professor,Full-time,"Department of Medicine, Division of Geriatric Medicine","Medicine, Division of Geriatric Medicine","October 31, 2026",2026-08-03
1641,https://mcgill.wd3.myworkdayjobs.com/mcgill_careers/job/MUHC-GLEN/Assistant-or-Associate-Professor--Clinical---Department-of-Medicine--Division-of-Geriatric-Medicine--C2-260424-_JR0000075901,"Assistant or Associate Professor (Clinical), Department of Medicine, Division of Geriatric Medicine (C2-260424)",Assistant_Professor; Associate_Professor,Full-time,"Department of Medicine, Division of Geriatric Medicine","Medicine, Division of Geriatric Medicine; sufficient calibre; obtain funding","October 31, 2026",2026-08-03
1641,https://mcgill.wd3.myworkdayjobs.com/mcgill_careers/job/McLennan-Library/Open-House-Student-Ambassador_JR0000078888,Open House Student Ambassador,Unclassified,Full-time,,,,
1641,https://mcgill.wd3.myworkdayjobs.com/mcgill_careers/job/Bronfman-Building/Research-Assistant_JR0000079029,Research Assistant,Non-academic,Full-time,,,,
1641,https://mcgill.wd3.myworkdayjobs.com/mcgill_careers/job/Redpath-Library/Invigilator_JR0000067803-1,Invigilator,Assistant_Professor; Associate_Professor; Full_Professor,Full-time,,,,2026-07-30
1641,https://mcgill.wd3.myworkdayjobs.com/mcgill_careers/job/Penfield-740/Postdoctoral-Researcher---hEDS-Omics-Study_JR0000078791,Postdoctoral Researcher - hEDS*Omics Study,Research_Fellow,Full-time,,,,2026-07-30
1641,https://mcgill.wd3.myworkdayjobs.com/mcgill_careers/job/McGill-College-2001/Assistant-Professor---Department-of-Psychology----Social-Psychology_JR0000078659,Assistant Professor Department of Psychology Social Psychology,Assistant_Professor,Full-time,Department of Psychology Social Psychology,Psychology Social Psychology,,
1641,https://mcgill.wd3.myworkdayjobs.com/mcgill_careers/job/Sherbrooke-680/Visiting-Professor_JR0000078021-1,Visiting Professor,Full_Professor,Full-time,"Department of Languages, Literatures, and Cultures",Italian Studies,,2026-07-24
1641,https://mcgill.wd3.myworkdayjobs.com/mcgill_careers/job/Leacock-Building/Assistant-Professor--International-Political-Economy_JR0000078799,"Assistant Professor, International Political Economy",Assistant_Professor,Full-time,Department of Political Science,International Political Economy,"September 15, 2026",2026-07-23
1641,https://mcgill.wd3.myworkdayjobs.com/mcgill_careers/job/JGH---Jewish-General-Hosp/Assistant-Professor--Clinical---Department-of-Medicine--Division-of-Respiratory-Medicine--C2-260623-_JR0000078199,"Assistant Professor (Clinical), Department of Medicine, Division of Respiratory Medicine (C2-260623)",Assistant_Professor,Full-time,"Department of Medicine, Division of Respiratory Medicine","Medicine, Division of Respiratory Medicine",,2026-07-16
1641,https://mcgill.wd3.myworkdayjobs.com/mcgill_careers/job/Mtl-Childrens-Hosp/Assistant-or-Associate-Professor--Clinical---Department-of-Pediatrics--Division-of-General-Pediatrics--Developmental-Pediatrics--C4-240130-_JR0000062324,"Assistant or Associate Professor (Clinical), Department of Pediatrics, Division of General Pediatrics, Developmental Pediatrics (C4-240130)",Assistant_Professor; Associate_Professor,Part-time,"Department of Pediatrics, Division of General Pediatrics, Developmental Pediatrics","Pediatrics, Division of General Pediatrics, Developmental Pediatrics",,2026-07-16
1641,https://mcgill.wd3.myworkdayjobs.com/mcgill_careers/job/MUHC-GLEN/Assistant-or-Associate-Professor--Clinical---Department-of-Pathology--Division-of-Gastrointestinal-and-Liver-Pathology--C1-260615-_JR0000078576,"Assistant or Associate Professor (Clinical), Department of Pathology, Division of Gastrointestinal and Liver Pathology (C1-260615)",Assistant_Professor; Associate_Professor,Full-time,"Department of Pathology, Division of Gastrointestinal and Liver Pathology","Pathology, Division of Gastrointestinal and Liver Pathology",,2026-07-15
1641,https://mcgill.wd3.myworkdayjobs.com/mcgill_careers/job/Burnside-Hall/Tenure-Track-Position-in-Number-Theory-Department-of-Mathematics-and-Statistics_JR0000078430-1,Tenure-Track Position in Number Theory-Department of Mathematics and Statistics,Unclassified,Full-time,Department of Mathematics and Statistics,Number Theory-Department of Mathematics and Statistics; arithmetic geometry; automorphic,"October 1, 2026",2026-07-14
1641,https://mcgill.wd3.myworkdayjobs.com/mcgill_careers/job/Bronfman-Building/Tenure-Track-Position-in-Operations-Management--Desautels-Faculty-of-Management--McGill-University_JR0000078492,"Tenure-Track Position in Operations Management, Desautels Faculty of Management, McGill University",Assistant_Professor,Full-time,"Faculty of Management, McGill University",Operations Management; Advanced Digital; analytics programming,"October 15, 2026",2026-07-14
1641,https://mcgill.wd3.myworkdayjobs.com/mcgill_careers/job/Bronfman-Building/Tutor---MGCR-640_JR0000078464-1,Tutor MGCR 640 JR0000078464 1,Unclassified,Full-time,,,,
1641,https://mcgill.wd3.myworkdayjobs.com/mcgill_careers/job/Bronfman-Building/Grader---MGCR-640_JR0000078463,Grader MGCR 640,Unclassified,Full-time,,,,
1641,https://mcgill.wd3.myworkdayjobs.com/mcgill_careers/job/Bronfman-Building/Grader---FINE-677_JR0000078317,Grader - FINE 677,Unclassified,Part-time,,,,2026-06-30
1641,https://mcgill.wd3.myworkdayjobs.com/mcgill_careers/job/JGH---Jewish-General-Hosp/Assistant-or-Associate-Professor--Clinical---Department-of-Ophthalmology-and-Visual-Sciences--Glaucoma--C2-260527-_JR0000077426,"Assistant or Associate Professor (Clinical), Department of Ophthalmology and Visual Sciences, Glaucoma (C2-260527)",Assistant_Professor; Associate_Professor,Full-time,"Department of Ophthalmology and Visual Sciences, Glaucoma","Ophthalmology and Visual Sciences, Glaucoma; advanced glaucoma imaging; surgical glaucoma",,2026-06-19
1641,https://mcgill.wd3.myworkdayjobs.com/mcgill_careers/job/James-Admin-Bldg/McGill-University---Appointment-of-Vice-President--People---Culture---apply-using-link-within-text-_JR0000077563,McGill University - Appointment of Vice-President (People & Culture) (apply using link within text),Unclassified,Full-time,,,,2026-06-09
1641,https://mcgill.wd3.myworkdayjobs.com/mcgill_careers/job/Hugessen-House/Postdoctoral-Researcher---Human-Genetics--Proteomics--and-Multi-Omics-for-Drug-Target-Discovery_JR0000076799,"Postdoctoral Researcher - Human Genetics, Proteomics, and Multi-Omics for Drug Target Discovery",Research_Fellow,Full-time,,,,2026-05-21
1641,https://mcgill.wd3.myworkdayjobs.com/mcgill_careers/job/Mtl-Childrens-Hosp/Assistant-or-Associate-Professor--Clinical---Department-of-Pediatrics--Division-of-General-Pediatrics--C3-260424-_JR0000075609,"Assistant or Associate Professor (Clinical), Department of Pediatrics, Division of General Pediatrics (C3-260424)",Assistant_Professor; Associate_Professor,Full-time,"Department of Pediatrics, Division of General Pediatrics","Pediatrics, Division of General Pediatrics",,2026-04-30
1641,https://mcgill.wd3.myworkdayjobs.com/mcgill_careers/job/Mtl-Childrens-Hosp/Assistant-or-Associate-Professor--Clinical---Department-of-Pediatrics--Division-of-Pediatric-Rheumatology--C3-260410-_JR0000075567,"Assistant or Associate Professor (Clinical), Department of Pediatrics, Division of Pediatric Rheumatology (C3-260410)",Assistant_Professor; Associate_Professor,Part-time,"Department of Pediatrics, Division of Pediatric Rheumatology","Pediatrics, Division of Pediatric Rheumatology",,2026-04-28
1641,https://mcgill.wd3.myworkdayjobs.com/mcgill_careers/job/Life-Sciences-Bldg-/Postdoctoral-Researcher---ADVANCED-BIOIMAGING-FACILITY--ABIF-_JR0000074524,Postdoctoral Researcher - ADVANCED BIOIMAGING FACILITY (ABIF),Research_Fellow,Full-time,,,,2026-03-12
1641,https://mcgill.wd3.myworkdayjobs.com/mcgill_careers/job/Various/Invigilator---SPOT-Final-Exams_JR0000074051,Invigilator - SPOT Final Exams,Non-academic,Part-time,,,,2026-02-20
1641,https://mcgill.wd3.myworkdayjobs.com/mcgill_careers/job/Sherbrooke-680/Standardized-Patient---ISON_JR0000074041,Standardized Patient - ISON,Unclassified,Part-time,School of Nursing,,2027-05-30,2026-02-18
1641,https://mcgill.wd3.myworkdayjobs.com/mcgill_careers/job/Sherbrooke-680/Assistant-Professor--CAS-_JR0000070839,Assistant Professor (CAS),Assistant_Professor,Full-time,School of Continuing Studies,Multilingual Communication Technologies; Machine Learning; Innovation domain,,2026-02-10
1641,https://mcgill.wd3.myworkdayjobs.com/mcgill_careers/job/Douglas-Hosp-Burland/Assistant-Associate-Professor--Research---Single-Cell-Genomics--Department-of-Psychiatry--2-positions---C3-231215-_JR0000050127-1,"Assistant/Associate Professor (Research), Single Cell Genomics, Department of Psychiatry (2 positions) (C3-231215)",Assistant_Professor; Associate_Professor,Full-time,Department of Psychiatry,Psychiatry; Single Cell Genomics applied; Department of,,2026-01-21
1641,https://mcgill.wd3.myworkdayjobs.com/mcgill_careers/job/Bronfman-Building/Grader---ACCT-453_JR0000073037,Grader - ACCT 453,Unclassified,Part-time,,,,2026-01-11
1641,https://mcgill.wd3.myworkdayjobs.com/mcgill_careers/job/Education-Building/Research-Assistant-2_JR0000080271-1,Research Assistant 2 JR0000080271 1,Non-academic,Full-time,,,,
1641,https://mcgill.wd3.myworkdayjobs.com/mcgill_careers/job/Currie-Gymnasium/Teaching-Assistant-EDKP-396-KPE-F26_JR0000076340,Teaching Assistant EDKP 396 KPE F26,Unclassified,Part-time,,Assistant Positions,2026-09-16,2026-09-14
1641,https://mcgill.wd3.myworkdayjobs.com/mcgill_careers/job/Redpath-Library/Research-Data-Management-Specialist_JR0000080513,Research Data Management Specialist,Non-academic,Full-time,Center for Research Libraries,welcoming; supportive,,2026-09-14
1641,https://mcgill.wd3.myworkdayjobs.com/mcgill_careers/job/McIntyre--Medical/Research-Assistant-2_JR0000080353,Research Assistant 2,Associate_Professor,Full-time,Department of Biochemistry,RNA therapeutics; skeletal muscle biology,2026-09-18,2026-09-14
1641,https://mcgill.wd3.myworkdayjobs.com/mcgill_careers/job/Ferrier-Building/Office-Assistant-C-FAIIRK_JR0000080362-1,Office Assistant C FAIIRK,Unclassified,Full-time,,,2026-09-20,2026-09-14
1641,https://mcgill.wd3.myworkdayjobs.com/mcgill_careers/job/Maass-Chemistry-Bldg/Invigilator_JR0000080467,Invigilator,Unclassified,Part-time,,,2026-09-23,2026-09-14
1641,https://mcgill.wd3.myworkdayjobs.com/mcgill_careers/job/Les-Cours-Mont-Royal/Accounting-Assistant-C_JR0000080537,Accounting Assistant C,Unclassified,Part-time,,,2026-09-18,2026-09-14
1641,https://mcgill.wd3.myworkdayjobs.com/mcgill_careers/job/Currie-Gymnasium/Office-Assistant---Sports-Medicine-Clinic_JR0000079152,Office Assistant - Sports Medicine Clinic,Unclassified,Part-time,,,2026-09-17,2026-09-14
1641,https://mcgill.wd3.myworkdayjobs.com/mcgill_careers/job/Strathcona-Music/Office-Assistant-C--Admissions---Music-_JR0000080561-1,Office Assistant C (Admissions - Music),Unclassified,Part-time,School of Music,,2026-09-21,2026-09-14
1641,https://mcgill.wd3.myworkdayjobs.com/mcgill_careers/job/Cattle-Complex/Animal-Care-Assistant-B-5_JR0000080493,Animal Care Assistant B-5,Unclassified,Part-time,,,2026-09-18,2026-09-14
1641,https://mcgill.wd3.myworkdayjobs.com/mcgill_careers/job/Sherbrooke-680/Office-Assistant-B_JR0000080194,Office Assistant B,Non-academic,Part-time,,,,2026-09-14
1641,https://mcgill.wd3.myworkdayjobs.com/mcgill_careers/job/Horticulture-Service/Field-Operations-Assistant-2_JR0000080523,Field Operations Assistant-2,Non-academic,Part-time,,,2026-09-18,2026-09-14
1641,https://mcgill.wd3.myworkdayjobs.com/mcgill_careers/job/Horticulture-Service/Field-Operations-Assistant_JR0000080522,Field Operations Assistant,Non-academic,Part-time,,,2026-09-18,2026-09-14
1641,https://mcgill.wd3.myworkdayjobs.com/mcgill_careers/job/McGill-College-2001/Communications-Assistant-C_JR0000080549,Communications Assistant C,Unclassified,Part-time,,how infants learn,2026-09-22,2026-09-14
1641,https://mcgill.wd3.myworkdayjobs.com/mcgill_careers/job/Horticulture-Service/Field-Operations-Assistant_JR0000080519,Field Operations Assistant,Non-academic,Part-time,,,2026-09-18,2026-09-14
1641,https://mcgill.wd3.myworkdayjobs.com/mcgill_careers/job/McGill-College-2001/Research-Assistant-2_JR0000080511,Research Assistant 2,Non-academic,Full-time,,impacts of heat exposure; environmental health,2026-09-20,2026-09-14
1641,https://mcgill.wd3.myworkdayjobs.com/mcgill_careers/job/Various/Course-Lecturer-EDEE-253-731-741-OFNIE-F26_JR0000079061,Course Lecturer EDEE 253 731/741 OFNIE F26,Lecturer,Part-time,,Course; Quebec elementary school,"September 25, 2026",2026-09-14
1641,https://mcgill.wd3.myworkdayjobs.com/mcgill_careers/job/Various/Course-Lecturer-EDPI-309-712-OFNIE-F26_JR0000080037,Course Lecturer EDPI 309 712 OFNIE F26,Lecturer,Part-time,,Course; Quebec elementary school,"September 25, 2026",2026-09-14
1641,https://mcgill.wd3.myworkdayjobs.com/mcgill_careers/job/Redpath-Library/Office-Assistant-C--Exams-Packing-Room---Non-Student_JR0000080583,"Office Assistant C (Exams/Packing Room), Non-Student",Assistant_Professor; Associate_Professor; Full_Professor,Part-time,,,,2026-09-14
1641,https://mcgill.wd3.myworkdayjobs.com/mcgill_careers/job/Res-Carrefour-Sherb/Sales-Assistant-A_JR0000080547,Sales Assistant A,Unclassified,Full-time,,,,2026-09-13
1641,https://mcgill.wd3.myworkdayjobs.com/mcgill_careers/job/Les-Cours-Mont-Royal/Phonathon-Callers-Fall-2026---Appelant-du-phonathon-automne-2026_JR0000078653,Phonathon Callers Fall 2026 / Appelant du phonathon automne 2026,Non-academic,Full-time,,Phonathon; escalation,,2026-09-13
1641,https://mcgill.wd3.myworkdayjobs.com/mcgill_careers/job/McLennan-Library/Quebec-Student-Ambassador_JR0000080542,Quebec Student Ambassador,Unclassified,Part-time,,,2026-09-17,2026-09-11
1641,https://mcgill.wd3.myworkdayjobs.com/mcgill_careers/job/Macdonald-Eng-Bldg/Finance-Officer_JR0000078344,Finance Officer,Assistant_Professor; Associate_Professor; Full_Professor,Full-time,Faculty of Engineering,,2026-09-25,2026-09-11
1641,https://mcgill.wd3.myworkdayjobs.com/mcgill_careers/job/Sherbrooke-680/Senior-Accounts-Administrator_JR0000080408,Senior Accounts Administrator,Non-academic,Full-time,,,2026-09-23,2026-09-11
1641,https://mcgill.wd3.myworkdayjobs.com/mcgill_careers/job/Day-ChancellorHall/Student-Events-Office-Assistant-tudiant-e----Assistant-e--au-bureau-des-vnements---SSTP---Law300_JR0000080530,Student Events Office Assistant/Étudiant(e) – Assistant(e) au bureau des événements - SS.TP - Law300,Unclassified,Part-time,,,2026-09-17,2026-09-11
1641,https://mcgill.wd3.myworkdayjobs.com/mcgill_careers/job/Redpath-Library/Communications-Assistant-B--Scribe---Proficient-in-Greek-and-English-_JR0000073841-1,Communications Assistant B (Scribe - Proficient in Greek and English),Non-academic,Part-time,,,,2026-09-11
1641,https://mcgill.wd3.myworkdayjobs.com/mcgill_careers/job/MUHC-GLEN/Assistant-Associate-Professor--Clinical---Department-of-Medicine--Division-of-Dermatology---2-positions----C1-260831--C2-260831-_JR0000080243,"Assistant/Associate Professor (Clinical), Department of Medicine, Division of Dermatology, (2 positions), (C1-260831, C2-260831)",Assistant_Professor; Associate_Professor,Full-time,"Department of Medicine, Division of Dermatology,","Medicine, Division of Dermatology",,2026-09-11
1641,https://mcgill.wd3.myworkdayjobs.com/mcgill_careers/job/Mtl-Childrens-Hosp/Assistant-or-Associate-Professor--Clinical---Department-of-Pediatric-Surgery--Division-of-Pediatric-Plastic-Surgery--C4-260424-_JR0000075607,"Assistant or Associate Professor (Clinical), Department of Pediatric Surgery, Division of Pediatric Plastic Surgery (C4-260424)",Assistant_Professor; Associate_Professor,Full-time,"Department of Pediatric Surgery, Division of Pediatric Plastic Surgery","Pediatric Surgery, Division of Pediatric Plastic Surgery",,2026-09-11
1641,https://mcgill.wd3.myworkdayjobs.com/mcgill_careers/job/Burnside-Hall/Research-Assistant-2_JR0000079940,Research Assistant 2,Associate_Professor,Full-time,,physicochemical properties of atmospheric aerosol; experimental aerosol science,2026-09-17,2026-09-11
1641,https://mcgill.wd3.myworkdayjobs.com/mcgill_careers/job/Rutherford-Physics/Assistant-Professor-in-Astrophysics_JR0000080354,Assistant Professor in Astrophysics,Assistant_Professor,Full-time,Department of Physics,Astrophysics; Astroparticle Physics; Multi-Messenger,"November 15, 2026",2026-09-11
1641,https://mcgill.wd3.myworkdayjobs.com/mcgill_careers/job/Cattle-Complex/Animal-Care-Assistant-B-1_JR0000071905,Animal Care Assistant B-1,Non-academic,Part-time,,,2026-09-15,2026-09-11
1641,https://mcgill.wd3.myworkdayjobs.com/mcgill_careers/job/Leacock-Building/HIST-338---Teaching-Assistant-Fall-2026--120-hours-_JR0000080502,HIST 338 - Teaching Assistant Fall 2026 (120 hours),Unclassified,Part-time,,Assistants,14/09/2026,2026-09-11
1641,https://mcgill.wd3.myworkdayjobs.com/mcgill_careers/job/Macdonald-Eng-Bldg/Teaching-Assistant---360---Principles-of-Manufacturing_JR0000080496,Teaching Assistant - 360 - Principles of Manufacturing,Unclassified,Part-time,,Assistants,2026-09-14,2026-09-11
1641,https://mcgill.wd3.myworkdayjobs.com/mcgill_careers/job/Strathcona-Music/Booking-Office-Assistant-C_JR0000080332-1,Booking Office Assistant C,Unclassified,Part-time,,,2026-09-20,2026-09-11
1641,https://mcgill.wd3.myworkdayjobs.com/mcgill_careers/job/Cattle-Complex/Animal-Care-Assistant-B-2_JR0000080463,Animal Care Assistant B-2,Non-academic,Part-time,,,2026-09-15,2026-09-11
1641,https://mcgill.wd3.myworkdayjobs.com/mcgill_careers/job/Rutherford-Physics/Assistant-Professor---Theoretical-Biophysics_JR0000080340,Assistant Professor - Theoretical Biophysics,Assistant_Professor,Full-time,Department of Physics,Theoretical Biophysics; complement the existing strengths of; scope,"November 15, 2026",2026-09-10
1641,https://mcgill.wd3.myworkdayjobs.com/mcgill_careers/job/McLennan-Library/Admissions-Administrator_JR0000080387,Admissions Administrator,Non-academic,Full-time,,,2026-09-22,2026-09-10
1641,https://mcgill.wd3.myworkdayjobs.com/mcgill_careers/job/Education-Building/Student-Affairs-Supervisor_JR0000080393,Student Affairs Supervisor,Assistant_Professor; Associate_Professor; Full_Professor,Part-time,,,2026-09-24,2026-09-10
1641,https://mcgill.wd3.myworkdayjobs.com/mcgill_careers/job/Education-Building/Student-Research-Assistant_JR0000080478,Student Research Assistant,Associate_Professor,Part-time,,,2026-09-14,2026-09-10
1641,https://mcgill.wd3.myworkdayjobs.com/mcgill_careers/job/Education-Building/Workshop-Facilitator_JR0000080476,Workshop Facilitator,Unclassified,Part-time,,,,2026-09-10
1641,https://mcgill.wd3.myworkdayjobs.com/mcgill_careers/job/Various/Course-Lecturer-EDEC-289-702-OFNIE-F26_JR0000080404,Course Lecturer EDEC 289 702 OFNIE F26,Lecturer,Part-time,,Course; Quebec elementary school,"September 23, 2026",2026-09-10
1641,https://mcgill.wd3.myworkdayjobs.com/mcgill_careers/job/3605-de-la-Montagne/Communications-Assistant-C_JR0000080306,Communications Assistant C,Unclassified,Part-time,,,2026-09-09,2026-09-10
1641,https://mcgill.wd3.myworkdayjobs.com/mcgill_careers/job/Tadja-Hall/Hospitality-Assistant_JR0000080462,Hospitality Assistant,Unclassified,Part-time,,,2026-09-20,2026-09-10
1641,https://mcgill.wd3.myworkdayjobs.com/mcgill_careers/job/JGH---Jewish-General-Hosp/Research-Assistant-1_JR0000080471,Research Assistant 1,Non-academic,Part-time,,Research Assistants,2026-09-15,2026-09-10
1641,https://mcgill.wd3.myworkdayjobs.com/mcgill_careers/job/Various/Course-Lecturer-EDEC-344-716-OFNIE-F26_JR0000078910,Course Lecturer EDEC 344 716 OFNIE F26,Lecturer,Part-time,,Course; Quebec elementary school,"September 15, 2026",2026-09-10
1641,https://mcgill.wd3.myworkdayjobs.com/mcgill_careers/job/McGill-College-2001/Invigilator---Department-of-Psychology_JR0000080296,Invigilator - Department of Psychology,Unclassified,Part-time,Department of Psychology,,2026-09-19,2026-09-10
1641,https://mcgill.wd3.myworkdayjobs.com/mcgill_careers/job/McLennan-Library/Human-Resources-Advisor_JR0000080346-1,Human Resources Advisor,Assistant_Professor; Associate_Professor; Full_Professor,Full-time,,,2026-09-25,2026-09-10
1641,https://mcgill.wd3.myworkdayjobs.com/mcgill_careers/job/Ferrier-Building/Building-Operator_JR0000078182,Building Operator,Unclassified,Full-time,,,2026-09-22,2026-09-10
1641,https://mcgill.wd3.myworkdayjobs.com/mcgill_careers/job/Gelber-Law-Library/Senior-Library-Clerk---Circulation-Services_JR0000079772,Senior Library Clerk - Circulation Services,Assistant_Professor; Associate_Professor; Full_Professor,Full-time,,,2026-09-25,2026-09-10
1641,https://mcgill.wd3.myworkdayjobs.com/mcgill_careers/job/Bronfman-Building/Grader---MGCR-250--Emily-Farmer-_JR0000080414-1,Grader - MGCR 250 (Emily Farmer),Unclassified,Part-time,,,,2026-09-10
1641,https://mcgill.wd3.myworkdayjobs.com/mcgill_careers/job/Bronfman-Building/Tutor---MGCR-250--Emily-Farmer-_JR0000080415-1,Tutor - MGCR 250 (Emily Farmer),Unclassified,Part-time,,,,2026-09-10
1641,https://mcgill.wd3.myworkdayjobs.com/mcgill_careers/job/Stewart-Biology-Bldg/Grader-BIOL300_JR0000080407,Grader/BIOL300,Unclassified,Part-time,,Grader,2026-09-23,2026-09-10
1641,https://mcgill.wd3.myworkdayjobs.com/mcgill_careers/job/Bronfman-Building/Annual-Retail-Summit-Intern_JR0000080438,Annual Retail Summit Intern,Unclassified,Part-time,,,2026-09-14,2026-09-10
1641,https://mcgill.wd3.myworkdayjobs.com/mcgill_careers/job/Montreal-Neuro/Research-Assistant-2_JR0000080120,Research Assistant 2,Associate_Professor,Full-time,,,2026-09-23,2026-09-10
1641,https://mcgill.wd3.myworkdayjobs.com/mcgill_careers/job/Ferrier-Building/Animateurice-d-ateliers_JR0000080394,Animateurice d'ateliers,Unclassified,Part-time,,,2026-09-16,2026-09-10
1641,https://mcgill.wd3.myworkdayjobs.com/mcgill_careers/job/Medical-Simulation/Standardized-Patient---SIM-Center_JR0000052271,Standardized Patient - SIM Center,Unclassified,Part-time,Centre for Simulation and Interactive Learning and maintain confidentiality,,2026-09-16,2026-09-10
1641,https://mcgill.wd3.myworkdayjobs.com/mcgill_careers/job/Bronfman-Building/Grader---MGCR-423_JR0000080431,Grader - MGCR 423,Unclassified,Part-time,,,,2026-09-09
1641,https://mcgill.wd3.myworkdayjobs.com/mcgill_careers/job/Bronfman-Building/Grader---ORGB-660_JR0000080428,Grader - ORGB 660,Unclassified,Part-time,,,,2026-09-09
1641,https://mcgill.wd3.myworkdayjobs.com/mcgill_careers/job/Bronfman-Building/Grader---ORGB-420_JR0000080427,Grader - ORGB 420,Unclassified,Part-time,,,,2026-09-09
1641,https://mcgill.wd3.myworkdayjobs.com/mcgill_careers/job/Bronfman-Building/Grader---ORGB-321_JR0000080426,Grader - ORGB 321,Unclassified,Part-time,,,,2026-09-09
1641,https://mcgill.wd3.myworkdayjobs.com/mcgill_careers/job/Bronfman-Building/Grader---INDR-294_JR0000080425,Grader - INDR 294,Unclassified,Part-time,,,,2026-09-09
1641,https://mcgill.wd3.myworkdayjobs.com/mcgill_careers/job/Bronfman-Building/Tutor---MGCR-293--Tariq-Nizami-_JR0000080418,Tutor - MGCR 293 (Tariq Nizami),Unclassified,Part-time,,,,2026-09-09
1641,https://mcgill.wd3.myworkdayjobs.com/mcgill_careers/job/McIntyre--Medical/Invigilator-PHAR-300-Drug-Action---Fall-2026_JR0000080409,Invigilator PHAR 300 Drug Action - Fall 2026,Unclassified,Part-time,,,2026-09-18,2026-09-09
1641,https://mcgill.wd3.myworkdayjobs.com/mcgill_careers/job/Bronfman-Building/Tutor---MGCR-222--Joy-Zhuoyue-Pang-_JR0000080413,Tutor - MGCR 222 (Joy Zhuoyue Pang),Unclassified,Part-time,,,,2026-09-09
1641,https://mcgill.wd3.myworkdayjobs.com/mcgill_careers/job/Bronfman-Building/Tutor---MGCR-222--Hollie-Bui-_JR0000080412,Tutor - MGCR 222 (Hollie Bui),Unclassified,Part-time,,,,2026-09-09
1641,https://mcgill.wd3.myworkdayjobs.com/mcgill_careers/job/Bronfman-Building/Grader---MGCR-222--Joy-Zhuoyue-Pang-_JR0000080411,Grader - MGCR 222 (Joy Zhuoyue Pang),Unclassified,Part-time,,,,2026-09-09
1641,https://mcgill.wd3.myworkdayjobs.com/mcgill_careers/job/Bronfman-Building/Grader---MGCR-222--Hollie-Bui-_JR0000080410,Grader - MGCR 222 (Hollie Bui),Unclassified,Part-time,,,,2026-09-09
1641,https://mcgill.wd3.myworkdayjobs.com/mcgill_careers/job/McIntyre--Medical/Invigilator-PHAR-562-Neuropharmacology---Fall-2026_JR0000080400,Invigilator PHAR 562 Neuropharmacology - Fall 2026,Unclassified,Part-time,,,2026-09-18,2026-09-09
1641,https://mcgill.wd3.myworkdayjobs.com/mcgill_careers/job/Sherbrooke-680/Rhetoric-and-Communications-of-Public-Policy---PPOL-641_JR0000080367-1,Rhetoric and Communications of Public Policy - PPOL 641,Unclassified,Part-time,,Public Policy; policy analysis; implementation of policies; Qualification Requirements Bachelor,,2026-09-09
1641,https://mcgill.wd3.myworkdayjobs.com/mcgill_careers/job/Trottier-Building/Course-Lecturer---Charg-de-cours-AERO-520_JR0000080371,Course Lecturer / Chargé de cours AERO 520,Lecturer,Part-time,,Course; Qualification Requirements,2026-09-14,2026-09-09
1641,https://mcgill.wd3.myworkdayjobs.com/mcgill_careers/job/Montreal-Neuro/Lab-Helper-B_JR0000080342,Lab Helper B,Research_Fellow,Part-time,,,2026-09-16,2026-09-09
1641,https://mcgill.wd3.myworkdayjobs.com/mcgill_careers/job/Bronfman-Building/Tutor---MGPO-362--Simon-Blanchette-_JR0000080386,Tutor - MGPO 362 (Simon Blanchette),Unclassified,Part-time,,,,2026-09-09
1641,https://mcgill.wd3.myworkdayjobs.com/mcgill_careers/job/McGill-College-2001/Student-Research-Assistant_JR0000080300,Student Research Assistant,Non-academic,Part-time,,,2026-09-15,2026-09-09
1641,https://mcgill.wd3.myworkdayjobs.com/mcgill_careers/job/Bronfman-Building/Tutor---BUSA-465--Simon-Blanchette-_JR0000080384,Tutor - BUSA 465 (Simon Blanchette),Unclassified,Part-time,,,,2026-09-09
1641,https://mcgill.wd3.myworkdayjobs.com/mcgill_careers/job/MacdonaldStewart-Bld/Office-Assistant-A_JR0000080309,Office Assistant A,Unclassified,Part-time,,,2026-09-15,2026-09-09
1641,https://mcgill.wd3.myworkdayjobs.com/mcgill_careers/job/Bronfman-Building/Grader---MGCR-452--Dennis-Sakalauskas-_JR0000080381,Grader - MGCR 452 (Dennis Sakalauskas),Unclassified,Part-time,,,,2026-09-09
1641,https://mcgill.wd3.myworkdayjobs.com/mcgill_careers/job/Bronfman-Building/Grader---MGCR-352--Dennis-Sakalauskas-_JR0000080380,Grader - MGCR 352 (Dennis Sakalauskas),Unclassified,Part-time,,,,2026-09-09
1641,https://mcgill.wd3.myworkdayjobs.com/mcgill_careers/job/Bronfman-Building/Grader---MGCR-452--Antoinette-Scaringi-_JR0000080378,Grader - MGCR 452 (Antoinette Scaringi),Unclassified,Part-time,,,,2026-09-09
1641,https://mcgill.wd3.myworkdayjobs.com/mcgill_careers/job/Bronfman-Building/Grader---MGPO-362--Simon-Blanchette-_JR0000080376,Grader - MGPO 362 (Simon Blanchette),Unclassified,Part-time,,,,2026-09-09
1641,https://mcgill.wd3.myworkdayjobs.com/mcgill_careers/job/Bronfman-Building/Grader---BUSA-465--Simon-Blanchette-_JR0000080374,Grader - BUSA 465 (Simon Blanchette),Unclassified,Part-time,,,,2026-09-09
1641,https://mcgill.wd3.myworkdayjobs.com/mcgill_careers/job/McGill-College-2001/Student-Research-Assistant_JR0000080273,Student Research Assistant,Assistant_Professor,Part-time,,,2026-09-15,2026-09-09
1641,https://mcgill.wd3.myworkdayjobs.com/mcgill_careers/job/Adams-Building/Course-Lecturer-AERO-410_JR0000080329-1,Course Lecturer AERO 410,Lecturer,Part-time,,Course; Qualification Requirements,2026-09-14,2026-09-09
1641,https://mcgill.wd3.myworkdayjobs.com/mcgill_careers/job/Montreal-Neuro/Office-Assistant-C_JR0000080320,Office Assistant C,Unclassified,Part-time,,,2026-09-16,2026-09-09
1641,https://mcgill.wd3.myworkdayjobs.com/mcgill_careers/job/Strathcona-AnatDent/Lab-Helper-A_JR0000080318,Lab Helper A,Unclassified,Part-time,,,2026-09-15,2026-09-09
1641,https://mcgill.wd3.myworkdayjobs.com/mcgill_careers/job/McGill-College-2001/Research-Assistant-2_JR0000080275,Research Assistant 2,Assistant_Professor,Part-time,Department of Global and Public Health,Admissions Committee meetings; Wellbeing Committee,2026-09-15,2026-09-09
1641,https://mcgill.wd3.myworkdayjobs.com/mcgill_careers/job/MacdonaldStewart-Bld/Research-Assistant-2_JR0000080352,Research Assistant 2,Associate_Professor,Part-time,,,2026-09-15,2026-09-09
1641,https://mcgill.wd3.myworkdayjobs.com/mcgill_careers/job/Sherbrooke-680/Invigilators---ISON_JR0000080344,Invigilators - ISON,Non-academic,Part-time,,,2026-09-17,2026-09-09
1641,https://mcgill.wd3.myworkdayjobs.com/mcgill_careers/job/McGill-College-2001/Research-Assistant-1_JR0000080313,Research Assistant 1,Assistant_Professor,Full-time,,,2026-09-15,2026-09-09
1641,https://mcgill.wd3.myworkdayjobs.com/mcgill_careers/job/Strathcona-AnatDent/Invigilators--ANAT-Midterm-Exams-Fall-2026_JR0000080325,Invigilators: ANAT Midterm Exams Fall 2026,Unclassified,Part-time,,,2026-09-20,2026-09-09
1641,https://mcgill.wd3.myworkdayjobs.com/mcgill_careers/job/Bronfman-Building/Social-Media-Assistant_JR0000080365,Social Media Assistant,Unclassified,Part-time,,,,2026-09-09
1641,https://mcgill.wd3.myworkdayjobs.com/mcgill_careers/job/Les-Cours-Mont-Royal/Communications-Assistant-B--Email-Marketing-_JR0000080349,Communications Assistant B (Email Marketing),Unclassified,Part-time,,,2026-09-20,2026-09-09
1641,https://mcgill.wd3.myworkdayjobs.com/mcgill_careers/job/Les-Cours-Mont-Royal/Communications-Assistant-B--Social-Media-_JR0000080348,Communications Assistant B (Social Media),Unclassified,Part-time,,,2026-09-20,2026-09-09
1641,https://mcgill.wd3.myworkdayjobs.com/mcgill_careers/job/Sherbrooke-680/Accreditation-and-Quality-Improvement-Officer_JR0000080081,Accreditation and Quality Improvement Officer,Non-academic,Full-time,College of Physicians and Surgeons of Canada,,2026-09-19,2026-09-08
1641,https://mcgill.wd3.myworkdayjobs.com/mcgill_careers/job/McLennan-Library/Academic-Quality-Assurance-Manager_JR0000079908,Academic Quality Assurance Manager,Non-academic,Full-time,,,2026-09-18,2026-09-08
1641,https://mcgill.wd3.myworkdayjobs.com/mcgill_careers/job/Burnside-Hall/Student-Recruitment-Officer_JR0000079982,Student Recruitment Officer,Non-academic,Full-time,Faculty of Science Geography and Earth Systems,,2026-09-18,2026-09-08
1641,https://mcgill.wd3.myworkdayjobs.com/mcgill_careers/job/Sherbrooke-680/Administrative-Coordinator_JR0000080249,Administrative Coordinator,Assistant_Professor; Associate_Professor; Full_Professor,Full-time,,,2026-09-19,2026-09-08
1641,https://mcgill.wd3.myworkdayjobs.com/mcgill_careers/job/Strathcona-Music/Customer-Services-Coordinator_JR0000080092,Customer Services Coordinator,Non-academic,Part-time,School of Music,,2026-09-18,2026-09-08
1641,https://mcgill.wd3.myworkdayjobs.com/mcgill_careers/job/McIntyre--Medical/Research-Assistant-2_JR0000080343,Research Assistant 2,Non-academic,Full-time,,,2026-09-14,2026-09-08
1641,https://mcgill.wd3.myworkdayjobs.com/mcgill_careers/job/Education-Building/Research-Associate_JR0000080312,Research Associate,Research_Fellow,Part-time,,arts based educational research Planned,2026-09-14,2026-09-08
1641,https://mcgill.wd3.myworkdayjobs.com/mcgill_careers/job/Education-Building/Research-Assistant-2_JR0000079803,Research Assistant 2,Associate_Professor,Part-time,,,2026-09-14,2026-09-08
1641,https://mcgill.wd3.myworkdayjobs.com/mcgill_careers/job/Rutherford-Physics/Post-doctoral-Researcer_JR0000080327,Post-doctoral Researcer,Research_Fellow,Full-time,,,2026-09-15,2026-09-08
1641,https://mcgill.wd3.myworkdayjobs.com/mcgill_careers/job/Life-Sciences-Bldg-/Lab-Helper-B_JR0000080304,Lab Helper B,Unclassified,Part-time,,,2026-09-15,2026-09-08
1641,https://mcgill.wd3.myworkdayjobs.com/mcgill_careers/job/Education-Building/Student-Research-Assistant_JR0000080034,Student Research Assistant,Associate_Professor,Part-time,,,2026-09-14,2026-09-08
1641,https://mcgill.wd3.myworkdayjobs.com/mcgill_careers/job/Faculty-Club/Dishwasher_JR0000069637,Dishwasher,Unclassified,Part-time,,,,2026-09-08
1641,https://mcgill.wd3.myworkdayjobs.com/mcgill_careers/job/Bishop-Mountain-Hall/General-Helper-A--Casual-_JR0000079612,General Helper A (Casual),Unclassified,Part-time,,,,2026-09-08
1641,https://mcgill.wd3.myworkdayjobs.com/mcgill_careers/job/Sherbrooke-680/Fall-2026-Grader---ISON_JR0000079554,Fall 2026 Grader - ISON,Non-academic,Part-time,,,2026-09-14,2026-09-08
1641,https://mcgill.wd3.myworkdayjobs.com/mcgill_careers/job/Brown-Student-Serv/Service-Representative_JR0000080156,Service Representative,Assistant_Professor; Associate_Professor; Full_Professor,Full-time,,,,2026-09-08
1641,https://mcgill.wd3.myworkdayjobs.com/mcgill_careers/job/Outaouais-Campus-McGill/Undergraduate-Student-Course-Assistant---Block-A--INDS-111----Histology-Lab_JR0000080226,Undergraduate Student Course Assistant - Block A (INDS 111) - Histology Lab.,Unclassified,Part-time,,,2026-09-18,2026-09-05
1641,https://mcgill.wd3.myworkdayjobs.com/mcgill_careers/job/Outaouais-Campus-McGill/Undergraduate-Student-Course-Assistant---Block-B--INDS-112--Histology-Lab_JR0000080225,Undergraduate Student Course Assistant - Block B (INDS 112) Histology Lab,Unclassified,Part-time,,,2026-09-18,2026-09-05
1641,https://mcgill.wd3.myworkdayjobs.com/mcgill_careers/job/Outaouais-Campus-McGill/Undergraduate-Student-Course-Assistant---Block-B--INDS-112--Anatomy-Lab_JR0000080220,Undergraduate Student Course Assistant - Block B (INDS 112) Anatomy Lab,Unclassified,Part-time,,,2026-09-18,2026-09-05
1641,https://mcgill.wd3.myworkdayjobs.com/mcgill_careers/job/Laird-Hall/Communications-Assistant-A_JR0000080269,Communications Assistant A,Unclassified,Part-time,,,2026-09-14,2026-09-04
1641,https://mcgill.wd3.myworkdayjobs.com/mcgill_careers/job/McLennan-Library/Curatorial-Intern-for-Indigenous-Art--AUS-_JR0000080095,Curatorial Intern for Indigenous Art (AUS),Unclassified,Part-time,,Indigenous artwork; contextualizing its display,2026-09-18,2026-09-04
1641,https://mcgill.wd3.myworkdayjobs.com/mcgill_careers/job/Various/Course-Lecturer-EDPI-341-716-OFNIE-F26_JR0000080016,Course Lecturer EDPI 341 716 OFNIE F26,Lecturer,Part-time,,Course; Quebec elementary school,"September 17, 2026",2026-09-04
1641,https://mcgill.wd3.myworkdayjobs.com/mcgill_careers/job/MUHC-GLEN/Assistant-or-Associate-Professor--Clinical---Department-of-Medicine--Division-of-Respiratory-Medicine--Cystic-Fibrosis-and-Non-Cystic-Fibrosis-Bronchiectasis---C2-260810-_JR0000080204,"Assistant or Associate Professor (Clinical), Department of Medicine, Division of Respiratory Medicine, Cystic Fibrosis and Non-Cystic Fibrosis Bronchiectasis  (C2-260810)",Assistant_Professor; Associate_Professor,Full-time,Department of Medicine and the Respiratory Division,"Medicine, Division of Respiratory Medicine, Cystic Fibrosis and Non-Cystic Fibrosis Bronchiectasis","October 31, 2026",2026-09-04
1641,https://mcgill.wd3.myworkdayjobs.com/mcgill_careers/job/MUHC-GLEN/Assistant-or-Associate-Professor--Clinical---Department-of-Medicine--Division-of-Respiratory-Medicine--Chronic-Obstructive-Pulmonary-Disease--COPD---C1-260812-_JR0000080202-1,"Assistant or Associate Professor (Clinical), Department of Medicine, Division of Respiratory Medicine, Chronic Obstructive Pulmonary Disease (COPD) (C1-260812)",Assistant_Professor; Associate_Professor,Full-time,"Department of Medicine, Division of Respiratory Medicine, Chronic Obstructive Pulmonary Disease","Medicine, Division of Respiratory Medicine, Chronic Obstructive Pulmonary Disease; research trainees","October 31, 2026",2026-09-04
1641,https://mcgill.wd3.myworkdayjobs.com/mcgill_careers/job/Outaouais-Campus-McGill/Standardized-Patient--Performance-_JR0000070768,Standardized Patient (Performance),Unclassified,Part-time,Centre for Simulation and Interactive Learning and maintain confidentiality,,2026-09-18,2026-09-03
1641,https://mcgill.wd3.myworkdayjobs.com/mcgill_careers/job/James-Admin-Bldg/Grants---Agreements-Officer_JR0000079570-1,Grants & Agreements Officer,Unclassified,Full-time,,,2026-09-18,2026-09-03
1641,https://mcgill.wd3.myworkdayjobs.com/mcgill_careers/job/James-Admin-Bldg/Project-Manager-Transformation-and-Process-Improvement_JR0000080104-1,Project Manager Transformation and Process Improvement,Non-academic,Full-time,,,2026-09-16,2026-09-03
1641,https://mcgill.wd3.myworkdayjobs.com/mcgill_careers/job/Sherbrooke-680/Administrative-Clerk_JR0000080109,Administrative Clerk,Non-academic,Full-time,,,2026-09-18,2026-09-03
1641,https://mcgill.wd3.myworkdayjobs.com/mcgill_careers/job/3605-de-la-Montagne/Communications-Officer_JR0000080015-1,Communications Officer,Unclassified,Full-time,School of Medicine,,2026-09-15,2026-09-03
1641,https://mcgill.wd3.myworkdayjobs.com/mcgill_careers/job/James-Admin-Bldg/Safety-Abroad-Officer_JR0000080063,Safety Abroad Officer,Unclassified,Full-time,,,2026-09-14,2026-09-03
1641,https://mcgill.wd3.myworkdayjobs.com/mcgill_careers/job/Education-Building/Senior-Administrative-Coordinator_JR0000080067,Senior Administrative Coordinator,Non-academic,Full-time,,,2026-09-14,2026-09-03
1641,https://mcgill.wd3.myworkdayjobs.com/mcgill_careers/job/Bronfman-Building/Grader----FINE-441_JR0000080177,Grader -  FINE 441,Unclassified,Part-time,,,,2026-09-03
1641,https://mcgill.wd3.myworkdayjobs.com/mcgill_careers/job/Bronfman-Building/Grader----MGCR-211_JR0000080176,Grader -  MGCR 211,Unclassified,Part-time,,,,2026-09-03
1641,https://mcgill.wd3.myworkdayjobs.com/mcgill_careers/job/Bronfman-Building/Tutor---ACCT-455_JR0000080165,Tutor - ACCT 455,Unclassified,Part-time,,,,2026-09-03
1641,https://mcgill.wd3.myworkdayjobs.com/mcgill_careers/job/Bronfman-Building/Grader----ACCT-455_JR0000080162,Grader -  ACCT 455,Unclassified,Part-time,,,,2026-09-03
1641,https://mcgill.wd3.myworkdayjobs.com/mcgill_careers/job/Bronfman-Building/Grader----ACCT-361_JR0000080158,Grader -  ACCT 361,Unclassified,Part-time,,,,2026-09-03
1641,https://mcgill.wd3.myworkdayjobs.com/mcgill_careers/job/Bronfman-Building/Tutor---INSY-333_JR0000080155,Tutor - INSY 333,Unclassified,Part-time,,,,2026-09-03
1641,https://mcgill.wd3.myworkdayjobs.com/mcgill_careers/job/Bronfman-Building/Tutor---ORGB-325_JR0000080147,Tutor - ORGB 325,Unclassified,Part-time,,,,2026-09-03
1641,https://mcgill.wd3.myworkdayjobs.com/mcgill_careers/job/Bronfman-Building/Grader----ORGB-325_JR0000080145,Grader -  ORGB 325,Unclassified,Part-time,,,,2026-09-03
1641,https://mcgill.wd3.myworkdayjobs.com/mcgill_careers/job/Bronfman-Building/Tutor---INSY-331_JR0000080144-1,Tutor - INSY 331,Unclassified,Part-time,,,,2026-09-03
1641,https://mcgill.wd3.myworkdayjobs.com/mcgill_careers/job/Bronfman-Building/Tutor---ORGB-423_JR0000080143,Tutor - ORGB 423,Unclassified,Part-time,,,,2026-09-03
1641,https://mcgill.wd3.myworkdayjobs.com/mcgill_careers/job/Bronfman-Building/Grader----ORGB-423_JR0000080142,Grader -  ORGB 423,Unclassified,Part-time,,,,2026-09-03
1641,https://mcgill.wd3.myworkdayjobs.com/mcgill_careers/job/Bronfman-Building/Tutor---MGCR-222_JR0000080139,Tutor - MGCR 222,Unclassified,Part-time,,,,2026-09-02
1641,https://mcgill.wd3.myworkdayjobs.com/mcgill_careers/job/Bronfman-Building/Grader----MGCR-222_JR0000080138,Grader -  MGCR 222,Unclassified,Part-time,,,,2026-09-02
1641,https://mcgill.wd3.myworkdayjobs.com/mcgill_careers/job/Bronfman-Building/Tutor---MGCR-222_JR0000080136,Tutor - MGCR 222,Unclassified,Part-time,,,,2026-09-02
1641,https://mcgill.wd3.myworkdayjobs.com/mcgill_careers/job/Bronfman-Building/Grader----MGCR-222_JR0000080134,Grader -  MGCR 222,Unclassified,Part-time,,,,2026-09-02
1641,https://mcgill.wd3.myworkdayjobs.com/mcgill_careers/job/Bronfman-Building/Tutor---MGCR-222_JR0000080133,Tutor - MGCR 222,Unclassified,Part-time,,,,2026-09-02
1641,https://mcgill.wd3.myworkdayjobs.com/mcgill_careers/job/Bronfman-Building/Grader----MGCR-222_JR0000080132,Grader -  MGCR 222,Unclassified,Part-time,,,,2026-09-02
1641,https://mcgill.wd3.myworkdayjobs.com/mcgill_careers/job/MacdonaldStewart-Bld/Research-Assistant-1_JR0000080622,Research Assistant 1,Non-academic,Full-time,,,2026-09-22,2026-09-15
1641,https://mcgill.wd3.myworkdayjobs.com/mcgill_careers/job/Burnside-Hall/Teaching-Assistant---MATH-326-376--F26-_JR0000080624,Teaching Assistant - MATH 326/376 (F26),Unclassified,Part-time,,Assistant,2026-09-17,2026-09-15
1641,https://mcgill.wd3.myworkdayjobs.com/mcgill_careers/job/McGill-College-2001/Office-Assistant-C_JR0000080625,Office Assistant C,Unclassified,Full-time,,,2026-09-21,2026-09-15
1641,https://mcgill.wd3.myworkdayjobs.com/mcgill_careers/job/Various/Course-Lecturer-EDPI-441-731-741-OFNIE-F26_JR0000080264,Course Lecturer EDPI 441 731/741 OFNIE F26,Lecturer,Part-time,,Course; Quebec elementary school,"September 28, 2026",2026-09-15
1641,https://mcgill.wd3.myworkdayjobs.com/mcgill_careers/job/MacDonald-Harrington/Course-Lecturer---URBP-611-Data-Visualization-for-Planning_JR0000077385,Course Lecturer - URBP 611 Data Visualization for Planning,Lecturer,Part-time,,Course; Qualification Requirements,2026-09-16,2026-09-15
1641,https://mcgill.wd3.myworkdayjobs.com/mcgill_careers/job/Leacock-Building/Assistant-Professor_JR0000080487-1,Assistant Professor,Assistant_Professor,Full-time,Department of Economics,,"November 15, 2026",2026-09-15
1641,https://mcgill.wd3.myworkdayjobs.com/mcgill_careers/job/Stewart-Biology-Bldg/Research-Associate_JR0000079847,Research Associate,Research_Fellow,Part-time,Department of Biology,,2026-09-18,2026-09-14
1641,https://mcgill.wd3.myworkdayjobs.com/mcgill_careers/job/Royal-Victoria-Hosp/CHIEF-OF-THE-DEPARTMENT-OF-OBSTETRICS-AND-GYNECOLOGY--MCGILL-UNIVERSITY-HEALTH-CENTRE-AND-CHAIR-OF-THE-MCGILL-UNIVERSITY-DEPARTMENT-OF-OBSTETRICS-AND-GYNECOLOGY--FACULTY-OF-MEDICINE-AND-HEALTH-SCIENCES_JR0000080568,"CHIEF OF THE DEPARTMENT OF OBSTETRICS AND GYNECOLOGY, MCGILL UNIVERSITY HEALTH CENTRE AND CHAIR OF THE MCGILL UNIVERSITY DEPARTMENT OF OBSTETRICS AND GYNECOLOGY, FACULTY OF MEDICINE AND HEALTH SCIENCES",Non-academic,Part-time,"DEPARTMENT OF OBSTETRICS AND GYNECOLOGY, FACULTY OF MEDICINE AND HEALTH SCIENCES",School of Medicine Clinical Leadership; Faculty Leadership Council; McGill teaching hospitals,,2026-09-14
1641,https://mcgill.wd3.myworkdayjobs.com/mcgill_careers/job/Res-Carrefour-Sherb/Assistant-to-the-Senior-Director_JR0000080702,Assistant to the Senior Director,Unclassified,Full-time,,,2026-09-28,2026-09-16
1641,https://mcgill.wd3.myworkdayjobs.com/mcgill_careers/job/Sherbrooke-680/Admissions-and-Records-Administrator_JR0000080574,Admissions and Records Administrator,Non-academic,Full-time,,,2026-09-26,2026-09-16
1641,https://mcgill.wd3.myworkdayjobs.com/mcgill_careers/job/Mtl-Childrens-Hosp/Administrative-Coordinator_JR0000078855,Administrative Coordinator,Non-academic,Full-time,,,2026-09-26,2026-09-16
1641,https://mcgill.wd3.myworkdayjobs.com/mcgill_careers/job/McLennan-Library/Student-Recruitment-Manager--Quebec-and-Virtual-_JR0000080661-1,Student Recruitment Manager (Quebec and Virtual),Non-academic,Full-time,,,2026-10-04,2026-09-16
1641,https://mcgill.wd3.myworkdayjobs.com/mcgill_careers/job/Education-Building/Course-Lecturer---CANC-621D2_JR0000080554,Course Lecturer - CANC 621D2,Lecturer,Part-time,,Course; caregivers throughout the disease trajectory; effectiveness of psychosocial intervention,2026-09-29,2026-09-16
1641,https://mcgill.wd3.myworkdayjobs.com/mcgill_careers/job/Birks-Building/Grader---RELG-358---Fall-2026_JR0000080699-1,Grader - RELG 358 - Fall 2026,Unclassified,Part-time,,,2026-09-19,2026-09-16
1641,https://mcgill.wd3.myworkdayjobs.com/mcgill_careers/job/JGH---Jewish-General-Hosp/Assistant-or-Associate-Professor--Clinical---Department-of-Medicine--Division-of-Physical-Medicine-and-Rehabilitation--C3-260911-_JR0000080632,"Assistant or Associate Professor (Clinical), Department of Medicine, Division of Physical Medicine and Rehabilitation (C3-260911)",Assistant_Professor; Associate_Professor,Full-time,"Department of Medicine, Division of Physical Medicine and Rehabilitation","Medicine, Division of Physical Medicine and Rehabilitation",,2026-09-16
1641,https://mcgill.wd3.myworkdayjobs.com/mcgill_careers/job/Burnside-Hall/Invigilator---MATH-242--F26-_JR0000080652,Invigilator – MATH 242 (F26),Unclassified,Part-time,,,2026-09-25,2026-09-16
1641,https://mcgill.wd3.myworkdayjobs.com/mcgill_careers/job/Day-ChancellorHall/Student-Ambassadors-Ambassadeurs-tudiantes----AMM---EDI622_JR0000080690,Student Ambassadors/Ambassadeurs étudiant.e.s  - AMM - EDI622,Unclassified,Part-time,Faculty of Law,,2026-09-22,2026-09-16
1641,https://mcgill.wd3.myworkdayjobs.com/mcgill_careers/job/Bronfman-Building/Tenure-Track-Position-in-Accounting--Desautels-Faculty-of-Management--McGill-University_JR0000080360,"Tenure-Track Position in Accounting, Desautels Faculty of Management, McGill University",Assistant_Professor,Full-time,"Faculty of Management, McGill University",Advanced Digital; dissemination of high-quality accounting; management accounting,"October 20, 2026",2026-09-16
1641,https://mcgill.wd3.myworkdayjobs.com/mcgill_careers/job/Redpath-Library/Communications-Assistant-B--Scribe-_JR0000074054-1,Communications Assistant B (Scribe),Non-academic,Part-time,,,,2026-09-16
1641,https://mcgill.wd3.myworkdayjobs.com/mcgill_careers/job/Arts-Building/Assistant-Professor_JR0000080515,Assistant Professor,Assistant_Professor,Full-time,Faculty of Arts,Communication Studies,,2026-09-16
1641,https://mcgill.wd3.myworkdayjobs.com/mcgill_careers/job/Burnside-Hall/Undergraduate-Student-Course-Assistants--MATH-262--MATH-263--MATH-264--MATH-271----MATH-Helpdesk---Math---Stats-Fall-2026_JR0000079295,"Undergraduate Student Course Assistants (MATH 262, MATH 263, MATH 264, MATH 271, & MATH Helpdesk)- Math & Stats Fall 2026",Unclassified,Full-time,,,,2026-09-15
1641,https://mcgill.wd3.myworkdayjobs.com/mcgill_careers/job/Burnside-Hall/Graduate-Student-Assistants--200--300--400----500-level----Math---Stats-Fall-2026_JR0000079297-1,"Graduate Student Assistants (200, 300, 400, & 500 level) - Math & Stats Fall 2026",Unclassified,Full-time,,,,2026-09-15
1641,https://mcgill.wd3.myworkdayjobs.com/mcgill_careers/job/Burnside-Hall/Undergraduate-Student-Course-Assistants--200--300--400----500-level---Math---Stats-Fall-2026_JR0000079292,"Undergraduate Student Course Assistants (200, 300, 400, & 500 level)- Math & Stats Fall 2026",Unclassified,Full-time,,,,2026-09-15
1641,https://mcgill.wd3.myworkdayjobs.com/mcgill_careers/job/Macdonald-Eng-Bldg/Buildings-and-Research-Infrastructure-Manager_JR0000080459,Buildings and Research Infrastructure Manager,Non-academic,Full-time,Faculty of Engineering,Fire Prevention Office; University policies,2026-09-28,2026-09-15
1641,https://mcgill.wd3.myworkdayjobs.com/mcgill_careers/job/Adams-Building/Student-Advising-Administrator_JR0000080455,Student Advising Administrator,Non-academic,Full-time,Faculty of Science Science Office of Undergraduate Student Advising,,2026-09-25,2026-09-15
1641,https://mcgill.wd3.myworkdayjobs.com/mcgill_careers/job/McGill-College-2001/Accounting-Clerk-Secretary_JR0000080461,Accounting Clerk/Secretary,Non-academic,Full-time,,,2026-09-29,2026-09-15
1641,https://mcgill.wd3.myworkdayjobs.com/mcgill_careers/job/Bronfman-Building/Program-Administrator_JR0000080557,Program Administrator,Non-academic,Full-time,,,2026-09-25,2026-09-15
1641,https://mcgill.wd3.myworkdayjobs.com/mcgill_careers/job/Cattle-Complex/Chief-Animal-Science-Technician_JR0000080526,Chief Animal Science Technician,Non-academic,Full-time,,body condition scoring,2026-10-04,2026-09-15
1641,https://mcgill.wd3.myworkdayjobs.com/mcgill_careers/job/Bronfman-Building/Senior-Career-Coach_JR0000080594,Senior Career Coach,Associate_Professor,Part-time,,,2026-09-29,2026-09-15
1641,https://mcgill.wd3.myworkdayjobs.com/mcgill_careers/job/McConnell-Eng-Bldg/School-of-Computer-Science-Teaching-Assistant-COMP-310-Fall-2026_JR0000077155,School of Computer Science Teaching Assistant COMP 310 Fall 2026,Unclassified,Part-time,,Computer Science Teaching Assistant COMP 310 Fall 2026,2026-09-17,2026-09-15
1641,https://mcgill.wd3.myworkdayjobs.com/mcgill_careers/job/Burnside-Hall/Invigilator---MATH-133--F26-_JR0000080650,Invigilator – MATH 133 (F26),Unclassified,Part-time,,,2026-09-26,2026-09-17
1641,https://mcgill.wd3.myworkdayjobs.com/mcgill_careers/job/Outaouais-Campus-McGill/Invigilator---Campus-Outaouais_JR0000080756,Invigilator - Campus Outaouais,Non-academic,Part-time,,,2026-09-20,2026-09-17
1641,https://mcgill.wd3.myworkdayjobs.com/mcgill_careers/job/Cattle-Complex/Animal-Care-Assistant-B-3_JR0000080698,Animal Care Assistant B-3,Non-academic,Part-time,,,2026-09-22,2026-09-17
1641,https://mcgill.wd3.myworkdayjobs.com/mcgill_careers/job/Strathcona-AnatDent/Invigilators--Department-of-Anatomy---Cell-Biology---Midterm-Exams---Fall-2026_JR0000080721,Invigilators: Department of Anatomy & Cell Biology - Midterm Exams - Fall 2026,Unclassified,Part-time,Department of Anatomy & Cell Biology,Anatomy & Cell Biology,2026-09-30,2026-09-17
1641,https://mcgill.wd3.myworkdayjobs.com/mcgill_careers/job/Burnside-Hall/Invigilator---MATH-263--F26-_JR0000080643,Invigilator – MATH 263 (F26),Unclassified,Part-time,,,2026-09-25,2026-09-17
1641,https://mcgill.wd3.myworkdayjobs.com/mcgill_careers/job/McLennan-Library/Invigilator_JR0000080737,Invigilator,Unclassified,Part-time,,,2026-09-25,2026-09-17
1641,https://mcgill.wd3.myworkdayjobs.com/mcgill_careers/job/MUHC-GLEN/Assistant-Professor--Clinical---Department-of-Medicine--Division-of-Physical-Medicine-and-Rehabilitation--Palliative-Care--C2-260911-_JR0000080615,"Assistant Professor (Clinical), Department of Medicine, Division of Physical Medicine and Rehabilitation, Palliative Care (C2-260911)",Assistant_Professor,Full-time,"Department of Medicine, Division of Physical Medicine and Rehabilitation, Palliative Care","Medicine, Division of Physical Medicine and Rehabilitation, Palliative Care",,2026-09-17
1641,https://mcgill.wd3.myworkdayjobs.com/mcgill_careers/job/Education-Building/Course-Lecturer-EDEC-277-760-OFNIE-F26_JR0000080682,Course Lecturer EDEC 277 760 OFNIE F26,Lecturer,Part-time,,Course; Quebec elementary school,"September 30, 2026",2026-09-17
1641,https://mcgill.wd3.myworkdayjobs.com/mcgill_careers/job/Bronfman-Building/Research-Assistant---SGI--Sustainable-Africa-_JR0000080726-1,Research Assistant - SGI (Sustainable Africa),Associate_Professor,Part-time,,,,2026-09-17
1641,https://mcgill.wd3.myworkdayjobs.com/mcgill_careers/job/Bronfman-Building/Tenure-Track-Position-in-Strategy---Organization--Desautels-Faculty-of-Management--McGill-University_JR0000080691,"Tenure-Track Position in Strategy & Organization, Desautels Faculty of Management, McGill University",Assistant_Professor,Full-time,"Faculty of Management, McGill University",Advanced Digital; formation of strategic direction,"October 20, 2026",2026-09-17
1641,https://mcgill.wd3.myworkdayjobs.com/mcgill_careers/job/Education-Building/Course-Lecturer-EDEC-275-760-OFNIE-F26_JR0000080657,Course Lecturer EDEC 275 760 OFNIE F26,Lecturer,Part-time,,Course; Quebec elementary school,"September 30, 2026",2026-09-17
1641,https://mcgill.wd3.myworkdayjobs.com/mcgill_careers/job/Bronfman-Building/Innovation-for-Impact-Outreach-and-Events-Assistant_JR0000080724,Innovation for Impact Outreach and Events Assistant,Non-academic,Part-time,"Faculty of Management, to support targeted promotion of the competition",,,2026-09-17
1641,https://mcgill.wd3.myworkdayjobs.com/mcgill_careers/job/McGill-College-2001/Office-Assistant-C_JR0000079637,Office Assistant C,Unclassified,Part-time,,,2026-09-23,2026-09-17
1641,https://mcgill.wd3.myworkdayjobs.com/mcgill_careers/job/Bronfman-Building/Grader---MGSC-603_JR0000080719,Grader - MGSC 603,Unclassified,Part-time,,,,2026-09-17
1641,https://mcgill.wd3.myworkdayjobs.com/mcgill_careers/job/Burnside-Hall/Post-Doctoral-Researcher_JR0000080714,Post-Doctoral Researcher,Research_Fellow,Full-time,Department of Atmospheric and Oceanic Sciences,,2026-10-17,2026-09-17
1641,https://mcgill.wd3.myworkdayjobs.com/mcgill_careers/job/Various/Course-Lecturer-EDEC-262-782-OFNIE-F26_JR0000080621,Course Lecturer EDEC 262 782 OFNIE F26,Lecturer,Part-time,,Course; Quebec elementary school,"September 30, 2026",2026-09-17
1641,https://mcgill.wd3.myworkdayjobs.com/mcgill_careers/job/Various/Course-Lecturer-EDEE-283-710-OFNIE-F26_JR0000080687,Course Lecturer EDEE 283 710 OFNIE F26,Lecturer,Part-time,,Course; Quebec elementary school,"September 30, 2026",2026-09-17
1641,https://mcgill.wd3.myworkdayjobs.com/mcgill_careers/job/Brown-Student-Serv/Wellness-Access-Advisor_JR0000080611,Wellness Access Advisor,Unclassified,Full-time,Centre of Montreal,,2026-09-30,2026-09-17
1641,https://mcgill.wd3.myworkdayjobs.com/mcgill_careers/job/McIntyre--Medical/Invigilators----Metabolic-Biochemistry---BIOC-311---Fall-2026_JR0000080712,Invigilators -  Metabolic Biochemistry - BIOC 311 - Fall 2026,Unclassified,Part-time,Department of Biochemistry,,2026-09-27,2026-09-16
1641,https://mcgill.wd3.myworkdayjobs.com/mcgill_careers/job/Leacock-Building/Invigilator_JR0000080390,Invigilator,Unclassified,Part-time,,,2026-09-25,2026-09-16
1641,https://mcgill.wd3.myworkdayjobs.com/mcgill_careers/job/McIntyre--Medical/Invigilator----Protein-Structure-and-Function---BIOC-450---Fall-2026_JR0000080710,Invigilator -  Protein Structure and Function - BIOC 450 - Fall 2026,Unclassified,Part-time,Department of Biochemistry,,2026-09-25,2026-09-16
1641,https://mcgill.wd3.myworkdayjobs.com/mcgill_careers/job/Strathcona-Music/Office-Assistant-C--Graduate-Studies---Schulich-_JR0000080709,Office Assistant C (Graduate Studies - Schulich),Non-academic,Part-time,School of Music graduate programs is an asset,,2026-09-23,2026-09-16
1641,https://mcgill.wd3.myworkdayjobs.com/mcgill_careers/job/Sherbrooke-680/TA--Fall-2026--Applied-Health-and-Physical-Assessment-Anatomy-1-NUR1-338-001_JR0000080711,TA  Fall 2026: Applied Health and Physical Assessment/Anatomy 1-NUR1 338 001,Non-academic,Part-time,,Assistant,,2026-09-16
1641,https://mcgill.wd3.myworkdayjobs.com/mcgill_careers/job/Brown-Student-Serv/Associate-Director-Administration_JR0000080391,Associate Director Administration,Non-academic,Full-time,,,2026-10-02,2026-09-18
1641,https://mcgill.wd3.myworkdayjobs.com/mcgill_careers/job/Bronfman-Building/CTAQ-Research-Associate_JR0000080828,CTAQ Research Associate,Research_Fellow,Part-time,,,2026-09-23,2026-09-18
1641,https://mcgill.wd3.myworkdayjobs.com/mcgill_careers/job/McLennan-Library/Senior-Student-Ambassador_JR0000080816,Senior Student Ambassador,Unclassified,Part-time,,,2026-09-24,2026-09-18
1641,https://mcgill.wd3.myworkdayjobs.com/mcgill_careers/job/5858-Cote-des-Neiges/Teaching-Assistant--FALL--2026--Supplementary-posting---FMED-702--Analyzing-qualitative-data---learning-inductive-approaches_JR0000078241,"Teaching Assistant, FALL  2026 (Supplementary posting): FMED 702  Analyzing qualitative data:  learning inductive approaches",Unclassified,Part-time,,Assistant,2026-09-30,2026-09-18
1641,https://mcgill.wd3.myworkdayjobs.com/mcgill_careers/job/Macdonald-Eng-Bldg/Invigilation--FACC-300-Engineering-Economy_JR0000060725,Invigilation: FACC 300 Engineering Economy,Unclassified,Full-time,,,,2026-09-18
1641,https://mcgill.wd3.myworkdayjobs.com/mcgill_careers/job/Macdonald-Eng-Bldg/Grader_JR0000080339,Grader,Unclassified,Part-time,,,2026-09-25,2026-09-18
1641,https://mcgill.wd3.myworkdayjobs.com/mcgill_careers/job/Macdonald-Eng-Bldg/Student-Research-Assistant_JR0000080437,Student Research Assistant,Non-academic,Part-time,,,2026-10-02,2026-09-18
1641,https://mcgill.wd3.myworkdayjobs.com/mcgill_careers/job/Various/Invigilator---SPOT-Midterm-Exams_JR0000080813,Invigilator - SPOT Midterm Exams,Non-academic,Part-time,,,2026-09-24,2026-09-18
1641,https://mcgill.wd3.myworkdayjobs.com/mcgill_careers/job/Macdonald-Eng-Bldg/Graders--Mechanical-Engineering----Fall-2026_JR0000080704,Graders (Mechanical Engineering) - Fall 2026,Unclassified,Full-time,,,"October 2, 2026",2026-09-18
1641,https://mcgill.wd3.myworkdayjobs.com/mcgill_careers/job/Les-Cours-Mont-Royal/Engagement-Analyst_JR0000080490,Engagement Analyst,Assistant_Professor; Associate_Professor; Full_Professor,Full-time,Centre of Excellence,,2026-10-02,2026-09-17
1641,https://mcgill.wd3.myworkdayjobs.com/mcgill_careers/job/James-Admin-Bldg/Regulatory-Officer_JR0000080423,Regulatory Officer,Non-academic,Full-time,,,2026-10-01,2026-09-17
1641,https://mcgill.wd3.myworkdayjobs.com/mcgill_careers/job/Strathcona-Music/Program-Assistant--McGill-Camerata-_JR0000080793,Program Assistant (McGill Camerata),Unclassified,Part-time,,,2026-09-24,2026-09-17
1641,https://mcgill.wd3.myworkdayjobs.com/mcgill_careers/job/McConnell-Eng-Bldg/Grader---ECSE-534--Fall-2026-_JR0000080763,Grader - ECSE 534 (Fall 2026),Unclassified,Part-time,,,"September 23, 2026",2026-09-17
1641,https://mcgill.wd3.myworkdayjobs.com/mcgill_careers/job/McConnell-Eng-Bldg/Grader---ECSE-635--Fall-2026-_JR0000080761-1,Grader - ECSE 635 (Fall 2026),Unclassified,Part-time,,,"September 23, 2026",2026-09-17
1641,https://mcgill.wd3.myworkdayjobs.com/mcgill_careers/job/McConnell-Eng-Bldg/Grader---ECSE-682--Fall-2026-_JR0000080759,Grader - ECSE 682 (Fall 2026),Unclassified,Part-time,,,"September 23, 2026",2026-09-17
1641,https://mcgill.wd3.myworkdayjobs.com/mcgill_careers/job/McConnell-Eng-Bldg/Grader---ECSE-501--Fall-2026-_JR0000080774,Grader - ECSE 501 (Fall 2026),Unclassified,Part-time,,,"September 23, 2026",2026-09-17
1641,https://mcgill.wd3.myworkdayjobs.com/mcgill_careers/job/McConnell-Eng-Bldg/Grader---ECSE-681--Fall-2026-_JR0000080757,Grader - ECSE 681 (Fall 2026),Unclassified,Part-time,,,"September 23, 2026",2026-09-17
1641,https://mcgill.wd3.myworkdayjobs.com/mcgill_careers/job/McConnell-Eng-Bldg/Grader---ECSE-593--Fall-2026-_JR0000080753,Grader - ECSE 593 (Fall 2026),Unclassified,Part-time,,,"September 23, 2026",2026-09-17
1641,https://mcgill.wd3.myworkdayjobs.com/mcgill_careers/job/McConnell-Eng-Bldg/Grader---ECSE-500--Fall-2026-_JR0000080775,Grader - ECSE 500 (Fall 2026),Unclassified,Part-time,,,"September 23, 2026",2026-09-17
1641,https://mcgill.wd3.myworkdayjobs.com/mcgill_careers/job/McConnell-Eng-Bldg/Grader---ECSE-541--Fall-2026-_JR0000080755,Grader - ECSE 541 (Fall 2026),Unclassified,Part-time,,,"September 23, 2026",2026-09-17
1641,https://mcgill.wd3.myworkdayjobs.com/mcgill_careers/job/McConnell-Eng-Bldg/Grader---ECSE-519--Fall-2026-_JR0000080772,Grader - ECSE 519 (Fall 2026),Unclassified,Part-time,,,"September 23, 2026",2026-09-17
1641,https://mcgill.wd3.myworkdayjobs.com/mcgill_careers/job/McConnell-Eng-Bldg/Grader---ECSE-526--Fall-2026-_JR0000080765-1,Grader - ECSE 526 (Fall 2026),Unclassified,Part-time,,,"September 23, 2026",2026-09-17
1641,https://mcgill.wd3.myworkdayjobs.com/mcgill_careers/job/McConnell-Eng-Bldg/Grader---ECSE-472--Fall-2026-_JR0000080778,Grader - ECSE 472 (Fall 2026),Unclassified,Part-time,,,"September 23, 2026",2026-09-17
1641,https://mcgill.wd3.myworkdayjobs.com/mcgill_careers/job/Montreal-Neuro/Research-Associate_JR0000080567,Research Associate,Research_Fellow,Full-time,,,2026-09-23,2026-09-17
1641,https://mcgill.wd3.myworkdayjobs.com/mcgill_careers/job/Montreal-Neuro/Research-Assistant-2_JR0000080746,Research Assistant 2,Associate_Professor,Full-time,,,2026-09-24,2026-09-17
1641,https://mcgill.wd3.myworkdayjobs.com/mcgill_careers/job/Brown-Student-Serv/Scholarship-Selections---Outreach-Officer_JR0000080026-1,Scholarship Selections & Outreach Officer,Non-academic,Full-time,,,,2026-09-21
1641,https://mcgill.wd3.myworkdayjobs.com/mcgill_careers/job/James-Admin-Bldg/Graphic-Designer_JR0000080823,Graphic Designer,Unclassified,Full-time,,,2026-10-06,2026-09-21
1641,https://mcgill.wd3.myworkdayjobs.com/mcgill_careers/job/MUHC-GLEN/Administrative-Coordinator_JR0000078513,Administrative Coordinator,Lecturer,Full-time,Department of Medicine,Research Days; Grand Rounds,2026-09-26,2026-09-21
1641,https://mcgill.wd3.myworkdayjobs.com/mcgill_careers/job/Outaouais-Campus-McGill/Curriculum-Component-Officer_JR0000080788,Curriculum Component Officer,Unclassified,Full-time,,,2026-10-04,2026-09-21
1641,https://mcgill.wd3.myworkdayjobs.com/mcgill_careers/job/Currie-Gymnasium/Facilities-Attendant---Campus-Recreation_JR0000079301,Facilities Attendant - Campus Recreation,Unclassified,Part-time,,,2026-09-27,2026-09-21
1641,https://mcgill.wd3.myworkdayjobs.com/mcgill_careers/job/Sherbrooke-680/Office-Assistant-C_JR0000080859,Office Assistant C,Non-academic,Part-time,,,2026-09-30,2026-09-21
1641,https://mcgill.wd3.myworkdayjobs.com/mcgill_careers/job/McGill-College-2001/Research-Assistant-1_JR0000080904-1,Research Assistant 1,Non-academic,Full-time,,,2026-09-25,2026-09-21
1641,https://mcgill.wd3.myworkdayjobs.com/mcgill_careers/job/Music-527-Sherbrooke/Liaison-Librarian_JR0000080903,Liaison Librarian,Non-academic,Full-time,School of Music,welcoming; supportive,,2026-09-21
1641,https://mcgill.wd3.myworkdayjobs.com/mcgill_careers/job/Montreal-Neuro/Clinical-Research-Coordinator_JR0000078047,Clinical Research Coordinator,Non-academic,Full-time,,,2026-10-02,2026-09-21
1641,https://mcgill.wd3.myworkdayjobs.com/mcgill_careers/job/Cattle-Complex/Animal-Care-Assistant-B-2_JR0000080697,Animal Care Assistant B-2,Non-academic,Part-time,,,2026-09-27,2026-09-21
1641,https://mcgill.wd3.myworkdayjobs.com/mcgill_careers/job/Cattle-Complex/Animal-Care-Assistant-B_JR0000080696,Animal Care Assistant B,Non-academic,Part-time,,,2026-09-27,2026-09-21
1641,https://mcgill.wd3.myworkdayjobs.com/mcgill_careers/job/McConnell-Eng-Bldg/Faculty-Lecturer--Department-of-Bioengineering_JR0000080506,Faculty Lecturer- Department of Bioengineering,Lecturer,Full-time,Department of Bioengineering,Bioengineering,,2026-09-21
1641,https://mcgill.wd3.myworkdayjobs.com/mcgill_careers/job/McLennan-Library/Indigenous-Student-Ambassador_JR0000080863-1,Indigenous Student Ambassador,Unclassified,Part-time,,,2026-09-28,2026-09-21
1641,https://mcgill.wd3.myworkdayjobs.com/mcgill_careers/job/Music-527-Sherbrooke/Performer--live-CIRMMT-_JR0000080460,Performer (live@CIRMMT),Unclassified,Part-time,,,2026-10-15,2026-09-21
1641,https://mcgill.wd3.myworkdayjobs.com/mcgill_careers/job/Ferrier-Building/Building-Operator_JR0000080640,Building Operator,Unclassified,Full-time,,,2026-10-04,2026-09-21
1641,https://mcgill.wd3.myworkdayjobs.com/mcgill_careers/job/Ferrier-Building/Stationary-Engine-Mechanic--Operations--2B_JR0000080741,Stationary Engine Mechanic (Operations) 2B,Non-academic,Full-time,,,2026-10-04,2026-09-21
1641,https://mcgill.wd3.myworkdayjobs.com/mcgill_careers/job/Bronfman-Building/Tenure-Track-Position-in-Finance--Desautels-Faculty-of-Management--McGill-University_JR0000080986,"Tenure-Track Position in Finance, Desautels Faculty of Management, McGill University",Assistant_Professor,Full-time,"Faculty of Management, McGill University",Desmarais Global Finance Research; Advanced Digital Technologies,"November 13, 2026",2026-09-23
1641,https://mcgill.wd3.myworkdayjobs.com/mcgill_careers/job/Leacock-Building/Liaison-Officer_JR0000081018,Liaison Officer,Non-academic,Full-time,Faculty of Arts,,2026-10-08,2026-09-23
1641,https://mcgill.wd3.myworkdayjobs.com/mcgill_careers/job/Bronfman-Building/Conferences---Special-Events-Coordinator_JR0000078796,Conferences & Special Events Coordinator,Non-academic,Full-time,,,2026-10-04,2026-09-23
1641,https://mcgill.wd3.myworkdayjobs.com/mcgill_careers/job/Brown-Student-Serv/Finance-Officer_JR0000080914,Finance Officer,Non-academic,Full-time,,,2026-09-30,2026-09-23
1641,https://mcgill.wd3.myworkdayjobs.com/mcgill_careers/job/Sherbrooke-1010/Lead-Buyer_JR0000080850,Lead Buyer,Unclassified,Full-time,,,2026-10-06,2026-09-23
1641,https://mcgill.wd3.myworkdayjobs.com/mcgill_careers/job/Bronfman-Building/Program-Administrator_JR0000080910-1,Program Administrator,Non-academic,Full-time,,,2026-10-05,2026-09-23
1641,https://mcgill.wd3.myworkdayjobs.com/mcgill_careers/job/McGill-College-2001/Dental-Assistant_JR0000080941,Dental Assistant,Unclassified,Full-time,,,2026-10-07,2026-09-23
1641,https://mcgill.wd3.myworkdayjobs.com/mcgill_careers/job/Sherbrooke-680/Student-Advising-Supervisor_JR0000080975,Student Advising Supervisor,Assistant_Professor; Associate_Professor; Full_Professor,Full-time,,,2026-10-06,2026-09-23
1641,https://mcgill.wd3.myworkdayjobs.com/mcgill_careers/job/Strathcona-Music/Office-Assistant-A--Jazz-Technician-_JR0000080855,Office Assistant A (Jazz Technician),Non-academic,Part-time,,,2026-09-30,2026-09-23
1641,https://mcgill.wd3.myworkdayjobs.com/mcgill_careers/job/McLennan-Library/Exam-Office-Assistant_JR0000081043,Exam Office Assistant,Unclassified,Part-time,,,2026-09-30,2026-09-23
1641,https://mcgill.wd3.myworkdayjobs.com/mcgill_careers/job/Raymond-Building/Assistant-Professor-in-Environment--Climate-Resilience--and-the-Arctic---Emerging-Leader-for-Impact--Chair_JR0000081013,"Assistant Professor in Environment, Climate Resilience, and the Arctic - Emerging Leader for Impact+ Chair",Assistant_Professor,Full-time,Faculty of Agricultural and Environmental Sciences,"Environment, Climate Resilience, and the Arctic; Canada’s strategic priority areas; specifically the Plant Pest","October 30, 2026",2026-09-23
1641,https://mcgill.wd3.myworkdayjobs.com/mcgill_careers/job/Mtl-General-Hosp/Course-Lecturer---EXSU-605-Biomedical-Research-Innovation_JR0000080922,Course Lecturer - EXSU 605 Biomedical Research Innovation,Lecturer,Part-time,,Course; Clinical; vivo hands on; Qualification Requirements,2026-10-14,2026-09-23
1641,https://mcgill.wd3.myworkdayjobs.com/mcgill_careers/job/Currie-Gymnasium/Sports-Instructor_JR0000079415,Sports Instructor,Unclassified,Part-time,,Sports,2026-10-06,2026-09-23
1641,https://mcgill.wd3.myworkdayjobs.com/mcgill_careers/job/Pines-Cottage/Field-Operations-Assistant_JR0000081009,Field Operations Assistant,Unclassified,Part-time,,,2026-09-29,2026-09-23
1641,https://mcgill.wd3.myworkdayjobs.com/mcgill_careers/job/Pines-Cottage/Office-Assistant-A_JR0000081004,Office Assistant A,Unclassified,Part-time,,,2026-09-29,2026-09-23
1641,https://mcgill.wd3.myworkdayjobs.com/mcgill_careers/job/MacdonaldStewart-Bld/Intramural-Sports-General-Official---Mac-Campus_JR0000080826,Intramural Sports General Official - Mac Campus,Unclassified,Part-time,,,2026-09-28,2026-09-23
1641,https://mcgill.wd3.myworkdayjobs.com/mcgill_careers/job/Penfield-740/Student-Research-Assistant_JR0000079403,Student Research Assistant,Associate_Professor,Part-time,Centre of Genomics and Policy,,2026-10-21,2026-09-22
1641,https://mcgill.wd3.myworkdayjobs.com/mcgill_careers/job/McConnell-Eng-Bldg/School-of-Computer-Science-Teaching-Assistant-COMP-302-Fall-2026_JR0000077140,School of Computer Science Teaching Assistant COMP 302 Fall 2026,Unclassified,Part-time,,Computer Science Teaching Assistant COMP 302 Fall 2026,2026-09-24,2026-09-22
1641,https://mcgill.wd3.myworkdayjobs.com/mcgill_careers/job/Ferrier-Building/Eakin-Student-Research-Intern-in-Canadian-Studies_JR0000080900,Eakin Student Research Intern in Canadian Studies,Unclassified,Part-time,Institute for the Study of Canada,Canadian Studies,2026-09-29,2026-09-22
1641,https://mcgill.wd3.myworkdayjobs.com/mcgill_careers/job/McLennan-Library/Service-Representative_JR0000080953,Service Representative,Assistant_Professor; Associate_Professor; Full_Professor,Full-time,,,2026-10-02,2026-09-22
1641,https://mcgill.wd3.myworkdayjobs.com/mcgill_careers/job/McIntyre--Medical/PHGY-209-Invigilators---Fall-2026_JR0000080973-1,PHGY 209 Invigilators - Fall 2026,Unclassified,Part-time,,,2026-10-02,2026-09-22
1641,https://mcgill.wd3.myworkdayjobs.com/mcgill_careers/job/McIntyre--Medical/Fall-2026-Invigilators---PHGY_JR0000080976,Fall 2026 Invigilators - PHGY,Unclassified,Part-time,,,2026-10-02,2026-09-22
1641,https://mcgill.wd3.myworkdayjobs.com/mcgill_careers/job/McConnell-Eng-Bldg/Tenure-Track-Faculty-Position-in-Computer-Science--Quantum-Computing_JR0000080250,Tenure-Track Faculty Position in Computer Science: Quantum Computing,Assistant_Professor,Full-time,School of Computer Science,Quantum Computing,"November 14, 2026",2026-09-22
1641,https://mcgill.wd3.myworkdayjobs.com/mcgill_careers/job/McConnell-Eng-Bldg/Tenure-Track-Faculty-Position-in-Computer-Science--Secure-Software-and-Computer-Systems_JR0000080728,Tenure-Track Faculty Position in Computer Science: Secure Software and Computer Systems,Assistant_Professor,Full-time,School of Computer Science,Secure Software and Computer Systems,"November 14, 2026",2026-09-22
1641,https://mcgill.wd3.myworkdayjobs.com/mcgill_careers/job/McConnell-Eng-Bldg/School-of-Computer-Science-Teaching-Assistant-COMP-558-Fall-2026_JR0000078436,School of Computer Science Teaching Assistant COMP 558 Fall 2026,Unclassified,Part-time,,Computer Science Teaching Assistant COMP 558 Fall 2026,2026-09-24,2026-09-22
1641,https://mcgill.wd3.myworkdayjobs.com/mcgill_careers/job/McIntyre--Medical/Teaching-Assistant---PHGY-212---Introductory-Physiology-1_JR0000080936,Teaching Assistant PHGY 212 Introductory Physiology 1,Unclassified,Full-time,,,,
1641,https://mcgill.wd3.myworkdayjobs.com/mcgill_careers/job/Strathcona-AnatDent/Lab-Helper-B_JR0000080897,Lab Helper B,Unclassified,Part-time,,,2026-09-28,2026-09-22
1641,https://mcgill.wd3.myworkdayjobs.com/mcgill_careers/job/Bronfman-Building/Faculty-Position-in-Operations-Management---Finance---Ranked-Contract-Academic-Staff--CAS-_JR0000079970,Faculty Position in Operations Management & Finance | Ranked Contract Academic Staff (CAS),Unclassified,Full-time,Faculty of Management invites applications for one Ranked Contractual Academic Staff,business statistics,"November 1, 2026",2026-09-22
1641,https://mcgill.wd3.myworkdayjobs.com/mcgill_careers/job/Various/Student-Research-Assistant_JR0000080860-1,Student Research Assistant,Non-academic,Part-time,,,2026-09-21,2026-09-22
1641,https://mcgill.wd3.myworkdayjobs.com/mcgill_careers/job/Birks-Building/Grader---RELG-358---Fall-2026_JR0000080921-1,Grader - RELG 358 - Fall 2026,Unclassified,Part-time,,,2026-09-24,2026-09-22
1641,https://mcgill.wd3.myworkdayjobs.com/mcgill_careers/job/Various/Casual-Research-Assistant-1_JR0000080889,Casual Research Assistant 1,Associate_Professor,Part-time,,PowerPoint; OneDrive,2026-09-30,2026-09-22
1641,https://mcgill.wd3.myworkdayjobs.com/mcgill_careers/job/Various/Research-Assistant-2_JR0000080918,Research Assistant 2,Assistant_Professor,Part-time,,,2026-09-29,2026-09-22
1641,https://mcgill.wd3.myworkdayjobs.com/mcgill_careers/job/Education-Building/Office-Assistant-C_JR0000081077-1,Office Assistant C,Unclassified,Part-time,,documentation of existing; partner institutions,2026-10-01,2026-09-24
1641,https://mcgill.wd3.myworkdayjobs.com/mcgill_careers/job/Music-527-Sherbrooke/Audiovisual-Assistant-B--CIRMMT-_JR0000080658,Audiovisual Assistant B (CIRMMT),Unclassified,Part-time,,,2026-10-07,2026-09-24
1641,https://mcgill.wd3.myworkdayjobs.com/mcgill_careers/job/Sherbrooke-550/Teaching-Assistant----QLSC-600D2-Foundations-of-Quantitative-Life-Sciences---Winter-2027_JR0000081089,Teaching Assistant -  QLSC 600D2 Foundations of Quantitative Life Sciences - Winter 2027,Unclassified,Part-time,,,2026-11-01,2026-09-24
1641,https://mcgill.wd3.myworkdayjobs.com/mcgill_careers/job/Montreal-Neuro/Research-Technician_JR0000081005,Research Technician,Non-academic,Full-time,,,2026-10-05,2026-09-24
1641,https://mcgill.wd3.myworkdayjobs.com/mcgill_careers/job/Bronfman-Building/Tenure-Track-Positions-in-Information-Systems-and-Organizational-Behaviour--Desautels-Faculty-of-Management--McGill-University_JR0000080879,"Tenure-Track Positions in Information Systems and Organizational Behaviour, Desautels Faculty of Management, McGill University",Assistant_Professor,Full-time,"Faculty of Management, McGill University",Advanced Digital; Analytics,"October 31, 2026",2026-09-24
1641,https://mcgill.wd3.myworkdayjobs.com/mcgill_careers/job/Sherbrooke-680/Course-Lecturer---CGMG-305_JR0000081026,Course Lecturer - CGMG 305,Lecturer,Part-time,,Course; First Nations,2026-10-04,2026-09-24
1641,https://mcgill.wd3.myworkdayjobs.com/mcgill_careers/job/Sherbrooke-680/Course-Lecturer---CPAG-225_JR0000081021,Course Lecturer - CPAG 225,Lecturer,Part-time,,Course; First Nations,2026-10-04,2026-09-24
1641,https://mcgill.wd3.myworkdayjobs.com/mcgill_careers/job/Sherbrooke-680/Course-Lecturer---CPAG-400_JR0000081029,Course Lecturer - CPAG 400,Lecturer,Part-time,,Course; First Nations,2026-10-04,2026-09-24
1641,https://mcgill.wd3.myworkdayjobs.com/mcgill_careers/job/Sherbrooke-680/Course-Lecturer---CGMG-282_JR0000081025,Course Lecturer - CGMG 282,Lecturer,Part-time,,Course; First Nations,2026-10-04,2026-09-24
1641,https://mcgill.wd3.myworkdayjobs.com/mcgill_careers/job/Sherbrooke-680/Course-Lecturer---CPRL-221_JR0000081030-1,Course Lecturer - CPRL 221,Lecturer,Part-time,,Course; First Nations,2026-10-04,2026-09-24
1641,https://mcgill.wd3.myworkdayjobs.com/mcgill_careers/job/Sherbrooke-680/Course-Lecturer---CPAG-220_JR0000081023,Course Lecturer - CPAG 220,Lecturer,Part-time,,Course; First Nations,2026-10-04,2026-09-24
1641,https://mcgill.wd3.myworkdayjobs.com/mcgill_careers/job/Various/Casual-Research-Assistant-1_JR0000081063,Casual Research Assistant 1,Non-academic,Part-time,,,2026-10-01,2026-09-24
1641,https://mcgill.wd3.myworkdayjobs.com/mcgill_careers/job/Sherbrooke-1010/Administrative-Coordinator_JR0000075219,Administrative Coordinator,Non-academic,Full-time,,,2026-10-09,2026-09-24
1641,https://mcgill.wd3.myworkdayjobs.com/mcgill_careers/job/McIntyre--Medical/Teaching-Assistant---Drug-Discovery-and-Development-2---PHAR-504---Winter-2027_JR0000081180,Teaching Assistant - Drug Discovery and Development 2 - PHAR 504 - Winter 2027,Unclassified,Part-time,,,2026-11-01,2026-09-25
1641,https://mcgill.wd3.myworkdayjobs.com/mcgill_careers/job/Duff-Medical-Bldg/Teaching-Assistant---MIMM-314---Intermediate-Immunology-Winter-2027_JR0000080596,Teaching Assistant - MIMM 314 - Intermediate Immunology Winter 2027,Lecturer,Part-time,,,2026-11-01,2026-09-25
1641,https://mcgill.wd3.myworkdayjobs.com/mcgill_careers/job/Duff-Medical-Bldg/Teaching-Assistant---MIMM-301---Scientific-Writing-Skills-in-MIMM--Winter-2027_JR0000080593,Teaching Assistant - MIMM 301 - Scientific Writing Skills in MIMM  Winter 2027,Unclassified,Part-time,,,2026-11-01,2026-09-25
1641,https://mcgill.wd3.myworkdayjobs.com/mcgill_careers/job/Duff-Medical-Bldg/Teaching-Assistant---Introductory-Immunology---MIMM-214---Winter-2027_JR0000080565,Teaching Assistant - Introductory Immunology - MIMM 214 - Winter 2027,Unclassified,Part-time,,,2026-09-24,2026-09-25
1641,https://mcgill.wd3.myworkdayjobs.com/mcgill_careers/job/McIntyre--Medical/Job-Posting-Title-Teaching-Assistant---Principles-of-Toxicology---PHAR-303---Winter-2027_JR0000081161,Job Posting Title Teaching Assistant - Principles of Toxicology - PHAR 303 - Winter 2027,Unclassified,Part-time,,,2026-11-01,2026-09-25
1641,https://mcgill.wd3.myworkdayjobs.com/mcgill_careers/job/Sherbrooke-680/Communications-Assistant-A_JR0000081134,Communications Assistant A,Unclassified,Part-time,,,2026-10-02,2026-09-25
1641,https://mcgill.wd3.myworkdayjobs.com/mcgill_careers/job/McIntyre--Medical/Teaching-Assistant---Drugs-and-Disease---PHAR-301---Winter-2027_JR0000081148,Teaching Assistant - Drugs and Disease - PHAR 301 - Winter 2027,Unclassified,Part-time,,,2026-11-01,2026-09-25
1641,https://mcgill.wd3.myworkdayjobs.com/mcgill_careers/job/Duff-Medical-Bldg/Course-Lecturer---BMDE-656---Medical-Device-Development-Process_JR0000081083,Course Lecturer - BMDE 656 - Medical Device Development Process,Lecturer,Part-time,,Course,2026-10-14,2026-09-25
1641,https://mcgill.wd3.myworkdayjobs.com/mcgill_careers/job/Duff-Medical-Bldg/Course-Lecturer--BMDE-653---Patents-in-Biomedical-Engineering_JR0000081131,Course Lecturer: BMDE 653 - Patents in Biomedical Engineering,Lecturer,Part-time,,Course; Translational Biomedical,2026-10-14,2026-09-25
1641,https://mcgill.wd3.myworkdayjobs.com/mcgill_careers/job/McIntyre--Medical/Teaching-Assistant---Introduction-to-Pharmacology-2---PHAR-201---Winter-2027_JR0000081094-1,Teaching Assistant - Introduction to Pharmacology 2 - PHAR 201 - Winter 2027,Unclassified,Part-time,,,2026-11-01,2026-09-25
1641,https://mcgill.wd3.myworkdayjobs.com/mcgill_careers/job/Raymond-Building/Assistant-Professor-in-Regulated-Plant-Pests----Canada-Impact--Emerging-Leaders_JR0000081085,Assistant Professor in Regulated Plant Pests -  Canada Impact+ Emerging Leaders,Assistant_Professor,Full-time,Faculty of Agricultural and Environmental Sciences,Regulated Plant Pests; Canada’s strategic priority areas; specifically the Plant Pest,"October 30, 2026",2026-09-25
1641,https://mcgill.wd3.myworkdayjobs.com/mcgill_careers/job/McConnell-Eng-Bldg/Course-Lecturer-BIEN-267--W27_JR0000081062,Course Lecturer BIEN 267- W27,Lecturer,Part-time,,Course,2026-10-11,2026-09-25
1641,https://mcgill.wd3.myworkdayjobs.com/mcgill_careers/job/McConnell-Eng-Bldg/Course-Lecturer-BIEN-280-W27_JR0000081069,Course Lecturer BIEN 280-W27,Lecturer,Part-time,,Course; Qualification Requirements,2026-10-16,2026-09-25
1641,https://mcgill.wd3.myworkdayjobs.com/mcgill_careers/job/McConnell-Eng-Bldg/Course-Lecturer-BIEN-505-W27_JR0000081012,Course Lecturer BIEN 505-W27,Lecturer,Part-time,,Course; Qualification Requirements,2026-10-11,2026-09-25
1641,https://mcgill.wd3.myworkdayjobs.com/mcgill_careers/job/McIntyre--Medical/Invigilator_JR0000080575,Invigilator,Unclassified,Part-time,,,2026-10-04,2026-09-24
1641,https://mcgill.wd3.myworkdayjobs.com/mcgill_careers/job/Maass-Chemistry-Bldg/Electronics-Technician_JR0000080944,Electronics Technician,Non-academic,Full-time,Department of Chemistry and its McGill Chemistry Characterization,,2026-10-06,2026-09-24
1641,https://mcgill.wd3.myworkdayjobs.com/mcgill_careers/job/Stewart-Biology-Bldg/Lab-Helper-B_JR0000080786,Lab Helper B,Unclassified,Part-time,Department of Biology,,2026-09-30,2026-09-24
1641,https://mcgill.wd3.myworkdayjobs.com/mcgill_careers/job/McLennan-Library/Invigilator_JR0000081130,Invigilator,Unclassified,Part-time,,,2026-10-04,2026-09-24
1641,https://mcgill.wd3.myworkdayjobs.com/mcgill_careers/job/Strathcona-Music/Fall-2026-MR-1503-Course-Lecturer-Positions---Reserved-Postings_JR0000078721,Fall 2026 MR 15.03 Course Lecturer Positions - Reserved Postings,Lecturer,Full-time,Department of Music Research Hiring Unit,Reserved Postings,,2026-09-24
1641,https://mcgill.wd3.myworkdayjobs.com/mcgill_careers/job/Life-Sciences-Bldg-/Student-Research-Assistant_JR0000080531-1,Student Research Assistant,Non-academic,Part-time,Department of Biology,,2026-09-30,2026-09-24
1641,https://mcgill.wd3.myworkdayjobs.com/mcgill_careers/job/Montreal-Neuro/Research-Associate_JR0000081052,Research Associate,Research_Fellow,Full-time,,,2026-10-01,2026-09-24
1641,https://mcgill.wd3.myworkdayjobs.com/mcgill_careers/job/Duff-Medical-Bldg/Teaching-Assistant---MIMM-509---Inflammatory-Processes-Winter-2027_JR0000080608,Teaching Assistant - MIMM 509 - Inflammatory Processes Winter 2027,Unclassified,Part-time,,,2026-11-01,2026-09-25
1641,https://mcgill.wd3.myworkdayjobs.com/mcgill_careers/job/Duff-Medical-Bldg/Teaching-Assistant---MIMM-466---Viral-Pathogenesis-and-Host-Defenses-Winter-2027_JR0000080607,Teaching Assistant - MIMM 466 - Viral Pathogenesis and Host Defenses Winter 2027,Unclassified,Part-time,,,2026-11-01,2026-09-25
1641,https://mcgill.wd3.myworkdayjobs.com/mcgill_careers/job/Duff-Medical-Bldg/Teaching-Assistant---MIMM-413--Parasitology-Winter-2027_JR0000080606,Teaching Assistant - MIMM 413- Parasitology Winter 2027,Unclassified,Part-time,,ELISA Western blotting,2026-11-01,2026-09-25
1641,https://mcgill.wd3.myworkdayjobs.com/mcgill_careers/job/McConnell-Eng-Bldg/Grader--ECSE-396---397---496---497--F26-_JR0000081220,"Grader -ECSE 396,  397,  496,  497 (F26)",Unclassified,Part-time,,,"September 30, 2026",2026-09-25
1641,https://mcgill.wd3.myworkdayjobs.com/mcgill_careers/job/Duff-Medical-Bldg/Teaching-Assistant---MIMM-387--The-Business-of-Science-Winter-2027_JR0000080599,Teaching Assistant - MIMM 387- The Business of Science Winter 2027,Unclassified,Part-time,,,2026-11-01,2026-09-25
1641,https://mcgill.wd3.myworkdayjobs.com/mcgill_careers/job/Duff-Medical-Bldg/Teaching-Assistant---MIMM-385----Laboratory-in-Immunology-Flow-Cytometry-Winter-2027_JR0000080598,Teaching Assistant - MIMM 385 -  Laboratory in Immunology Flow Cytometry Winter 2027,Unclassified,Part-time,,Assistant,2026-11-01,2026-09-25
1641,https://mcgill.wd3.myworkdayjobs.com/mcgill_careers/job/McConnell-Eng-Bldg/Grader--ECSE-458D1---ECSE-478D1--F26-_JR0000081210,Grader -ECSE 458D1 + ECSE 478D1 (F26),Unclassified,Part-time,,,"September 30, 2026",2026-09-25
1641,https://mcgill.wd3.myworkdayjobs.com/mcgill_careers/job/McIntyre--Medical/Teaching-Assistant---Advances-in-Industrial-Biotechnology---PHAR-540---Winter-2027_JR0000081208,Teaching Assistant - Advances in Industrial Biotechnology - PHAR 540 - Winter 2027,Unclassified,Part-time,,,2026-11-01,2026-09-25
1641,https://mcgill.wd3.myworkdayjobs.com/mcgill_careers/job/Duff-Medical-Bldg/Teaching-Assistant--MIMM-385--Laboratory-in-Immunology-Winter-2027_JR0000080597,Teaching Assistant- MIMM 385- Laboratory in Immunology Winter 2027,Unclassified,Part-time,,Immunology Winter 2027,2026-11-01,2026-09-25
1641,https://mcgill.wd3.myworkdayjobs.com/mcgill_careers/job/5858-Cote-des-Neiges/Research-Assistant-1_JR0000081186,Research Assistant 1,Assistant_Professor,Part-time,,,2026-09-30,2026-09-25
1641,https://mcgill.wd3.myworkdayjobs.com/mcgill_careers/job/McConnell-Eng-Bldg/Grader---ECSE-458N2---ECSE478N2--F26-_JR0000081202,Grader - ECSE 458N2 + ECSE478N2 (F26),Unclassified,Part-time,,,"September 30, 2026",2026-09-25
1641,https://mcgill.wd3.myworkdayjobs.com/mcgill_careers/job/McLennan-Library/Invigilator_JR0000081198,Invigilator,Unclassified,Part-time,,,2026-10-05,2026-09-25
1641,https://mcgill.wd3.myworkdayjobs.com/mcgill_careers/job/Dawson-Hall/Academic-Affairs-Administrator_JR0000080580,Academic Affairs Administrator,Non-academic,Full-time,,,2026-10-11,2026-09-25
1641,https://mcgill.wd3.myworkdayjobs.com/mcgill_careers/job/McIntyre--Medical/Teaching-Assistant---Drug-Discovery-and-Development-3---PHAR-508---Winter-2027_JR0000081193-1,Teaching Assistant - Drug Discovery and Development 3 - PHAR 508 - Winter 2027,Unclassified,Part-time,,,2026-11-01,2026-09-25
1641,https://mcgill.wd3.myworkdayjobs.com/mcgill_careers/job/St-Marys-Hospital/Assistant-Professor--Clinical---Department-of-Medicine--Division-of-Respiratory-Medicine--C1-260921-_JR0000081088,"Assistant Professor (Clinical), Department of Medicine, Division of Respiratory Medicine (C1-260921)",Assistant_Professor,Full-time,"Department of Medicine, Division of Respiratory Medicine","Medicine, Division of Respiratory Medicine",,2026-09-29
1641,https://mcgill.wd3.myworkdayjobs.com/mcgill_careers/job/Brown-Student-Serv/Case-Manager-Crisis-Response_JR0000081293-1,Case Manager Crisis Response,Non-academic,Full-time,,,2026-10-13,2026-09-29
1641,https://mcgill.wd3.myworkdayjobs.com/mcgill_careers/job/Sherbrooke-680/Instructional-Designer_JR0000081343,Instructional Designer,Unclassified,Full-time,,,2026-10-16,2026-09-29
1641,https://mcgill.wd3.myworkdayjobs.com/mcgill_careers/job/Macdonald-Eng-Bldg/Course-Lecturer---FACC-501---Winter-2027_JR0000081490,Course Lecturer - FACC 501 - Winter 2027,Lecturer,Full-time,,Course,"October 15, 2026",2026-09-29
1641,https://mcgill.wd3.myworkdayjobs.com/mcgill_careers/job/JGH---Jewish-General-Hosp/Assistant-or-Associate-Professor--Clinical---Department-of-Obstetrics-and-Gynecology--Jewish-General-Hospital--C1-260925-_JR0000081402,"Assistant or Associate Professor (Clinical), Department of Obstetrics and Gynecology, Jewish General Hospital (C1-260925)",Assistant_Professor; Associate_Professor,Full-time,"Department of Obstetrics and Gynecology, Jewish General Hospital","Obstetrics and Gynecology, Jewish General Hospital",,2026-09-29
1641,https://mcgill.wd3.myworkdayjobs.com/mcgill_careers/job/Various/Student-Research-Assistant_JR0000081390,Student Research Assistant,Associate_Professor,Part-time,,,2026-10-07,2026-09-29
1641,https://mcgill.wd3.myworkdayjobs.com/mcgill_careers/job/McConnell-Eng-Bldg/Course-Lecturer---FACC-300---Winter-2027----sec-001---005_JR0000081393,Course Lecturer - FACC 300 - Winter 2027 -  sec 001 & 005,Lecturer,Part-time,,Course; Qualification Requirements,"October 15, 2026",2026-09-29
1641,https://mcgill.wd3.myworkdayjobs.com/mcgill_careers/job/Davis-House/Administrative-Student-Affairs-Coordinator_JR0000078635,Administrative Student Affairs Coordinator,Non-academic,Full-time,,,2026-10-09,2026-09-29
1641,https://mcgill.wd3.myworkdayjobs.com/mcgill_careers/job/Sherbrooke-680/Administrative-Student-Affairs-Coordinator_JR0000081217,Administrative Student Affairs Coordinator,Assistant_Professor; Associate_Professor; Full_Professor,Full-time,,,2026-10-08,2026-09-29
1641,https://mcgill.wd3.myworkdayjobs.com/mcgill_careers/job/Bishop-Mountain-Hall/Counter-Person_JR0000081337,Counter Person,Unclassified,Full-time,,,2026-10-14,2026-09-29
1641,https://mcgill.wd3.myworkdayjobs.com/mcgill_careers/job/McConnell-Eng-Bldg/Course-Lecturer---FACC-300---Winter-2027---sec-002---006_JR0000081445,Course Lecturer - FACC 300 - Winter 2027 - sec 002 & 006,Lecturer,Part-time,,Course; Qualification Requirements,"October 15, 2026",2026-09-29
1641,https://mcgill.wd3.myworkdayjobs.com/mcgill_careers/job/Burnside-Hall/Winter-2027-Teaching-Assistant-Postings---Mathematics---Statistics_JR0000081449-1,Winter 2027 Teaching Assistant Postings - Mathematics & Statistics,Unclassified,Full-time,,Assistant,,2026-09-29
1641,https://mcgill.wd3.myworkdayjobs.com/mcgill_careers/job/Technical-Services-Building/Lab-Helper-B_JR0000081421,Lab Helper B,Unclassified,Part-time,,,2026-10-05,2026-09-29
1641,https://mcgill.wd3.myworkdayjobs.com/mcgill_careers/job/McConnell-Eng-Bldg/Research-Assistant-1_JR0000081371,Research Assistant 1,Non-academic,Part-time,,,2026-10-05,2026-09-29
1641,https://mcgill.wd3.myworkdayjobs.com/mcgill_careers/job/Stewart-Biology-Bldg/Research-Associate_JR0000080924-1,Research Associate,Research_Fellow,Full-time,,,2026-10-05,2026-09-29
1641,https://mcgill.wd3.myworkdayjobs.com/mcgill_careers/job/Macdonald-Eng-Bldg/Course-Lecturer--Winter-2027--MECH-642---Advanced-Dynamics_JR0000080947,Course Lecturer (Winter 2027) MECH 642 - Advanced Dynamics,Lecturer,Part-time,,Course; Winter,"October 14, 2026",2026-09-29
1641,https://mcgill.wd3.myworkdayjobs.com/mcgill_careers/job/Parasitology-Bldg/Course-Lecturer---BTEC-619_JR0000081433,Course Lecturer - BTEC 619,Lecturer,Part-time,Institute of Parasitology,Course; Qualification Requirements,"October 15, 2026",2026-09-29
1641,https://mcgill.wd3.myworkdayjobs.com/mcgill_careers/job/McIntyre--Medical/Teaching-Assistant---Clinical-Mentorship---PHAR-524---Winter-2027_JR0000081442,Teaching Assistant - Clinical Mentorship - PHAR 524 - Winter 2027,Non-academic,Part-time,,,2026-11-01,2026-09-29
1641,https://mcgill.wd3.myworkdayjobs.com/mcgill_careers/job/McIntyre--Medical/Teaching-Assistant---PHAR-602--Principles-of-Pharmacology----Winter-2027_JR0000081434,Teaching Assistant - PHAR 602: Principles of Pharmacology  - Winter 2027,Unclassified,Part-time,,,2026-11-01,2026-09-29
1641,https://mcgill.wd3.myworkdayjobs.com/mcgill_careers/job/Mtl-Childrens-Hosp/Assistant-or-Associate-Professor--Clinical---Department-of-Pediatrics--Division-of-Pediatric-Respirology--C1-260911-_JR0000080989,"Assistant or Associate Professor (Clinical), Department of Pediatrics, Division of Pediatric Respirology (C1-260911)",Assistant_Professor; Associate_Professor,Part-time,"Department of Pediatrics, Division of Pediatric Respirology","Pediatrics, Division of Pediatric Respirology; Duties Candidates",,2026-09-29
1641,https://mcgill.wd3.myworkdayjobs.com/mcgill_careers/job/Trottier-Building/Course-Lecturer---SEAD-530_JR0000081385,Course Lecturer - SEAD 530,Lecturer,Part-time,Institute for Sustainability in Engineering and Design,Course; Qualification Requirements Education,10/15/2026,2026-09-29
1641,https://mcgill.wd3.myworkdayjobs.com/mcgill_careers/job/Leacock-Building/Assistant-Professor--Philosophy-and-Artificial-Intelligence_JR0000081267-1,"Assistant Professor, Philosophy and Artificial Intelligence",Assistant_Professor,Full-time,Department of Philosophy,Philosophy and Artificial Intelligence,"October 30, 2026",2026-09-29
1641,https://mcgill.wd3.myworkdayjobs.com/mcgill_careers/job/McIntyre--Medical/Teaching-Assistant---Scientific-Communication-for-Pharmacologists---PHAR-610---Winter-2027_JR0000081354,Teaching Assistant - Scientific Communication for Pharmacologists - PHAR 610 - Winter 2027,Unclassified,Part-time,,,2026-11-01,2026-09-29
1641,https://mcgill.wd3.myworkdayjobs.com/mcgill_careers/job/Macdonald-Eng-Bldg/Research-Assistant-2_JR0000081173,Research Assistant 2,Non-academic,Part-time,,,2026-10-06,2026-09-29
1641,https://mcgill.wd3.myworkdayjobs.com/mcgill_careers/job/Macdonald-Eng-Bldg/Course-Lecturer--Winter-2027--MECH-315---Intermediate-Dynamics_JR0000080833,Course Lecturer (Winter 2027) MECH 315 – Intermediate Dynamics,Lecturer,Part-time,,Course; Winter,"October 14, 2026",2026-09-29
1641,https://mcgill.wd3.myworkdayjobs.com/mcgill_careers/job/Meredith-LadyHouse/Communications-Assistant-C_JR0000081282,Communications Assistant C,Unclassified,Part-time,,Journey,2026-10-06,2026-09-29
1641,https://mcgill.wd3.myworkdayjobs.com/mcgill_careers/job/Currie-Gymnasium/Personal-Trainer_JR0000081339,Personal Trainer,Unclassified,Part-time,,,2026-10-05,2026-09-29
1641,https://mcgill.wd3.myworkdayjobs.com/mcgill_careers/job/Life-Sciences-Bldg-/Animal-Care-Assistant-C_JR0000081316,Animal Care Assistant C,Non-academic,Part-time,,,2026-10-06,2026-09-29
1641,https://mcgill.wd3.myworkdayjobs.com/mcgill_careers/job/Strathcona-AnatDent/Course-Lecturer----ANAT-316_JR0000081400,Course Lecturer  - ANAT 316,Lecturer,Part-time,Department of Anatomy and Cell Biology within the Faculty of Medicine and Health Sciences,Course; QUALIFICATION REQUIREMENTS Demonstrate excellent teaching,"October 15, 2026",2026-09-29
1641,https://mcgill.wd3.myworkdayjobs.com/mcgill_careers/job/Meredith-LadyHouse/Winter-2026-TA-IHSE--HSED-704_JR0000081403,Winter 2026 TA IHSE: HSED 704,Unclassified,Part-time,,,2026-10-12,2026-09-29
1641,https://mcgill.wd3.myworkdayjobs.com/mcgill_careers/job/Sherbrooke-550/Supplementary-Posting---Course-Lecturer-SWRK-319-Intensive-Cree-Delivery_JR0000081399,Supplementary Posting:  Course Lecturer SWRK 319 Intensive Cree Delivery,Lecturer,Part-time,School of Social Work The School of Social Work is seeking one course lecturer,Supplementary Posting; Qualification Requirements,2026-09-30,2026-09-29
1641,https://mcgill.wd3.myworkdayjobs.com/mcgill_careers/job/Various/Research-Associate_JR0000081275,Research Associate,Research_Fellow,Full-time,,,2026-10-04,2026-09-29
1641,https://mcgill.wd3.myworkdayjobs.com/mcgill_careers/job/Redpath-Library/Course-Lecturer---McGill-Writing-Centre---Graphos-WCOM-672-Course---Fall-2026_JR0000081225,Course Lecturer - McGill Writing Centre - Graphos WCOM 672 Course - Fall 2026,Lecturer,Part-time,,Course; Qualification Requirements,"September 30, 2026",2026-09-29
1641,https://mcgill.wd3.myworkdayjobs.com/mcgill_careers/job/Leacock-Building/Course-Lecturer---PHIL-419-001---Winter-2027_JR0000081247,Course Lecturer – PHIL 419-001 – Winter 2027,Lecturer,Part-time,,Course; Winter,"October 15, 2026",2026-09-28
1641,https://mcgill.wd3.myworkdayjobs.com/mcgill_careers/job/Leacock-Building/Course-Lecturer---PHIL-367-001---Winter-2027_JR0000081246,Course Lecturer – PHIL 367-001 – Winter 2027,Lecturer,Part-time,,Course; Winter,"October 15, 2026",2026-09-28
1641,https://mcgill.wd3.myworkdayjobs.com/mcgill_careers/job/Leacock-Building/Course-Lecturer---PHIL-354-001---Winter-2027_JR0000081245,Course Lecturer – PHIL 354-001 – Winter 2027,Lecturer,Part-time,,Course; Winter,"October 15, 2026",2026-09-28
1641,https://mcgill.wd3.myworkdayjobs.com/mcgill_careers/job/Burnside-Hall/Course-Lecturer---MATH-266-001--W27-_JR0000081374,Course Lecturer - MATH 266-001 (W27),Lecturer,Part-time,,Course; QUALIFICATION REQUIREMENTS,2026-10-09,2026-09-28
1641,https://mcgill.wd3.myworkdayjobs.com/mcgill_careers/job/Sherbrooke-680/Administrative-Coordinator_JR0000081364,Administrative Coordinator,Assistant_Professor; Associate_Professor; Full_Professor; Lecturer,Part-time,,,2026-10-13,2026-09-28
1641,https://mcgill.wd3.myworkdayjobs.com/mcgill_careers/job/Leacock-Building/Course-Lecturer---POLI-381-001---Winter-2027_JR0000081242,Course Lecturer – POLI 381-001 – Winter 2027,Lecturer,Part-time,,Course; Political Science,"October 15, 2026",2026-09-28
1641,https://mcgill.wd3.myworkdayjobs.com/mcgill_careers/job/Sherbrooke-680/Administrator_JR0000081078,Administrator,Non-academic,Full-time,,,2026-10-07,2026-09-28
1641,https://mcgill.wd3.myworkdayjobs.com/mcgill_careers/job/Bishop-Mountain-Hall/Counter-Person_JR0000081328,Counter Person,Unclassified,Full-time,,,2026-10-13,2026-09-28
1641,https://mcgill.wd3.myworkdayjobs.com/mcgill_careers/job/McGill-College-2001/Dental-Hygienist_JR0000081006,Dental Hygienist,Non-academic,Full-time,,,2026-10-13,2026-09-28
1641,https://mcgill.wd3.myworkdayjobs.com/mcgill_careers/job/University-3550/Secretary_JR0000081140,Secretary,Research_Fellow,Full-time,Department of Physics regarding desk assignments,,2026-10-09,2026-09-28
1641,https://mcgill.wd3.myworkdayjobs.com/mcgill_careers/job/Leacock-Building/Course-Lecturer---ECON-208-001--Winter-2027_JR0000081232,Course Lecturer – ECON 208-001– Winter 2027,Lecturer,Part-time,,Course; Winter,"October 15, 2026",2026-09-28
1641,https://mcgill.wd3.myworkdayjobs.com/mcgill_careers/job/McIntyre--Medical/Teaching-Assistant---Honours-Pharmacology-Research-Project---PHAR-598-D2---Winter-2027_JR0000081345,Teaching Assistant - Honours Pharmacology Research Project - PHAR 598 D2 - Winter 2027,Unclassified,Part-time,,,2026-11-01,2026-09-28
1641,https://mcgill.wd3.myworkdayjobs.com/mcgill_careers/job/Leacock-Building/Course-Lecturer---POLI-434-001---Winter-2027_JR0000081243-1,Course Lecturer – POLI 434-001 – Winter 2027,Lecturer,Part-time,,Course; Political Science,"October 15, 2026",2026-09-28
1641,https://mcgill.wd3.myworkdayjobs.com/mcgill_careers/job/Leacock-Building/Course-Lecturer---POLI-357-001---Winter-2027_JR0000081241,Course Lecturer – POLI 357-001 – Winter 2027,Lecturer,Part-time,,Course; Political Science,"October 15, 2026",2026-09-28
1641,https://mcgill.wd3.myworkdayjobs.com/mcgill_careers/job/Leacock-Building/Course-Lecturer---POLI-346-001---Winter-2027_JR0000081239,Course Lecturer – POLI 346-001 – Winter 2027,Lecturer,Part-time,,Course; Political Science,"October 15, 2026",2026-09-28
1641,https://mcgill.wd3.myworkdayjobs.com/mcgill_careers/job/McIntyre--Medical/Teaching-Assistant---Pharmacology-Research-Project---PHAR-599-D2---Winter-2027_JR0000081327,Teaching Assistant - Pharmacology Research Project - PHAR 599 D2 - Winter 2027,Unclassified,Part-time,,,2026-11-01,2026-09-28
1641,https://mcgill.wd3.myworkdayjobs.com/mcgill_careers/job/Leacock-Building/Course-Lecturer---ECON-219-001---Winter-2027_JR0000081233,Course Lecturer – ECON 219-001 – Winter 2027,Lecturer,Part-time,,Course; Winter,"October 15, 2026",2026-09-28
1641,https://mcgill.wd3.myworkdayjobs.com/mcgill_careers/job/Montreal-Neuro/Communications-Officer_JR0000081325,Communications Officer,Unclassified,Full-time,,,2026-10-12,2026-09-28
1641,https://mcgill.wd3.myworkdayjobs.com/mcgill_careers/job/Leacock-Building/Course-Lecturer---ECON-333-001---Winter-2027_JR0000081237-1,Course Lecturer – ECON 333-001 – Winter 2027,Lecturer,Part-time,,Course; Winter,"October 15, 2026",2026-09-28
1641,https://mcgill.wd3.myworkdayjobs.com/mcgill_careers/job/Leacock-Building/Course-Lecturer---ECON-326-001---Winter-2027_JR0000081236,Course Lecturer – ECON 326-001 – Winter 2027,Lecturer,Part-time,,Course; Winter,"October 15, 2026",2026-09-28
1641,https://mcgill.wd3.myworkdayjobs.com/mcgill_careers/job/Leacock-Building/Course-Lecturer---ECON-305-001---Winter-2027_JR0000081235,Course Lecturer – ECON 305-001 – Winter 2027,Lecturer,Part-time,,Course; Winter,"October 15, 2026",2026-09-28
1641,https://mcgill.wd3.myworkdayjobs.com/mcgill_careers/job/Leacock-Building/Course-Lecturer---ECON-225-001---Winter-2027_JR0000081234,Course Lecturer – ECON 225-001 – Winter 2027,Lecturer,Part-time,,Course; Winter,"October 15, 2026",2026-09-28
1641,https://mcgill.wd3.myworkdayjobs.com/mcgill_careers/job/McIntyre--Medical/Teaching-Assistant---Epigenetic-Drugs-and-Targets---PHAR-565---Winter-2027_JR0000081265,Teaching Assistant - Epigenetic Drugs and Targets - PHAR 565 - Winter 2027,Unclassified,Part-time,,,2026-11-01,2026-09-28
1641,https://mcgill.wd3.myworkdayjobs.com/mcgill_careers/job/Royal-Victoria-Coll/Sous-Chef_JR0000081254,Sous Chef,Unclassified,Full-time,,,2026-10-13,2026-09-28
1641,https://mcgill.wd3.myworkdayjobs.com/mcgill_careers/job/Sherbrooke-680/Student-Affairs-Manager_JR0000080871,Student Affairs Manager,Non-academic,Full-time,,,2026-10-12,2026-09-28
1641,https://mcgill.wd3.myworkdayjobs.com/mcgill_careers/job/Bishop-Mountain-Hall/Cook_JR0000081274,Cook,Unclassified,Full-time,,,2026-10-13,2026-09-28
1641,https://mcgill.wd3.myworkdayjobs.com/mcgill_careers/job/Bishop-Mountain-Hall/General-Helper-C_JR0000081257-1,General Helper C,Unclassified,Part-time,,,2026-10-13,2026-09-28
1641,https://mcgill.wd3.myworkdayjobs.com/mcgill_careers/job/Bishop-Mountain-Hall/Service-Person-C_JR0000081270,Service Person C,Unclassified,Full-time,,,2026-10-13,2026-09-28
1641,https://mcgill.wd3.myworkdayjobs.com/mcgill_careers/job/McGill-College-2001/Faculty-Lecturer-General-Dentistry_JR0000080781,Faculty Lecturer-General Dentistry,Lecturer,Part-time,Faculty of Dental Medicine and Oral Health Sciences,preventive dentistry,,2026-09-28
1641,https://mcgill.wd3.myworkdayjobs.com/mcgill_careers/job/Macdonald-Eng-Bldg/Course-Lecturer--Winter-2027--MECH-546---Finite-Element-Methods-in-Solid-Mechanics_JR0000080943,Course Lecturer (Winter 2027) MECH 546 - Finite Element Methods in Solid Mechanics,Lecturer,Part-time,,Course; Winter,"October 14, 2026",2026-09-28
1641,https://mcgill.wd3.myworkdayjobs.com/mcgill_careers/job/Macdonald-Eng-Bldg/Course-Lecturer--Winter-2027--MECH-539----Computational-Aerodynamics_JR0000080935,Course Lecturer (Winter 2027) MECH 539 -  Computational Aerodynamics,Lecturer,Part-time,,Course; Winter,"October 14, 2026",2026-09-28
1641,https://mcgill.wd3.myworkdayjobs.com/mcgill_careers/job/Macdonald-Eng-Bldg/Course-Lecturer--Winter-2027--MECH-532---Aircraft-Performance--Stability-and-Control_JR0000080928,"Course Lecturer (Winter 2027) MECH 532 - Aircraft Performance, Stability and Control",Lecturer,Part-time,,Course; Winter,"October 14, 2026",2026-09-28
1641,https://mcgill.wd3.myworkdayjobs.com/mcgill_careers/job/Macdonald-Eng-Bldg/Course-Lecturer--Winter-2027--MECH-513---Control-Systems_JR0000080835,Course Lecturer (Winter 2027) MECH 513 – Control Systems,Lecturer,Part-time,,Course; Winter,"October 14, 2026",2026-09-28
1641,https://mcgill.wd3.myworkdayjobs.com/mcgill_careers/job/Macdonald-Eng-Bldg/Course-Lecturer---Winter-2027----MECH-346-Heat-Transfer_JR0000080834,Course Lecturer  (Winter 2027) - MECH 346 Heat Transfer,Lecturer,Part-time,,Course; Winter,"October 14, 2026",2026-09-28
1641,https://mcgill.wd3.myworkdayjobs.com/mcgill_careers/job/Raymond-Building/Course-Lecturer---NUTR-343_JR0000081116,Course Lecturer - NUTR 343,Lecturer,Part-time,,Course; Qualification Requirements,"October 15, 2026",2026-09-28
1641,https://mcgill.wd3.myworkdayjobs.com/mcgill_careers/job/Macdonald-Eng-Bldg/Course-Lecturer-MECH-289--Winter-2027----Design-Graphics--Section-II--Civil-Engineering-section-_JR0000080832,"Course Lecturer MECH 289 (Winter 2027) - Design Graphics, Section II (Civil Engineering section)",Lecturer,Part-time,,Course; Winter,"October 14, 2026",2026-09-28
1641,https://mcgill.wd3.myworkdayjobs.com/mcgill_careers/job/Macdonald-Eng-Bldg/Course-Lecturer--MECH-289--Winter-2027-----Design-Graphics--Section-I--Civil-Engineering-section-_JR0000080827-1,"Course Lecturer  MECH 289 (Winter 2027) -  Design Graphics, Section I (Civil Engineering section)",Lecturer,Part-time,,Course; Winter,"October 14, 2026",2026-09-28
1641,https://mcgill.wd3.myworkdayjobs.com/mcgill_careers/job/Bronfman-Building/Teaching-Assistant---MGSC-372_JR0000081279,Teaching Assistant - MGSC 372,Unclassified,Part-time,,,2026-09-30,2026-09-28
1641,https://mcgill.wd3.myworkdayjobs.com/mcgill_careers/job/Stewart-Biology-Bldg/Research-Assistant-2_JR0000080584,Research Assistant 2,Non-academic,Full-time,Department of Biology,policy,2026-10-02,2026-09-28
1641,https://mcgill.wd3.myworkdayjobs.com/mcgill_careers/job/McLennan-Library/Open-House-Student-Ambassador_JR0000081266,Open House Student Ambassador,Unclassified,Part-time,,,2026-10-05,2026-09-28
1641,https://mcgill.wd3.myworkdayjobs.com/mcgill_careers/job/Strathcona-Music/Audio-Visual-Assistant-C--Digital-Composition-Studios-_JR0000081224,Audio Visual Assistant C (Digital Composition Studios),Unclassified,Part-time,School of Music,,2026-10-05,2026-09-28
1641,https://mcgill.wd3.myworkdayjobs.com/mcgill_careers/job/Bronfman-Building/Faculty-Position-in-Information-Systems---Ranked-Contract-Academic-Staff--CAS---Desautels-Faculty-of-Management--McGill-University_JR0000080822,"Faculty Position in Information Systems - Ranked Contract Academic Staff (CAS), Desautels Faculty of Management, McGill University",Unclassified,Full-time,"Faculty of Management, McGill University",Information Systems; Analytics,"October 31, 2026",2026-09-28
1641,https://mcgill.wd3.myworkdayjobs.com/mcgill_careers/job/James-Admin-Bldg/Assistant-Vice-President--Research-Strategy-and-Services_JR0000081050,"Assistant Vice-President, Research Strategy and Services",Unclassified,Full-time,,University's Strategic Research Plan,,2026-09-28
1641,https://mcgill.wd3.myworkdayjobs.com/mcgill_careers/job/Macdonald-Eng-Bldg/Course-Lecturer---CIVE-207---Solid-Mechanics---section-1_JR0000081313,Course Lecturer - CIVE 207 - Solid Mechanics - section 1,Lecturer,Part-time,,Course; Qualification Requirements,"October 15, 2026",2026-09-30
1641,https://mcgill.wd3.myworkdayjobs.com/mcgill_careers/job/Macdonald-Eng-Bldg/Course-Lecturer---CIVE-418-Design-Project_JR0000081331,Course Lecturer - CIVE 418 Design Project,Lecturer,Part-time,,Course; Qualification Requirements,"October 15, 2026",2026-09-30
1641,https://mcgill.wd3.myworkdayjobs.com/mcgill_careers/job/Macdonald-Eng-Bldg/Course-Lecturer---CIVE-432-Technical-Paper_JR0000081336,Course Lecturer - CIVE 432 Technical Paper,Lecturer,Part-time,,Course; Qualification Requirements,"October 15, 2026",2026-09-30
1641,https://mcgill.wd3.myworkdayjobs.com/mcgill_careers/job/Macdonald-Eng-Bldg/Course-Lecturer---CIVE-207---Solid-Mechanics---section-5_JR0000081348,Course Lecturer - CIVE 207 - Solid Mechanics - section 5,Lecturer,Part-time,,Course; Qualification Requirements,"October 15, 2026",2026-09-30
1641,https://mcgill.wd3.myworkdayjobs.com/mcgill_careers/job/Macdonald-Eng-Bldg/Course-Lecturer---CIVE-612-Earthquake-Resistant-Design_JR0000081346,Course Lecturer - CIVE 612 Earthquake-Resistant Design,Lecturer,Part-time,,Course; Qualification Requirements,"October 15, 2026",2026-09-30
1641,https://mcgill.wd3.myworkdayjobs.com/mcgill_careers/job/Macdonald-Eng-Bldg/Course-Lecturer---CIVE-202-Construction-Materials_JR0000081380-1,Course Lecturer - CIVE 202 Construction Materials,Lecturer,Part-time,,Course; Qualification Requirements,"October 15, 2026",2026-09-30
1641,https://mcgill.wd3.myworkdayjobs.com/mcgill_careers/job/Macdonald-Eng-Bldg/Course-Lecturer---CIVE-418-Design-Project-1_JR0000081351,Course Lecturer - CIVE 418 Design Project-1,Lecturer,Part-time,,Course; Qualification Requirements,"October 15, 2026",2026-09-30
1641,https://mcgill.wd3.myworkdayjobs.com/mcgill_careers/job/Macdonald-Eng-Bldg/Course-Lecturer---CIVE-302-Probabilistic-Systems_JR0000081622,Course Lecturer - CIVE 302 Probabilistic Systems,Lecturer,Part-time,,Course; Qualification Requirements,"October 15, 2026",2026-09-30
1641,https://mcgill.wd3.myworkdayjobs.com/mcgill_careers/job/McGill-College-2001/Postdoctoral-Researcher_JR0000081624,Postdoctoral Researcher,Research_Fellow,Full-time,,public engagement Strong writing; policy-relevant outputs,2026-10-30,2026-09-30
1641,https://mcgill.wd3.myworkdayjobs.com/mcgill_careers/job/Wong-Building/Course-Lecturer--CHEE384--Materials-Engineering-_JR0000081618,Course Lecturer: CHEE384 (Materials Engineering),Lecturer,Part-time,,Course; Winter,2026-10-18,2026-09-30
1641,https://mcgill.wd3.myworkdayjobs.com/mcgill_careers/job/McIntyre--Medical/Teaching-Assistant--Winter-2027----Advanced-Strategies-in-Genetics---Genomics---BIOC-600_JR0000081586,Teaching Assistant (Winter 2027) - Advanced Strategies in Genetics & Genomics - BIOC 600,Non-academic,Part-time,"Department of Biochemistry, or in another graduate program",Assistant,2026-11-02,2026-09-30
1641,https://mcgill.wd3.myworkdayjobs.com/mcgill_careers/job/LODS-Research-Centre/Lab-Helper-B_JR0000081595,Lab Helper B,Unclassified,Part-time,,,2026-10-05,2026-09-30
1641,https://mcgill.wd3.myworkdayjobs.com/mcgill_careers/job/McIntyre--Medical/Teaching-Assistant--Winter-2027----RNA-in-Diseases-and-Therapeutics---BIOC-505_JR0000081355,Teaching Assistant (Winter 2027) - RNA in Diseases and Therapeutics - BIOC 505,Non-academic,Part-time,"Department of Biochemistry, or in another graduate program",Assistant,2026-11-02,2026-09-30
1641,https://mcgill.wd3.myworkdayjobs.com/mcgill_careers/job/McIntyre--Medical/Teaching-Assistant--Winter-2027----Biochemistry-of-Immune-Diseases---BIOC-503_JR0000081572,Teaching Assistant (Winter 2027) - Biochemistry of Immune Diseases - BIOC 503,Non-academic,Part-time,"Department of Biochemistry, or in another graduate program",Assistant,2026-11-02,2026-09-30
1641,https://mcgill.wd3.myworkdayjobs.com/mcgill_careers/job/McConnell-Eng-Bldg/Course-Lecturer---ECSE-428--Winter-2027-_JR0000081515,Course Lecturer - ECSE 428 (Winter 2027),Lecturer,Part-time,,Course; Software Engineering,2026-10-15,2026-09-30
1641,https://mcgill.wd3.myworkdayjobs.com/mcgill_careers/job/McConnell-Eng-Bldg/Course-Lecturer---ECSE-536--Winter-2027-_JR0000081519,Course Lecturer - ECSE 536 (Winter 2027),Lecturer,Part-time,,Course; Qualification Requirements,2026-10-15,2026-09-30
1641,https://mcgill.wd3.myworkdayjobs.com/mcgill_careers/job/McIntyre--Medical/Teaching-Assistant--Winter-2027----Membranes-and-Cellular-Signaling---BIOC-458_JR0000081532,Teaching Assistant (Winter 2027) - Membranes and Cellular Signaling - BIOC 458,Non-academic,Part-time,"Department of Biochemistry, or in another graduate program",Assistant,2026-11-02,2026-09-30
1641,https://mcgill.wd3.myworkdayjobs.com/mcgill_careers/job/McIntyre--Medical/Teaching-Assistant--Winter-2027----Biophysical-Methods-in-Biochemistry---BIOC-404_JR0000081384,Teaching Assistant (Winter 2027) - Biophysical Methods in Biochemistry - BIOC 404,Non-academic,Part-time,"Department of Biochemistry, or in another graduate program",Assistant,2026-11-02,2026-09-30
1641,https://mcgill.wd3.myworkdayjobs.com/mcgill_careers/job/Raymond-Building/Course-Lecturer---MICR-450_JR0000081461,Course Lecturer - MICR 450,Lecturer,Part-time,,Course; Qualification Requirements,2026-10-15,2026-09-30
1641,https://mcgill.wd3.myworkdayjobs.com/mcgill_careers/job/McIntyre--Medical/Teaching-Assistant--Winter-2027----Biochemistry-of-Macromolecules---BIOC-312_JR0000081383,Teaching Assistant (Winter 2027) - Biochemistry of Macromolecules - BIOC 312,Non-academic,Part-time,"Department of Biochemistry, or in another graduate program",Assistant,2026-11-02,2026-09-30
1641,https://mcgill.wd3.myworkdayjobs.com/mcgill_careers/job/McIntyre--Medical/Teaching-Assistant--Winter-2027----Written-Communication-in-Biomedical-Sciences---BIOC-301_JR0000081530,Teaching Assistant (Winter 2027) - Written Communication in Biomedical Sciences - BIOC 301,Non-academic,Part-time,"Department of Biochemistry, or in another graduate program",Assistant,2026-11-02,2026-09-30
1641,https://mcgill.wd3.myworkdayjobs.com/mcgill_careers/job/McIntyre--Medical/Teaching-Assistant--Winter-2027----Laboratory-Methods-in-Biochemistry-and-Molecular-Biology-1---BIOC-220--Lab-_JR0000081382,Teaching Assistant (Winter 2027) - Laboratory Methods in Biochemistry and Molecular Biology 1 - BIOC 220 (Lab),Non-academic,Part-time,"Department of Biochemistry, or in another graduate program",Assistant,2026-11-02,2026-09-30
1641,https://mcgill.wd3.myworkdayjobs.com/mcgill_careers/job/McIntyre--Medical/Teaching-Assistant--Winter-2027----Molecular-Mechanisms-of-Cell-Function---BIOC-212_JR0000081344,Teaching Assistant (Winter 2027) - Molecular Mechanisms of Cell Function - BIOC 212,Unclassified,Part-time,"Department of Biochemistry, or in another graduate program",Assistant,2026-11-02,2026-09-30
1641,https://mcgill.wd3.myworkdayjobs.com/mcgill_careers/job/Horticulture-Service/Field-Operations-Assistant_JR0000076382,Field Operations Assistant,Non-academic,Part-time,,,2026-10-04,2026-09-30
1641,https://mcgill.wd3.myworkdayjobs.com/mcgill_careers/job/Day-ChancellorHall/Student-Office-Assistant-Assistant-e--administratif-ve--tudiant-e----CD---Law310_JR0000081592-1,Student Office Assistant/Assistant(e) administratif(ve) étudiant(e) - CD - Law310,Unclassified,Part-time,,,2026-10-07,2026-09-30
1641,https://mcgill.wd3.myworkdayjobs.com/mcgill_careers/job/McConnell-Eng-Bldg/Course-Lecturer---ECSE-205--Winter-2027-_JR0000081521,Course Lecturer - ECSE 205 (Winter 2027),Lecturer,Part-time,,Course; Qualification Requirements,2026-10-15,2026-09-30
1641,https://mcgill.wd3.myworkdayjobs.com/mcgill_careers/job/McConnell-Eng-Bldg/Course-Lecturer---ECSE-343--Winter-2027-_JR0000081517,Course Lecturer - ECSE 343 (Winter 2027),Lecturer,Part-time,,Course; Qualification Requirements,2026-10-15,2026-09-30
1641,https://mcgill.wd3.myworkdayjobs.com/mcgill_careers/job/McConnell-Eng-Bldg/Course-Lecturer---ECSE-206--Winter-2027-_JR0000081522,Course Lecturer - ECSE 206 (Winter 2027),Lecturer,Part-time,,Course; Systems; Qualification Requirements,2026-10-15,2026-09-30
1641,https://mcgill.wd3.myworkdayjobs.com/mcgill_careers/job/McIntyre--Medical/Teaching-Assistant-NSCI-400D2---Neuroscience-Seminar---Winter-2027_JR0000081585,Teaching Assistant NSCI 400D2 - Neuroscience Seminar - Winter 2027,Unclassified,Part-time,,,2026-11-01,2026-09-30
1641,https://mcgill.wd3.myworkdayjobs.com/mcgill_careers/job/Montreal-Neuro/Clinical-Research-Coordinator_JR0000081453,Clinical Research Coordinator,Non-academic,Full-time,,,2026-10-14,2026-09-30
1641,https://mcgill.wd3.myworkdayjobs.com/mcgill_careers/job/McIntyre--Medical/Teaching-Assistant---PHGY-560---Light-Microscopy-for-the-Life-Science---Winter-2027_JR0000081579,Teaching Assistant - PHGY 560 - Light Microscopy for the Life Science - Winter 2027,Unclassified,Part-time,,,2026-11-01,2026-09-30
1641,https://mcgill.wd3.myworkdayjobs.com/mcgill_careers/job/Education-Building/Student-Research-Assistant_JR0000081082,Student Research Assistant,Associate_Professor,Part-time,,,2026-10-04,2026-09-30
1641,https://mcgill.wd3.myworkdayjobs.com/mcgill_careers/job/McIntyre--Medical/Teaching-Assistant---PHGY-351---Research-Techniques-in-Physiology---Winter-2027_JR0000081560,Teaching Assistant - PHGY 351 - Research Techniques in Physiology - Winter 2027,Unclassified,Part-time,,,2026-11-01,2026-09-30
1641,https://mcgill.wd3.myworkdayjobs.com/mcgill_careers/job/Day-ChancellorHall/Research-Assistant-Assistant-de-recherche---VMF-SSHRC260_JR0000081543,Research Assistant/Assistant de recherche - VMF SSHRC260,Associate_Professor,Part-time,,,2026-10-07,2026-09-30
1641,https://mcgill.wd3.myworkdayjobs.com/mcgill_careers/job/Centennial-Centre/Invigilator_JR0000081563,Invigilator,Unclassified,Part-time,Faculty of Agricultural & Environmental Sciences,,2026-10-13,2026-09-30
1641,https://mcgill.wd3.myworkdayjobs.com/mcgill_careers/job/McIntyre--Medical/Teaching-Assistant----PHGY-213---Introductory-Physiology-Lab-2---Winter-2027_JR0000081548,Teaching Assistant -  PHGY 213 - Introductory Physiology Lab 2 - Winter 2027,Unclassified,Part-time,,,2026-11-01,2026-09-30
1641,https://mcgill.wd3.myworkdayjobs.com/mcgill_careers/job/Horticulture-Service/Field-Operation-Assistant-5_JR0000081387,Field Operation Assistant-5,Non-academic,Part-time,,,2026-10-04,2026-09-30
1641,https://mcgill.wd3.myworkdayjobs.com/mcgill_careers/job/Sherbrooke-1010/Access-Services-Advisor_JR0000081612-1,Access Services Advisor,Assistant_Professor; Associate_Professor; Full_Professor,Full-time,,,,2026-10-01
1641,https://mcgill.wd3.myworkdayjobs.com/mcgill_careers/job/Strathcona-Music/Office-Assistant-A--Manager-Librarian---Beethoven-Orchestra-_JR0000081688,Office Assistant A (Manager/Librarian - Beethoven Orchestra),Non-academic,Part-time,,,2026-10-08,2026-10-01
1641,https://mcgill.wd3.myworkdayjobs.com/mcgill_careers/job/Life-Sciences-Bldg-/Research-Technician_JR0000078998,Research Technician,Non-academic,Full-time,,,2026-10-04,2026-10-01
1641,https://mcgill.wd3.myworkdayjobs.com/mcgill_careers/job/MeredithChasHouse/Secretary_JR0000081171,Secretary,Unclassified,Full-time,,,2026-10-12,2026-10-01
1641,https://mcgill.wd3.myworkdayjobs.com/mcgill_careers/job/Education-Building/Course-Lecturer-EDPI-309-ONLINE-ECP-W27_JR0000081696,Course Lecturer EDPI 309 ONLINE ECP W27,Lecturer,Part-time,,Course; Qualification Requirements,"October 15, 2026",2026-10-01
1641,https://mcgill.wd3.myworkdayjobs.com/mcgill_careers/job/Various/Student-Research-Assistant_JR0000081671,Student Research Assistant,Non-academic,Part-time,,,2026-10-10,2026-10-01
1641,https://mcgill.wd3.myworkdayjobs.com/mcgill_careers/job/Education-Building/Course-Lecturer-EDPI-309-ECP-W27_JR0000081691,Course Lecturer EDPI 309 ECP W27,Lecturer,Part-time,,Course; Qualification Requirements,"October 15, 2026",2026-10-01
1641,https://mcgill.wd3.myworkdayjobs.com/mcgill_careers/job/Penfield-740/Assistant-Professor--Tenure-Track--in-Biosensing--Canada-Impact--Emerging-Leaders-Program--Department-of-Biomedical-Engineering--RL-L001829_JR0000081518,"Assistant Professor (Tenure-Track) in Biosensing, Canada Impact+ Emerging Leaders Program, Department of Biomedical Engineering, RL#L001829",Assistant_Professor,Full-time,Faculty of Medicine and Health Sciences and School of Biomedical Sciences,RL#L001829; Canada’s strategic priority areas; School of Biomedical Sciences; complementing the existing offerings Disseminate,"November 15, 2026",2026-10-01
1641,https://mcgill.wd3.myworkdayjobs.com/mcgill_careers/job/Education-Building/Course-Lecturer-EDPT-204-ECP-W27_JR0000081687,Course Lecturer EDPT 204 ECP W27,Lecturer,Part-time,,Course; this subject; professional experience; Qualification Requirements,"October 15, 2026",2026-10-01
1641,https://mcgill.wd3.myworkdayjobs.com/mcgill_careers/job/McGill-College-2001/Research-Assistant-2_JR0000081685,Research Assistant 2,Assistant_Professor,Full-time,,,2026-10-06,2026-10-01
1641,https://mcgill.wd3.myworkdayjobs.com/mcgill_careers/job/Education-Building/Research-Assistant-2_JR0000081092,Research Assistant 2,Associate_Professor,Part-time,"Department of Integrated Studies in Education, McGill University MA in Education",,2026-10-04,2026-10-01
1641,https://mcgill.wd3.myworkdayjobs.com/mcgill_careers/job/Education-Building/Course-Lecturer-EDPI-441-ECP-W27_JR0000081683,Course Lecturer EDPI 441 ECP W27,Lecturer,Part-time,,Course; Qualification Requirements,"October 15, 2026",2026-10-01
1641,https://mcgill.wd3.myworkdayjobs.com/mcgill_careers/job/Sherbrooke-680/Course-Lecturers---Department-of-Languages--Literatures--and-Cultures---Winter-2027_JR0000080694,"Course Lecturers - Department of Languages, Literatures, and Cultures - Winter 2027",Lecturer,Full-time,"Department of Languages, Literatures, and Cultures",Latin American Studies,"October 15, 2026",2026-10-01
1641,https://mcgill.wd3.myworkdayjobs.com/mcgill_careers/job/Strathcona-AnatDent/Undergraduate-Course-Assistant-ISON_JR0000081658-1,Undergraduate Course Assistant_ISON,Unclassified,Part-time,,Dates,2026-10-08,2026-10-01
1641,https://mcgill.wd3.myworkdayjobs.com/mcgill_careers/job/Education-Building/Course-Lecturer-EDPI-442-ECP-W27_JR0000081682,Course Lecturer EDPI 442 ECP W27,Lecturer,Part-time,,Course; Adherence,"October 15, 2026",2026-10-01
1641,https://mcgill.wd3.myworkdayjobs.com/mcgill_careers/job/Education-Building/Course-Lecturer-EDEE-223-003-DISE-W27_JR0000081205,Course Lecturer EDEE 223-003 DISE W27,Lecturer,Part-time,Department of Integrated Studies in Education,Course; Qualification Requirements,2026-10-15,2026-10-01
1641,https://mcgill.wd3.myworkdayjobs.com/mcgill_careers/job/Education-Building/Course-Lecturer-EDEE-223-004-005-DISE-W27_JR0000081207,Course Lecturer EDEE 223-004/005 DISE W27,Lecturer,Part-time,Department of Integrated Studies in Education,Course; Qualification Requirements,2026-10-15,2026-10-01
1641,https://mcgill.wd3.myworkdayjobs.com/mcgill_careers/job/Education-Building/Course-Lecturer-EDEC-405-003-DISE-W27_JR0000081194-1,Course Lecturer EDEC 405-003 DISE W27,Lecturer,Part-time,Department of Integrated Studies in Education,Course; Quebec elementary,2026-10-15,2026-10-01
1641,https://mcgill.wd3.myworkdayjobs.com/mcgill_careers/job/Education-Building/Course-Lecturer-EDEC-405-002-DISE-W27_JR0000081191,Course Lecturer EDEC 405-002 DISE W27,Lecturer,Part-time,Department of Integrated Studies in Education,Course; Quebec elementary,2026-10-15,2026-10-01
1641,https://mcgill.wd3.myworkdayjobs.com/mcgill_careers/job/Education-Building/Course-Lecturer-EDEC-404-002-DISE-W27_JR0000081175,Course Lecturer EDEC 404-002 DISE W27,Lecturer,Part-time,Department of Integrated Studies in Education,Course; Quebec elementary,2026-10-15,2026-10-01
1641,https://mcgill.wd3.myworkdayjobs.com/mcgill_careers/job/Education-Building/Course-Lecturer-EDEC-404-003-DISE-W27_JR0000081178,Course Lecturer EDEC 404-003 DISE W27,Lecturer,Part-time,Department of Integrated Studies in Education,Course; Quebec elementary,2026-10-15,2026-10-01
1641,https://mcgill.wd3.myworkdayjobs.com/mcgill_careers/job/Education-Building/Course-Lecturer-EDEC-301-001-DISE-W27_JR0000081174,Course Lecturer EDEC 301-001 DISE W27,Lecturer,Part-time,Department of Integrated Studies in Education,Course; happiness; well-being; Qualification Requirements,2026-10-15,2026-10-01
1641,https://mcgill.wd3.myworkdayjobs.com/mcgill_careers/job/Education-Building/Course-Lecturer-EDEC-262-002-003-DISE-W27_JR0000081172,Course Lecturer EDEC 262-002/003 DISE W27,Lecturer,Part-time,Department of Integrated Studies in Education,Course; Qualification Requirements,2026-10-15,2026-10-01
1641,https://mcgill.wd3.myworkdayjobs.com/mcgill_careers/job/Education-Building/Course-Lecturer-EDEC-249-003-004-DISE-W27_JR0000081167,Course Lecturer EDEC 249-003/004 DISE W27,Lecturer,Part-time,Department of Integrated Studies in Education,Course; Qualification Requirements,2026-10-15,2026-10-01
1641,https://mcgill.wd3.myworkdayjobs.com/mcgill_careers/job/Education-Building/Course-Lecturer-EDEC-262-001-DISE-W27_JR0000081168,Course Lecturer EDEC 262-001 DISE W27,Lecturer,Part-time,Department of Integrated Studies in Education,Course; Qualification Requirements,2026-10-15,2026-10-01
1641,https://mcgill.wd3.myworkdayjobs.com/mcgill_careers/job/Education-Building/Course-Lecturer-EDEC-249-001-002-DISE-W27_JR0000081164,Course Lecturer EDEC 249-001/002 DISE W27,Lecturer,Part-time,Department of Integrated Studies in Education,Course; Qualification Requirements,2026-10-15,2026-10-01
1641,https://mcgill.wd3.myworkdayjobs.com/mcgill_careers/job/Macdonald-Eng-Bldg/Research-Assistant-2_JR0000081072-1,Research Assistant 2,Assistant_Professor,Part-time,Department of Mechanical Engineering,,2026-10-08,2026-10-01
1641,https://mcgill.wd3.myworkdayjobs.com/mcgill_careers/job/Education-Building/Course-Lecturer-EDEC-247-001-EDTL-607-002-DISE-W27_JR0000081155,Course Lecturer EDEC 247-001/EDTL 607-002 DISE W27,Lecturer,Part-time,Department of Integrated Studies in Education,Course; Quebec school,2026-10-15,2026-10-01
1641,https://mcgill.wd3.myworkdayjobs.com/mcgill_careers/job/Education-Building/Course-Lecturer-EDEC-233-001-002-DISE-W27_JR0000081150,Course Lecturer EDEC 233-001/002 DISE W27,Lecturer,Part-time,Department of Integrated Studies in Education,Course; Quebec elementary,2026-10-15,2026-10-01
1641,https://mcgill.wd3.myworkdayjobs.com/mcgill_careers/job/Education-Building/Course-Lecturer-EDEC-233-003-004-DISE-W27_JR0000081154,Course Lecturer EDEC 233-003/004 DISE W27,Lecturer,Part-time,Department of Integrated Studies in Education,Course; Quebec elementary,2026-10-15,2026-10-01
1641,https://mcgill.wd3.myworkdayjobs.com/mcgill_careers/job/Education-Building/Course-Lecturer-EDEC-221-003-004-DISE-W27_JR0000081149,Course Lecturer EDEC 221-003/004 DISE W27,Lecturer,Part-time,Department of Integrated Studies in Education,Course; Qualification Requirements,2026-10-15,2026-10-01
1641,https://mcgill.wd3.myworkdayjobs.com/mcgill_careers/job/Education-Building/Course-Lecturer-EDEC-203-002-DISE-W27_JR0000081144,Course Lecturer EDEC 203-002 DISE W27,Lecturer,Part-time,Department of Integrated Studies in Education,Course; Quebec school,2026-10-15,2026-10-01
1641,https://mcgill.wd3.myworkdayjobs.com/mcgill_careers/job/Education-Building/Course-Lecturer-EDEC-221-001-002-DISE-W27_JR0000081147,Course Lecturer EDEC 221-001/002 DISE W27,Lecturer,Part-time,Department of Integrated Studies in Education,Course; Qualification Requirements,2026-10-15,2026-10-01
1641,https://mcgill.wd3.myworkdayjobs.com/mcgill_careers/job/Education-Building/Course-Lecturer-EDEA-496-001-DISE-W27_JR0000081137,Course Lecturer EDEA 496-001 DISE W27,Lecturer,Part-time,Department of Integrated Studies in Education,Course; Qualification Requirements,2026-10-15,2026-10-01
1641,https://mcgill.wd3.myworkdayjobs.com/mcgill_careers/job/Education-Building/Course-Lecturer-EDEC-203-001-DISE-W27_JR0000081142,Course Lecturer EDEC 203-001 DISE W27,Lecturer,Part-time,Department of Integrated Studies in Education,Course; Quebec school,2026-10-15,2026-10-01
1641,https://mcgill.wd3.myworkdayjobs.com/mcgill_careers/job/Education-Building/Course-Lecturer-EDEA-472-001-DISE-W27_JR0000081136,Course Lecturer EDEA 472-001 DISE W27,Lecturer,Part-time,Department of Integrated Studies in Education,Course; Qualification Requirements,2026-10-15,2026-10-01
1641,https://mcgill.wd3.myworkdayjobs.com/mcgill_careers/job/Education-Building/Course-Lecturer-EDEA-345-001-DISE-W27_JR0000081117,Course Lecturer EDEA 345-001 DISE W27,Lecturer,Part-time,Department of Integrated Studies in Education,Course; Quebec Elementary,2026-10-15,2026-10-01
1641,https://mcgill.wd3.myworkdayjobs.com/mcgill_careers/job/Education-Building/Course-Lecturer-EDEA-407-001-EDEC-404-001-DISE-W27_JR0000081127,Course Lecturer EDEA 407-001/EDEC 404-001 DISE W27,Lecturer,Part-time,Department of Integrated Studies in Education,Course; Quebec elementary,2026-10-15,2026-10-01
1641,https://mcgill.wd3.myworkdayjobs.com/mcgill_careers/job/Education-Building/Course-Lecturer-EDEA-241-001-DISE-W27_JR0000081107,Course Lecturer EDEA 241-001 DISE W27,Lecturer,Part-time,Department of Integrated Studies in Education,Course; Qualification Requirements,2026-10-15,2026-10-01
1641,https://mcgill.wd3.myworkdayjobs.com/mcgill_careers/job/Education-Building/Course-Lecturer-EDEA-342-001-DISE-W27_JR0000081110-1,Course Lecturer EDEA 342-001 DISE W27,Lecturer,Part-time,Department of Integrated Studies in Education,Course; Qualification Requirements,2026-10-15,2026-10-01
1641,https://mcgill.wd3.myworkdayjobs.com/mcgill_careers/job/Education-Building/Course-Lecturer-EDEA-205-001-DISE-W27_JR0000081102,Course Lecturer EDEA 205-001 DISE W27,Lecturer,Part-time,Department of Integrated Studies in Education,Course; Qualification Requirements,2026-10-15,2026-10-01
1641,https://mcgill.wd3.myworkdayjobs.com/mcgill_careers/job/Education-Building/Course-Lecturer-EDEA-204-002-DISE-W27_JR0000081655,Course Lecturer EDEA 204-002 DISE W27,Lecturer,Part-time,Department of Integrated Studies in Education,Course; Qualification Requirements,2026-10-15,2026-10-01
1641,https://mcgill.wd3.myworkdayjobs.com/mcgill_careers/job/Education-Building/Course-Lecturer-EDEA-204-001-DISE-W27_JR0000081095,Course Lecturer EDEA 204-001 DISE W27,Lecturer,Part-time,Department of Integrated Studies in Education,Course; Qualification Requirements,2026-10-15,2026-10-01
1641,https://mcgill.wd3.myworkdayjobs.com/mcgill_careers/job/Education-Building/Course-Lecturer-EDER-600-001-002-DISE-W27_JR0000081300,Course Lecturer EDER 600-001/002 DISE W27,Lecturer,Part-time,Department of Integrated Studies in Education,Course; Qualification Requirements,2026-10-15,2026-10-01
1641,https://mcgill.wd3.myworkdayjobs.com/mcgill_careers/job/Education-Building/Course-Lecturer-EDER-372-001-DISE-W27_JR0000081292,Course Lecturer EDER 372-001 DISE W27,Lecturer,Part-time,Department of Integrated Studies in Education,Course; ERC program; Quebec secondary school,2026-10-15,2026-10-01
1641,https://mcgill.wd3.myworkdayjobs.com/mcgill_careers/job/Education-Building/Course-Lecturer-EDER-360-002-DISE-W27_JR0000081291,Course Lecturer EDER 360-002 DISE W27,Lecturer,Part-time,Department of Integrated Studies in Education,Course; Quebec elementary school system,2026-10-15,2026-10-01
1641,https://mcgill.wd3.myworkdayjobs.com/mcgill_careers/job/Education-Building/Course-Lecturer-EDER-360-001-DISE-W27_JR0000081289,Course Lecturer EDER 360-001 DISE W27,Lecturer,Part-time,Department of Integrated Studies in Education,Course; Quebec elementary school system,2026-10-15,2026-10-01
1641,https://mcgill.wd3.myworkdayjobs.com/mcgill_careers/job/Education-Building/Course-Lecturer-EDPE-682-ECP-W27_JR0000081678,Course Lecturer EDPE 682 ECP W27,Lecturer,Part-time,,Course; Adherence; experience supervising quantitative research; Qualification Requirements,"October 15, 2026",2026-10-01
1641,https://mcgill.wd3.myworkdayjobs.com/mcgill_careers/job/Education-Building/Course-Lecturer-EDEM-671-030-DISE-W27_JR0000081281,Course Lecturer EDEM 671-030 DISE W27,Lecturer,Part-time,Department of Integrated Studies in Education,Course; Qualification Requirements,2026-10-15,2026-10-01
1641,https://mcgill.wd3.myworkdayjobs.com/mcgill_careers/job/Various/Course-Lecturer-EDEC-300-716-OFNIE-F26_JR0000081335-1,Course Lecturer EDEC 300 716 OFNIE F26,Lecturer,Part-time,,Course; Quebec elementary school,"October 14, 2026",2026-10-01
1641,https://mcgill.wd3.myworkdayjobs.com/mcgill_careers/job/Education-Building/Course-Lecturer-EDEM-646-025-DISE-W27_JR0000081278,Course Lecturer EDEM 646-025 DISE W27,Lecturer,Part-time,Department of Integrated Studies in Education,Course; Qualification Requirements,2026-10-15,2026-10-01
1641,https://mcgill.wd3.myworkdayjobs.com/mcgill_careers/job/Life-Sciences-Bldg-/Research-Associate_JR0000081673,Research Associate,Research_Fellow,Full-time,,Microbiology; Immunology,2026-10-08,2026-10-01
1641,https://mcgill.wd3.myworkdayjobs.com/mcgill_careers/job/Education-Building/Course-Lecturer-EDEM-637-001-DISE-W27_JR0000081273-1,Course Lecturer EDEM 637-001 DISE W27,Lecturer,Part-time,Department of Integrated Studies in Education,Course; Qualification Requirements,2026-10-15,2026-10-01
1641,https://mcgill.wd3.myworkdayjobs.com/mcgill_careers/job/Education-Building/Course-Lecturer-EDEE-332-003-DISE-W27_JR0000081269,Course Lecturer EDEE 332-003 DISE W27,Lecturer,Part-time,Department of Integrated Studies in Education,Course; elementary mathematics pedagogy Research on; reasoning; Mathematics documents Research on elementary,2026-10-15,2026-10-01
1641,https://mcgill.wd3.myworkdayjobs.com/mcgill_careers/job/Education-Building/Course-Lecturer-EDEE-332-004-DISE-W27_JR0000081271,Course Lecturer EDEE 332-004 DISE W27,Lecturer,Part-time,Department of Integrated Studies in Education,Course; elementary mathematics pedagogy Research on; reasoning; Mathematics documents Research on elementary,2026-10-15,2026-10-01
1641,https://mcgill.wd3.myworkdayjobs.com/mcgill_careers/job/Education-Building/Course-Lecturer-EDEE-283-004-DISE-W27_JR0000081268-1,Course Lecturer EDEE 283-004 DISE W27,Lecturer,Part-time,Department of Integrated Studies in Education,Course; Qualification Requirements,2026-10-15,2026-10-01
1641,https://mcgill.wd3.myworkdayjobs.com/mcgill_careers/job/Education-Building/Course-Lecturer-EDEE-283-003-DISE-W27_JR0000081264,Course Lecturer EDEE 283-003 DISE W27,Lecturer,Part-time,Department of Integrated Studies in Education,Course; Qualification Requirements,2026-10-15,2026-10-01
1641,https://mcgill.wd3.myworkdayjobs.com/mcgill_careers/job/Education-Building/Course-Lecturer-EDEE-273-004-DISE-W27_JR0000081262,Course Lecturer EDEE 273-004 DISE W27,Lecturer,Part-time,Department of Integrated Studies in Education,Course; elementary science pedagogy Research on; French,2026-10-15,2026-10-01
1641,https://mcgill.wd3.myworkdayjobs.com/mcgill_careers/job/Education-Building/Course-Lecturer-EDEE-273-003-DISE-W27_JR0000081260,Course Lecturer EDEE 273-003 DISE W27,Lecturer,Part-time,Department of Integrated Studies in Education,Course; elementary science pedagogy Research on; Qualification Requirements,2026-10-15,2026-10-01
1641,https://mcgill.wd3.myworkdayjobs.com/mcgill_careers/job/Education-Building/Course-Lecturer-EDEE-273-002-DISE-W27_JR0000081255,Course Lecturer EDEE 273-002 DISE W27,Lecturer,Part-time,Department of Integrated Studies in Education,Course; elementary science pedagogy Research on; Qualification Requirements,2026-10-15,2026-10-01
1641,https://mcgill.wd3.myworkdayjobs.com/mcgill_careers/job/Morrice-Hall/Grader---Arabic-Language-Courses---Winter-2027_JR0000080695-1,Grader - Arabic Language Courses - Winter 2027,Unclassified,Full-time,Institute of Islamic Studies,,,2026-10-01
1641,https://mcgill.wd3.myworkdayjobs.com/mcgill_careers/job/Education-Building/Course-Lecturer-EDEE-260-004-DISE-W27_JR0000081252,Course Lecturer EDEE 260-004 DISE W27,Lecturer,Part-time,Department of Integrated Studies in Education,Course; Science of reading,2026-10-15,2026-10-01
1641,https://mcgill.wd3.myworkdayjobs.com/mcgill_careers/job/Education-Building/Course-Lecturer-EDEE-260-003-DISE-W27_JR0000081250,Course Lecturer EDEE 260-003 DISE W27,Lecturer,Part-time,Department of Integrated Studies in Education,Course; Science of reading,2026-10-15,2026-10-01
1641,https://mcgill.wd3.myworkdayjobs.com/mcgill_careers/job/Education-Building/Course-Lecturer-EDEE-260-002-DISE-W27_JR0000081248,Course Lecturer EDEE 260-002 DISE W27,Lecturer,Part-time,Department of Integrated Studies in Education,Course; Science of reading,2026-10-15,2026-10-01
1641,https://mcgill.wd3.myworkdayjobs.com/mcgill_careers/job/Education-Building/Course-Lecturer-EDEE-253-004-DISE-W27_JR0000081218,Course Lecturer EDEE 253-004 DISE W27,Lecturer,Part-time,Department of Integrated Studies in Education,Course; French,2026-10-15,2026-10-01
1641,https://mcgill.wd3.myworkdayjobs.com/mcgill_careers/job/Education-Building/Course-Lecturer---EDEE-253-001-DISE-W27_JR0000081212,Course Lecturer - EDEE 253-001 DISE W27,Lecturer,Part-time,Department of Integrated Studies in Education,Course; Qualification Requirements,2026-10-15,2026-10-01
1641,https://mcgill.wd3.myworkdayjobs.com/mcgill_careers/job/Arts-Building/ARTH-209---Course-Lecturer---Winter-2027_JR0000081333,ARTH 209 - Course Lecturer - Winter 2027,Lecturer,Part-time,,ancient Art History; Qualification Requirements,2026-10-15,2026-10-01
1641,https://mcgill.wd3.myworkdayjobs.com/mcgill_careers/job/Education-Building/Course-Lecturer-EDEE-223-002-DISE-W27_JR0000081203,Course Lecturer EDEE 223-002 DISE W27,Lecturer,Part-time,Department of Integrated Studies in Education,Course; Qualification Requirements,2026-10-15,2026-10-01
1641,https://mcgill.wd3.myworkdayjobs.com/mcgill_careers/job/Education-Building/Course-Lecturer-EDEE-223-001-DISE-W27_JR0000081199-1,Course Lecturer EDEE 223-001 DISE W27,Lecturer,Part-time,Department of Integrated Studies in Education,Course; Qualification Requirements,2026-10-15,2026-10-01
1641,https://mcgill.wd3.myworkdayjobs.com/mcgill_careers/job/Education-Building/Course-Lecturer-EDEC-635-001-DISE-W27_JR0000081197,Course Lecturer EDEC 635-001 DISE W27,Lecturer,Part-time,Department of Integrated Studies in Education,Course; discursive construction of; Qualification Requirements,2026-10-15,2026-10-01
1641,https://mcgill.wd3.myworkdayjobs.com/mcgill_careers/job/Education-Building/Course-Lecturer-EDEC-405-004-DISE-W27_JR0000081195,Course Lecturer EDEC 405-004 DISE W27,Lecturer,Part-time,Department of Integrated Studies in Education,Course; Quebec elementary,2026-10-15,2026-10-01
1641,https://mcgill.wd3.myworkdayjobs.com/mcgill_careers/job/Bronfman-Building/Course-Lecturer--MGCR-331-006-_JR0000080183,Course Lecturer (MGCR 331 006),Lecturer,Part-time,,Course; Winter,2026-10-15,2026-10-01
1641,https://mcgill.wd3.myworkdayjobs.com/mcgill_careers/job/Education-Building/Course-Lecturer-EDES-304-001-DISE-W27_JR0000081365,Course Lecturer EDES 304-001 DISE W27,Lecturer,Part-time,Department of Integrated Studies in Education,Course; Qualification Requirements,2026-10-15,2026-10-01
1641,https://mcgill.wd3.myworkdayjobs.com/mcgill_careers/job/Education-Building/Course-Lecturer-EDER-649-001-DISE-W27_JR0000081363,Course Lecturer EDER 649-001 DISE W27,Lecturer,Part-time,Department of Integrated Studies in Education,Course; Qualification Requirements,2026-10-15,2026-10-01
1641,https://mcgill.wd3.myworkdayjobs.com/mcgill_careers/job/Education-Building/Course-Lecturer-EDES-334-001-DISE-W27_JR0000081368,Course Lecturer EDES 334-001 DISE W27,Lecturer,Part-time,Department of Integrated Studies in Education,Course; Secondary Social Studies,2026-10-15,2026-10-01
1641,https://mcgill.wd3.myworkdayjobs.com/mcgill_careers/job/McGill-College-2001/Course-Lecturer--GPHL-300----Department-of-Global-and-Public-Health---Winter-2027_JR0000080990,Course Lecturer (GPHL 300) - Department of Global and Public Health - Winter 2027,Lecturer,Part-time,Department of Global and Public Health,Course; Qualification Requirements,2026-10-15,2026-10-01
1641,https://mcgill.wd3.myworkdayjobs.com/mcgill_careers/job/McGill-College-2001/Course-Lecturer--EPIB-675----Department-of-Epidemiology--Biostatistics---Occupational-Health---Winter-2027_JR0000081001,"Course Lecturer (EPIB 675) - Department of Epidemiology, Biostatistics & Occupational Health - Winter 2027",Lecturer,Part-time,"Department of Epidemiology, Biostatistics & Occupational Health",Course; Qualification Requirements,2026-10-15,2026-10-01
1641,https://mcgill.wd3.myworkdayjobs.com/mcgill_careers/job/McGill-College-2001/Course-Lecturer--PPHS-613----Department-of-Epidemiology--Biostatistics---Occupational-Health---Winter-2027_JR0000080998,"Course Lecturer (PPHS 613) - Department of Epidemiology, Biostatistics & Occupational Health - Winter 2027",Lecturer,Part-time,"Department of Epidemiology, Biostatistics & Occupational Health",Course; Qualification Requirements,2026-10-15,2026-10-01
1641,https://mcgill.wd3.myworkdayjobs.com/mcgill_careers/job/McConnell-Eng-Bldg/Course-Lecturer---ECSE-251--Winter-2027-_JR0000081628,Course Lecturer - ECSE 251 (Winter 2027),Lecturer,Part-time,,Course; Electrical Engineering Other qualification requirement,2026-10-15,2026-10-01
1641,https://mcgill.wd3.myworkdayjobs.com/mcgill_careers/job/Education-Building/Course-Lecturer-EDES-435-001-DISE-W27_JR0000081401-1,Course Lecturer EDES 435-001 DISE W27,Lecturer,Part-time,Department of Integrated Studies in Education,Course; secondary science pedagogy Research on; Qualification Requirements,2026-10-15,2026-10-01
1641,https://mcgill.wd3.myworkdayjobs.com/mcgill_careers/job/Bronfman-Building/Course-Lecturer--MSUS-401-035-_JR0000080955,Course Lecturer (MSUS 401 035),Lecturer,Part-time,,Course; Winter,2026-10-15,2026-10-01
1641,https://mcgill.wd3.myworkdayjobs.com/mcgill_careers/job/Education-Building/Course-Lecturer-EDSL-330-001-DISE-W27_JR0000081431,Course Lecturer EDSL 330-001 DISE W27,Lecturer,Part-time,Department of Integrated Studies in Education,Course; Qualification Requirements,2026-10-15,2026-10-01
1641,https://mcgill.wd3.myworkdayjobs.com/mcgill_careers/job/Bronfman-Building/Course-Lecturer--MGPO-460-001-_JR0000080932,Course Lecturer (MGPO 460 001),Lecturer,Part-time,,Course; Qualification Requirements,2026-10-15,2026-10-01
1641,https://mcgill.wd3.myworkdayjobs.com/mcgill_careers/job/Bronfman-Building/Course-Lecturer--MGCR-423-002-_JR0000080892,Course Lecturer (MGCR 423 002),Lecturer,Part-time,,Course; Winter,2026-10-15,2026-10-01
1641,https://mcgill.wd3.myworkdayjobs.com/mcgill_careers/job/Bronfman-Building/Course-Lecturer--MGCR-250-009-_JR0000080881,Course Lecturer (MGCR 250 009),Lecturer,Part-time,,Course; Qualification Requirements,"January 18, 2027",2026-10-01
1641,https://mcgill.wd3.myworkdayjobs.com/mcgill_careers/job/Bronfman-Building/Course-Lecturer--MGCR-250-008-_JR0000080854-1,Course Lecturer (MGCR 250 008),Lecturer,Part-time,,Course; Qualification Requirements,"January 18, 2027",2026-10-01
1641,https://mcgill.wd3.myworkdayjobs.com/mcgill_careers/job/Education-Building/Course-Lecturer-EDER-639-001-DISE-W27_JR0000081353,Course Lecturer EDER 639-001 DISE W27,Lecturer,Part-time,Department of Integrated Studies in Education,Course; Qualification Requirements,2026-10-15,2026-10-01
1641,https://mcgill.wd3.myworkdayjobs.com/mcgill_careers/job/Education-Building/Course-Lecturer-EDES-353-001-002-DISE-W27_JR0000081392,Course Lecturer EDES 353-001/002 DISE W27,Lecturer,Part-time,Department of Integrated Studies in Education,Course; secondary science pedagogy Research on; Secondary Mathematics,2026-10-15,2026-10-01
1641,https://mcgill.wd3.myworkdayjobs.com/mcgill_careers/job/Education-Building/Course-Lecturer-EDER-609-001-DISE-W27_JR0000081350,Course Lecturer EDER 609-001 DISE W27,Lecturer,Part-time,Department of Integrated Studies in Education,Course; Quebec school system an,2026-10-15,2026-10-01
1641,https://mcgill.wd3.myworkdayjobs.com/mcgill_careers/job/Strathcona-Music/Course-Lecturer-Positions--1504----Department-of-Performance---Winter-2027_JR0000080187-1,Course Lecturer Positions (15.04) - Department of Performance - Winter 2027,Lecturer,Full-time,Department of Performance,Course,"October 16, 2026",2026-10-01
1641,https://mcgill.wd3.myworkdayjobs.com/mcgill_careers/job/Education-Building/Course-Lecturer-EDER-607-001-DISE-W27_JR0000081323,Course Lecturer EDER 607-001 DISE W27,Lecturer,Part-time,Department of Integrated Studies in Education,Course; Qualification Requirements,2026-10-15,2026-10-01
1641,https://mcgill.wd3.myworkdayjobs.com/mcgill_careers/job/Arts-Building/ENGL----Course-Lecturer---Winter-2027_JR0000081529-1,ENGL -  Course Lecturer - Winter 2027,Lecturer,Full-time,,English literature; Shakespeare; University settings,,2026-10-01
1641,https://mcgill.wd3.myworkdayjobs.com/mcgill_careers/job/Strathcona-Music/Course-Lecturer-Positions--1504----Department-of-Music-Research---Winter-2027_JR0000080185-1,Course Lecturer Positions (15.04) - Department of Music Research - Winter 2027,Lecturer,Full-time,Department of Music Research,Course,"October 16, 2026",2026-10-01
1641,https://mcgill.wd3.myworkdayjobs.com/mcgill_careers/job/Education-Building/Course-Lecturer-EDES-361-001-DISE-W27_JR0000081396,Course Lecturer EDES 361-001 DISE W27,Lecturer,Part-time,Department of Integrated Studies in Education,Course; Secondary English,2026-10-15,2026-10-01
1641,https://mcgill.wd3.myworkdayjobs.com/mcgill_careers/job/Education-Building/Course-Lecturer-EDES-361-002-DISE-W27_JR0000081397,Course Lecturer EDES 361-002 DISE W27,Lecturer,Part-time,Department of Integrated Studies in Education,Course; Secondary English,2026-10-15,2026-10-01
1641,https://mcgill.wd3.myworkdayjobs.com/mcgill_careers/job/Bronfman-Building/Course-Lecturer--MGCR-250-007-_JR0000080825,Course Lecturer (MGCR 250 007),Lecturer,Part-time,,Course; Qualification Requirements,"January 18, 2027",2026-10-01
1641,https://mcgill.wd3.myworkdayjobs.com/mcgill_careers/job/Education-Building/Course-Lecturer-EDES-434-001-DISE-W27_JR0000081398,Course Lecturer EDES 434-001 DISE W27,Lecturer,Part-time,Department of Integrated Studies in Education,Course; Secondary Social Studies,2026-10-15,2026-10-01
1641,https://mcgill.wd3.myworkdayjobs.com/mcgill_careers/job/Education-Building/Course-Lecturer-EDES-453-001-DISE-W27_JR0000081404,Course Lecturer EDES 453-001 DISE W27,Lecturer,Part-time,Department of Integrated Studies in Education,Course; secondary mathematics pedagogy Research on; Qualification Requirements,2026-10-15,2026-10-01
1641,https://mcgill.wd3.myworkdayjobs.com/mcgill_careers/job/Bronfman-Building/Course-Lecturer--MGCR-250-006-_JR0000080815,Course Lecturer (MGCR 250 006),Lecturer,Part-time,,Course; Qualification Requirements,"January 18, 2027",2026-10-01
1641,https://mcgill.wd3.myworkdayjobs.com/mcgill_careers/job/Education-Building/Course-Lecturer-EDES-461-001-DISE-W27_JR0000081406-1,Course Lecturer EDES 461-001 DISE W27,Lecturer,Part-time,Department of Integrated Studies in Education,Course; Secondary English Language Arts,2026-10-15,2026-10-01
1641,https://mcgill.wd3.myworkdayjobs.com/mcgill_careers/job/Bronfman-Building/Course-Lecturer--MGCR-250-005-_JR0000080795,Course Lecturer (MGCR 250 005),Lecturer,Part-time,,Course; Qualification Requirements,"January 25, 2027",2026-10-01
1641,https://mcgill.wd3.myworkdayjobs.com/mcgill_careers/job/Education-Building/Course-Lecturer-EDPS-620-099-EDPS-622-002-DISE-W27_JR0000081417,Course Lecturer EDPS 620-099/EDPS 622-002 DISE W27,Lecturer,Part-time,Department of Integrated Studies in Education,Course; Qualification Requirements,2026-10-15,2026-10-01
1641,https://mcgill.wd3.myworkdayjobs.com/mcgill_careers/job/Education-Building/Course-Lecturer-EDPS-622-001-DISE-W27_JR0000081419,Course Lecturer EDPS 622-001 DISE W27,Lecturer,Part-time,Department of Integrated Studies in Education,Course; Qualification Requirements,2026-10-15,2026-10-01
1641,https://mcgill.wd3.myworkdayjobs.com/mcgill_careers/job/Education-Building/Course-Lecturer-EDSL-215-001-DISE-W27_JR0000081423,Course Lecturer EDSL 215-001 DISE W27,Lecturer,Part-time,Department of Integrated Studies in Education,Course; French; developing effective professional communication; Qualification Requirements,2026-10-15,2026-10-01
1641,https://mcgill.wd3.myworkdayjobs.com/mcgill_careers/job/Education-Building/Course-Lecturer-EDSL-332-001-DISE-W27_JR0000081443,Course Lecturer EDSL 332-001 DISE W27,Lecturer,Part-time,Department of Integrated Studies in Education,Course; Qualification Requirements,2026-10-15,2026-10-01
1641,https://mcgill.wd3.myworkdayjobs.com/mcgill_careers/job/Education-Building/Course-Lecturer-EDSL-412-001-DISE-W27_JR0000081462-1,Course Lecturer EDSL 412-001 DISE W27,Lecturer,Part-time,Department of Integrated Studies in Education,Course; Qualification Requirements,2026-10-15,2026-10-01
1641,https://mcgill.wd3.myworkdayjobs.com/mcgill_careers/job/Education-Building/Course-Lecturer-EDSL-620-001-DISE-W27_JR0000081463,Course Lecturer EDSL 620-001 DISE W27,Lecturer,Part-time,Department of Integrated Studies in Education,Course; Qualification Requirements,2026-10-15,2026-10-01
1641,https://mcgill.wd3.myworkdayjobs.com/mcgill_careers/job/McGill-College-2001/Field-Studies-and-Internship-Officer_JR0000081448,Field Studies and Internship Officer,Non-academic,Full-time,Faculty of Science,Budget management; Risk Management; whether regular faculty members,2026-10-15,2026-10-01
1641,https://mcgill.wd3.myworkdayjobs.com/mcgill_careers/job/Education-Building/Course-Lecturer-EDSL-640-001-DISE-W27_JR0000081466,Course Lecturer EDSL 640-001 DISE W27,Lecturer,Part-time,Department of Integrated Studies in Education,Course; Qualification Requirements,2026-10-15,2026-10-01
1641,https://mcgill.wd3.myworkdayjobs.com/mcgill_careers/job/Redpath-Library/Documentation-Technician_JR0000081593,Documentation Technician,Non-academic,Full-time,,,2026-10-16,2026-10-01
1641,https://mcgill.wd3.myworkdayjobs.com/mcgill_careers/job/McIntyre--Medical/Animal-Attendant_JR0000081477,Animal Attendant,Non-academic,Full-time,,,2026-10-12,2026-10-01
1641,https://mcgill.wd3.myworkdayjobs.com/mcgill_careers/job/McIntyre--Medical/Animal-Attendant_JR0000081480,Animal Attendant,Non-academic,Full-time,,,2026-10-12,2026-10-01
1641,https://mcgill.wd3.myworkdayjobs.com/mcgill_careers/job/Stewart-Biology-Bldg/Course-Lecturer-ENVR-202-Winter_JR0000081338,Course Lecturer ENVR 202 Winter,Lecturer,Part-time,,Course; Qualification Requirements,2026-10-14,2026-10-01
1641,https://mcgill.wd3.myworkdayjobs.com/mcgill_careers/job/Sherbrooke-680/Service-Center-Representative_JR0000081502-1,Service Center Representative,Non-academic,Full-time,,,2026-10-15,2026-10-01
1641,https://mcgill.wd3.myworkdayjobs.com/mcgill_careers/job/Education-Building/Course-Lecturer-EDSL-651-001-DISE-W27_JR0000081471-1,Course Lecturer EDSL 651-001 DISE W27,Lecturer,Part-time,Department of Integrated Studies in Education,Course; impacts on language development; content-based instruction; Qualification Requirements,2026-10-15,2026-10-01
1641,https://mcgill.wd3.myworkdayjobs.com/mcgill_careers/job/Bronfman-Building/Course-Lecturer--MGCR-250-004-_JR0000080791,Course Lecturer (MGCR 250 004),Lecturer,Part-time,,Course; Qualification Requirements,"January 25, 2027",2026-10-01
1641,https://mcgill.wd3.myworkdayjobs.com/mcgill_careers/job/Education-Building/Course-Lecturer-EDTL-525-001-002-DISE-W27_JR0000081475,Course Lecturer EDTL 525-001/002 DISE W27,Lecturer,Part-time,Department of Integrated Studies in Education,Course; Technology Subject Code,2026-10-15,2026-10-01
1641,https://mcgill.wd3.myworkdayjobs.com/mcgill_careers/job/Davis-House/MCLIU-Course-Lecturers-and-Instructors-in-SPOT--School-of-Physical-and-Occupational-Therapy----Winter-2027_JR0000081465,MCLIU Course Lecturers and Instructors in SPOT (School of Physical and Occupational Therapy) - Winter 2027,Lecturer,Full-time,,SPOT,"October 15, 2026",2026-10-01
1641,https://mcgill.wd3.myworkdayjobs.com/mcgill_careers/job/Bronfman-Building/Course-Lecturer--MGCR-250-003-_JR0000080758,Course Lecturer (MGCR 250 003),Lecturer,Part-time,,Course; Qualification Requirements,"January 25, 2027",2026-10-01
1641,https://mcgill.wd3.myworkdayjobs.com/mcgill_careers/job/Bronfman-Building/Course-Lecturer--MGCR-250-002-_JR0000080732,Course Lecturer (MGCR 250 002),Lecturer,Part-time,,Course; Qualification Requirements,"January 25, 2027",2026-10-01
1641,https://mcgill.wd3.myworkdayjobs.com/mcgill_careers/job/Education-Building/Course-Lecturer-EDTL-628-001-DISE-W27_JR0000081485,Workday is currently unavailable.,Non-academic,Full-time,,,,
1641,https://mcgill.wd3.myworkdayjobs.com/mcgill_careers/job/Bronfman-Building/Course-Lecturer--MGCR-250-001-_JR0000080708,Workday is currently unavailable.,Non-academic,Full-time,,,,
1641,https://mcgill.wd3.myworkdayjobs.com/mcgill_careers/job/Education-Building/Course-Lecturer-EDTL-634-001-EDTL-612-001-DISE-W27_JR0000081489,Workday is currently unavailable.,Non-academic,Full-time,,,,
1641,https://mcgill.wd3.myworkdayjobs.com/mcgill_careers/job/Bronfman-Building/Course-Lecturer-MGSC-690-025_JR0000080648,Workday is currently unavailable.,Non-academic,Full-time,,,,
1641,https://mcgill.wd3.myworkdayjobs.com/mcgill_careers/job/Education-Building/Course-Lecturer-EDTL-626-001-DISE-W27_JR0000081479,Workday is currently unavailable.,Non-academic,Full-time,,,,
1641,https://mcgill.wd3.myworkdayjobs.com/mcgill_careers/job/Bronfman-Building/Course-Lecturer--MGSC-403-001-_JR0000080619,Workday is currently unavailable.,Non-academic,Full-time,,,,
1641,https://mcgill.wd3.myworkdayjobs.com/mcgill_careers/job/Bronfman-Building/Course-Lecturer--MGSC-401-001-_JR0000080602,Workday is currently unavailable.,Non-academic,Full-time,,,,
1641,https://mcgill.wd3.myworkdayjobs.com/mcgill_careers/job/Bronfman-Building/Course-Lecturer--MGSC-373-001-_JR0000080578,Workday is currently unavailable.,Non-academic,Full-time,,,,
1641,https://mcgill.wd3.myworkdayjobs.com/mcgill_careers/job/Education-Building/Course-Lecturer-EDTL-636-001-DISE-W27_JR0000081493,Workday is currently unavailable.,Non-academic,Full-time,,,,
1641,https://mcgill.wd3.myworkdayjobs.com/mcgill_careers/job/Bronfman-Building/Course-Lecturer--MGCR-372-005-_JR0000080572,Workday is currently unavailable.,Non-academic,Full-time,,,,
1641,https://mcgill.wd3.myworkdayjobs.com/mcgill_careers/job/Ferrier-Building/Course-Lecturer-INDG-400_JR0000081663,Workday is currently unavailable.,Non-academic,Full-time,,,,
1641,https://mcgill.wd3.myworkdayjobs.com/mcgill_careers/job/Sherbrooke-680/Ingram-School-of-Nursing--Course-Lecturer---Instructor--Winter-2027-_JR0000080957,Workday is currently unavailable.,Non-academic,Full-time,,,,
1641,https://mcgill.wd3.myworkdayjobs.com/mcgill_careers/job/Bronfman-Building/Course-Lecturer--MGCR-372-004-_JR0000080563,Workday is currently unavailable.,Non-academic,Full-time,,,,
1641,https://mcgill.wd3.myworkdayjobs.com/mcgill_careers/job/Sherbrooke-680/Ingram-School-of-Nursing--Nurse-Practitioner-Program-Winter-2027-Postings_JR0000081151,Workday is currently unavailable.,Non-academic,Full-time,,,,
1641,https://mcgill.wd3.myworkdayjobs.com/mcgill_careers/job/Bronfman-Building/Course-Lecturer--MGCR-372-003-_JR0000080555-1,Workday is currently unavailable.,Non-academic,Full-time,,,,
1641,https://mcgill.wd3.myworkdayjobs.com/mcgill_careers/job/Ferrier-Building/Course-Lecturer-303_JR0000081662,Workday is currently unavailable.,Non-academic,Full-time,,,,
1641,https://mcgill.wd3.myworkdayjobs.com/mcgill_careers/job/Sherbrooke-680/Ingram-School-of-Nursing---Clinical-Instructors---Clinical-Facilitators--Winter-2027-_JR0000081546,Workday is currently unavailable.,Non-academic,Full-time,,,,
1641,https://mcgill.wd3.myworkdayjobs.com/mcgill_careers/job/McIntyre--Medical/Course-Lecturer---Physiology---PHGY560---Light-Microscopy-for-the-Life-Sciences_JR0000081457,Workday is currently unavailable.,Non-academic,Full-time,,,,
1641,https://mcgill.wd3.myworkdayjobs.com/mcgill_careers/job/Bronfman-Building/Course-Lecturer--MGCR-271-004-_JR0000080540,Workday is currently unavailable.,Non-academic,Full-time,,,,
1641,https://mcgill.wd3.myworkdayjobs.com/mcgill_careers/job/Ferrier-Building/Course-Lecturer-INDG-300_JR0000081661,Workday is currently unavailable.,Non-academic,Full-time,,,,
1641,https://mcgill.wd3.myworkdayjobs.com/mcgill_careers/job/Life-Sciences-Bldg-/Postdoctoral-Researcher--Dr-Brown-s-Lab-_JR0000081576,Workday is currently unavailable.,Non-academic,Full-time,,,,
1641,https://mcgill.wd3.myworkdayjobs.com/mcgill_careers/job/Bronfman-Building/Course-Lecturer--MGCR-271-003-_JR0000080525,Workday is currently unavailable.,Non-academic,Full-time,,,,
1641,https://mcgill.wd3.myworkdayjobs.com/mcgill_careers/job/Bronfman-Building/Course-Lecturer--MGCR-271-002-_JR0000080474,Workday is currently unavailable.,Non-academic,Full-time,,,,
1641,https://mcgill.wd3.myworkdayjobs.com/mcgill_careers/job/Bronfman-Building/Course-Lecturer--ORGB-661-076-_JR0000081395,Workday is currently unavailable.,Non-academic,Full-time,,,,
1641,https://mcgill.wd3.myworkdayjobs.com/mcgill_careers/job/Bronfman-Building/Course-Lecturer--ORGB-661-075-_JR0000081370,Workday is currently unavailable.,Non-academic,Full-time,,,,
1641,https://mcgill.wd3.myworkdayjobs.com/mcgill_careers/job/Bronfman-Building/Course-Lecturer--ORGB-421-001-_JR0000080445,Workday is currently unavailable.,Non-academic,Full-time,,,,
1641,https://mcgill.wd3.myworkdayjobs.com/mcgill_careers/job/Bronfman-Building/Course-Lecturer--MGCR-222-002-_JR0000080424,Workday is currently unavailable.,Non-academic,Full-time,,,,
1641,https://mcgill.wd3.myworkdayjobs.com/mcgill_careers/job/Ferrier-Building/Course-Lecturer-INDG-202_JR0000081659-1,Workday is currently unavailable.,Non-academic,Full-time,,,,
1641,https://mcgill.wd3.myworkdayjobs.com/mcgill_careers/job/Leacock-Building/Assistant-Professor_JR0000081141,Workday is currently unavailable.,Non-academic,Full-time,,,,
1641,https://mcgill.wd3.myworkdayjobs.com/mcgill_careers/job/Bronfman-Building/Course-Lecturer--MRKT-652-025-_JR0000080402,Workday is currently unavailable.,Non-academic,Full-time,,,,
1641,https://mcgill.wd3.myworkdayjobs.com/mcgill_careers/job/Bronfman-Building/Course-Lecturer--MRKT-452-001-_JR0000080358,Workday is currently unavailable.,Non-academic,Full-time,,,,
1641,https://mcgill.wd3.myworkdayjobs.com/mcgill_careers/job/Bronfman-Building/Course-Lecturer--MRKT-365-001-_JR0000080350,Workday is currently unavailable.,Non-academic,Full-time,,,,
1641,https://mcgill.wd3.myworkdayjobs.com/mcgill_careers/job/Bronfman-Building/Course-Lecturer--MRKT-357-001-_JR0000080337,Workday is currently unavailable.,Non-academic,Full-time,,,,
1641,https://mcgill.wd3.myworkdayjobs.com/mcgill_careers/job/Bronfman-Building/Course-Lecturer--MRKT-354-001-_JR0000080334,Workday is currently unavailable.,Non-academic,Full-time,,,,
1641,https://mcgill.wd3.myworkdayjobs.com/mcgill_careers/job/Bronfman-Building/Course-Lecturer--MGCR-352-007-_JR0000080328,Workday is currently unavailable.,Non-academic,Full-time,,,,
1641,https://mcgill.wd3.myworkdayjobs.com/mcgill_careers/job/Bronfman-Building/Course-Lecturer--MGCR-352-006-_JR0000080326,Workday is currently unavailable.,Non-academic,Full-time,,,,
1641,https://mcgill.wd3.myworkdayjobs.com/mcgill_careers/job/Bronfman-Building/Course-Lecturer--MGCR-352-005-_JR0000080322,Workday is currently unavailable.,Non-academic,Full-time,,,,
1641,https://mcgill.wd3.myworkdayjobs.com/mcgill_careers/job/Bronfman-Building/Course-Lecturer--MGCR-352-003-_JR0000080311,Workday is currently unavailable.,Non-academic,Full-time,,,,
1641,https://mcgill.wd3.myworkdayjobs.com/mcgill_careers/job/Macdonald-Eng-Bldg/Course-Lecturer-BIOL305_JR0000080857,Workday is currently unavailable.,Non-academic,Full-time,,,,
1641,https://mcgill.wd3.myworkdayjobs.com/mcgill_careers/job/Ferrier-Building/Course-Lecturer-QCST-440_JR0000081656,Workday is currently unavailable.,Non-academic,Full-time,,,,
1641,https://mcgill.wd3.myworkdayjobs.com/mcgill_careers/job/Bronfman-Building/Course-Lecturer-BUSA-430-001_JR0000080285,Workday is currently unavailable.,Non-academic,Full-time,,,,
1641,https://mcgill.wd3.myworkdayjobs.com/mcgill_careers/job/Bronfman-Building/Course-Lecturer--BUSA-391-001-_JR0000080106,Workday is currently unavailable.,Non-academic,Full-time,,,,
1641,https://mcgill.wd3.myworkdayjobs.com/mcgill_careers/job/Bronfman-Building/Course-Lecturer-INSY-697-076_JR0000080174,Workday is currently unavailable.,Non-academic,Full-time,,,,
1641,https://mcgill.wd3.myworkdayjobs.com/mcgill_careers/job/Bronfman-Building/Course-Lecturer-INSY-697-075_JR0000080151,Workday is currently unavailable.,Non-academic,Full-time,,,,
1641,https://mcgill.wd3.myworkdayjobs.com/mcgill_careers/job/Bronfman-Building/Course-Lecturer--FINE-632-025-_JR0000080968,Workday is currently unavailable.,Non-academic,Full-time,,,,
1641,https://mcgill.wd3.myworkdayjobs.com/mcgill_careers/job/Bronfman-Building/Course-Lecturer--FINE-482-003-_JR0000080097,Workday is currently unavailable.,Non-academic,Full-time,,,,
1641,https://mcgill.wd3.myworkdayjobs.com/mcgill_careers/job/Bronfman-Building/Course-Lecturer--FINE-456-001-_JR0000080086,Workday is currently unavailable.,Non-academic,Full-time,,,,
1641,https://mcgill.wd3.myworkdayjobs.com/mcgill_careers/job/Bronfman-Building/Course-Lecturer--FINE-446-001-_JR0000080070,Workday is currently unavailable.,Non-academic,Full-time,,,,
1641,https://mcgill.wd3.myworkdayjobs.com/mcgill_careers/job/Day-ChancellorHall/ASPL-614---LAW---Winter-2027_JR0000081491,Workday is currently unavailable.,Non-academic,Full-time,,,,
1641,https://mcgill.wd3.myworkdayjobs.com/mcgill_careers/job/Day-ChancellorHall/ASPL-639---LAW---Winter-2027_JR0000081408,Workday is currently unavailable.,Non-academic,Full-time,,,,
1641,https://mcgill.wd3.myworkdayjobs.com/mcgill_careers/job/Day-ChancellorHall/BUS2-504---LAW---Winter-2027_JR0000081644,Workday is currently unavailable.,Non-academic,Full-time,,,,
1641,https://mcgill.wd3.myworkdayjobs.com/mcgill_careers/job/Day-ChancellorHall/BUS2-561---LAW---Winter-2027_JR0000081494-1,Workday is currently unavailable.,Non-academic,Full-time,,,,
1641,https://mcgill.wd3.myworkdayjobs.com/mcgill_careers/job/Arts-Building/CEF--FRSL----Charges-de-cours---Hiver-2027_JR0000081133,Workday is currently unavailable.,Non-academic,Full-time,,,,
1641,https://mcgill.wd3.myworkdayjobs.com/mcgill_careers/job/Day-ChancellorHall/CMPL-504---LAW---Winter-2027_JR0000081625,Workday is currently unavailable.,Non-academic,Full-time,,,,
1641,https://mcgill.wd3.myworkdayjobs.com/mcgill_careers/job/Day-ChancellorHall/CMPL-513---LAW---Winter-2027_JR0000081432,Workday is currently unavailable.,Non-academic,Full-time,,,,
1641,https://mcgill.wd3.myworkdayjobs.com/mcgill_careers/job/Day-ChancellorHall/CMPL-524---LAW---Winter-2027_JR0000081427-1,Workday is currently unavailable.,Non-academic,Full-time,,,,
1641,https://mcgill.wd3.myworkdayjobs.com/mcgill_careers/job/Day-ChancellorHall/CMPL-571---LAW---Winter-2027_JR0000081629,Workday is currently unavailable.,Non-academic,Full-time,,,,
1641,https://mcgill.wd3.myworkdayjobs.com/mcgill_careers/job/Adams-Building/Course-Lecturer---Child-Development--PSYC-304-_JR0000081074,Workday is currently unavailable.,Non-academic,Full-time,,,,
1641,https://mcgill.wd3.myworkdayjobs.com/mcgill_careers/job/McIntyre--Medical/Course-Lecturer---Hormones-and-Behaviour--PSYC-342-_JR0000081080,Workday is currently unavailable.,Non-academic,Full-time,,,,
1641,https://mcgill.wd3.myworkdayjobs.com/mcgill_careers/job/Rutherford-Physics/Course-Lecturer---Physics---PHYS-432---Physics-of-Fluids_JR0000081283,Workday is currently unavailable.,Non-academic,Full-time,,,,
1641,https://mcgill.wd3.myworkdayjobs.com/mcgill_careers/job/Rutherford-Physics/Course-Lecturer---Physics---PHYS-559-Advanced-Statistical-Mechanics_JR0000081211,Workday is currently unavailable.,Non-academic,Full-time,,,,
1641,https://mcgill.wd3.myworkdayjobs.com/mcgill_careers/job/Birks-Building/Course-Lecturer---RELG-353--Gandhi--His-Life---Thought---Winter-2027_JR0000081035-1,Workday is currently unavailable.,Non-academic,Full-time,,,,
1641,https://mcgill.wd3.myworkdayjobs.com/mcgill_careers/job/Birks-Building/Course-Lecturer---RELG-390-D2--Elementary-Biblical-Hebrew---Winter-2027_JR0000081031-1,Workday is currently unavailable.,Non-academic,Full-time,,,,
1641,https://mcgill.wd3.myworkdayjobs.com/mcgill_careers/job/Peel-3661/Course-Lecturer---School-of-Information-Studies---Winter-2027_JR0000080649-1,Workday is currently unavailable.,Non-academic,Full-time,,,,
1641,https://mcgill.wd3.myworkdayjobs.com/mcgill_careers/job/Leacock-Building/Course-Lecturer-ANTH-209--Anthropology-of-Religion_JR0000081196-1,Workday is currently unavailable.,Non-academic,Full-time,,,,
1641,https://mcgill.wd3.myworkdayjobs.com/mcgill_careers/job/Leacock-Building/Course-Lecturer-ANTH-222--Legal-Anthropology_JR0000081219,Workday is currently unavailable.,Non-academic,Full-time,,,,
1641,https://mcgill.wd3.myworkdayjobs.com/mcgill_careers/job/Leacock-Building/Course-Lecturer-ANTH-318--Globalization-and-Religion_JR0000081221,Workday is currently unavailable.,Non-academic,Full-time,,,,
1641,https://mcgill.wd3.myworkdayjobs.com/mcgill_careers/job/Maass-Chemistry-Bldg/Course-Lecturer-ATOC-184_JR0000081552,Workday is currently unavailable.,Non-academic,Full-time,,,,
1641,https://mcgill.wd3.myworkdayjobs.com/mcgill_careers/job/Burnside-Hall/Course-Lecturer-ATOC-357_JR0000081561,Workday is currently unavailable.,Non-academic,Full-time,,,,
1641,https://mcgill.wd3.myworkdayjobs.com/mcgill_careers/job/Leacock-Building/Course-Lecturer-CLAS-230-D2--Introductory-Modern-Greek_JR0000081145,Workday is currently unavailable.,Non-academic,Full-time,,,,
1641,https://mcgill.wd3.myworkdayjobs.com/mcgill_careers/job/Education-Building/Course-Lecturer-EDPC-504-ECP-W26_JR0000081647,Workday is currently unavailable.,Non-academic,Full-time,,,,
1641,https://mcgill.wd3.myworkdayjobs.com/mcgill_careers/job/Education-Building/Course-Lecturer-EDPE-300-W27-ECP_JR0000081649,Workday is currently unavailable.,Non-academic,Full-time,,,,
1641,https://mcgill.wd3.myworkdayjobs.com/mcgill_careers/job/Education-Building/Course-Lecturer-EDPE-304-ONLINE-ECP-W27_JR0000081650,Workday is currently unavailable.,Non-academic,Full-time,,,,
1641,https://mcgill.wd3.myworkdayjobs.com/mcgill_careers/job/Education-Building/Course-Lecturer-EDPE-535-ECP-W27_JR0000081651,Workday is currently unavailable.,Non-academic,Full-time,,,,
1641,https://mcgill.wd3.myworkdayjobs.com/mcgill_careers/job/Education-Building/Course-Lecturer-EDPE-670-ECP-W27_JR0000081653,Workday is currently unavailable.,Non-academic,Full-time,,,,
1641,https://mcgill.wd3.myworkdayjobs.com/mcgill_careers/job/Adams-Building/Course-Lecturer-EPSC-355_JR0000081577-1,Workday is currently unavailable.,Non-academic,Full-time,,,,
1641,https://mcgill.wd3.myworkdayjobs.com/mcgill_careers/job/Maass-Chemistry-Bldg/Course-Lecturer-ESYS-104_JR0000081570,Workday is currently unavailable.,Non-academic,Full-time,,,,
1641,https://mcgill.wd3.myworkdayjobs.com/mcgill_careers/job/Raymond-Building/Course-Lecturer-FDSC-315--W27-_JR0000081514,Workday is currently unavailable.,Non-academic,Full-time,,,,
1641,https://mcgill.wd3.myworkdayjobs.com/mcgill_careers/job/Raymond-Building/Course-Lecturer-FDSC-525--W27-_JR0000081525,Workday is currently unavailable.,Non-academic,Full-time,,,,
1641,https://mcgill.wd3.myworkdayjobs.com/mcgill_careers/job/Harrison-House/Course-Lecturer-FMT4-023-Building-Management_JR0000081468,Workday is currently unavailable.,Non-academic,Full-time,,,,
1641,https://mcgill.wd3.myworkdayjobs.com/mcgill_careers/job/Harrison-House/Course-Lecturer-FMTP-012-Machinery-Maintenance_JR0000081464,Workday is currently unavailable.,Non-academic,Full-time,,,,
1641,https://mcgill.wd3.myworkdayjobs.com/mcgill_careers/job/Harrison-House/Course-Lecturer-FMTP-070--uvres-narratives-e-criture_JR0000081551,Workday is currently unavailable.,Non-academic,Full-time,,,,
1641,https://mcgill.wd3.myworkdayjobs.com/mcgill_careers/job/Harrison-House/Course-Lecturer-FMTP-075-Langue-franaise-et-communication_JR0000081550,Workday is currently unavailable.,Non-academic,Full-time,,,,
1641,https://mcgill.wd3.myworkdayjobs.com/mcgill_careers/job/Harrison-House/Course-Lecturer-FMTP-077-Intro-to-College-English--section-2-_JR0000081565,Workday is currently unavailable.,Non-academic,Full-time,,,,
1641,https://mcgill.wd3.myworkdayjobs.com/mcgill_careers/job/Harrison-House/Course-Lecturer-FMTP-077-Introduction-to-College-English--secion-1-_JR0000081562,Workday is currently unavailable.,Non-academic,Full-time,,,,
1641,https://mcgill.wd3.myworkdayjobs.com/mcgill_careers/job/Harrison-House/Course-Lecturer-FMTP-083-Literary-Themes_JR0000081545,Workday is currently unavailable.,Non-academic,Full-time,,,,
1641,https://mcgill.wd3.myworkdayjobs.com/mcgill_careers/job/Harrison-House/Course-Lecturer-FMTP-085-Humanities-1--Knowledge_JR0000081555,Workday is currently unavailable.,Non-academic,Full-time,,,,
1641,https://mcgill.wd3.myworkdayjobs.com/mcgill_careers/job/Harrison-House/Course-Lecturer-FMTP-087-Humanities-3--Env---Org-Issues_JR0000081559-1,Workday is currently unavailable.,Non-academic,Full-time,,,,
1641,https://mcgill.wd3.myworkdayjobs.com/mcgill_careers/job/Harrison-House/Course-Lecturer-FMTP-091-Physical-Activity-and-Effectiveness_JR0000081568,Workday is currently unavailable.,Non-academic,Full-time,,,,
1641,https://mcgill.wd3.myworkdayjobs.com/mcgill_careers/job/Harrison-House/Course-Lecturer-FMTP-092-Physical-Activity-and-Autonomy_JR0000081573,Workday is currently unavailable.,Non-academic,Full-time,,,,
1641,https://mcgill.wd3.myworkdayjobs.com/mcgill_careers/job/Harrison-House/Course-Lecturer-FMTP-099-Cours-prparatoire-EUF_JR0000081574,Workday is currently unavailable.,Non-academic,Full-time,,,,
1641,https://mcgill.wd3.myworkdayjobs.com/mcgill_careers/job/Burnside-Hall/Course-Lecturer-GEOG-325_JR0000081541,Workday is currently unavailable.,Non-academic,Full-time,,,,
1641,https://mcgill.wd3.myworkdayjobs.com/mcgill_careers/job/McTavish-3610/Course-Lecturer-INTD-397_JR0000081606,Workday is currently unavailable.,Non-academic,Full-time,,,,
1641,https://mcgill.wd3.myworkdayjobs.com/mcgill_careers/job/McTavish-3610/Course-Lecturer-INTD-398_JR0000081616,Workday is currently unavailable.,Non-academic,Full-time,,,,
1641,https://mcgill.wd3.myworkdayjobs.com/mcgill_careers/job/McTavish-3610/Course-Lecturer-INTD-497_JR0000081620,Workday is currently unavailable.,Non-academic,Full-time,,,,
1641,https://mcgill.wd3.myworkdayjobs.com/mcgill_careers/job/Leacock-Building/Course-Lecturer-JWST-220-D2--Introductory-Hebrew_JR0000080951-1,Workday is currently unavailable.,Non-academic,Full-time,,,,
1641,https://mcgill.wd3.myworkdayjobs.com/mcgill_careers/job/Leacock-Building/Course-Lecturer-Jewish-Studies-282--Introductory-Yiddish-2_JR0000080962,Workday is currently unavailable.,Non-academic,Full-time,,,,
1641,https://mcgill.wd3.myworkdayjobs.com/mcgill_careers/job/Leacock-Building/Course-Lecturer-Jewish-Studies-320-D2--Intermediate-Hebrew_JR0000080956,Workday is currently unavailable.,Non-academic,Full-time,,,,
1641,https://mcgill.wd3.myworkdayjobs.com/mcgill_careers/job/Leacock-Building/Course-Lecturer-Jewish-Studies-330--Topics-in-the-Hebrew-Bible_JR0000080958,Workday is currently unavailable.,Non-academic,Full-time,,,,
1641,https://mcgill.wd3.myworkdayjobs.com/mcgill_careers/job/Leacock-Building/Course-Lecturer-Jewish-Studies-350--Major-Jewish-Authors_JR0000080959,Workday is currently unavailable.,Non-academic,Full-time,,,,
1641,https://mcgill.wd3.myworkdayjobs.com/mcgill_careers/job/Leacock-Building/Course-Lecturer-Jewish-Studies-381--God-and-Devil-in-Modern-Yiddish-Literature_JR0000080966,Workday is currently unavailable.,Non-academic,Full-time,,,,
1641,https://mcgill.wd3.myworkdayjobs.com/mcgill_careers/job/Bronfman-Building/Course-Lecturer-RETL-402-085_JR0000080033,Workday is currently unavailable.,Non-academic,Full-time,,,,
1641,https://mcgill.wd3.myworkdayjobs.com/mcgill_careers/job/Sherbrooke-550/Course-Lecturer-SWRK-326-Winter-2027_JR0000081472,Workday is currently unavailable.,Non-academic,Full-time,,,,
1641,https://mcgill.wd3.myworkdayjobs.com/mcgill_careers/job/Sherbrooke-550/Course-Lecturer-SWRK-342-Winter-2026_JR0000081481,Workday is currently unavailable.,Non-academic,Full-time,,,,
1641,https://mcgill.wd3.myworkdayjobs.com/mcgill_careers/job/Sherbrooke-550/Course-Lecturer-SWRK-527-Winter-2027_JR0000081499,Workday is currently unavailable.,Non-academic,Full-time,,,,
1641,https://mcgill.wd3.myworkdayjobs.com/mcgill_careers/job/Sherbrooke-550/Course-Lecturer-SWRK-535-Winter-2027_JR0000081567,Workday is currently unavailable.,Non-academic,Full-time,,,,
1641,https://mcgill.wd3.myworkdayjobs.com/mcgill_careers/job/Sherbrooke-550/Course-Lecturer-SWRK-610-Winter-2027_JR0000081575,Workday is currently unavailable.,Non-academic,Full-time,,,,
1641,https://mcgill.wd3.myworkdayjobs.com/mcgill_careers/job/Sherbrooke-550/Course-Lecturer-SWRK-623-Winter-2027_JR0000081584,Workday is currently unavailable.,Non-academic,Full-time,,,,
1641,https://mcgill.wd3.myworkdayjobs.com/mcgill_careers/job/Sherbrooke-550/Course-Lecturer-SWRK-630-Winter-2027_JR0000081589,Workday is currently unavailable.,Non-academic,Full-time,,,,
1641,https://mcgill.wd3.myworkdayjobs.com/mcgill_careers/job/Various/Course-Lecturer-for---Anglais-Sant---program-by-Dialogue-McGill_JR0000081598,Workday is currently unavailable.,Non-academic,Full-time,,,,
1641,https://mcgill.wd3.myworkdayjobs.com/mcgill_careers/job/Sherbrooke-680/Course-Lecturers---Department-of-East-Asian-Studies---Winter-2027_JR0000080497,Workday is currently unavailable.,Non-academic,Full-time,,,,
1641,https://mcgill.wd3.myworkdayjobs.com/mcgill_careers/job/Penfield-1085/Course-Lecturers---Department-of-Linguistics---Winter-2027_JR0000080341,Workday is currently unavailable.,Non-academic,Full-time,,,,
1641,https://mcgill.wd3.myworkdayjobs.com/mcgill_careers/job/Morrice-Hall/Course-Lecturers---Islamic-Studies---Winter-2027_JR0000080970-2,Workday is currently unavailable.,Non-academic,Full-time,,,,
1641,https://mcgill.wd3.myworkdayjobs.com/mcgill_careers/job/Redpath-Library/Course-Lecturers---McGill-Writing-Centre---Winter-2027_JR0000080802,Workday is currently unavailable.,Non-academic,Full-time,,,,
1641,https://mcgill.wd3.myworkdayjobs.com/mcgill_careers/job/Sherbrooke-550/Course-Lecturers-SWRK-344-Winter-2027_JR0000081441,Workday is currently unavailable.,Non-academic,Full-time,,,,
1641,https://mcgill.wd3.myworkdayjobs.com/mcgill_careers/job/Sherbrooke-550/Course-Lecturers-SWRK-445-Winter-2027_JR0000081436,Workday is currently unavailable.,Non-academic,Full-time,,,,
1641,https://mcgill.wd3.myworkdayjobs.com/mcgill_careers/job/Leacock-Building/Course-lecturer---ANTH-308_JR0000081369,Workday is currently unavailable.,Non-academic,Full-time,,,,
1641,https://mcgill.wd3.myworkdayjobs.com/mcgill_careers/job/Leacock-Building/Course-lecturer---ANTH-322_JR0000081496-1,Workday is currently unavailable.,Non-academic,Full-time,,,,
1641,https://mcgill.wd3.myworkdayjobs.com/mcgill_careers/job/Sherbrooke-550/Course-lecturer-SWRK-434-Winter-2027_JR0000081492,Workday is currently unavailable.,Non-academic,Full-time,,,,
1641,https://mcgill.wd3.myworkdayjobs.com/mcgill_careers/job/Arts-Building/DLLF---Charge-de-cours---Hiver-2027_JR0000081386,Workday is currently unavailable.,Non-academic,Full-time,,,,
1641,https://mcgill.wd3.myworkdayjobs.com/mcgill_careers/job/Arts-Building/ENGL-357---Course-Lecturer---Fall-2026_JR0000081361,Workday is currently unavailable.,Non-academic,Full-time,,,,
1641,https://mcgill.wd3.myworkdayjobs.com/mcgill_careers/job/Harrison-House/FMTP-012-Machinery-Maintenance---welding-laboratory_JR0000081607,Workday is currently unavailable.,Non-academic,Full-time,,,,
1641,https://mcgill.wd3.myworkdayjobs.com/mcgill_careers/job/Day-ChancellorHall/LAWG-100D2---LAW---Winter-2027_JR0000081379,Workday is currently unavailable.,Non-academic,Full-time,,,,
1641,https://mcgill.wd3.myworkdayjobs.com/mcgill_careers/job/Day-ChancellorHall/LAWG-210---LAW---Winter-2027_JR0000081405,Workday is currently unavailable.,Non-academic,Full-time,,,,
1641,https://mcgill.wd3.myworkdayjobs.com/mcgill_careers/job/Day-ChancellorHall/LAWG-210---LAW---Winter-2027_JR0000081640,Workday is currently unavailable.,Non-academic,Full-time,,,,
1641,https://mcgill.wd3.myworkdayjobs.com/mcgill_careers/job/Day-ChancellorHall/LAWG-273---LAW---Winter-2027_JR0000081415,Workday is currently unavailable.,Non-academic,Full-time,,,,
1641,https://mcgill.wd3.myworkdayjobs.com/mcgill_careers/job/Day-ChancellorHall/LAWG-415---LAW---Winter-2027_JR0000081630,Workday is currently unavailable.,Non-academic,Full-time,,,,
1641,https://mcgill.wd3.myworkdayjobs.com/mcgill_careers/job/Day-ChancellorHall/LAWG-426---LAW---Winter-2027_JR0000081507,Workday is currently unavailable.,Non-academic,Full-time,,,,
1641,https://mcgill.wd3.myworkdayjobs.com/mcgill_careers/job/Day-ChancellorHall/LAWG-517---LAW---Winter-2027_JR0000081643,Workday is currently unavailable.,Non-academic,Full-time,,,,
1641,https://mcgill.wd3.myworkdayjobs.com/mcgill_careers/job/Day-ChancellorHall/LAWG-520---LAW---Winter-2027_JR0000081428,Workday is currently unavailable.,Non-academic,Full-time,,,,
1641,https://mcgill.wd3.myworkdayjobs.com/mcgill_careers/job/Day-ChancellorHall/LAWG-530---LAW---Winter-2027_JR0000081516,Workday is currently unavailable.,Non-academic,Full-time,,,,
1641,https://mcgill.wd3.myworkdayjobs.com/mcgill_careers/job/Day-ChancellorHall/LAWG-531---LAW---Winter-2027_JR0000081483,Workday is currently unavailable.,Non-academic,Full-time,,,,
1641,https://mcgill.wd3.myworkdayjobs.com/mcgill_careers/job/Day-ChancellorHall/LAWG-537---LAW---Winter-2027_JR0000081533,Workday is currently unavailable.,Non-academic,Full-time,,,,
1641,https://mcgill.wd3.myworkdayjobs.com/mcgill_careers/job/Day-ChancellorHall/LAWG-538---LAW---Winter-2027_JR0000081414,Workday is currently unavailable.,Non-academic,Full-time,,,,
1641,https://mcgill.wd3.myworkdayjobs.com/mcgill_careers/job/Day-ChancellorHall/LAWG-561---LAW---Winter-2027_JR0000081424,Workday is currently unavailable.,Non-academic,Full-time,,,,
1641,https://mcgill.wd3.myworkdayjobs.com/mcgill_careers/job/Day-ChancellorHall/LAWG-602---LAW---Winter-2027_JR0000081378,Workday is currently unavailable.,Non-academic,Full-time,,,,
1641,https://mcgill.wd3.myworkdayjobs.com/mcgill_careers/job/Various/MCLIU-Instructor---Speech-Language-Pathologist--SCSD--2026-2027_JR0000077282,Workday is currently unavailable.,Non-academic,Full-time,,,,
1641,https://mcgill.wd3.myworkdayjobs.com/mcgill_careers/job/Day-ChancellorHall/PROC-124---LAW---Winter-2027_JR0000081531,Workday is currently unavailable.,Non-academic,Full-time,,,,
1641,https://mcgill.wd3.myworkdayjobs.com/mcgill_careers/job/Day-ChancellorHall/PRV5-483---LAW---Winter-2027_JR0000081504,Workday is currently unavailable.,Non-academic,Full-time,,,,
1641,https://mcgill.wd3.myworkdayjobs.com/mcgill_careers/job/Day-ChancellorHall/PUB2-101D2---LAW---Winter-2027_JR0000081440,Workday is currently unavailable.,Non-academic,Full-time,,,,
1641,https://mcgill.wd3.myworkdayjobs.com/mcgill_careers/job/Day-ChancellorHall/PUB2-400---LAW---Winter-2027_JR0000081511,Workday is currently unavailable.,Non-academic,Full-time,,,,
1641,https://mcgill.wd3.myworkdayjobs.com/mcgill_careers/job/Day-ChancellorHall/PUB2-401---LAW---Winter-2027_JR0000081501,Workday is currently unavailable.,Non-academic,Full-time,,,,
1641,https://mcgill.wd3.myworkdayjobs.com/mcgill_careers/job/Day-ChancellorHall/PUB2-500---LAW---Winter-2027_JR0000081498,Workday is currently unavailable.,Non-academic,Full-time,,,,
1641,https://mcgill.wd3.myworkdayjobs.com/mcgill_careers/job/McGill-College-2001/School-of-Communications-Sciences-and-Disorders-Course-Lecturers---Instructors--Winter-2027-_JR0000080315,Workday is currently unavailable.,Non-academic,Full-time,,,,
1641,https://mcgill.wd3.myworkdayjobs.com/mcgill_careers/job/McConnell-Eng-Bldg/School-of-Computer-Science-Course-Lecturer-COMP-189---50--Winter-2027_JR0000080528,Workday is currently unavailable.,Non-academic,Full-time,,,,
1641,https://mcgill.wd3.myworkdayjobs.com/mcgill_careers/job/McConnell-Eng-Bldg/School-of-Computer-Science-Course-Lecturer-COMP-204-Winter-2027_JR0000080514,Workday is currently unavailable.,Non-academic,Full-time,,,,
1641,https://mcgill.wd3.myworkdayjobs.com/mcgill_careers/job/McConnell-Eng-Bldg/School-of-Computer-Science-Course-Lecturer-COMP-208--001-Winter-2027_JR0000080516,Workday is currently unavailable.,Non-academic,Full-time,,,,
1641,https://mcgill.wd3.myworkdayjobs.com/mcgill_careers/job/McConnell-Eng-Bldg/School-of-Computer-Science-Course-Lecturer-COMP-208--002-Winter-2027_JR0000080518,Workday is currently unavailable.,Non-academic,Full-time,,,,
1641,https://mcgill.wd3.myworkdayjobs.com/mcgill_careers/job/McConnell-Eng-Bldg/School-of-Computer-Science-Course-Lecturer-COMP-273---50--Winter-2027_JR0000080535,Workday is currently unavailable.,Non-academic,Full-time,,,,
1641,https://mcgill.wd3.myworkdayjobs.com/mcgill_careers/job/McConnell-Eng-Bldg/School-of-Computer-Science-Course-Lecturer-COMP-310-Winter-2027_JR0000080538,Workday is currently unavailable.,Non-academic,Full-time,,,,
1641,https://mcgill.wd3.myworkdayjobs.com/mcgill_careers/job/McConnell-Eng-Bldg/School-of-Computer-Science-Course-Lecturer-COMP-322-Winter-2027_JR0000080520,Workday is currently unavailable.,Non-academic,Full-time,,,,
1641,https://mcgill.wd3.myworkdayjobs.com/mcgill_careers/job/McConnell-Eng-Bldg/School-of-Computer-Science-Course-Lecturer-COMP-345-Winter-2027_JR0000080551-1,Workday is currently unavailable.,Non-academic,Full-time,,,,
1641,https://mcgill.wd3.myworkdayjobs.com/mcgill_careers/job/McConnell-Eng-Bldg/School-of-Computer-Science-Course-Lecturer-COMP-579---50--Winter-2027_JR0000080524,Workday is currently unavailable.,Non-academic,Full-time,,,,
1641,https://mcgill.wd3.myworkdayjobs.com/mcgill_careers/job/McConnell-Eng-Bldg/School-of-Computer-Science-Course-Lecturer-COMP-597---50--Winter-2027_JR0000080550,Workday is currently unavailable.,Non-academic,Full-time,,,,
1641,https://mcgill.wd3.myworkdayjobs.com/mcgill_careers/job/McConnell-Eng-Bldg/Course-Lecturer---ECSE-325--Winter-2027-_JR0000081645,Workday is currently unavailable.,Non-academic,Full-time,,,,
1641,https://mcgill.wd3.myworkdayjobs.com/mcgill_careers/job/Various/Course-Lecturer---EXMD-505_JR0000081596,Workday is currently unavailable.,Non-academic,Full-time,,,,
1641,https://mcgill.wd3.myworkdayjobs.com/mcgill_careers/job/Wong-Building/Course-Lecturer---MIME-341-Introduction-to-Mineral-Processing--Laboratory-Section----Winter-2027_JR0000081627,Workday is currently unavailable.,Non-academic,Full-time,,,,
1641,https://mcgill.wd3.myworkdayjobs.com/mcgill_careers/job/Education-Building/Communications-Assistant---Web-Design_JR0000081455,Workday is currently unavailable.,Non-academic,Full-time,,,,
1641,https://mcgill.wd3.myworkdayjobs.com/mcgill_careers/job/Macdonald-Eng-Bldg/Research-Assistant-2_JR0000081588,Workday is currently unavailable.,Non-academic,Full-time,,,,
1641,https://mcgill.wd3.myworkdayjobs.com/mcgill_careers/job/Bronfman-Building/Teaching-Assistant---ORGB-661_JR0000081831,Workday is currently unavailable.,Non-academic,Full-time,,,,
1641,https://mcgill.wd3.myworkdayjobs.com/mcgill_careers/job/Sherbrooke-550/Course-Lecturer-CAFT-604-Winter-2027_JR0000081823,Workday is currently unavailable.,Non-academic,Full-time,,,,
1641,https://mcgill.wd3.myworkdayjobs.com/mcgill_careers/job/Sherbrooke-680/PPOL-638-Managing-Principled-Trade-offs-in-International-Public-Policy_JR0000081789,Workday is currently unavailable.,Non-academic,Full-time,,,,
1641,https://mcgill.wd3.myworkdayjobs.com/mcgill_careers/job/McGill-College-2001/Teaching-Assistant---HGEN-663--Beyond-the-Human-Genome-Winter-2027_JR0000081774,Workday is currently unavailable.,Non-academic,Full-time,,,,
1641,https://mcgill.wd3.myworkdayjobs.com/mcgill_careers/job/Leacock-Building/Teaching-Assistant---HGEN-661--Population-Genetics-Winter-2027_JR0000081772,Workday is currently unavailable.,Non-academic,Full-time,,,,
1641,https://mcgill.wd3.myworkdayjobs.com/mcgill_careers/job/Cattle-Complex/Animal-Care-Assistant-B_JR0000081549,Workday is currently unavailable.,Non-academic,Full-time,,,,
1641,https://mcgill.wd3.myworkdayjobs.com/mcgill_careers/job/Hugessen-House/Teaching-Assistant---HGEN-400--Genetics-in-Medicine-Winter-2027_JR0000081761-1,Workday is currently unavailable.,Non-academic,Full-time,,,,
1641,https://mcgill.wd3.myworkdayjobs.com/mcgill_careers/job/Purvis-Hall/CHAIR-OF-THE-MCGILL-UNIVERSITY-DEPARTMENT-OF-EPIDEMIOLOGY--BIOSTATISTICS--AND-OCCUPATIONAL-HEALTH_JR0000081540,Workday is currently unavailable.,Non-academic,Full-time,,,,
1641,https://mcgill.wd3.myworkdayjobs.com/mcgill_careers/job/McIntyre--Medical/Animal-Attendant_JR0000081482,Workday is currently unavailable.,Non-academic,Full-time,,,,
1641,https://mcgill.wd3.myworkdayjobs.com/mcgill_careers/job/McIntyre--Medical/Animal-Attendant_JR0000081488,Workday is currently unavailable.,Non-academic,Full-time,,,,
1641,https://mcgill.wd3.myworkdayjobs.com/mcgill_careers/job/Stewart-Biology-Bldg/Research-Assistant-2_JR0000081138,Workday is currently unavailable.,Non-academic,Full-time,,,,
1641,https://mcgill.wd3.myworkdayjobs.com/mcgill_careers/job/5858-Cote-des-Neiges/Research-Assistant-2_JR0000081679,Workday is currently unavailable.,Non-academic,Full-time,,,,
1641,https://mcgill.wd3.myworkdayjobs.com/mcgill_careers/job/Bronfman-Building/Grader---MGCR-352--Dennis-Sakalauskas-_JR0000081737,Workday is currently unavailable.,Non-academic,Full-time,,,,
1641,https://mcgill.wd3.myworkdayjobs.com/mcgill_careers/job/Burnside-Hall/Research-associate_JR0000081590,Workday is currently unavailable.,Non-academic,Full-time,,,,
1641,https://mcgill.wd3.myworkdayjobs.com/mcgill_careers/job/Life-Sciences-Bldg-/Research-Associate_JR0000081705-1,Workday is currently unavailable.,Non-academic,Full-time,,,,
1641,https://mcgill.wd3.myworkdayjobs.com/mcgill_careers/job/Currie-Gymnasium/Course-Lecturer-EDKP-350-004_JR0000081528,Workday is currently unavailable.,Non-academic,Full-time,,,,
1641,https://mcgill.wd3.myworkdayjobs.com/mcgill_careers/job/Currie-Gymnasium/Course-Lecturer-EDKP-350-003_JR0000081527,Workday is currently unavailable.,Non-academic,Full-time,,,,
1641,https://mcgill.wd3.myworkdayjobs.com/mcgill_careers/job/Currie-Gymnasium/Course-Lecturer-EDKP-350-002_JR0000081526,Workday is currently unavailable.,Non-academic,Full-time,,,,
1641,https://mcgill.wd3.myworkdayjobs.com/mcgill_careers/job/Currie-Gymnasium/Course-Lecturer-EDKP-350-001_JR0000081523,Workday is currently unavailable.,Non-academic,Full-time,,,,
1641,https://mcgill.wd3.myworkdayjobs.com/mcgill_careers/job/Currie-Gymnasium/Course-Lecturer-EDKP-302-402-KPE-W27_JR0000081372,Workday is currently unavailable.,Non-academic,Full-time,,,,
1641,https://mcgill.wd3.myworkdayjobs.com/mcgill_careers/job/Currie-Gymnasium/Course-Lecturer---EDKP-208-KPE-W27_JR0000081362,Workday is currently unavailable.,Non-academic,Full-time,,,,
1641,https://mcgill.wd3.myworkdayjobs.com/mcgill_careers/job/McIntyre--Medical/Assistant-Professor--Tenure-Track--Impact--Chairs-Emerging-Leaders-RNA-Therapeutics-Engineering---Departments-of-Biochemistry-and-Biomedical-Engineering-L000161_JR0000081675,Assistant Professor (Tenure Track) Impact+ Chairs_Emerging Leaders_RNA Therapeutics Engineering - Departments of Biochemistry and Biomedical Engineering L000161,Assistant_Professor,Full-time,Faculty of Medicine and Health Sciences,Biomedical Engineering; Canada’s strategic priority areas,"November 21, 2026",2026-10-05
1641,https://mcgill.wd3.myworkdayjobs.com/mcgill_careers/job/MacDonald-Harrington/Workshop-Facilitator_JR0000080740-1,Workshop Facilitator,Unclassified,Part-time,,,2026-10-09,2026-10-05
1641,https://mcgill.wd3.myworkdayjobs.com/mcgill_careers/job/MacDonald-Harrington/Teaching-Assistant---ARCH-551-W27_JR0000081619,Teaching Assistant - ARCH 551 W27,Unclassified,Part-time,,,2026-10-09,2026-10-05
1641,https://mcgill.wd3.myworkdayjobs.com/mcgill_careers/job/MacDonald-Harrington/Office-Assistant-B_JR0000080734,Office Assistant B,Unclassified,Part-time,,,2026-10-09,2026-10-05
1641,https://mcgill.wd3.myworkdayjobs.com/mcgill_careers/job/Sherbrooke-1010/Senior-Campus-Planner_JR0000078308,Senior Campus Planner,Assistant_Professor; Associate_Professor; Full_Professor,Full-time,,,2026-10-16,2026-10-05
1641,https://mcgill.wd3.myworkdayjobs.com/mcgill_careers/job/Bronfman-Building/Teaching-Assistant---MGCR-222_JR0000077854,Teaching Assistant - MGCR 222,Unclassified,Part-time,,Assistants,2026-10-07,2026-10-05
1641,https://mcgill.wd3.myworkdayjobs.com/mcgill_careers/job/Adams-Building/Teaching-Assistants-EPSC-for-Winter-2027_JR0000081571-1,Teaching Assistants EPSC for Winter 2027,Unclassified,Full-time,,Assistants EPSC,2026-10-19,2026-10-05
1641,https://mcgill.wd3.myworkdayjobs.com/mcgill_careers/job/MacDonald-Harrington/IT-Assistant-B_JR0000080731,IT Assistant B,Non-academic,Part-time,School of Architecture,,,2026-10-05
1641,https://mcgill.wd3.myworkdayjobs.com/mcgill_careers/job/Macdonald-Eng-Bldg/Mechanical-Engineering---Teaching-Assistants--Winter-2027-_JR0000080974,Mechanical Engineering - Teaching Assistants (Winter 2027),Unclassified,Full-time,,gasdynamics; Assistants,"October 19, 2026",2026-10-05
1641,https://mcgill.wd3.myworkdayjobs.com/mcgill_careers/job/Various/Course-Lecturer-EDEC-300-776-OFNIE-F26_JR0000081881,Course Lecturer EDEC 300 776 OFNIE F26,Lecturer,Part-time,,Course; Quebec elementary school,"October 18, 2026",2026-10-05
1641,https://mcgill.wd3.myworkdayjobs.com/mcgill_careers/job/Sherbrooke-680/PPOL-637-Major-Projects-in-Canada_JR0000081829-1,PPOL 637 Major Projects in Canada,Unclassified,Part-time,,Canada; Qualification Requirements,"October 15, 2026",2026-10-05
1641,https://mcgill.wd3.myworkdayjobs.com/mcgill_careers/job/Sherbrooke-680/PPOL-635-Power--Politics--and-the-Housing-Crisis--Ontario-s-Strong-Mayor-Experiment_JR0000081828-1,"PPOL 635 Power, Politics, and the Housing Crisis: Ontario's Strong Mayor Experiment",Unclassified,Part-time,,Qualification Requirements,"October 15, 2026",2026-10-05
1641,https://mcgill.wd3.myworkdayjobs.com/mcgill_careers/job/Bronfman-Building/Social-Media-Assistant_JR0000081875,Social Media Assistant,Unclassified,Part-time,,,2026-10-09,2026-10-05
1641,https://mcgill.wd3.myworkdayjobs.com/mcgill_careers/job/Sherbrooke-680/PPOL-633-Borders--Backlogs--and-Belonging--Asylum---Refugee-Policy-in-Canada_JR0000081826-1,"PPOL 633 Borders, Backlogs, and Belonging: Asylum & Refugee Policy in Canada",Unclassified,Part-time,,Canada; implementation of policies; industry settings; Qualifications Requirements Bachelor,"October 15, 2026",2026-10-05
1641,https://mcgill.wd3.myworkdayjobs.com/mcgill_careers/job/Sherbrooke-680/PPOL-632-Stakeholder-Management-by-a-Multinational-Corp_JR0000081818-1,PPOL 632 Stakeholder Management by a Multinational Corp,Unclassified,Part-time,,Qualification Requirements,"October 15, 2026",2026-10-05
1641,https://mcgill.wd3.myworkdayjobs.com/mcgill_careers/job/Sherbrooke-680/PPOL-631---School-Food-Programs_JR0000081802-1,PPOL 631 - School Food Programs,Unclassified,Part-time,,implementation of policies; industry settings; Qualifications Requirements Bachelor,"October 15, 2026",2026-10-05
1641,https://mcgill.wd3.myworkdayjobs.com/mcgill_careers/job/Bronfman-Building/Event-Organizer_JR0000081871,Event Organizer,Assistant_Professor; Associate_Professor; Full_Professor,Part-time,,,2026-10-09,2026-10-05
1641,https://mcgill.wd3.myworkdayjobs.com/mcgill_careers/job/Sherbrooke-680/PPOL-647-Achieving-Policy-Transparency_JR0000081793-1,PPOL 647 Achieving Policy Transparency,Unclassified,Part-time,,Qualification Requirements,"October 15, 2026",2026-10-05
1641,https://mcgill.wd3.myworkdayjobs.com/mcgill_careers/job/Dawson-Hall/Academic-Associate--Educational-Developer-_JR0000081407,Academic Associate (Educational Developer),Unclassified,Full-time,Faculty of Arts,FYP courses,"October 19, 2026",2026-10-05
1641,https://mcgill.wd3.myworkdayjobs.com/mcgill_careers/job/Sherbrooke-680/PPOL-637-Government-Procurement-in-Contested-Industries_JR0000081779-1,PPOL 637 Government Procurement in Contested Industries,Unclassified,Part-time,,Contested Industries; implementation of policies; industry settings; Qualifications Requirements Bachelor,"October 15, 2026",2026-10-05
1641,https://mcgill.wd3.myworkdayjobs.com/mcgill_careers/job/Burnside-Hall/Teaching-Assistants-ATOC-for-Winter-2027_JR0000081557,Teaching Assistants ATOC for Winter 2027,Unclassified,Full-time,,Assistants ATOC,2026-10-19,2026-10-05
1641,https://mcgill.wd3.myworkdayjobs.com/mcgill_careers/job/Burnside-Hall/Teaching-Assistant-GEOG-Winter-2027_JR0000081360,Teaching Assistant GEOG Winter 2027,Unclassified,Full-time,,political economy Basic knowledge of; economic geography; Assistants GEOG,2026-10-19,2026-10-05
1641,https://mcgill.wd3.myworkdayjobs.com/mcgill_careers/job/Macdonald-Eng-Bldg/Teaching-Assistant---Civil-Engineering---Winter-2027_JR0000081467,Teaching Assistant - Civil Engineering - Winter 2027,Unclassified,Full-time,,,19/10/2026,2026-10-05
1641,https://mcgill.wd3.myworkdayjobs.com/mcgill_careers/job/Stewart-Biology-Bldg/Biology-Department-Winter-TA-Positions_JR0000080852,Biology Department Winter TA Positions,Unclassified,Full-time,,,,2026-10-05
1641,https://mcgill.wd3.myworkdayjobs.com/mcgill_careers/job/Sherbrooke-1010/Electrical-Maintenance-Engineer_JR0000081170,Electrical Maintenance Engineer,Non-academic,Full-time,,,2026-11-02,2026-10-05
