school_id,posting_url,job_title_in_post,position_type,job_term,department_or_school,area_key_words,deadline_of_application,position_start_date
735,https://wustl.wd1.myworkdayjobs.com/job/St-Louis-MO/Senior-HR-Business-Partner--Hybrid----Human-Resources_JR97302,Senior HR Business Partner (Hybrid) - Human Resources,Assistant_Professor; Associate_Professor; Full_Professor,Full-time,,,,2026-09-08
735,https://wustl.wd1.myworkdayjobs.com/job/St-Louis-MO/Talent-Sourcing-Specialist--Hybrid----Human-Resources--Talent-Acquisition_JR97092,Talent Sourcing Specialist (Hybrid) - Human Resources,Non-academic,Full-time,,,,2026-09-08
735,https://wustl.wd1.myworkdayjobs.com/job/Washington-University-Danforth-Campus/Executive-Assistant-for-the-EVC-COO_JR97197,Executive Assistant to the Executive Vice Chancellor & Chief Operating Officer,Unclassified,Full-time,,,,2026-09-08
735,https://wustl.wd1.myworkdayjobs.com/job/Washington-University-Medical-Campus/Patient-Billing-Services-Representative-II---Obstetrics-and-Gynecology_JR97289,Patient Billing/Services Representative II - Obstetrics and Gynecology,Unclassified,Full-time,department for services,,,2026-09-04
735,https://wustl.wd1.myworkdayjobs.com/job/Washington-University-Medical-Campus/Medical-Secretary-II---Hematology_JR97274,Medical Secretary II - Hematology,Non-academic,Full-time,,,,2026-09-04
735,https://wustl.wd1.myworkdayjobs.com/job/Washington-University-Medical-Campus/Administrative-Assistant---Obstetrics-and-Gynecology-Business-Operations_JR97293,Administrative Assistant - Obstetrics and Gynecology Business Operations,Unclassified,Full-time,,,,2026-09-04
735,https://wustl.wd1.myworkdayjobs.com/job/Washington-University-Medical-Campus/RN-Staff-Nurse-II---Pediatrics-Academic-Medicine_JR97304,RN Staff Nurse II - Pediatrics Academic Medicine,Unclassified,Full-time,Division of Academic Pediatrics in providing clinical care in a dynamic outpatient setting,,,2026-09-04
735,https://wustl.wd1.myworkdayjobs.com/job/Washington-University-Medical-Campus/Clinic-Administrator---OBGYN--Fertility---Reproductive-Medicine_JR97214,"Clinic Administrator - OBGYN, Fertility & Reproductive Medicine",Non-academic,Full-time,,Education missions of WashU; Administration,,2026-09-04
735,https://wustl.wd1.myworkdayjobs.com/job/Washington-University-Medical-Campus/Postdoctoral-Research-Associate---Otolaryngology_JR96054,Postdoctoral Research Associate (Auditory Neuroscience) - Otolaryngology,Research_Fellow,Full-time,Department of Otolaryngology,vibrant academic setting; electrophysiology,,2026-09-04
735,https://wustl.wd1.myworkdayjobs.com/job/Shiloh-IL/Patient-Care-Associate-II--PRN----Medical-Oncology--Shiloh--IL-_JR97275,"Patient Care Associate II (PRN) - Medical Oncology (Shiloh, IL)",Unclassified,Part-time,,,,2026-09-04
735,https://wustl.wd1.myworkdayjobs.com/job/Remote/Senior-Research-Administrator--Remote----Radiology_JR97313,Senior Research Administrator (Remote) - Radiology,Non-academic,Full-time,,,,2026-09-04
735,https://wustl.wd1.myworkdayjobs.com/job/Washington-University-Medical-Campus/Research-Opportunities---Pediatric-Genetics_JR96604,Research Opportunities - Pediatric Genetics,Unclassified,Full-time,Division of Genetics and Genomic Medicine of the Department of Pediatrics,,,2026-09-04
735,https://wustl.wd1.myworkdayjobs.com/job/St-Louis-MO/Senior-Director-of-Benefits--Hybrid----Human-Resources_JR96548,Senior Director of Benefits (Hybrid) - Human Resources,Non-academic,Full-time,,Benefits,,2026-09-04
735,https://wustl.wd1.myworkdayjobs.com/job/Washington-University-Danforth-Campus/Staff-Scientist---Engineering_JR97300,Staff Scientist - Engineering,Research_Fellow,Full-time,,MHz-order acoustics; ultrasonic thin-film atomization,,2026-09-04
735,https://wustl.wd1.myworkdayjobs.com/job/Washington-University-Medical-Campus/Research-Technician-II---Radiology_JR97312,Research Technician II - Radiology,Non-academic,Full-time,,,,2026-09-04
735,https://wustl.wd1.myworkdayjobs.com/job/Washington-University-Danforth-Campus/Director--Full-Time-MBA---Domestic-Recruitment--Hybrid----Olin-Business_JR97267,"Director, Full-Time MBA & Domestic Recruitment (Hybrid) - Olin Business",Non-academic,Part-time,center of all three,,,2026-09-04
735,https://wustl.wd1.myworkdayjobs.com/job/Washington-University-North-Campus-University-City-Missouri/Grants-Specialist-II---Sponsored-Projects-Accounting_JR97279,Grants Specialist II - Sponsored Projects Accounting,Non-academic,Full-time,,,,2026-09-04
735,https://wustl.wd1.myworkdayjobs.com/job/Washington-University-Medical-Campus/LPN---Pediatrics-Ambulatory-Care_JR97301,LPN - Pediatrics Ambulatory Care,Unclassified,Full-time,"Department of Financial and Professional Regulation, Licensed Practical Nurse",,,2026-09-04
735,https://wustl.wd1.myworkdayjobs.com/job/South-County---St-Louis-MO/Medical-Assistant-III---Orthopedic-Surgery_JR97201,Medical Assistant III - Orthopedic Surgery,Non-academic,Full-time,"Department of Financial and Professional Regulation, Licensed Practical Nurse",,,2026-09-04
735,https://wustl.wd1.myworkdayjobs.com/job/Washington-University-Medical-Campus/Environmental-Professional-I---Environmental-Health-and-Safety-Department_JR97287-1,Environmental Professional I - Environmental Health and Safety Department,Non-academic,Full-time,Institute of Hazardous Materials Management,,,2026-09-04
735,https://wustl.wd1.myworkdayjobs.com/job/West-County---St-Louis-MO/Patient-Billing-Services-Representative-III---Medicine-Multispecialty-Center---West-County-MOB2_JR97234,Patient Billing/Services Representative III - Medicine Multispecialty Center - West County MOB2,Non-academic,Full-time,,,,2026-09-04
735,https://wustl.wd1.myworkdayjobs.com/job/West-County---St-Louis-MO/Patient-Billing-Services-Representative-II--BJH-West-County----Medical-Oncology_JR97262,Patient Billing/Services Representative II (BJH West County) - Medical Oncology,Unclassified,Full-time,department for services,,,2026-09-04
735,https://wustl.wd1.myworkdayjobs.com/job/West-County---St-Louis-MO/Patient-Billing-Services-Representative-II---Medicine-Multispecialty-Center---West-County-MOB4_JR97243-1,Patient Billing/Services Representative II - Medicine Multispecialty Center - West County MOB4,Unclassified,Full-time,department for services,,,2026-09-04
735,https://wustl.wd1.myworkdayjobs.com/job/Town-and-Country-MO/General---Subspecialty-Radiologist--Earn-up-to--700k----Washington-University-Regional-Physicians_JR97255,Page not found.,Non-academic,Full-time,,,,
735,https://wustl.wd1.myworkdayjobs.com/job/Washington-University-Medical-Campus/General---Subspecialty-Radiologist--Remote-Hybrid-Onsite---Earn-up-to--700k----Washington-University-Regional-Physicians_JR97231-1,Page not found.,Non-academic,Full-time,,,,
735,https://wustl.wd1.myworkdayjobs.com/job/Washington-University-Medical-Campus/Postdoctoral-Research-Associate---Gastroenterology--Hepatology-_JR97215,Postdoctoral Research Associate - Gastroenterology (Hepatology),Research_Fellow,Full-time,"Division of Gastroenterology, Department of Medicine,",,,2026-09-03
735,https://wustl.wd1.myworkdayjobs.com/job/Washington-University-Medical-Campus/Ultrasound-Sonographer--PRN----Obstetrics-and-Gynecology_JR97220,"Ultrasound Sonographer (PRN) - Ob Gyn - Carbondale, IL",Unclassified,Part-time,,,,2026-09-08
735,https://wustl.wd1.myworkdayjobs.com/job/Washington-University-Danforth-Campus/Manager--Professional-Credit-Programs--Hybrid----School-of-Continuing-and-Professional-Studies_JR97258,"Manager, Professional Credit Programs (Hybrid) - School of Continuing and Professional Studies",Non-academic,Full-time,School of Continuing and Professional Studies,,,2026-09-03
735,https://wustl.wd1.myworkdayjobs.com/job/Washington-University-Medical-Campus/Research-Lab-Manager---Gastroenterology--Hepatology-_JR97222,Research Lab Manager - Gastroenterology (Hepatology),Non-academic,Full-time,"Division of Gastroenterology, Department of Medicine,",,,2026-09-03
735,https://wustl.wd1.myworkdayjobs.com/job/Washington-University-Medical-Campus/Staff-Scientist---Gastroenterology--Hepatology-_JR97223-1,Staff Scientist - Gastroenterology (Hepatology),Unclassified,Full-time,"Division of Gastroenterology, Department of Medicine,",,,2026-09-03
735,https://wustl.wd1.myworkdayjobs.com/job/Washington-University-Danforth-Campus/Director--Enterprise-Decision-Support--Hybrid----Executive-VC-Administrative-Offices_JR97039,"Director, Enterprise Decision Support (Hybrid) - Executive VC Administrative Offices",Unclassified,Full-time,,,,2026-09-03
735,https://wustl.wd1.myworkdayjobs.com/job/Washington-University-Medical-Campus/IT-Business-Manager--Hybrid----WashU-IT_JR97166,IT Business Manager (Hybrid) - WashU IT,Non-academic,Full-time,,,,2026-09-03
735,https://wustl.wd1.myworkdayjobs.com/job/Washington-University-Medical-Campus/Accounting-Coordinator--Hybrid----Pediatrics-Central-Administration_JR97259-1,Accounting Coordinator (Hybrid) - Pediatrics Central Administration,Non-academic,Full-time,Department of Pediatrics research operation,,,2026-09-03
735,https://wustl.wd1.myworkdayjobs.com/job/Washington-University-Medical-Campus/Administrative-Professional--Hybrid----Medical-Oncology_JR96240,Administrative Professional (Hybrid) - Medical Oncology,Assistant_Professor; Associate_Professor; Full_Professor,Full-time,,,,2026-09-03
735,https://wustl.wd1.myworkdayjobs.com/job/Washington-University-Medical-Campus/Bioinformaticist---Siteman-Cancer-Center_JR97253,Bioinformaticist - Siteman Cancer Center,Unclassified,Full-time,,Responsibilities: Designs,,2026-09-03
735,https://wustl.wd1.myworkdayjobs.com/job/West-County---St-Louis-MO/Staff-Radiologic-Technologist--West-County----Bone---Mineral-Diseases--DXA-Imaging_JR97200,"Staff Radiologic Technologist (West County) - Bone & Mineral Diseases, DXA Imaging",Unclassified,Full-time,,,,2026-09-03
735,https://wustl.wd1.myworkdayjobs.com/job/Town-and-Country-MO/Ultrasound-Sonographer--Town-and-Country----Obstetrics-and-Gynecology_JR97226,Ultrasound Sonographer (Town and Country) - Obstetrics and Gynecology,Unclassified,Full-time,,,,2026-09-03
735,https://wustl.wd1.myworkdayjobs.com/job/Washington-University-Medical-Campus/Clinical-Research-Coordinator-II--Hybrid----Neurology_JR97254,Clinical Research Coordinator II (Hybrid) - Neurology,Non-academic,Full-time,,,,2026-09-03
735,https://wustl.wd1.myworkdayjobs.com/job/Washington-University-Medical-Campus/Clinical-Research-Coordinator-II---Bone-Marrow-Transplant---Leukemia_JR97235,Clinical Research Coordinator II - Bone Marrow Transplant & Leukemia,Non-academic,Full-time,,,,2026-09-03
735,https://wustl.wd1.myworkdayjobs.com/job/Washington-University-Medical-Campus/Clinical-Research-Coordinator-II---Radiation-Oncology_JR97232,Clinical Research Coordinator II - Radiation Oncology,Non-academic,Full-time,,,,2026-09-03
735,https://wustl.wd1.myworkdayjobs.com/job/Washington-University-Medical-Campus/Systems-Engineer-I--Hybrid----WashU-IT--Cloud-and-Endpoint-Security_JR96898-1,"Systems Engineer I (Hybrid) - WashU IT, Cloud and Endpoint Security",Unclassified,Full-time,,,,2026-09-03
735,https://wustl.wd1.myworkdayjobs.com/job/Washington-University-Medical-Campus/Clinical-Service-Representative-III---Plastic-and-Reconstructive-Surgery_JR97241,Clinical Service Representative III - Plastic and Reconstructive Surgery,Non-academic,Full-time,,,,2026-09-03
735,https://wustl.wd1.myworkdayjobs.com/job/West-County---St-Louis-MO/Patient-Billing-Services-Representative-II---Dermatology_JR97233,Patient Billing/Services Representative II - Dermatology,Unclassified,Full-time,,,,2026-09-03
735,https://wustl.wd1.myworkdayjobs.com/job/Creve-Coeur-MO/Billing-Scheduling-Associate-II--Hybrid----Orthopedic-Surgery_JR96906,Billing/Scheduling Associate II (Hybrid) - Orthopedic Surgery,Unclassified,Full-time,,,,2026-09-03
735,https://wustl.wd1.myworkdayjobs.com/job/Washington-University-Medical-Campus/Clinical-Research-Coordinator-III--Hybrid----Orthopedic-Surgery_JR97237,Clinical Research Coordinator III (Hybrid) - Orthopedic Surgery,Non-academic,Full-time,,,,2026-09-03
735,https://wustl.wd1.myworkdayjobs.com/job/Washington-University-Medical-Campus/Project-Coordinator-I--Remote----Faculty-Practice-Plan_JR97136,Page not found.,Non-academic,Full-time,,,,
735,https://wustl.wd1.myworkdayjobs.com/job/St-Louis-MO/Service-Delivery-Coordinator--Hybrid----HR-Operations_JR97229,Service Delivery Coordinator (Hybrid) - HR Operations,Non-academic,Full-time,,,,2026-09-02
735,https://wustl.wd1.myworkdayjobs.com/job/Washington-University-West-Campus-Clayton-Missouri/Assistant-Director--Advancement-Communications---University-Advancement_JR95822,"Assistant Director, Advancement Communications - University Advancement",Non-academic,Full-time,,writing print; electronic solicitation,,2026-09-02
735,https://wustl.wd1.myworkdayjobs.com/job/Washington-University-West-Campus-Clayton-Missouri/Associate-Director--Advancement-Communications---University-Advancement_JR95826,"Associate Director, Advancement Communications - University Advancement",Non-academic,Full-time,,scheduling print; electronic solicitation,,2026-09-02
735,https://wustl.wd1.myworkdayjobs.com/job/Washington-University-Medical-Campus/Clinical-Research-Study-Assistant-II--Hybrid----Pediatrics-Hematology---Oncology_JR97230,Clinical Research Study Assistant II (Hybrid) - Pediatrics Hematology & Oncology,Unclassified,Full-time,,,,2026-09-02
735,https://wustl.wd1.myworkdayjobs.com/job/Washington-University-Medical-Campus/RN-Clinical-Nurse-Coordinator---Surgical-Oncology_JR97211,RN Clinical Nurse Coordinator - Surgical Oncology,Non-academic,Full-time,"Department of Financial and Professional Regulation, Registered Nurse",,,2026-09-02
735,https://wustl.wd1.myworkdayjobs.com/job/West-County---St-Louis-MO/RN-Staff-Nurse-I--Barnes-West-County----Urologic-Surgery_JR97252-1,RN Staff Nurse I (Barnes West County) - Urologic Surgery,Unclassified,Full-time,"Department of Financial and Professional Regulation, Registered Nurse",,,2026-09-02
735,https://wustl.wd1.myworkdayjobs.com/job/Washington-University-Danforth-Campus/Faculty-Assistant-I---Arts-and-Sciences--Anthropology_JR97179,"Faculty Assistant I - Arts and Sciences, Anthropology",Unclassified,Full-time,,,,2026-09-02
735,https://wustl.wd1.myworkdayjobs.com/job/Washington-University-Medical-Campus/LPN---OB-GYN_JR97175,LPN - OB/GYN,Unclassified,Full-time,"Department of Financial and Professional Regulation, Licensed Practical Nurse",,,2026-09-02
735,https://wustl.wd1.myworkdayjobs.com/job/Washington-University-Medical-Campus/Medical-Assistant-III---OB-GYN-Oncology_JR97203,Medical Assistant III - OB-GYN Oncology,Non-academic,Full-time,"Department of Financial and Professional Regulation, Licensed Practical Nurse",,,2026-09-02
735,https://wustl.wd1.myworkdayjobs.com/job/West-County---St-Louis-MO/Medical-Assistant-II---Cardiology_JR97178,Medical Assistant II - Cardiology,Non-academic,Full-time,"Department of Financial and Professional Regulation, Licensed Practical Nurse",,,2026-09-02
735,https://wustl.wd1.myworkdayjobs.com/job/Washington-University-Medical-Campus/Postdoctoral-Research-Associate---Otolaryngology_JR94881,Postdoctoral Research Associate - Otolaryngology,Research_Fellow,Full-time,,,,2026-09-02
735,https://wustl.wd1.myworkdayjobs.com/job/Washington-University-Danforth-Campus/Manager-Contracts---Custodial-Services---Enterprise-Physical-Operations_JR97139-1,Manager Contracts & Custodial Services - Enterprise Physical Operations,Non-academic,Full-time,,,,2026-09-02
735,https://wustl.wd1.myworkdayjobs.com/job/Washington-University-Danforth-Campus/Postdoctoral-Research-Associate---Earth--Environmental--and-Planetary-Sciences_JR97129,"Postdoctoral Research Associate - Earth, Environmental, and Planetary Sciences",Research_Fellow,Full-time,,,,2026-09-02
735,https://wustl.wd1.myworkdayjobs.com/job/Washington-University-Medical-Campus/Critical-Care-APP--Nurse-Practitioner-or-Physician-Assistant----Cardiac-ICU_JR97207-1,Critical Care APP (Nurse Practitioner or Physician Assistant) - Cardiac ICU,Unclassified,Full-time,"Department of Financial and Professional Regulation, Advanced Practice Nurse",,,2026-09-02
735,https://wustl.wd1.myworkdayjobs.com/job/Washington-University-Medical-Campus/RN-Clinical-Nurse-Coordinator-II---OB-GYN--REI-_JR97216,RN Clinical Nurse Coordinator II - OB/GYN (REI) Hybrid,Non-academic,Full-time,"Department of Financial and Professional Regulation, Registered Nurse",,,2026-09-02
735,https://wustl.wd1.myworkdayjobs.com/job/Washington-University-Danforth-Campus/Manager-of-Venture-Development---Skandalaris-Center_JR96479,Manager of Venture Development - Skandalaris Center,Non-academic,Full-time,,Venture Development,,2026-09-02
735,https://wustl.wd1.myworkdayjobs.com/job/Washington-University-Medical-Campus/APP--Nurse-Practitioner-or-Physician-Assistant----Radiation-Oncology--Outpatient-_JR95869,APP (Nurse Practitioner or Physician Assistant) - Radiation Oncology (Outpatient),Unclassified,Full-time,Center for Advanced Medicine,,,2026-09-02
735,https://wustl.wd1.myworkdayjobs.com/job/Remote/Research-Administrator--Remote----Neurology_JR97251,Research Administrator (Remote) - Neurology,Non-academic,Full-time,,,,2026-09-02
735,https://wustl.wd1.myworkdayjobs.com/job/South-County---St-Louis-MO/Pre-Certification-Coordinator-I--South-County----Ophthalmology_JR96948,Pre-Certification Coordinator I (South County) - Ophthalmology,Non-academic,Full-time,,,,2026-09-02
735,https://wustl.wd1.myworkdayjobs.com/job/West-County---St-Louis-MO/Clinical-Research-Coordinator-II--West-County----Allergy---Immunology_JR97180,Clinical Research Coordinator II (West County) - Allergy & Immunology,Non-academic,Full-time,,,,2026-09-02
735,https://wustl.wd1.myworkdayjobs.com/job/Washington-University-Medical-Campus/Insurance-Billing-Collection-Assistant-II--Hybrid----Anesthesiology_JR97102,Insurance Billing/Collection Assistant II (Hybrid) - Anesthesiology,Non-academic,Full-time,,,,2026-09-02
735,https://wustl.wd1.myworkdayjobs.com/job/Washington-University-Medical-Campus/Bioinformaticist---Gastroenterology--Hepatology-_JR97217,Bioinformaticist - Gastroenterology (Hepatology),Unclassified,Full-time,"Division of Gastroenterology, Department of Medicine,",,,2026-09-02
735,https://wustl.wd1.myworkdayjobs.com/job/Washington-University-Medical-Campus/Research-Technician-II---Gastroenterology--Hepatology-_JR97219,Research Technician II - Gastroenterology (Hepatology),Non-academic,Full-time,"Division of Gastroenterology, Department of Medicine,",,,2026-09-02
735,https://wustl.wd1.myworkdayjobs.com/job/Washington-University-Medical-Campus/Senior-Scientist---Gastroenterology--Hepatology-_JR97213,Senior Scientist - Gastroenterology (Hepatology),Research_Fellow,Full-time,"Division of Gastroenterology, Department of Medicine,",,,2026-09-02
735,https://wustl.wd1.myworkdayjobs.com/job/Washington-University-North-Campus-University-City-Missouri/Grants-Specialist-II--Remote----Sponsored-Projects-Accounting_JR96930,Page not found.,Non-academic,Full-time,,,,
735,https://wustl.wd1.myworkdayjobs.com/job/Washington-University-Medical-Campus/Nurse-Practitioner-or-Physician-Assistant---Cardiology_JR97205,Nurse Practitioner or Physician Assistant - Cardiology,Unclassified,Full-time,"Department of Financial and Professional Regulation, Advanced Practice Nurse",,,2026-09-02
735,https://wustl.wd1.myworkdayjobs.com/job/Washington-University-Medical-Campus/Planner-II--Interiors----Enterprise-Physical-Operations_JR96716-1,Planner II (Interiors) - Enterprise Physical Operations,Unclassified,Full-time,,,,2026-09-02
735,https://wustl.wd1.myworkdayjobs.com/job/Washington-University-Medical-Campus/Research-Assistant---Neurology_JR95545,Research Assistant - Neurology,Non-academic,Full-time,,academic,,2026-09-02
735,https://wustl.wd1.myworkdayjobs.com/job/St-Charles-MO/Patient-Billing-Services-Representative-II---Orthopedic-Surgery_JR97218,Patient Billing/Services Representative II - Orthopedic Surgery,Unclassified,Full-time,,,,2026-09-02
735,https://wustl.wd1.myworkdayjobs.com/job/Washington-University-Medical-Campus/Patient-Billing-Services-Representative-II---Orthopedic-Surgery_JR97184,Patient Billing/Services Representative II - Orthopedic Surgery,Unclassified,Full-time,,,,2026-09-01
735,https://wustl.wd1.myworkdayjobs.com/job/St-Louis-MO/Patient-Billing-Services-Representative-II---Neurology_JR97163,Patient Billing/Services Representative II - Neurology,Unclassified,Full-time,department for services,,,2026-09-01
735,https://wustl.wd1.myworkdayjobs.com/job/Washington-University-Medical-Campus/Medical-Secretary-II---Pediatrics-Hematology---Oncology_JR97161-1,Medical Secretary II - Pediatrics Hematology & Oncology,Unclassified,Full-time,,,,2026-09-01
735,https://wustl.wd1.myworkdayjobs.com/job/Washington-University-Medical-Campus/Research-Opportunities---Neurology_JR97198,Research Opportunities - Neurology,Unclassified,Full-time,,,,2026-09-01
735,https://wustl.wd1.myworkdayjobs.com/job/Washington-University-Danforth-Campus/Director-of-Sales--Executive-Education--Hybrid----Olin-Business_JR97156,"Director of Sales, Executive Education (Hybrid) - Olin Business",Non-academic,Full-time,,"Sales, Executive Education",,2026-09-01
735,https://wustl.wd1.myworkdayjobs.com/job/Washington-University-Medical-Campus/Medical-Assistant-III--CAM----Urologic-Surgery_JR97172,Medical Assistant III (CAM) - Urologic Surgery,Non-academic,Full-time,"Department of Financial and Professional Regulation, Licensed Practical Nurse",,,2026-09-01
735,https://wustl.wd1.myworkdayjobs.com/job/Washington-University-Medical-Campus/Postdoctoral-Research-Associate---Biochemistry_JR97187,Postdoctoral Research Associate - Biochemistry,Research_Fellow,Full-time,Department of Biochemistry and Molecular Biophysics,,,2026-09-01
735,https://wustl.wd1.myworkdayjobs.com/job/Washington-University-Medical-Campus/Videographer--Hybrid----Office-of-Education_JR97192,Videographer (Hybrid) - Office of Education,Non-academic,Full-time,School of Medicine,improving student outcomes,,2026-09-01
735,https://wustl.wd1.myworkdayjobs.com/job/Washington-University-Medical-Campus/Research-Technician-II---Allergy---Immunology_JR97169,Research Technician II - Allergy & Immunology,Non-academic,Full-time,,,,2026-09-01
735,https://wustl.wd1.myworkdayjobs.com/job/Washington-University-West-Campus-Clayton-Missouri/Associate-Director--Direct-Marketing---Participation---University-Advancement_JR97128,"Associate Director, Direct Marketing & Participation - University Advancement",Non-academic,Full-time,,,,2026-09-01
735,https://wustl.wd1.myworkdayjobs.com/job/Washington-University-West-Campus-Clayton-Missouri/Coordinator-of-Special-Events---University-Advancement_JR97011-1,Coordinator of Special Events - University Advancement,Assistant_Professor; Associate_Professor; Full_Professor,Full-time,School of Medicine specific events,Special Events,,2026-09-01
735,https://wustl.wd1.myworkdayjobs.com/job/Washington-University-Danforth-Campus/Manager-WashU-BearLine--Direct-Marketing---Participation---University-Advancement_JR97171,"Manager WashU BearLine, Direct Marketing & Participation - University Advancement",Non-academic,Full-time,,,,2026-09-01
735,https://wustl.wd1.myworkdayjobs.com/job/Washington-University-West-Campus-Clayton-Missouri/Associate-Director--Giving-Days---Emerging-Donor-Strategies---University-Advancement_JR97003,"Associate Director, Giving Days & Emerging Donor Strategies - University Advancement",Unclassified,Full-time,,,,2026-09-01
735,https://wustl.wd1.myworkdayjobs.com/job/Washington-University-Medical-Campus/Bioinformatics-Research-Assistant---Pediatrics-Hematology--Oncology--and-Infectious-Diseases_JR97162,"Bioinformatics Research Assistant - Pediatrics Hematology, Oncology, and Infectious Diseases",Non-academic,Full-time,,,,2026-09-01
735,https://wustl.wd1.myworkdayjobs.com/job/Washington-University-Danforth-Campus/Venture-Development-Specialist---Skandalaris-Center_JR94750,Venture Development Specialist - Skandalaris Center,Non-academic,Full-time,,,,2026-09-01
735,https://wustl.wd1.myworkdayjobs.com/job/Washington-University-Medical-Campus/LPN---Urologic-Surgery_JR97150,LPN - Urologic Surgery,Unclassified,Full-time,"Department of Financial and Professional Regulation, Licensed Practical Nurse",,,2026-08-31
735,https://wustl.wd1.myworkdayjobs.com/job/Florissant-MO/Medical-Assistant-III--Christian-Hospital-Northwest-Siteman----Medical-Oncology_JR97141,Medical Assistant III (Christian Hospital Northwest Siteman) - Medical Oncology,Non-academic,Full-time,"Department of Financial and Professional Regulation, Licensed Practical Nurse",,,2026-08-31
735,https://wustl.wd1.myworkdayjobs.com/job/Washington-University-Medical-Campus/Senior-Research-Technician---Pediatrics-Gasteroenterology_JR94182,Senior Research Technician - Pediatrics Gastroenterology,Non-academic,Full-time,,,,2026-08-31
735,https://wustl.wd1.myworkdayjobs.com/job/Washington-University-West-Campus-Clayton-Missouri/Senior-Associate-Director-Of-Gift-Operations---University-Advancement_JR96379,Senior Associate Director Of Gift Operations - University Advancement,Assistant_Professor; Associate_Professor; Full_Professor,Full-time,,,,2026-08-31
735,https://wustl.wd1.myworkdayjobs.com/job/Washington-University-Medical-Campus/Office-Manager-III---Cancer-Center_JR97105,Office Manager III - Cancer Center,Non-academic,Full-time,,,,2026-08-31
735,https://wustl.wd1.myworkdayjobs.com/job/Washington-University-Medical-Campus/Laboratory-Assistant-II-Glasswasher---Molecular-Microbiology_JR97153,Laboratory Assistant II/Glasswasher - Molecular Microbiology,Unclassified,Full-time,,,,2026-08-31
735,https://wustl.wd1.myworkdayjobs.com/job/Washington-University-Medical-Campus/Medical-Scribe--PRN----Dermatology_JR97082,Medical Scribe (PRN) - Dermatology,Unclassified,Part-time,,,,2026-08-31
735,https://wustl.wd1.myworkdayjobs.com/job/Washington-University-Medical-Campus/RN-Clinical-Nurse-Coordinator---Rheumatology_JR96848,RN Clinical Nurse Coordinator - Rheumatology,Non-academic,Full-time,"Department of Financial and Professional Regulation, Registered Nurse",,,2026-08-31
735,https://wustl.wd1.myworkdayjobs.com/job/Washington-University-Medical-Campus/Patient-Care-Associate--Trainee----Metabolism-Diabetes-Center_JR96991,Page not found.,Non-academic,Full-time,,,,
735,https://wustl.wd1.myworkdayjobs.com/job/Remote/Pre-Certification-Coordinator-I--Remote----Medical-Oncology_JR97142,Page not found.,Non-academic,Full-time,,,,
735,https://wustl.wd1.myworkdayjobs.com/job/Washington-University-Danforth-Campus/Administrative-Coordinator-I---Arts-and-Sciences_JR97024,Administrative Coordinator I - Arts and Sciences,Research_Fellow,Full-time,,,,2026-08-31
735,https://wustl.wd1.myworkdayjobs.com/job/Shiloh-IL/Nurse-Practitioner-or-Physician-Assistant---Oncology--IL-_JR95126,Nurse Practitioner or Physician Assistant - Oncology (IL),Unclassified,Full-time,"Department of Financial and Professional Regulation, Advanced Practice Nurse",,,2026-08-31
735,https://wustl.wd1.myworkdayjobs.com/job/Washington-University-Medical-Campus/Security-Systems-Technician---Enterprise-Physical-Operations_JR97070,Security Systems Technician - Enterprise Physical Operations,Non-academic,Full-time,,,,2026-08-31
735,https://wustl.wd1.myworkdayjobs.com/job/Washington-University-Medical-Campus/Epic-Support-Analyst-II_JR97080,Epic Support Analyst II,Non-academic,Full-time,,,,2026-08-31
735,https://wustl.wd1.myworkdayjobs.com/job/Washington-University-Medical-Campus/Bioinformatics-Research-Analyst---Pediatrics-Newborn-Medicine_JR97108,Bioinformatics Research Analyst - Pediatrics Newborn Medicine,Non-academic,Full-time,,,,2026-08-31
735,https://wustl.wd1.myworkdayjobs.com/job/Washington-University-Medical-Campus/Medical-Assistant-II---Otolaryngology_JR97137-1,Medical Assistant II - Otolaryngology,Non-academic,Full-time,Department of Otolaryngology,,,2026-08-31
735,https://wustl.wd1.myworkdayjobs.com/job/South-County---St-Louis-MO/Medical-Assistant-IV---Medicine-Multispecialty-Center---Float_JR97118,Medical Assistant IV - Medicine Multispecialty Center - Float,Non-academic,Full-time,"Department of Financial and Professional Regulation, Licensed Practical Nurse",,,2026-08-31
735,https://wustl.wd1.myworkdayjobs.com/job/Washington-University-Medical-Campus/Senior-Public-Health-Research-Coordintor---Palliative-Medicine_JR96891,Senior Public Health Research Coordinator - Palliative Medicine,Non-academic,Full-time,,family caregiving; serious illness,,2026-08-31
735,https://wustl.wd1.myworkdayjobs.com/job/Washington-University-Medical-Campus/Manager-Medical-Education-Programs--Hybrid----Neurology_JR97107,Manager Medical Education Programs (Hybrid) - Neurology,Non-academic,Full-time,School of Medicine and other departments,,,2026-08-29
735,https://wustl.wd1.myworkdayjobs.com/job/Washington-University-Medical-Campus/Medical-Assistant-III---Neurology_JR97124,Page not found.,Non-academic,Full-time,,,,
735,https://wustl.wd1.myworkdayjobs.com/job/South-County---St-Louis-MO/Medical-Assistant-III---Medicine-Multispecialty-Center---South-County_JR97120,Medical Assistant III - Medicine Multispecialty Center - South County,Non-academic,Full-time,"Department of Financial and Professional Regulation, Licensed Practical Nurse",,,2026-08-28
735,https://wustl.wd1.myworkdayjobs.com/job/Washington-University-Medical-Campus/Physician-Assistant---Interventional-Radiology_JR95122,Physician Assistant - Interventional Radiology,Unclassified,Full-time,"Department of Financial and Professional Regulation, Physician Assistant",,,2026-08-28
735,https://wustl.wd1.myworkdayjobs.com/job/South-County---St-Louis-MO/RN-Clinical-Nurse-Coordinator---Cardiology_JR97123,RN Clinical Nurse Coordinator - Cardiology,Non-academic,Full-time,"Department of Financial and Professional Regulation, Registered Nurse",,,2026-08-28
735,https://wustl.wd1.myworkdayjobs.com/job/Washington-University-Medical-Campus/Nurse-Practitioner-or-Physician-Assistant---Hospital-Medicine_JR97086,Nurse Practitioner or Physician Assistant - Hospital Medicine,Unclassified,Full-time,Division of Hospital Medicine is seeking skilled Nurse Practitioners and Physician Assistants,,,2026-08-28
735,https://wustl.wd1.myworkdayjobs.com/job/Washington-University-Danforth-Campus/Health-and-Human-Info-Policy-Research-Fellow--Hybrid----Cordell-Institute-for-Policy-in-Medicine---Law_JR96994,Health and Human Info Policy Research Fellow (Hybrid) - Cordell Institute for Policy in Medicine & Law,Research_Fellow,Full-time,Institute for Policy in Medicine & Law,,,2026-08-28
735,https://wustl.wd1.myworkdayjobs.com/job/Washington-University-Medical-Campus/Assistant-to-Institute-Director---McDonnell-Genome-Institute_JR97052,Assistant to Institute Director - McDonnell Genome Institute,Research_Fellow,Full-time,,,,2026-08-28
735,https://wustl.wd1.myworkdayjobs.com/job/Washington-University-Medical-Campus/Administrative-Coordinator-II--Hybrid----Medical-Oncology_JR97038,Administrative Coordinator II (Hybrid) - Medical Oncology,Non-academic,Full-time,,,,2026-08-28
735,https://wustl.wd1.myworkdayjobs.com/job/Washington-University-Medical-Campus/Research-Technician-II---Otolaryngology_JR97098-1,Research Technician II (Auditory Neuroscience) - Otolaryngology,Non-academic,Full-time,Department of Otolaryngology,,,2026-08-28
735,https://wustl.wd1.myworkdayjobs.com/job/Washington-University-Medical-Campus/Medical-Assistant-II---Department-of-Medicine---Metabolism-Diabetes-Center_JR97099,Page not found.,Non-academic,Full-time,,,,
735,https://wustl.wd1.myworkdayjobs.com/job/West-County---St-Louis-MO/Patient-Billing-Services-Representative-III---Medicine-Multispecialty-Center---MOB2_JR97117,Patient Billing/Services Representative III - Medicine Multispecialty Center - MOB2,Unclassified,Full-time,department for services,,,2026-08-28
735,https://wustl.wd1.myworkdayjobs.com/job/Washington-University-Medical-Campus/Patient-Billing-Services-Representative-III---Metabolism-Diabetes-Center_JR97100,Patient Billing/Services Representative III - Metabolism Diabetes Center,Unclassified,Full-time,,,,2026-08-28
735,https://wustl.wd1.myworkdayjobs.com/job/Washington-University-Medical-Campus/Medical-Secretary-III--Hybrid----Gastroenterology-Biliary_JR97076,Medical Secretary III (Hybrid) - Gastroenterology/Biliary,Unclassified,Full-time,Division of Gastroenterology,,,2026-08-28
735,https://wustl.wd1.myworkdayjobs.com/job/West-County---St-Louis-MO/Patient-Billing-Services-Representative-II---Orthopedic-Surgery_JR97066,Patient Billing/Services Representative II - Orthopedic Surgery,Unclassified,Full-time,,,,2026-08-28
735,https://wustl.wd1.myworkdayjobs.com/job/Washington-University-Medical-Campus/Assistant-to-Chief--DOM----Endocrinology_JR97014-1,Assistant to Chief (DOM) - Endocrinology,Lecturer,Full-time,,,,2026-08-28
735,https://wustl.wd1.myworkdayjobs.com/job/Washington-University-Medical-Campus/Patient-Care-Associate--Trainee----Heart---Vascular-Center_JR97053,Patient Care Associate (Trainee) - Heart & Vascular Center,Unclassified,Full-time,,,,2026-08-28
735,https://wustl.wd1.myworkdayjobs.com/job/Washington-University-Medical-Campus/Project-Coordinator-I--Project-Management---Planning----Enterprise-Physical-Operations_JR96453,Project Coordinator I (Project Management & Planning) - Enterprise Physical Operations,Non-academic,Full-time,,,,2026-08-28
735,https://wustl.wd1.myworkdayjobs.com/job/Washington-University-Medical-Campus/Investigator--Crime-Analysis---Special-Services---Enterprise-Physical-Operations_JR96203,"Investigator, Crime Analysis & Special Services - Enterprise Physical Operations",Non-academic,Full-time,,,,2026-08-28
735,https://wustl.wd1.myworkdayjobs.com/job/Washington-University-Medical-Campus/Response-Officer-II--Overnight----Enterprise-Physical-Operations_JR95480,Response Officer II (Overnight) - Enterprise Physical Operations,Non-academic,Full-time,,,,2026-08-28
735,https://wustl.wd1.myworkdayjobs.com/job/Washington-University-Medical-Campus/Response-Officer-I--Overnight----Enterprise-Physical-Operations_JR95483,Response Officer I (Overnight) - Enterprise Physical Operations,Non-academic,Full-time,,,,2026-08-28
735,https://wustl.wd1.myworkdayjobs.com/job/Washington-University-Medical-Campus/Response-Officer-II--Days----Enterprise-Physical-Officer_JR95925,Response Officer II (Days) - Enterprise Physical Officer,Non-academic,Full-time,,,,2026-08-28
735,https://wustl.wd1.myworkdayjobs.com/job/Washington-University-Medical-Campus/Response-Officer-I--Days----Enterprise-Physical-Operations_JR95924,Response Officer I (Days) - Enterprise Physical Operations,Non-academic,Full-time,,,,2026-08-28
735,https://wustl.wd1.myworkdayjobs.com/job/Creve-Coeur-MO/Ophthalmic-Assistant--Creve-Coeur----Ophthalmology_JR97077-1,Ophthalmic Assistant (Creve Coeur) - Ophthalmology,Unclassified,Full-time,,,,2026-08-28
735,https://wustl.wd1.myworkdayjobs.com/job/Washington-University-Medical-Campus/Clinical-Research-Coordinator-II---Obstetrics-and-Gynecology_JR97040,Clinical Research Coordinator II - Obstetrics and Gynecology,Non-academic,Full-time,,,,2026-08-28
735,https://wustl.wd1.myworkdayjobs.com/job/Washington-University-North-Campus-University-City-Missouri/Senior-Sourcing-Manager--Supply-Chain---Executive-VC-Administrative-Offices_JR96723,"Senior Sourcing Manager, Supply Chain - Executive VC Administrative Offices",Non-academic,Full-time,,,,2026-08-28
735,https://wustl.wd1.myworkdayjobs.com/job/St-Louis-MO/Nurse-Practitioner-or-Physician-Assistant---Cardiology_JR97012,Nurse Practitioner or Physician Assistant - Cardiology,Unclassified,Full-time,"Department of Financial and Professional Regulation, Advanced Practice Nurse",,,2026-08-28
735,https://wustl.wd1.myworkdayjobs.com/job/Remote/Senior-Grants-Specialist--Remote----Infectious-Diseases_JR97055-1,Senior Grants Specialist (Remote) - Infectious Diseases,Non-academic,Full-time,,,,2026-08-28
735,https://wustl.wd1.myworkdayjobs.com/job/Washington-University-Medical-Campus/Nurse-Practitioner---Pulmonary---Critical-Care-Medicine_JR96254,Nurse Practitioner - Pulmonary & Critical Care Medicine,Unclassified,Full-time,"Department of Financial and Professional Regulation, Advanced Practice Nurse",,,2026-08-28
735,https://wustl.wd1.myworkdayjobs.com/job/St-Louis-MO/Housekeeper---Real-Estate---Maintenance_JR93641,Housekeeper - Real Estate - Maintenance,Unclassified,Full-time,,,,2026-08-28
735,https://wustl.wd1.myworkdayjobs.com/job/Washington-University-Medical-Campus/Staff-Scientist---Oncology_JR97006,Page not found.,Non-academic,Full-time,,,,
735,https://wustl.wd1.myworkdayjobs.com/job/Washington-University-Medical-Campus/Nuclear-Medicine-Technologist---Radiology_JR93084,Nuclear Medicine Technologist - Radiology,Unclassified,Full-time,,,,2026-08-28
735,https://wustl.wd1.myworkdayjobs.com/job/Washington-University-Medical-Campus/MRI-Technologist---Radiology_JR92091,MRI Technologist - Radiology,Unclassified,Full-time,Center for Clinical Imaging Research,,,2026-08-28
735,https://wustl.wd1.myworkdayjobs.com/job/Washington-University-Medical-Campus/Dietitian-Nutritionist--Hybrid----Pediatrics-Gastroenterology_JR96957,Dietitian/Nutritionist (Hybrid) - Pediatrics Gastroenterology,Unclassified,Full-time,"Department of Financial and Professional Regulation, Registered Dietitian",,,2026-08-28
735,https://wustl.wd1.myworkdayjobs.com/job/St-Louis-MO/Orthopedic-Technician-Supervisor--Sunset-Hills----Orthopedic-Surgery_JR97072,Orthopedic Technician Supervisor (Sunset Hills) - Orthopedic Surgery,Non-academic,Full-time,,,,2026-08-28
735,https://wustl.wd1.myworkdayjobs.com/job/Washington-University-Medical-Campus/Supervisor-Clinical-Office---WUCA---WUCare_JR96300,Supervisor Clinical Office - WUCA - WUCare,Non-academic,Full-time,"Department of Financial and Professional Regulation, Licensed Practical Nurse",,,2026-08-28
735,https://wustl.wd1.myworkdayjobs.com/job/Washington-University-Danforth-Campus/Associate-Dean-Graduate---International-Law-Programs---Law-Office-of-the-Dean_JR97004-1,Associate Dean Graduate & International Law Programs - Law Office of the Dean,Unclassified,Full-time,,,,2026-08-27
735,https://wustl.wd1.myworkdayjobs.com/job/Washington-University-Danforth-Campus/Technical-Support-Analyst-III---Enterprise-Physical-Operations_JR96998,Technical Support Analyst III - Enterprise Physical Operations,Non-academic,Full-time,,,,2026-08-27
735,https://wustl.wd1.myworkdayjobs.com/job/St-Louis-MO/Custodian-I--PRN----Relief-Staff--2nd---3rd-shift----Enterprise-Physical-Operations_JR97054,Custodian I (PRN) - Relief Staff (2nd & 3rd shift) - Enterprise Physical Operations,Unclassified,Part-time,,,,2026-08-27
735,https://wustl.wd1.myworkdayjobs.com/job/Chesterfield-MO/Orthopedic-Technician-II--Chesterfield----Orthopedic-Surgery_JR97057,Orthopedic Technician II (Chesterfield) - Orthopedic Surgery,Non-academic,Full-time,"Department of Financial and Professional Regulation, Certified Medical Assistant",,,2026-08-27
735,https://wustl.wd1.myworkdayjobs.com/job/Washington-University-Medical-Campus/Patient-Care-Associate--Trainee----Medicine-Multispecialty-Center---CAM5_JR97031,Patient Care Associate (Trainee) - Medicine Multispecialty Center - CAM5,Unclassified,Full-time,,,,2026-08-27
735,https://wustl.wd1.myworkdayjobs.com/job/St-Louis-MO/Director-Clinical-Operations---Neurosurgery_JR96874,Director Clinical Operations - Neurosurgery,Unclassified,Full-time,,,,2026-08-27
735,https://wustl.wd1.myworkdayjobs.com/job/Washington-University-Medical-Campus/Clinical-Research-Study-Assistant-II---Obstetrics-and-Gynecology_JR97005-1,Clinical Research Study Assistant II - Obstetrics and Gynecology,Unclassified,Full-time,,,,2026-08-27
735,https://wustl.wd1.myworkdayjobs.com/job/Washington-University-Medical-Campus/Clinical-Research-Coordinator-I---Obstetrics-and-Gynecology_JR96999,Clinical Research Coordinator I - Obstetrics and Gynecology,Non-academic,Full-time,,assisting investigators,,2026-08-27
735,https://wustl.wd1.myworkdayjobs.com/job/Washington-University-Medical-Campus/Patient-Billing-Services-Representative-II---Orthopedic-Surgery_JR97041,Patient Billing/Services Representative II - Orthopedic Surgery,Unclassified,Full-time,,,,2026-08-27
735,https://wustl.wd1.myworkdayjobs.com/job/West-County---St-Louis-MO/Medical-Secretary-II--Hybrid----Bone-Health_JR96996,Medical Secretary II (Hybrid) - Bone Health,Non-academic,Full-time,,,,2026-08-27
735,https://wustl.wd1.myworkdayjobs.com/job/Washington-University-Medical-Campus/Administrative-Coordinator-I---Plastic-Surgery_JR97021,Administrative Coordinator I - Plastic Surgery,Non-academic,Full-time,,,,2026-08-26
735,https://wustl.wd1.myworkdayjobs.com/job/Washington-University-Danforth-Campus/Cordell-Institute-CERL-Program-Coordinator---Law-School_JR96772,Cordell Institute/CERL Program Coordinator - Law School,Non-academic,Full-time,Center for Empirical Research in the Law,Cordell Institute’s key fields of,,2026-08-26
735,https://wustl.wd1.myworkdayjobs.com/job/Washington-University-Medical-Campus/Administrative-Assistant-II---General-Internal-Medicine_JR96882,Administrative Assistant II - General Internal Medicine,Unclassified,Full-time,Center for Practice Excellence,,,2026-08-26
735,https://wustl.wd1.myworkdayjobs.com/job/Washington-University-Medical-Campus/RN-Clinical-Nurse-Coordinator---Hematology_JR97029,RN Clinical Nurse Coordinator - Hematology,Non-academic,Full-time,"Department of Financial and Professional Regulation, Registered Nurse",,,2026-08-26
735,https://wustl.wd1.myworkdayjobs.com/job/Washington-University-Medical-Campus/Clinical-Laboratory-Technician---Siteman-Cancer-Center_JR96981,Clinical Laboratory Technician - Siteman Cancer Center,Non-academic,Full-time,School of Medicine,,,2026-08-26
735,https://wustl.wd1.myworkdayjobs.com/job/Washington-University-Medical-Campus/Project-Manager--Planning--Design---Construction----Critical-Facilities---Enterprise-Physical-Operations_JR97034,"Project Manager (Planning, Design & Construction) - Critical Facilities - Enterprise Physical Operations",Non-academic,Full-time,,,,2026-08-26
735,https://wustl.wd1.myworkdayjobs.com/job/Washington-University-Danforth-Campus/Edwin-Thompson-Jaynes-Postdoctoral-Fellow-in-Physics_JR96997,Edwin Thompson Jaynes Postdoctoral Fellow in Physics,Research_Fellow,Full-time,Department of Physics,Physics; Quantum Information,"November 15, 2026",2026-08-26
735,https://wustl.wd1.myworkdayjobs.com/job/Washington-University-Danforth-Campus/Project-Manager--Enterprise-Delivery-and-Process-Improvement--Hybrid----Operational-Excellence-and-Process-Improvement_JR96980,"Project Manager, Enterprise Delivery and Process Improvement (Hybrid) - Operational Excellence and Process Improvement",Non-academic,Full-time,,,,2026-09-08
735,https://wustl.wd1.myworkdayjobs.com/job/Washington-University-Medical-Campus/Clinical-Research-Study-Assistant-II---Medical-Oncology_JR96986,Clinical Research Study Assistant II - Medical Oncology,Unclassified,Full-time,,,,2026-08-26
735,https://wustl.wd1.myworkdayjobs.com/job/Washington-University-Medical-Campus/Technical-Support-Specialist-I--Hybrid----WashU-IT_JR96730,Technical Support Specialist I (Hybrid) - WashU IT,Non-academic,Full-time,,,,2026-08-26
735,https://wustl.wd1.myworkdayjobs.com/job/Washington-University-Medical-Campus/Technical-Support-Specialist-I--Hybrid----WashU-IT_JR96769,Technical Support Specialist I (Hybrid) - WashU IT,Non-academic,Full-time,,,,2026-08-26
735,https://wustl.wd1.myworkdayjobs.com/job/Washington-University-Medical-Campus/Supervisor-Insurance-Billing-Collection---Surgery_JR96995,Supervisor Insurance/Billing/Collection - Surgery,Unclassified,Full-time,,,,2026-08-26
735,https://wustl.wd1.myworkdayjobs.com/job/OFallon-MO/Physical-Therapist-Clinical-Associate--O-Fallon--MO----Women-s-Health---Program-in-Physical-Therapy_JR97026-1,"Physical Therapist/Clinical Associate (O'Fallon, MO) - Women's Health - Program in Physical Therapy",Unclassified,Full-time,"Department of Financial and Professional Regulation, Physical Therapist",,,2026-08-26
735,https://wustl.wd1.myworkdayjobs.com/job/Town-and-Country-MO/Patient-Billing-Service-Representative-II---Obstetrics-and-Gynecology_JR93943,Patient Billing/Service Representative II - Obstetrics and Gynecology,Unclassified,Full-time,department for services,,,2026-08-26
735,https://wustl.wd1.myworkdayjobs.com/job/Washington-University-Medical-Campus/Staff-Scientist---Surgical-Oncology_JR97002,Staff Scientist - Surgical Oncology,Unclassified,Full-time,,,,2026-08-26
735,https://wustl.wd1.myworkdayjobs.com/job/Washington-University-Medical-Campus/Administrative-Coordinator-III---Radiology_JR94122,Administrative Coordinator III - Radiology,Assistant_Professor; Associate_Professor; Full_Professor,Full-time,,,,2026-08-26
735,https://wustl.wd1.myworkdayjobs.com/job/Washington-University-Medical-Campus/Planner---Enterprise-Physical-Operations_JR96682,Architectural Planner - Enterprise Physical Operations,Unclassified,Full-time,,,,2026-08-26
735,https://wustl.wd1.myworkdayjobs.com/job/Washington-University-Danforth-Campus/Staff-Scientist---Engineering_JR96831,Staff Scientist - Engineering,Unclassified,Full-time,,environmental biotechnology; microbial ecology,,2026-08-26
735,https://wustl.wd1.myworkdayjobs.com/job/Washington-University-Medical-Campus/Preventative-Maintenance-Technician-I--2nd-Shift-----Enterprise-Physical-Operations_JR95777,Preventative Maintenance Technician I (2nd Shift)  - Enterprise Physical Operations,Non-academic,Full-time,,,,2026-08-26
735,https://wustl.wd1.myworkdayjobs.com/job/Washington-University-Medical-Campus/Research-Nurse-Coordinator-I---Cardiology_JR96942,Research Nurse Coordinator I - Cardiology,Non-academic,Full-time,"Department of Financial and Professional Regulation, Registered Nurse",,,2026-08-26
735,https://wustl.wd1.myworkdayjobs.com/job/Washington-University-West-Campus-Clayton-Missouri/Advancement-Coordinator--Volunteer-Leadership---University-Advancement_JR96946,"Advancement Coordinator, Volunteer Leadership - University Advancement",Non-academic,Full-time,,,,2026-08-26
735,https://wustl.wd1.myworkdayjobs.com/job/Washington-University-West-Campus-Clayton-Missouri/Office-Services-Assistant--Advancement-Administration--Time-Limited----University-Advancement_JR96641,"Office Services Assistant, Advancement Administration (Time-Limited) - University Advancement",Non-academic,Full-time,,,,2026-08-26
735,https://wustl.wd1.myworkdayjobs.com/job/Washington-University-Medical-Campus/Security-Awareness--Behavior----Culture-Analyst-II--Remote----WashU-IT_JR96704,"Security Awareness, Behavior, & Culture Analyst II (Remote) - WashU IT",Non-academic,Full-time,,,,2026-08-25
735,https://wustl.wd1.myworkdayjobs.com/job/Washington-University-North-Campus-University-City-Missouri/Application-Lead--Remote----WashU-IT_JR96813,Application Lead (Remote) - WashU IT,Unclassified,Full-time,,,,2026-08-25
735,https://wustl.wd1.myworkdayjobs.com/job/Washington-University-Medical-Campus/IT-Service-Management-Analyst-I---WUIT_JR96979,IT Service Management Analyst I - WUIT,Non-academic,Full-time,,,,2026-08-25
735,https://wustl.wd1.myworkdayjobs.com/job/Washington-University-Medical-Campus/RN-Clinical-Nurse-Coordinator---Pediatrics-Gastoenterology_JR96956,RN Clinical Nurse Coordinator - Pediatrics Gastroenterology,Non-academic,Full-time,"Department of Financial and Professional Regulation, Registered Nurse",,,2026-08-25
735,https://wustl.wd1.myworkdayjobs.com/job/Washington-University-Danforth-Campus/Residential-Community-Director---Residential-Life_JR96924,Residential Community Director - Residential Life,Unclassified,Full-time,,,,2026-08-25
735,https://wustl.wd1.myworkdayjobs.com/job/Washington-University-Medical-Campus/Research-Technician-II---Urologic-Surgery_JR96992,Research Technician II - Urologic Surgery,Research_Fellow,Full-time,,,,2026-08-25
735,https://wustl.wd1.myworkdayjobs.com/job/Washington-University-Medical-Campus/Research-Technician-II---Medical-Oncology_JR96974,Research Technician II - Medical Oncology,Non-academic,Full-time,Division of Oncology,,,2026-08-25
735,https://wustl.wd1.myworkdayjobs.com/job/Washington-University-Medical-Campus/Research-Technician-II---Oncology_JR96965,Research Technician II - Oncology,Non-academic,Full-time,,Link laboratory; using this information,,2026-08-25
735,https://wustl.wd1.myworkdayjobs.com/job/Washington-University-Medical-Campus/Postdoctoral-Research-Associate---Nutritional-Science_JR96953,Postdoctoral Research Associate - Nutritional Science,Research_Fellow,Full-time,,,,2026-08-25
735,https://wustl.wd1.myworkdayjobs.com/job/Washington-University-Medical-Campus/Education-Specialist-Instructional-Designer--Hybrid----Instructional-Design-Studio_JR95738,Education Specialist/Instructional Designer (Hybrid) - Instructional Design Studio,Non-academic,Full-time,,,,2026-08-25
735,https://wustl.wd1.myworkdayjobs.com/job/Washington-University-Medical-Campus/Patient-Care-Associate-II---Ophthalmology_JR96951,Patient Care Associate II - Ophthalmology,Unclassified,Full-time,,,,2026-08-25
735,https://wustl.wd1.myworkdayjobs.com/job/St-Louis-MO/Insurance-Billing-Collection-Assistant-II--Hybrid----Physician-Billing-Services_JR96950,Insurance Billing/Collection Assistant II (Hybrid) - Physician Billing Services,Non-academic,Full-time,,,,2026-08-25
735,https://wustl.wd1.myworkdayjobs.com/job/Washington-University-Medical-Campus/General-Maintenance-Technician-II---Enterprise-Physical-Operations_JR96961,General Maintenance Technician II - Enterprise Physical Operations,Non-academic,Full-time,,,,2026-08-25
735,https://wustl.wd1.myworkdayjobs.com/job/South-County---St-Louis-MO/Ophthalmic-Assistant--South-County----Ophthalmology_JR96952-1,Ophthalmic Assistant (South County) - Ophthalmology,Unclassified,Full-time,,,,2026-08-25
735,https://wustl.wd1.myworkdayjobs.com/job/Washington-University-Danforth-Campus/Marketing---Events-Specialist---College-Prep-Program_JR96858,Marketing & Events Specialist - College Prep Program,Non-academic,Full-time,,,,2026-08-25
735,https://wustl.wd1.myworkdayjobs.com/job/Washington-University-Medical-Campus/Clinical-Research-Coordinator-I--Hybrid----Neurology_JR96935,Clinical Research Coordinator I (Hybrid) - Neurology,Non-academic,Full-time,,,,2026-08-25
735,https://wustl.wd1.myworkdayjobs.com/job/Remote/Pre-Certification-Coordinator-II--Remote----Department-of-Medicine_JR95396,Page not found.,Non-academic,Full-time,,,,
735,https://wustl.wd1.myworkdayjobs.com/job/Washington-University-Danforth-Campus/Associate-Director-of-Executive-MBA-Enrollment-Management--Hybrid----Olin-Business_JR96904,Associate Director of Executive MBA Enrollment Management (Hybrid) - Olin Business,Unclassified,Full-time,,Executive MBA Enrollment Management,,2026-08-25
735,https://wustl.wd1.myworkdayjobs.com/job/St-Louis-MO/RN-Clinical-Nurse-Coordinator--Hybrid----Medical-Oncology_JR96888,RN Clinical Nurse Coordinator (Hybrid) - Medical Oncology,Non-academic,Full-time,"Department of Financial and Professional Regulation, Registered Nurse",,,2026-08-25
735,https://wustl.wd1.myworkdayjobs.com/job/Washington-University-Medical-Campus/Case-Worker-II---Biomedical-Prevention--Infectious-Diseases_JR96869,"Case Worker II - Biomedical Prevention, Infectious Diseases",Unclassified,Full-time,School of Medicine Infectious Diseases,,,2026-08-25
735,https://wustl.wd1.myworkdayjobs.com/job/Washington-University-Medical-Campus/Administrative-Assistant-II---General-Internal-Medicine_JR96931,Administrative Assistant II - General Internal Medicine,Unclassified,Full-time,,,,2026-08-24
735,https://wustl.wd1.myworkdayjobs.com/job/Washington-University-Medical-Campus/RN-Clinical-Nurse-Coordinator-II---Pediatric-Endocrinology_JR96903,RN Clinical Nurse Coordinator II - Pediatric Endocrinology,Non-academic,Full-time,"Department of Financial and Professional Regulation, Registered Nurse",,,2026-08-24
735,https://wustl.wd1.myworkdayjobs.com/job/Washington-University-Medical-Campus/Postdoctoral-Research-Associate---Surgical-Oncology_JR96937,Postdoctoral Research Associate - Surgical Oncology,Research_Fellow,Full-time,,,,2026-08-24
735,https://wustl.wd1.myworkdayjobs.com/job/Washington-University-Danforth-Campus/Research-Lab-Technician--Soil-Analysis-Assistant----Earth--Environmental--and-Planetary-Sciences--Part-time-Time-limited-_JR96770,"Research/Lab Technician (Soil Analysis Assistant) - Earth, Environmental, and Planetary Sciences (Part-time/Time-limited)",Non-academic,Part-time,,,,2026-08-24
735,https://wustl.wd1.myworkdayjobs.com/job/Washington-University-Medical-Campus/Research-Assistant--Gap-Year----Neurology_JR96934,Research Assistant (Gap Year) - Neurology,Non-academic,Full-time,,,,2026-08-24
735,https://wustl.wd1.myworkdayjobs.com/job/Washington-University-West-Campus-Clayton-Missouri/Senior-Director-of-Direct-Marketing-and-Participation---University-Advancement_JR96943,Senior Director of Direct Marketing and Participation - University Advancement,Unclassified,Full-time,,Direct Marketing and Participation,,2026-08-24
735,https://wustl.wd1.myworkdayjobs.com/job/Washington-University-Medical-Campus/Director-Clinical-Operations--Hybrid----Neurology_JR96944,Director Clinical Operations (Hybrid) - Neurology,Unclassified,Full-time,,,,2026-08-24
735,https://wustl.wd1.myworkdayjobs.com/job/Washington-University-West-Campus-Clayton-Missouri/Accounting-Analyst--Hybrid----Controller-s-Office_JR96857,Accounting Analyst (Hybrid) - Controller's Office,Non-academic,Full-time,"Institute of Certified Public Accountants , Certified Public Accountant",,,2026-08-24
735,https://wustl.wd1.myworkdayjobs.com/job/St-Louis-MO/Patient-Care-Associate-I---Ophthalmology_JR96916,Patient Care Associate I - Ophthalmology,Unclassified,Full-time,,,,2026-08-24
735,https://wustl.wd1.myworkdayjobs.com/job/University-City-MO/Mail---Receiving-Services-Operator-I---Mail---Receiving-Services_JR96914,Mail & Receiving Services Operator I - Mail & Receiving Services,Unclassified,Full-time,"School of Medicine, Danforth, West Campus, and North Campus departments",,,2026-08-24
735,https://wustl.wd1.myworkdayjobs.com/job/Washington-University-Medical-Campus/Fire-Alarm-Technician-I---Enterprise-Physical-Operations_JR96895,Page not found.,Non-academic,Full-time,,,,
735,https://wustl.wd1.myworkdayjobs.com/job/Washington-University-Medical-Campus/Director-Pharmacy---Infectious-Diseases_JR96884-1,Director Pharmacy - Infectious Diseases,Unclassified,Full-time,"Division of Professional Registration, Registered Pharmacist",,,2026-08-24
735,https://wustl.wd1.myworkdayjobs.com/job/Washington-University-Medical-Campus/Medical-Informaticist-I--Hybrid----Pathology-and-Immunology_JR96925,Page not found.,Non-academic,Full-time,,,,
735,https://wustl.wd1.myworkdayjobs.com/job/Washington-University-Medical-Campus/Physical-Therapist-Clinical-Associate--Vestibuler----Program-in-Physical-Therapy_JR96929,Physical Therapist/Clinical Associate (Vestibular) - Program in Physical Therapy,Unclassified,Full-time,"Department of Financial and Professional Regulation, Physical Therapist",,,2026-08-24
735,https://wustl.wd1.myworkdayjobs.com/job/Washington-University-Medical-Campus/Clinical-Director---Psychiatry_JR96679,Clinical Director - Psychiatry,Unclassified,Full-time,Department of Psychiatry,,,2026-08-22
735,https://wustl.wd1.myworkdayjobs.com/job/St-Louis-MO/Physical-Therapist-Clinical-Associate--Sunset-Hills--MO----Orthopedics---Post-Operative-Recovery--Ambulatory-Surgical-Center-_JR96402,"Physical Therapist/Clinical Associate (Sunset Hills, MO) – Orthopedics & Post-Operative Recovery (Ambulatory Surgical Center)",Unclassified,Full-time,"Department of Financial and Professional Regulation, Physical Therapist",,,2026-08-22
735,https://wustl.wd1.myworkdayjobs.com/job/Washington-University-Medical-Campus/Residency-and-R25-Program-Coordinator--Hybrid----Otolaryngology_JR96526,Residency and R25 Program Coordinator (Hybrid) - Otolaryngology,Non-academic,Full-time,,,,2026-08-22
735,https://wustl.wd1.myworkdayjobs.com/job/St-Louis-MO/Physical-Therapist-Clinical-Associate--Sunset-Hills--MO----Program-in-Physical-Therapy---Orthopedics_JR96380,"Physical Therapist/Clinical Associate (Sunset Hills, MO) - Program in Physical Therapy - Orthopedics",Unclassified,Full-time,"Department of Financial and Professional Regulation, Physical Therapist",,,2026-08-22
735,https://wustl.wd1.myworkdayjobs.com/job/South-County---St-Louis-MO/Social-Worker-MSW--PRN-South-County----Medical-Oncology_JR96345-1,Social Worker MSW (PRN/South County) - Medical Oncology,Unclassified,Part-time,"Department of Financial and Professional Regulation, Licensed Clinical Social Worker",,,2026-08-22
735,https://wustl.wd1.myworkdayjobs.com/job/Chesterfield-MO/Orthopedic-Technician-II---Orthopedic-Surgery_JR96225,Orthopedic Technician II - Orthopedic Surgery,Non-academic,Full-time,"Department of Financial and Professional Regulation, Certified Medical Assistant",,,2026-08-22
735,https://wustl.wd1.myworkdayjobs.com/job/Washington-University-Medical-Campus/Residency-Fellowship-Program-Coordinator---Pediatric-Endocrinology_JR96212,Residency/Fellowship Program Coordinator - Pediatric Endocrinology,Non-academic,Full-time,,,,2026-08-22
735,https://wustl.wd1.myworkdayjobs.com/job/Washington-University-Medical-Campus/Social-Worker-MSW--Hybrid----Neurology_JR96146,Social Worker MSW (Hybrid) - Neurology,Unclassified,Full-time,"Department of Financial and Professional Regulation, Licensed Clinical Social Worker",,,2026-08-22
735,https://wustl.wd1.myworkdayjobs.com/job/Washington-University-Medical-Campus/Vascular-Lab-Technologist--Sign-on-Bonus----Vascular-Surgery_JR96153,Vascular Lab Technologist (Sign-on Bonus) - Vascular Surgery,Non-academic,Full-time,,,,2026-08-22
735,https://wustl.wd1.myworkdayjobs.com/job/Washington-University-Medical-Campus/RN-Research-Nurse-Coordinator-I---Pediatric-Clinical-Research-Unit_JR96012,RN Research Nurse Coordinator I - Pediatric Clinical Research Unit,Non-academic,Full-time,"Department of Financial and Professional Regulation, Registered Nurse",,,2026-08-22
735,https://wustl.wd1.myworkdayjobs.com/job/Washington-University-Medical-Campus/Research-Nurse-Coordinator-II---Gastroenterology--IBD-_JR95941,Page not found.,Non-academic,Full-time,,,,
735,https://wustl.wd1.myworkdayjobs.com/job/Washington-University-Medical-Campus/Research-Nurse-Coordinator-I---Center-for-Clinical-Studies_JR95915-1,RN Research Nurse Coordinator I - Center for Clinical Studies,Non-academic,Full-time,Center for Clinical Studies,,,2026-08-22
735,https://wustl.wd1.myworkdayjobs.com/job/Washington-University-Medical-Campus/RN-Research-Nurse-Coordinator-I---Pediatric-Clinical-Research-Unit--PCRU-_JR95419-1,RN Research Nurse Coordinator I - Pediatric Clinical Research Unit (PCRU),Non-academic,Full-time,"Department of Financial and Professional Regulation, Registered Nurse",,,2026-08-22
735,https://wustl.wd1.myworkdayjobs.com/job/Washington-University-Medical-Campus/RN-Research-Nurse-Coordinator-II--Hybrid----Neurology_JR95214,RN Research Nurse Coordinator II (Hybrid) - Neurology,Non-academic,Full-time,"Department of Financial and Professional Regulation, Registered Nurse",,,2026-08-22
735,https://wustl.wd1.myworkdayjobs.com/job/Washington-University-Medical-Campus/Clinical-Program-Director--Hybrid----Radiology_JR95124,Page not found.,Non-academic,Full-time,,,,
735,https://wustl.wd1.myworkdayjobs.com/job/St-Louis-MO/Case-Worker-I---Infectious-Diseases_JR95009,Case Worker I - Infectious Diseases,Unclassified,Full-time,,,,2026-08-22
735,https://wustl.wd1.myworkdayjobs.com/job/Washington-University-Medical-Campus/Research-Nurse-Coordinator-II---Center-for-Clinical-Studies_JR94665,Research Nurse Coordinator II - Center for Clinical Studies,Non-academic,Full-time,Center for Clinical Studies,,,2026-08-22
735,https://wustl.wd1.myworkdayjobs.com/job/Washington-University-Medical-Campus/Research-Nurse-Coordinator-l--Hybrid----Neurology_JR94639,RN Research Nurse Coordinator l (Hybrid) - Neurology,Non-academic,Full-time,"Department of Financial and Professional Regulation, Registered Nurse",,,2026-08-22
735,https://wustl.wd1.myworkdayjobs.com/job/4444-Forest-Park-Ave/Physical-Therapist-Clinical-Associate--Lymphedema----Program-in-Physical-Therapy_JR94323,Physical Therapist/Clinical Associate (Lymphedema) - Program in Physical Therapy,Unclassified,Full-time,"Department of Financial and Professional Regulation, Physical Therapist",,,2026-08-22
735,https://wustl.wd1.myworkdayjobs.com/job/4444-Forest-Park-Ave/Physical-Therapist-Clinical-Associate--Women-s-Health----Program-in-Physical-Therapy_JR94322,Physical Therapist/Clinical Associate (Women's Health) - Program in Physical Therapy,Unclassified,Full-time,"Department of Financial and Professional Regulation, Physical Therapist",,,2026-08-22
735,https://wustl.wd1.myworkdayjobs.com/job/Washington-University-Medical-Campus/RN-Research-Nurse-Coordinator-l--Hybrid----Radiology_JR94123,RN Research Nurse Coordinator l (Hybrid) - Radiology,Non-academic,Full-time,Department of Radiology,,,2026-08-22
735,https://wustl.wd1.myworkdayjobs.com/job/Washington-University-Medical-Campus/Dietitian-Nutritionist--Hybrid----Pediatrics-Gastroenterology_JR94048,Dietitian/Nutritionist (Hybrid) - Pediatrics Gastroenterology,Unclassified,Full-time,"Department of Financial and Professional Regulation, Registered Dietitian",,,2026-08-22
735,https://wustl.wd1.myworkdayjobs.com/job/Washington-University-Medical-Campus/RN-Research-Nurse-Coordinator-I---Cardiology_JR94039,RN Research Nurse Coordinator I - Cardiology,Non-academic,Full-time,"Department of Financial and Professional Regulation, Registered Nurse",,,2026-08-22
735,https://wustl.wd1.myworkdayjobs.com/job/Washington-University-Medical-Campus/Public-Health-Research-Coordinator-I---Palliative-Medicine_JR96892,Public Health Research Coordinator I - Palliative Medicine,Non-academic,Full-time,,family caregiving; serious illness,,2026-08-21
735,https://wustl.wd1.myworkdayjobs.com/job/Washington-University-Medical-Campus/Clinical-Research-Coordinator-I--Hybrid----Radiology_JR96918,Clinical Research Coordinator I (Hybrid) - Radiology,Non-academic,Full-time,Department of Radiology,,,2026-08-21
735,https://wustl.wd1.myworkdayjobs.com/job/Washington-University-Medical-Campus/Senior-Residency-Fellowship-Program-Coordinator---Neurosurgery_JR95546,Senior Residency/Fellowship Program Coordinator - Neurosurgery,Non-academic,Full-time,,,,2026-08-21
735,https://wustl.wd1.myworkdayjobs.com/job/West-County---St-Louis-MO/RN-Staff-Nurse-I---Surgery--Plastic-_JR96840,RN Staff Nurse I - Surgery (Plastic),Unclassified,Full-time,"department of surgery, Cosmetic and Plastic Reconstruction practice in West County",,,2026-08-21
735,https://wustl.wd1.myworkdayjobs.com/job/Washington-University-Medical-Campus/Certified-Asthma-Educator---Pediatric-Allergy---Pulmonary-Medicine_JR96902-1,Certified Asthma Educator - Pediatric Allergy & Pulmonary Medicine,Non-academic,Full-time,Center for Pediatric Pulmonary Disease & Allergy,,,2026-09-08
735,https://wustl.wd1.myworkdayjobs.com/job/Washington-University-Medical-Campus/Physical-Therapist-Clinical-Associate--Part-Time----Orthopedics---Program-in-Physical-Therapy_JR96922,Physical Therapist/Clinical Associate (Part-Time) - Orthopedics - Program in Physical Therapy,Unclassified,Part-time,"Department of Financial and Professional Regulation, Physical Therapist",,,2026-08-21
735,https://wustl.wd1.myworkdayjobs.com/job/Washington-University-Medical-Campus/Physical-Therapist-Clinical-Associate--Part-Time----Women-s-Health---Program-in-Physical-Therapy_JR96926,Physical Therapist/Clinical Associate (Part-Time) - Women's Health - Program in Physical Therapy,Unclassified,Part-time,"Department of Financial and Professional Regulation, Physical Therapist",,,2026-08-21
735,https://wustl.wd1.myworkdayjobs.com/job/Washington-University-Medical-Campus/Research-Nurse-Coordinator-II---Cardiothoracic-Surgery_JR95880,Research Nurse Coordinator II - Cardiothoracic Surgery,Non-academic,Full-time,"Department of Financial and Professional Regulation, Registered Nurse",,,2026-08-21
735,https://wustl.wd1.myworkdayjobs.com/job/Washington-University-Medical-Campus/Patient-Safety-Program---Training-Specialist---Surgery_JR95473,Patient Safety Program & Training Specialist - Surgery,Non-academic,Full-time,"Department of Financial and Professional Regulation, Registered Nurse",,,2026-08-21
735,https://wustl.wd1.myworkdayjobs.com/job/Washington-University-Medical-Campus/RN-Research-Nurse-Coordinator-II---Cardiology_JR94037,RN Research Nurse Coordinator II - Cardiology,Non-academic,Full-time,"Department of Financial and Professional Regulation, Registered Nurse",,,2026-08-21
735,https://wustl.wd1.myworkdayjobs.com/job/Washington-University-Danforth-Campus/Clinical-Research-Coordinator-II---Biomedical-Engineering_JR96811,Clinical Research Coordinator II - Biomedical Engineering,Non-academic,Full-time,center of our human subjects research program,life science field; athletic training,,2026-08-21
735,https://wustl.wd1.myworkdayjobs.com/job/Washington-University-Medical-Campus/Associate-Vice-Chancellor---Chief-of-Staff--Hybrid----University-Marketing-and-Communications_JR96907,Associate Vice Chancellor & Chief of Staff (Hybrid) - University Marketing and Communications,Unclassified,Full-time,,Staff,,2026-08-21
735,https://wustl.wd1.myworkdayjobs.com/job/Washington-University-Medical-Campus/Associate-Vice-Chancellor-of-Enterprise-Communications--Hybrid----University-Marketing-and-Communications_JR96896,Associate Vice Chancellor of Enterprise Communications (Hybrid) - University Marketing and Communications,Unclassified,Full-time,,Enterprise Communications; medical center leadership; responsibility: build,,2026-08-21
735,https://wustl.wd1.myworkdayjobs.com/job/OFallon-MO/Physical-Therapist-Clinical-Associate--O-Fallon--MO-Part-Time----Women-s-Health---Program-in-Physical-Therapy_JR96915,"Physical Therapist/Clinical Associate (O'Fallon, MO/Part-Time) - Women's Health - Program in Physical Therapy",Unclassified,Part-time,"Department of Financial and Professional Regulation, Physical Therapist",,,2026-08-21
735,https://wustl.wd1.myworkdayjobs.com/job/Washington-University-Medical-Campus/Program-Coordinator-II---Administration----Enterprise-Physical-Operations_JR96851-1,Program Coordinator II - Administration -  Enterprise Physical Operations,Non-academic,Full-time,,,,2026-08-21
735,https://wustl.wd1.myworkdayjobs.com/job/Washington-University-Medical-Campus/Residency-Fellowship-Program-Coordinator---Radiation-Oncology_JR96596,Residency/Fellowship Program Coordinator - Radiation Oncology,Non-academic,Full-time,,,,2026-08-21
735,https://wustl.wd1.myworkdayjobs.com/job/St-Louis-MO/Insurance-Billing-Collection-Assistant-III---Physicians-Billing-Service--Hybrid-_JR96048,Insurance Billing/Collection Assistant III - Physicians Billing Service (Hybrid),Non-academic,Full-time,,,,2026-08-21
735,https://wustl.wd1.myworkdayjobs.com/job/Washington-University-Medical-Campus/Manager-Clinical-Trials--Hybrid----Radiology_JR96880,Manager Clinical Trials (Hybrid) - Radiology,Research_Fellow,Full-time,"Department of Radiology, in the clinical research group of Dr",,,2026-08-21
735,https://wustl.wd1.myworkdayjobs.com/job/Washington-University-Danforth-Campus/Associate-Director---College-Prep-Program---St-Louis-Recruitment---Undergraduate-Admissions_JR96795,Associate Director - College Prep Program & St. Louis Recruitment - Undergraduate Admissions,Unclassified,Full-time,,,,2026-08-21
735,https://wustl.wd1.myworkdayjobs.com/job/Washington-University-Danforth-Campus/College-Prep-Program-Counselor---Undergraduate-Admissions_JR96870,College Prep Program Counselor - Undergraduate Admissions,Unclassified,Full-time,,,,2026-08-21
735,https://wustl.wd1.myworkdayjobs.com/job/Washington-University-Medical-Campus/Practice-Office---Support-Manager--Hybrid----Anesthesiology_JR96841-1,Practice Office & Support Manager (Hybrid) - Anesthesiology,Non-academic,Full-time,,,,2026-08-21
735,https://wustl.wd1.myworkdayjobs.com/job/Washington-University-Medical-Campus/Pre-Certification-Coordinator-I---Pediatrics-Genetics_JR96897-1,Pre-Certification Coordinator I - Pediatrics Genetics,Non-academic,Full-time,,,,2026-08-21
735,https://wustl.wd1.myworkdayjobs.com/job/Washington-University-Medical-Campus/Director-Innovation-and-Commercialization---Radiology_JR94117,Director Innovation and Commercialization - Radiology,Unclassified,Full-time,Institute of Radiology,,,2026-08-21
735,https://wustl.wd1.myworkdayjobs.com/job/Washington-University-Danforth-Campus/Financial-Aid-Awarding-Specialist--Hybrid----Student-Financial-Services_JR96783-1,Financial Aid Awarding Specialist (Hybrid) - Student Financial Services,Non-academic,Full-time,school of Continuing and Professional Studies,,,2026-08-20
735,https://wustl.wd1.myworkdayjobs.com/job/Washington-University-Medical-Campus/Clinical-Research-Study-Assistant-II---Pediatric-Neurology_JR96885,Clinical Research Study Assistant II - Pediatric Neurology,Unclassified,Full-time,Center for Pediatric Neuromuscular Disorders,,,2026-08-20
735,https://wustl.wd1.myworkdayjobs.com/job/Washington-University-Medical-Campus/Supervisor--Clinical-Office---Program-in-Physical-Therapy_JR96838-1,"Supervisor, Clinical Office - Program in Physical Therapy",Non-academic,Full-time,,,,2026-08-20
735,https://wustl.wd1.myworkdayjobs.com/job/Washington-University-Medical-Campus/Clinical-Service-Representative-II---Program-in-Physical-Therapy_JR95502,Clinical Service Representative II - Program in Physical Therapy,Unclassified,Full-time,,,,2026-08-20
735,https://wustl.wd1.myworkdayjobs.com/job/Washington-University-Medical-Campus/Research-Opportunities---Cardiology_JR96846,Research Opportunities - Cardiology,Unclassified,Full-time,Center for the Investigation of Membrane Excitability Disease,,,2026-08-20
735,https://wustl.wd1.myworkdayjobs.com/job/St-Louis-MO/Director-Clinical-Services---Neurosurgery_JR96822,Director Clinical Services - Neurosurgery,Unclassified,Full-time,,,,2026-08-20
735,https://wustl.wd1.myworkdayjobs.com/job/West-County---St-Louis-MO/Clinical-Service-Representative-III--West-County----Plastic-Surgery_JR96839,Clinical Service Representative III (West County) - Plastic Surgery,Non-academic,Full-time,,,,2026-08-19
735,https://wustl.wd1.myworkdayjobs.com/job/St-Louis-MO/Medical-Scribe--Part-Time----Dermatology_JR96807,Medical Scribe (Part-Time) - Dermatology,Unclassified,Part-time,,,,2026-08-19
735,https://wustl.wd1.myworkdayjobs.com/job/Washington-University-Medical-Campus/Cage-Wash-Technician---Comparative-Medicine_JR96853,Cage Wash Technician - Comparative Medicine,Non-academic,Full-time,,,,2026-08-19
735,https://wustl.wd1.myworkdayjobs.com/job/Remote/C-BRAIN-Data-Engineer--Remote----Neurology_JR96845,C-BRAIN Data Engineer (Remote) - Neurology,Research_Fellow,Full-time,,ELT workflows; InsightEngine,,2026-08-19
735,https://wustl.wd1.myworkdayjobs.com/job/St-Louis-MO/Polysomnographic-Technician---Neurology_JR96818,Polysomnographic Technician - Neurology,Non-academic,Full-time,,,,2026-08-19
735,https://wustl.wd1.myworkdayjobs.com/job/Washington-University-Medical-Campus/Cage-Wash-Technician---Comparative-Medicine_JR96820,Cage Wash Technician - Comparative Medicine,Non-academic,Full-time,,,,2026-08-19
735,https://wustl.wd1.myworkdayjobs.com/job/Washington-University-Medical-Campus/Grant-Specialist-II--Hybrid----Neurosurgery_JR96194,Grant Specialist II (Hybrid) - Neurosurgery,Non-academic,Full-time,,,,2026-08-19
735,https://wustl.wd1.myworkdayjobs.com/job/Mid-Campus-Center/Grants-Specialist-I--Remote----Neurosurgery_JR96128,Grants Specialist I (Hybrid) - Neurosurgery,Non-academic,Full-time,,,,2026-08-19
735,https://wustl.wd1.myworkdayjobs.com/job/Remote/Coder-Certified--Hybrid----Physicians-Billing-Service_JR96815,Coder Certified (Hybrid) - Physicians Billing Service,Non-academic,Full-time,,,,2026-08-19
735,https://wustl.wd1.myworkdayjobs.com/job/Washington-University-Medical-Campus/Research-Technician-II---Infectious-Diseases_JR96584,Research Technician II (Time-Limited) - Infectious Diseases,Non-academic,Full-time,,,,2026-08-19
735,https://wustl.wd1.myworkdayjobs.com/job/Washington-University-Medical-Campus/Medical-Assistant-II---Pediatrics-Hematology---Oncology_JR96837,Medical Assistant II - Pediatrics Hematology & Oncology,Non-academic,Full-time,"Department of Financial and Professional Regulation, Licensed Practical Nurse",,,2026-08-19
735,https://wustl.wd1.myworkdayjobs.com/job/Washington-University-Medical-Campus/Billing-Scheduling-Associate-III--Hybrid----Department-of-Medicine--Patient-Access-Center_JR96796,"Billing/Scheduling Associate III (Hybrid) - Department of Medicine, Patient Access Center",Non-academic,Full-time,"Department of Medicine, Patient Access Center",,,2026-08-19
735,https://wustl.wd1.myworkdayjobs.com/job/Washington-University-Medical-Campus/Administrative-Coordinator-III---Psychiatry_JR96823,Page not found.,Non-academic,Full-time,,,,
735,https://wustl.wd1.myworkdayjobs.com/job/West-County---St-Louis-MO/Patient-Billing-Services-Representative-III--West-County----Medicine-Multispecialty-Center_JR96798,Patient Billing/Services Representative III (West County) - Medicine Multispecialty Center,Non-academic,Full-time,,,,2026-08-19
735,https://wustl.wd1.myworkdayjobs.com/job/Washington-University-Medical-Campus/Billing--Scheduling-Associate-II--Hybrid----Department-of-Medicine--Patient-Access-Center_JR96794,"Billing/ Scheduling Associate II (Hybrid) - Department of Medicine, Patient Access Center",Unclassified,Full-time,"Department of Medicine, Patient Access Center",,,2026-08-19
735,https://wustl.wd1.myworkdayjobs.com/job/Chesterfield-MO/Nurse-Supervisor---Orthopedic-Surgery---Foot---Ankle_JR96803,Nurse Supervisor - Orthopedic Surgery - Foot & Ankle,Unclassified,Full-time,"Department of Financial and Professional Regulation, Licensed Practical Nurse",,,2026-08-19
735,https://wustl.wd1.myworkdayjobs.com/job/South-County---St-Louis-MO/RN-Staff-Nurse-II---Cardiology_JR96690,Staff RN II – Cardiac Diagnostic Lab,Unclassified,Full-time,"Department of Financial and Professional Regulation, Registered Nurse",,,2026-08-19
735,https://wustl.wd1.myworkdayjobs.com/job/Washington-University-Medical-Campus/Postdoctoral-Research-Associate---Infectious-Diseases_JR96806-1,Postdoctoral Research Associate - Infectious Diseases,Research_Fellow,Full-time,,,,2026-08-18
735,https://wustl.wd1.myworkdayjobs.com/job/West-County---St-Louis-MO/Medical-Assistant-III---Medicine-Multispecialty-Center---West-County-MOB4_JR96797,Medical Assistant III - Medicine Multispecialty Center - West County MOB4,Non-academic,Full-time,"Department of Financial and Professional Regulation, Licensed Practical Nurse",,,2026-08-18
735,https://wustl.wd1.myworkdayjobs.com/job/Washington-University-Medical-Campus/Clinical-Research-Coordinator-I---Hematology_JR96774,Clinical Research Coordinator I - Hematology,Non-academic,Full-time,,,,2026-08-18
735,https://wustl.wd1.myworkdayjobs.com/job/Washington-University-West-Campus-Clayton-Missouri/Prospect-Management-Analyst---University-Advancement_JR96711,Page not found.,Non-academic,Full-time,,,,
735,https://wustl.wd1.myworkdayjobs.com/job/Washington-University-Medical-Campus/Legal-Assistant--Hybrid----Office-of-General-Counsel_JR96778,Legal Assistant (Hybrid) - Office of General Counsel,Unclassified,Full-time,,,,2026-08-18
735,https://wustl.wd1.myworkdayjobs.com/job/Washington-University-Medical-Campus/Mail---Receiving-Services-Operator-I---Enterprise-Physical-Operations_JR96789-1,Mail & Receiving Services Operator I - Enterprise Physical Operations,Unclassified,Full-time,,,,2026-08-18
735,https://wustl.wd1.myworkdayjobs.com/job/Washington-University-West-Campus-Clayton-Missouri/Director--Alumni-Networks---University-Advancement_JR96726,"Director, Alumni Networks - University Advancement",Unclassified,Full-time,,,,2026-08-18
735,https://wustl.wd1.myworkdayjobs.com/job/Washington-University-Medical-Campus/Supervisor-Coding--Hybrid----Pediatrics-Central-Administration_JR96666,Supervisor Coding (Hybrid) - Pediatrics Central Administration,Non-academic,Full-time,,,,2026-08-18
735,https://wustl.wd1.myworkdayjobs.com/job/Washington-University-Medical-Campus/Medical-Secretary-II---Pediatric-Endocrinology_JR96779,Medical Secretary II - Pediatric Endocrinology,Non-academic,Full-time,,,,2026-08-18
735,https://wustl.wd1.myworkdayjobs.com/job/Washington-University-Medical-Campus/Medical-Secretary-III---Pediatrics-Genetics_JR96722-1,Medical Secretary III - Pediatrics Genetics,Unclassified,Full-time,,,,2026-08-18
735,https://wustl.wd1.myworkdayjobs.com/job/Washington-University-Medical-Campus/Analyst-Financial-Project-Management-II--Physical-Planning----Enterprise-Physical-Operations_JR96754,Analyst Financial/Project Management II (Physical Planning) - Enterprise Physical Operations,Non-academic,Full-time,,,,2026-08-18
735,https://wustl.wd1.myworkdayjobs.com/job/Washington-University-Medical-Campus/RN-Clinical-Nurse-Coordinator--Hybrid----Radiology_JR96757,RN Clinical Nurse Coordinator (Hybrid) - Radiology,Non-academic,Full-time,"Department of Financial and Professional Regulation, Registered Nurse",,,2026-08-18
735,https://wustl.wd1.myworkdayjobs.com/job/Town-and-Country-MO/RN-Staff-Nurse-II---Pediatrics-Ambulatory-Care_JR96677,RN Staff Nurse II - Pediatrics Ambulatory Care,Unclassified,Full-time,"Department of Financial and Professional Regulation, Registered Nurse",,,2026-08-18
735,https://wustl.wd1.myworkdayjobs.com/job/Washington-University-Medical-Campus/RN-Staff-Nurse-II---Pediatrics-Outpatient-Care_JR96720,RN Staff Nurse II - Pediatrics Outpatient Care,Unclassified,Full-time,"Department of Financial and Professional Regulation, Registered Nurse",,,2026-08-18
735,https://wustl.wd1.myworkdayjobs.com/job/Washington-University-Medical-Campus/Billing-Scheduling-Associate-II---Pediatrics-Central-Administration_JR96748,Billing/Scheduling Associate II - Pediatrics Central Administration,Unclassified,Full-time,,,,2026-08-17
735,https://wustl.wd1.myworkdayjobs.com/job/Washington-University-Medical-Campus/Research-Technician-II---Endocrinology_JR96773,Research Technician II - Endocrinology,Non-academic,Full-time,,,,2026-08-17
735,https://wustl.wd1.myworkdayjobs.com/job/Washington-University-Medical-Campus/Administrative-Coordinator-I---Pediatrics-Genetics_JR96721,Administrative Coordinator I - Pediatrics Genetics,Non-academic,Full-time,,,,2026-08-17
735,https://wustl.wd1.myworkdayjobs.com/job/Washington-University-Medical-Campus/Research-Opportunities---Infectious-Diseases_JR95972-1,Research Opportunities - Infectious Diseases,Research_Fellow,Full-time,,,,2026-08-17
735,https://wustl.wd1.myworkdayjobs.com/job/Washington-University-Medical-Campus/Bioinformaticist---Neurology_JR96763,Bioinformaticist - Neurology,Unclassified,Full-time,,,,2026-08-17
735,https://wustl.wd1.myworkdayjobs.com/job/Washington-University-Medical-Campus/Research-Audiologist---Otolaryngology_JR96725,Research Audiologist - Otolaryngology,Unclassified,Full-time,"Division of Professional Registration, Basic Life Support",,,2026-08-17
735,https://wustl.wd1.myworkdayjobs.com/job/Washington-University-Medical-Campus/Medical-Secretary-III---Pediatrics-Academic-Medicine_JR95160,Medical Secretary III - Pediatrics Academic Medicine,Unclassified,Full-time,Division of Academic Pediatrics,,,2026-08-17
735,https://wustl.wd1.myworkdayjobs.com/job/Washington-University-Medical-Campus/Team-Lead--Senior-Project-Manager---Enterprise-Physical-Operations_JR96753,"Team Lead, Senior Project Manager - Enterprise Physical Operations",Non-academic,Full-time,School of Medicine's strategic vision and plans,,,2026-08-17
735,https://wustl.wd1.myworkdayjobs.com/job/Washington-University-Medical-Campus/Grant-Specialist-II---Pediatrics-Central-Administration_JR96745,Grant Specialist II - Pediatrics Central Administration,Non-academic,Full-time,,,,2026-08-17
735,https://wustl.wd1.myworkdayjobs.com/job/Washington-University-Medical-Campus/Analyst-Data-Reporting--Workday----Medical-School-Financial-Reporting_JR96739,Analyst Data Reporting (Workday) - Medical School Financial Reporting,Non-academic,Full-time,,,,2026-08-17
735,https://wustl.wd1.myworkdayjobs.com/job/Town-and-Country-MO/Supervisor-Clinical-Office---Pediatrics-Central-Administration_JR96750,Supervisor Clinical Office - Pediatrics Central Administration,Non-academic,Full-time,"Department of Financial and Professional Regulation, Licensed Practical Nurse",,,2026-09-08
735,https://wustl.wd1.myworkdayjobs.com/job/Washington-University-Medical-Campus/Practice-Office-Manager---Pediatrics-Central-Administration_JR96744,Practice Office Manager - Pediatrics Central Administration,Non-academic,Full-time,,,,2026-08-17
735,https://wustl.wd1.myworkdayjobs.com/job/Washington-University-Medical-Campus/Insurance-Billing-Collection-Assistant-II---Occupational-Therapy_JR96698,Insurance Billing/Collection Assistant II - Occupational Therapy,Non-academic,Full-time,,,,2026-08-17
735,https://wustl.wd1.myworkdayjobs.com/job/Washington-University-Medical-Campus/Clinical-Research-Coordinator-IV--Hybrid----Ophthalmology_JR96735,Clinical Research Coordinator IV (Hybrid) - Ophthalmology,Non-academic,Full-time,,overall planning; evaluation of clinical,,2026-08-17
735,https://wustl.wd1.myworkdayjobs.com/job/Washington-University-Medical-Campus/Administrative-Coordinator-II--Hybrid----Pediatric-Anesthesiology_JR96724,Page not found.,Non-academic,Full-time,,,,
735,https://wustl.wd1.myworkdayjobs.com/job/Washington-University-Medical-Campus/Compliance-Coordinator--Hybrid-----Pediatrics-Central-Administration_JR96669,Compliance Coordinator (Hybrid)  - Pediatrics Central Administration,Non-academic,Full-time,school of nursing,,,2026-08-14
735,https://wustl.wd1.myworkdayjobs.com/job/St-Louis-MO/Supervisor--Patient-Financial-Responsibility--Hybrid----Physicians-Billing-Service_JR96685,"Supervisor, Patient Financial Responsibility (Hybrid) - Physicians Billing Service",Non-academic,Full-time,,,,2026-08-14
735,https://wustl.wd1.myworkdayjobs.com/job/St-Louis-MO/Specialist-Senior-Compliance--Hybrid----Office-of-the-Vice-Chancellor-for-Research_JR96710,Specialist Senior Compliance (Hybrid) - Office of the Vice Chancellor for Research,Non-academic,Full-time,,,,2026-08-14
735,https://wustl.wd1.myworkdayjobs.com/job/Washington-University-Medical-Campus/Program-Coordinator-II--Hybrid----Neurology_JR96198,Program Coordinator II (Hybrid) - Neurology,Non-academic,Full-time,,,,2026-08-14
735,https://wustl.wd1.myworkdayjobs.com/job/St-Louis-MO/Ophthalmic-Assistant---Ophthalmology_JR96700,Ophthalmic Assistant - Ophthalmology,Unclassified,Full-time,,,,2026-08-14
735,https://wustl.wd1.myworkdayjobs.com/job/Washington-University-Medical-Campus/Medical-Assistant-III---Department-of-Medicine_JR94027,Medical Assistant III - Department of Medicine,Non-academic,Full-time,Department of Medicine,,,2026-08-14
735,https://wustl.wd1.myworkdayjobs.com/job/Washington-University-Medical-Campus/Medical-Assistant-II---Department-of-Medicine_JR92919,Medical Assistant II - Department of Medicine,Non-academic,Full-time,Department of Medicine,,,2026-08-14
735,https://wustl.wd1.myworkdayjobs.com/job/Washington-University-West-Campus-Clayton-Missouri/Gift-Operations-Coordinator---University-Advancement_JR96577,Gift Operations Coordinator - University Advancement,Non-academic,Full-time,department of University Advancement,,,2026-08-14
735,https://wustl.wd1.myworkdayjobs.com/job/Washington-University-Medical-Campus/Vascular-Lab-Technologist--Sign-on-Bonus----Vascular-Surgery_JR94368,Vascular Lab Technologist (Sign-on Bonus) - Vascular Surgery,Non-academic,Full-time,,,,2026-08-13
735,https://wustl.wd1.myworkdayjobs.com/job/Washington-University-Medical-Campus/Staff-Optometrist---Ophthalmology_JR95216,Staff Optometrist - Ophthalmology,Unclassified,Full-time,"Department of Financial and Professional Regulation, Optometrist",,,2026-08-13
735,https://wustl.wd1.myworkdayjobs.com/job/Washington-University-Medical-Campus/Physical-Therapist-Clinical-Associate--Orthopedics----Program-in-Physical-Therapy_JR95504,Physical Therapist/Clinical Associate (Orthopedics) - Program in Physical Therapy,Unclassified,Full-time,"Department of Financial and Professional Regulation, Physical Therapist",,,2026-08-13
735,https://wustl.wd1.myworkdayjobs.com/job/Washington-University-Medical-Campus/Physical-Therapist-Clinical-Associate--Orthopedics----Program-in-Physical-Therapy_JR94969,Physical Therapist/Clinical Associate (Orthopedics) - Program in Physical Therapy,Unclassified,Full-time,"Department of Financial and Professional Regulation, Physical Therapist",,,2026-08-13
735,https://wustl.wd1.myworkdayjobs.com/job/OFallon-MO/Physical-Therapist-Clinical-Associate--O-Fallon--MO----Orthopedics---Program-in-Physical-Therapy_JR94324,"Physical Therapist/Clinical Associate (O'Fallon, MO) - Orthopedics - Program in Physical Therapy",Unclassified,Full-time,"Department of Financial and Professional Regulation, Physical Therapist",,,2026-08-13
735,https://wustl.wd1.myworkdayjobs.com/job/Town-and-Country-MO/Genetic-Clinical-Counselor-I--Part-Time----Obstetrics-and-Gynecology_JR93954,Genetic Clinical Counselor I (Part-Time) - Obstetrics and Gynecology,Unclassified,Part-time,,,,2026-08-13
735,https://wustl.wd1.myworkdayjobs.com/job/Washington-University-Medical-Campus/Coordinator-Patient-Safety---Quality--Hybrid----Anesthesiology_JR95602,Coordinator Patient Safety & Quality (Hybrid) - Anesthesiology,Non-academic,Full-time,"Institute for Healthcare Management, Registered Nurse",,,2026-08-13
735,https://wustl.wd1.myworkdayjobs.com/job/Washington-University-Medical-Campus/Case-Worker-II---Infectious-Diseases_JR96044,Case Worker II - Infectious Diseases,Unclassified,Full-time,,,,2026-08-13
735,https://wustl.wd1.myworkdayjobs.com/job/Washington-University-Medical-Campus/Case-Worker-II---Infectious-Diseases_JR95395,Case Worker II - Infectious Diseases,Unclassified,Full-time,,,,2026-08-13
735,https://wustl.wd1.myworkdayjobs.com/job/Washington-University-Medical-Campus/Case-Worker-II---Infectious-Diseases_JR95384,Case Worker II - Infectious Diseases,Non-academic,Full-time,,,,2026-08-13
735,https://wustl.wd1.myworkdayjobs.com/job/St-Louis-MO/Case-Worker-I---Infectious-Diseases_JR95929,Case Worker I - Infectious Diseases,Unclassified,Full-time,,,,2026-08-13
735,https://wustl.wd1.myworkdayjobs.com/job/Washington-University-Medical-Campus/Medical-Assistant-II---Obstetrics-and-Gynecology_JR94970-1,Medical Assistant II - Obstetrics and Gynecology,Non-academic,Full-time,"Department of Financial and Professional Regulation, Licensed Practical Nurse",,,2026-08-13
735,https://wustl.wd1.myworkdayjobs.com/job/Washington-University-Medical-Campus/Medical-Assistant-III---Surgery_JR96664,Medical Assistant III - Surgery,Non-academic,Full-time,"Department of Financial and Professional Regulation, Licensed Practical Nurse",,,2026-08-13
735,https://wustl.wd1.myworkdayjobs.com/job/Washington-University-Medical-Campus/Nurse-Practitioner--ACNP----Acute---Critical-Care-Surgery_JR96691,Nurse Practitioner (ACNP) - Acute & Critical Care Surgery,Non-academic,Full-time,"Department of Financial and Professional Regulation, Advanced Practice Nurse",,,2026-08-13
735,https://wustl.wd1.myworkdayjobs.com/job/Washington-University-Danforth-Campus/Materials-Processor---Enterprise-Physical-Operations_JR96694,Materials Processor - Enterprise Physical Operations,Unclassified,Full-time,,,,2026-08-13
735,https://wustl.wd1.myworkdayjobs.com/job/Washington-University-North-Campus-University-City-Missouri/Indirect-Cost-Analyst---Controller-s-Office_JR96587,Indirect Cost Analyst - Controller's Office,Non-academic,Full-time,"Institute of Certified Public Accountants , Certified Public Accountant",,,2026-08-13
735,https://wustl.wd1.myworkdayjobs.com/job/Washington-University-Medical-Campus/Assistant-Director-Facilities-Engineering---Enterprise-Physical-Operations_JR96659,Assistant Director Facilities Engineering - Enterprise Physical Operations,Non-academic,Full-time,,,,2026-08-13
735,https://wustl.wd1.myworkdayjobs.com/job/St-Louis-MO/Patient-Care-Associate-I---Ophthalmology_JR96699,Patient Care Associate I - Ophthalmology,Unclassified,Full-time,Center for Outpatient Health,,,2026-08-13
735,https://wustl.wd1.myworkdayjobs.com/job/St-Louis-MO/Patient-Billing-Services-Representative-II---Otolaryngology_JR96613,Patient Billing/Services Representative II - Otolaryngology,Unclassified,Full-time,,,,2026-08-13
735,https://wustl.wd1.myworkdayjobs.com/job/Washington-University-Medical-Campus/Nurse-Practitioner---Otolaryngology_JR96645,Nurse Practitioner - Otolaryngology,Unclassified,Full-time,School of Medicine,,,2026-08-12
735,https://wustl.wd1.myworkdayjobs.com/job/Washington-University-Medical-Campus/Special-Billing-and-Collection-Coordinator---Obstetrics-and-Gynecology-Billing-Operations_JR96660,Special Billing and Collection Coordinator - Obstetrics and Gynecology Billing Operations,Non-academic,Full-time,,,,2026-08-12
735,https://wustl.wd1.myworkdayjobs.com/job/Washington-University-Danforth-Campus/Admissions-Counselor---Undergraduate-Admissions_JR96430,Page not found.,Non-academic,Full-time,,,,
735,https://wustl.wd1.myworkdayjobs.com/job/Chesterfield-MO/Orthopedic-Technician-II---Orthopedic-Injury-Clinic_JR96228,Orthopedic Technician II - Orthopedic Injury Clinic,Non-academic,Full-time,"Department of Financial and Professional Regulation, Certified Medical Assistant",,,2026-08-12
735,https://wustl.wd1.myworkdayjobs.com/job/Washington-University-Medical-Campus/Psychometrist---Neurology_JR96621,Psychometrist - Neurology,Unclassified,Full-time,,,,2026-08-12
735,https://wustl.wd1.myworkdayjobs.com/job/Washington-University-Medical-Campus/Clinical-Research-Study-Assistant-II---Neurology_JR96646,Clinical Research Study Assistant II - Neurology,Unclassified,Full-time,,,,2026-08-12
735,https://wustl.wd1.myworkdayjobs.com/job/Washington-University-Medical-Campus/Clinical-Research-Coordinator-I---Neurology_JR96644,Clinical Research Coordinator I - Neurology,Non-academic,Full-time,,,,2026-08-12
735,https://wustl.wd1.myworkdayjobs.com/job/Washington-University-Medical-Campus/Clinical-Service-Representative-I---Ophthalmology_JR96619,Clinical Service Representative I - Ophthalmology,Unclassified,Full-time,,,,2026-08-12
735,https://wustl.wd1.myworkdayjobs.com/job/South-County---St-Louis-MO/Medical-Assistant-III---Orthopedic-Surgery_JR96633,Medical Assistant III - Orthopedic Surgery,Non-academic,Full-time,"Department of Financial and Professional Regulation, Licensed Practical Nurse",,,2026-08-11
735,https://wustl.wd1.myworkdayjobs.com/job/Washington-University-Medical-Campus/Nurse-Administrator---Hematology_JR96574,Nurse Administrator - Hematology,Non-academic,Full-time,"Department of Financial and Professional Regulation, Registered Nurse",,,2026-08-11
735,https://wustl.wd1.myworkdayjobs.com/job/Washington-University-Danforth-Campus/Accounting-Assistant-III--Hybrid----Olin-Business_JR96642,Accounting Assistant III (Hybrid) - Olin Business,Unclassified,Full-time,,,,2026-08-11
735,https://wustl.wd1.myworkdayjobs.com/job/Washington-University-Medical-Campus/Nurse-Practitioner---Rheumatology_JR96581,Nurse Practitioner - Rheumatology,Unclassified,Full-time,"Department of Financial and Professional Regulation, Advanced Practice Nurse",,,2026-08-11
735,https://wustl.wd1.myworkdayjobs.com/job/Washington-University-Medical-Campus/Research-Opportunities---Pediatric-Infectious-Diseases_JR96603,Research Opportunities - Pediatric Infectious Diseases,Unclassified,Full-time,,,,2026-08-11
735,https://wustl.wd1.myworkdayjobs.com/job/Washington-University-Medical-Campus/Research-Technician-I---Cardiology_JR96539,Research Technician I - Cardiology,Non-academic,Full-time,,molecular biology; animal,,2026-08-11
735,https://wustl.wd1.myworkdayjobs.com/job/Washington-University-Medical-Campus/Research-Technician-I---Pediatrics-Gastroenterology_JR96499,Research Technician I - Pediatrics Gastroenterology,Assistant_Professor; Associate_Professor; Full_Professor,Full-time,,,,2026-08-11
735,https://wustl.wd1.myworkdayjobs.com/job/West-County---St-Louis-MO/RN-Infusion-Nurse-I---Medicine-Multispecialty-Center---West-County_JR96565-1,RN Infusion Nurse I - Medicine Multispecialty Center - West County,Unclassified,Full-time,Department of Medical Oncology policies and procedures,,,2026-08-11
735,https://wustl.wd1.myworkdayjobs.com/job/Washington-University-Medical-Campus/Systems-Engineer-III--Hybrid----Neurology_JR96618,Systems Engineer III (Hybrid) - Neurology,Unclassified,Full-time,,,,2026-08-11
735,https://wustl.wd1.myworkdayjobs.com/job/St-Charles-MO/RN-Clinical-Nurse-Coordinator---Orthopedic-Surgery_JR96357,RN Clinical Nurse Coordinator - Orthopedic Surgery,Non-academic,Full-time,"Department of Financial and Professional Regulation, Registered Nurse",,,2026-08-11
735,https://wustl.wd1.myworkdayjobs.com/job/Creve-Coeur-MO/Nurse-Manager---Orthopedic-Surgery_JR96400,Nurse Manager - Orthopedic Surgery,Non-academic,Full-time,"Department of Financial and Professional Regulation, Registered Nurse",,,2026-08-11
735,https://wustl.wd1.myworkdayjobs.com/job/St-Louis-MO/Insurance-Billing-Collection-Assistant-II--Hybrid----Physicians-Billing-Service_JR96609-1,Insurance Billing/Collection Assistant II (Hybrid) - Physicians Billing Service,Non-academic,Full-time,,,,2026-08-11
735,https://wustl.wd1.myworkdayjobs.com/job/Washington-University-Danforth-Campus/Assistant-Director-of-Admissions---Admissions---Recruitment_JR96431,Assistant Director of Admissions - Admissions & Recruitment,Unclassified,Full-time,,Admissions,,2026-08-11
735,https://wustl.wd1.myworkdayjobs.com/job/Washington-University-Medical-Campus/Medical-Secretary-II---WUCA-Grant-Medical---Diabetes-Associates_JR96538,Medical Secretary II - WUCA Grant Medical & Diabetes Associates,Non-academic,Full-time,,,,2026-08-11
735,https://wustl.wd1.myworkdayjobs.com/job/Washington-University-Medical-Campus/Medical-Secretary-III--Hybrid----Medical-Oncology_JR96536,Medical Secretary III (Hybrid) - Medical Oncology,Unclassified,Full-time,,,,2026-08-11
735,https://wustl.wd1.myworkdayjobs.com/job/Washington-University-Medical-Campus/Medical-Secretary-III---Rheumatology_JR96559,Medical Secretary III - Rheumatology,Unclassified,Full-time,,,,2026-08-11
735,https://wustl.wd1.myworkdayjobs.com/job/Washington-University-Medical-Campus/Nurse-Practitioner-or-Physician-Assistant--PRN----Emergency-Medicine_JR96325,Nurse Practitioner or Physician Assistant (PRN) - Emergency Medicine,Unclassified,Part-time,"Department of Financial and Professional Regulation, Advanced Practice Nurse",,,2026-08-11
735,https://wustl.wd1.myworkdayjobs.com/job/Washington-University-Danforth-Campus/International-Student---Scholar-Advisor--Hybrid----Provost-Office_JR96446,International Student & Scholar Advisor (Hybrid) - Provost Office,Unclassified,Full-time,,,,2026-08-10
735,https://wustl.wd1.myworkdayjobs.com/job/Washington-University-Medical-Campus/Emergency-Management-Program-Manager---Emergency-Management_JR96556-1,Emergency Management Program Manager - Emergency Management,Assistant_Professor; Associate_Professor; Full_Professor,Full-time,,,,2026-08-10
735,https://wustl.wd1.myworkdayjobs.com/job/Washington-University-Medical-Campus/RN-Clinical-Nurse-Coordinator---Hematology_JR96503-1,RN Clinical Nurse Coordinator - Hematology,Non-academic,Full-time,"Department of Financial and Professional Regulation, Registered Nurse",,,2026-08-10
735,https://wustl.wd1.myworkdayjobs.com/job/Washington-University-Medical-Campus/Research-Lab-Manager---Radiology_JR96407,Research Lab Manager - Radiology,Non-academic,Full-time,,,,2026-08-10
735,https://wustl.wd1.myworkdayjobs.com/job/Washington-University-Medical-Campus/Administrative-Coordinator-III--Hybrid----Neurology_JR96558,Administrative Coordinator III (Hybrid) - Neurology,Assistant_Professor; Associate_Professor; Full_Professor,Full-time,,,,2026-08-10
735,https://wustl.wd1.myworkdayjobs.com/job/Washington-University-Medical-Campus/Medical-Assistant-III---Rheumatology_JR96494-1,Medical Assistant III - Rheumatology,Non-academic,Full-time,"Department of Financial and Professional Regulation, Licensed Practical Nurse",,,2026-08-10
735,https://wustl.wd1.myworkdayjobs.com/job/Washington-University-Medical-Campus/Medical-Assistant-II---Hematology---Clinical-Support_JR96488,Medical Assistant II - Hematology - Clinical Support,Non-academic,Full-time,"Department of Financial and Professional Regulation, Licensed Practical Nurse",,,2026-08-10
735,https://wustl.wd1.myworkdayjobs.com/job/Washington-University-Medical-Campus/Medical-Assistant-III---Neurology_JR96547,Medical Assistant III - Neurology,Non-academic,Full-time,"Department of Financial and Professional Regulation, Licensed Practical Nurse",,,2026-08-10
735,https://wustl.wd1.myworkdayjobs.com/job/Washington-University-West-Campus-Clayton-Missouri/Insurance-Program-Manager--Hybrid----Insurance---Risk-Management_JR96541,Insurance Program Manager (Hybrid) - Insurance & Risk Management,Non-academic,Full-time,,,,2026-08-10
735,https://wustl.wd1.myworkdayjobs.com/job/Washington-University-Medical-Campus/Custodian-I--3rd-shift----OFMD_JR93951,Custodian I (3rd shift) - OFMD,Unclassified,Full-time,,,,2026-08-10
735,https://wustl.wd1.myworkdayjobs.com/job/Washington-University-Medical-Campus/Clinical-Research-Coordinator-III---Pediatrics-Gastroenterology_JR96524,Clinical Research Coordinator III - Pediatrics Gastroenterology,Non-academic,Full-time,School of Medicine,,,2026-08-07
735,https://wustl.wd1.myworkdayjobs.com/job/Washington-University-Danforth-Campus/Immigration-Data-Coordinator--Hybrid----Provost-Office---Visa-Compliance_JR96267-1,Immigration Data Coordinator (Hybrid) - Provost Office - Visa Compliance,Non-academic,Full-time,,,,2026-08-07
735,https://wustl.wd1.myworkdayjobs.com/job/Washington-University-Medical-Campus/Clinical-Research-Coordinator-II---Pediatrics-Gastroenterology_JR96520,Clinical Research Coordinator II - Pediatrics Gastroenterology,Non-academic,Full-time,School of Medicine,,,2026-08-07
735,https://wustl.wd1.myworkdayjobs.com/job/West-County---St-Louis-MO/Medical-Assistant-II---Otolaryngology_JR96509,Medical Assistant II - Otolaryngology,Non-academic,Full-time,department of Otolaryngology,,,2026-08-07
735,https://wustl.wd1.myworkdayjobs.com/job/Town-and-Country-MO/Psychiatric-Mental-Health-Nurse-Practitioner--PMHNP----Physician-Assistant---Outpatient_JR96498,Psychiatric Mental Health Nurse Practitioner (PMHNP) / Physician Assistant - Outpatient,Unclassified,Full-time,"Department of Financial and Professional Regulation, Advanced Practice Nurse",,,2026-08-07
735,https://wustl.wd1.myworkdayjobs.com/job/Washington-University-Medical-Campus/Research-Technician-II---Biochemistry_JR96512,Research Technician II - Biochemistry,Non-academic,Full-time,Department of Biochemistry and Molecular Biophysics,,,2026-08-07
735,https://wustl.wd1.myworkdayjobs.com/job/Washington-University-Medical-Campus/Clinical-Research-Coordinator-II---Emergency-Medicine_JR95818,Clinical Research Coordinator II - Emergency Medicine,Non-academic,Full-time,,,,2026-08-07
735,https://wustl.wd1.myworkdayjobs.com/job/Washington-University-West-Campus-Clayton-Missouri/Quality-Control---Linked-Data-Librarian---University-Libraries_JR96406,Quality Control & Linked Data Librarian - University Libraries,Non-academic,Full-time,,,,2026-08-07
735,https://wustl.wd1.myworkdayjobs.com/job/Washington-University-Medical-Campus-Cortex-District/Physical-Therapist-Assistant-Certified---Program-in-Physical-Therapy_JR96505,Physical Therapist Assistant Certified - Program in Physical Therapy,Unclassified,Full-time,,,,2026-08-07
735,https://wustl.wd1.myworkdayjobs.com/job/West-County---St-Louis-MO/RN-Clinical-Nurse-Coordinator---Orthopedic-Reconstruction-Surgery_JR96361-1,RN Clinical Nurse Coordinator - Orthopedic Reconstruction Surgery,Non-academic,Full-time,"Department of Financial and Professional Regulation, Registered Nurse",,,2026-08-07
735,https://wustl.wd1.myworkdayjobs.com/job/Washington-University-Medical-Campus/Director--Physical-Security-Systems-and-Access-Control---Enterprise-Physical-Operations_JR96443,"Director, Physical Security Systems and Access Control - Enterprise Physical Operations",Unclassified,Full-time,,,,2026-08-07
735,https://wustl.wd1.myworkdayjobs.com/job/Washington-University-Medical-Campus/Analyst-Data-Reporting--Emergency-Management----Enterprise-Physical-Operations_JR96235,Analyst Data Reporting (Emergency Management) - Enterprise Physical Operations,Non-academic,Full-time,,,,2026-08-07
735,https://wustl.wd1.myworkdayjobs.com/job/Washington-University-Danforth-Campus/Research-Tech-I--Part-Time----Social-Sciences_JR96490,Research Tech I (Part Time) - Social Sciences,Non-academic,Part-time,,Emotion; Relationships,,2026-08-07
735,https://wustl.wd1.myworkdayjobs.com/job/Washington-University-Medical-Campus/Ophthalmic-Assistant---Ophthalmology_JR96510,Ophthalmic Assistant - Ophthalmology,Unclassified,Full-time,,,,2026-08-07
735,https://wustl.wd1.myworkdayjobs.com/job/Washington-University-Medical-Campus/Patient-Care-Associate-I---Ophthalmology_JR96486-1,Patient Care Associate I - Ophthalmology,Unclassified,Full-time,,,,2026-08-07
735,https://wustl.wd1.myworkdayjobs.com/job/Washington-University-Danforth-Campus/Director-of-Admissions-and-Recruitment---Bursky-Public-Health_JR95306,Director of Admissions and Recruitment - Bursky Public Health,Unclassified,Full-time,School of Public Health,Admissions and Recruitment,,2026-08-06
735,https://wustl.wd1.myworkdayjobs.com/job/St-Louis-MO/Nurse-Practitioner-or-Physician-Assistant---Urologic-Surgery--Christian-Hospital-_JR94464,Nurse Practitioner or Physician Assistant - Urologic Surgery (Christian Hospital),Unclassified,Full-time,"Department of Financial and Professional Regulation, Advanced Practice Nurse",,,2026-08-06
735,https://wustl.wd1.myworkdayjobs.com/job/Washington-University-Medical-Campus/Administrative-Coordinator-II---Office-of-the-Executive-Vice-Chancellor-for-Medical-Affairs_JR96192,Page not found.,Non-academic,Full-time,,,,
735,https://wustl.wd1.myworkdayjobs.com/job/CAM-South-County/Medical-Assistant-II---Orthopedic-Surgery_JR96355,Medical Assistant II - Orthopedic Surgery,Non-academic,Full-time,"Department of Financial and Professional Regulation, Licensed Practical Nurse",,,2026-08-06
735,https://wustl.wd1.myworkdayjobs.com/job/Washington-University-Medical-Campus/IT-Project-Manager-II--Hybrid-Time-Limited----WashU-IT_JR96302,IT Project Manager II (Hybrid/Time-Limited) - WashU IT,Non-academic,Full-time,,,,2026-08-06
735,https://wustl.wd1.myworkdayjobs.com/job/Washington-University-Medical-Campus/Clinical-Service-Representative-II--Hybrid----Department-of-Medicine---Medical-Records_JR96470,Clinical Service Representative II (Hybrid) - Department of Medicine - Medical Records,Unclassified,Full-time,Department of Medicine,,,2026-08-06
735,https://wustl.wd1.myworkdayjobs.com/job/Chesterfield-MO/Patient-Billing-Services-Representative-II--Float----Occupational-Therapy_JR96480,Patient Billing/Services Representative II (Float) - Occupational Therapy,Unclassified,Full-time,,,,2026-08-06
735,https://wustl.wd1.myworkdayjobs.com/job/Washington-University-Medical-Campus/Clinical-Research-Coordinator-III---Pediatrics-Hematology---Oncology_JR96455,Clinical Research Coordinator III - Pediatrics Hematology & Oncology,Non-academic,Full-time,,,,2026-08-06
735,https://wustl.wd1.myworkdayjobs.com/job/Washington-University-Medical-Campus/Operations---System-Specialist-I--Hybrid----Radiology_JR96452,Operations & System Specialist I (Hybrid) - Radiology,Non-academic,Full-time,,RCIF’s CHPC infrastructure; AI-enabled research,,2026-08-05
735,https://wustl.wd1.myworkdayjobs.com/job/Washington-University-Medical-Campus/Senior-Clinical-Laboratory-Technician---Pathology---Immunology_JR96439,Senior Clinical Laboratory Technician - Pathology & Immunology,Non-academic,Full-time,Department of Pathology,,,2026-08-05
735,https://wustl.wd1.myworkdayjobs.com/job/Washington-University-Clinical-AssociatesSt-Louis-Missouri-63110/Medical-Assistant-III---Allergy---Immunology_JR96444,Medical Assistant III - Allergy & Immunology,Non-academic,Full-time,"Department of Financial and Professional Regulation, Licensed Practical Nurse",,,2026-08-05
735,https://wustl.wd1.myworkdayjobs.com/job/Washington-University-Medical-Campus/Certified-Ophthalmic-Assistant---Ophthalmology_JR96301,Certified Ophthalmic Assistant - Ophthalmology,Unclassified,Full-time,,,,2026-08-05
735,https://wustl.wd1.myworkdayjobs.com/job/Northwest-Tower/Nurse-Practitioner-or-Physician-Assistant----Electrophysiology-Cardiology_JR95855,Nurse Practitioner or Physician Assistant -  Electrophysiology Cardiology,Unclassified,Full-time,"Department of Financial and Professional Regulation, Advanced Practice Nurse",,,2026-08-05
735,https://wustl.wd1.myworkdayjobs.com/job/Washington-University-Danforth-Campus/Assistant-Athletic-Trainer---Student-Affairs_JR96263,Assistant Athletic Trainer - Student Affairs,Unclassified,Full-time,,,,2026-08-05
735,https://wustl.wd1.myworkdayjobs.com/job/Washington-University-Medical-Campus/Ophthalmic-Assistant---Ophthalmology_JR96437,Ophthalmic Assistant - Ophthalmology,Unclassified,Full-time,,,,2026-08-05
735,https://wustl.wd1.myworkdayjobs.com/job/Washington-University-Medical-Campus/Postdoctoral-Research-Associate---Genetics_JR96435,Postdoctoral Research Associate - Genetics,Research_Fellow,Full-time,,,,2026-08-05
735,https://wustl.wd1.myworkdayjobs.com/job/Washington-University-Medical-Campus/Senior-Manager-Department-Administration--Hybrid----Radiology_JR94990,Senior Manager Department Administration (Hybrid) - Radiology,Non-academic,Full-time,,,,2026-08-05
735,https://wustl.wd1.myworkdayjobs.com/job/Washington-University-Medical-Campus/Ultrasound-Sonographer--PRN----Obstetrics-and-Gynecology_JR95359,Ultrasound Sonographer (PRN) - Obstetrics and Gynecology,Unclassified,Part-time,,,,2026-08-05
735,https://wustl.wd1.myworkdayjobs.com/job/Washington-University-Medical-Campus/Research-Technician-I---Comparative-Medicine_JR96434,Research Technician I - Comparative Medicine,Non-academic,Full-time,,,,2026-08-05
735,https://wustl.wd1.myworkdayjobs.com/job/Washington-University-Danforth-Campus/Deputized-Police-Officer---Law-Enforcement-Operations_JR90477,Deputized Police Officer - Law Enforcement Operations,Non-academic,Full-time,,,,2026-08-05
735,https://wustl.wd1.myworkdayjobs.com/job/South-County---St-Louis-MO/Medical-Assistant-III--Siteman--South-County----Medical-Oncology_JR96391,Page not found.,Non-academic,Full-time,,,,
735,https://wustl.wd1.myworkdayjobs.com/job/West-County---St-Louis-MO/Medical-Assistant-II---Otolaryngology--Adult-_JR96428,Medical Assistant II - Otolaryngology (Adult),Non-academic,Full-time,Department of Otolaryngology,,,2026-08-05
735,https://wustl.wd1.myworkdayjobs.com/job/West-County---St-Louis-MO/Sterile-Processing-Technician-II--Float----Otolaryngology_JR96403-1,Page not found.,Non-academic,Full-time,,,,
735,https://wustl.wd1.myworkdayjobs.com/job/Washington-University-Medical-Campus/Administrative-Coordinator-I---Department-of-Molecular-Microbiology_JR96397-1,Administrative Coordinator I - Department of Molecular Microbiology,Non-academic,Full-time,Department of Molecular Microbiology,,,2026-08-04
735,https://wustl.wd1.myworkdayjobs.com/job/St-Louis-MO/Housekeeper---Real-Estate_JR96416,Housekeeper - Real Estate,Unclassified,Full-time,,,,2026-08-04
735,https://wustl.wd1.myworkdayjobs.com/job/Washington-University-Danforth-Campus/Academic-Coordinator---Arts---Sciences_JR96319,Academic Coordinator - Arts & Sciences,Non-academic,Full-time,,,,2026-08-04
735,https://wustl.wd1.myworkdayjobs.com/job/Washington-University-Danforth-Campus/Coordinator--Education-and-Compliance---Student-Success_JR96109,"Coordinator, Education and Compliance - Student Success",Non-academic,Full-time,Department of Campus Life is a unit within the Division of Student Success,,,2026-08-04
735,https://wustl.wd1.myworkdayjobs.com/job/Creve-Coeur-MO/Billing-Scheduling-Associate-II--Hybrid----Orthopedic-Surgery_JR96277,Billing/Scheduling Associate II (Hybrid) - Orthopedic Surgery,Unclassified,Full-time,,,,2026-08-04
735,https://wustl.wd1.myworkdayjobs.com/job/Washington-University-Medical-Campus/Billing-Scheduling-Associate-II---Cardiology_JR96366,Billing/Scheduling Associate II - Cardiology,Unclassified,Full-time,,,,2026-08-04
735,https://wustl.wd1.myworkdayjobs.com/job/Washington-University-Medical-Campus/Postdoctoral-Research-Associate---Radiology_JR96408,Postdoctoral Research Associate - Radiology,Research_Fellow,Full-time,Department of Radiology,antibody-drug conjugates; ADC development,,2026-08-04
735,https://wustl.wd1.myworkdayjobs.com/job/Washington-University-Medical-Campus/Clinical-Variant-Scientist---Pathology---Immunology_JR96382,Clinical Variant Scientist - Pathology & Immunology,Unclassified,Full-time,,,,2026-08-04
735,https://wustl.wd1.myworkdayjobs.com/job/Remote/Clinical-Research-Financial-Coordinator-I--Remote----Medical-Oncology_JR96305,Clinical Research Financial Coordinator I (Remote) - Medical Oncology,Non-academic,Full-time,,,,2026-08-04
735,https://wustl.wd1.myworkdayjobs.com/job/Washington-University-Medical-Campus/Postdoctoral-Research-Associate---Pediatric-Allergy---Pulmonary-Medicine_JR96289,Postdoctoral Research Associate - Pediatric Allergy & Pulmonary Medicine,Research_Fellow,Full-time,,,,2026-08-04
735,https://wustl.wd1.myworkdayjobs.com/job/Washington-University-Medical-Campus/Postdoctoral-Research-Associate---Oncology_JR96374,Postdoctoral Research Associate - Oncology,Research_Fellow,Full-time,"Division of Oncology, Department of Medicine",Cancer,,2026-08-04
735,https://wustl.wd1.myworkdayjobs.com/job/West-County---St-Louis-MO/Medical-Assistant-III---Orthopedic-Surgery_JR96364,Medical Assistant III - Orthopedic Surgery,Non-academic,Full-time,"Department of Financial and Professional Regulation, Licensed Practical Nurse",,,2026-08-04
735,https://wustl.wd1.myworkdayjobs.com/job/Washington-University-Medical-Campus/RN-Clinical-Nurse-Coordinator--Electrophysiology-Cardiology_JR96351,RN Clinical Nurse Coordinator -Electrophysiology Cardiology,Non-academic,Full-time,"Department of Financial and Professional Regulation, Registered Nurse",,,2026-08-03
735,https://wustl.wd1.myworkdayjobs.com/job/Town-and-Country-MO/RN-Staff-Nurse-II---Pediatrics-Ambulatory-Care_JR96207,RN Staff Nurse II - Pediatrics Ambulatory Care,Unclassified,Full-time,"Department of Financial and Professional Regulation, Registered Nurse",,,2026-08-03
735,https://wustl.wd1.myworkdayjobs.com/job/Washington-University-Medical-Campus/Research-Lab-Manager---Neurology_JR96348,Research Lab Manager - Neurology,Non-academic,Full-time,,,,2026-08-03
735,https://wustl.wd1.myworkdayjobs.com/job/St-Louis-MO/Warehouse-Assistant---Institute-for-School-Partnership_JR96066,Warehouse Assistant - Institute for School Partnership,Non-academic,Full-time,Institute for School Partnership,,,2026-08-03
735,https://wustl.wd1.myworkdayjobs.com/job/Washington-University-in-St-Louis-Clayton-Missouri/Executive-Director-of-Individual-Giving--Medical-Advancement---University-Advancement_JR93519,"Executive Director of Individual Giving, Medical Advancement - University Advancement",Unclassified,Full-time,School of Medicine stakeholders,"Individual Giving, Medical Advancement",,2026-08-03
735,https://wustl.wd1.myworkdayjobs.com/job/Washington-University-in-St-Louis-Clayton-Missouri/Medical-Major-Gift-Officer---University-Advancement_JR94524,Medical Major Gift Officer - University Advancement,Unclassified,Full-time,School of Medicine to a wide range of audiences,,,2026-08-03
735,https://wustl.wd1.myworkdayjobs.com/job/Washington-University-Medical-Campus/Administrative-Coordinator-I--Hybrid----Department-of-Medicine---Business-Office_JR96326,Administrative Coordinator I (Hybrid) - Department of Medicine - Business Office,Non-academic,Full-time,Department of Medicine,,,2026-08-03
735,https://wustl.wd1.myworkdayjobs.com/job/Washington-University-Medical-Campus/Medical-Assistant-II---Psychiatry_JR96347,Medical Assistant II - Psychiatry,Non-academic,Full-time,department of Adult Psychiatry,,,2026-08-03
735,https://wustl.wd1.myworkdayjobs.com/job/Washington-University-Medical-Campus/Clinical-Operations-Assistant---Ophthalmology_JR96332,Clinical Operations Assistant - Ophthalmology,Non-academic,Full-time,,,,2026-08-03
735,https://wustl.wd1.myworkdayjobs.com/job/South-County---St-Louis-MO/Nuclear-Medicine-Technologist--PRN-South-County----Cardiology_JR96333,Nuclear Medicine Technologist (PRN/South County) - Cardiology,Unclassified,Part-time,,,,2026-08-03
735,https://wustl.wd1.myworkdayjobs.com/job/Washington-University-Medical-Campus/Staff-Pharmacist--PRN----Infectious-Diseases_JR96328,Staff Pharmacist (PRN) - Infectious Diseases,Unclassified,Part-time,"Division of Professional Registration, Registered Pharmacist",,,2026-08-03
735,https://wustl.wd1.myworkdayjobs.com/job/Washington-University-Medical-Campus/Senior-Support-Scientist---Neurology_JR96317,Senior Support Scientist - Neurology,Research_Fellow,Full-time,,School of Medicine's faculty; application of spatial technology workflows,,2026-08-03
735,https://wustl.wd1.myworkdayjobs.com/job/Washington-University-Medical-Campus/Nurse-Practitioner-or-Physician-Assistant---Emergency-Medicine_JR95428,Nurse Practitioner or Physician Assistant - Emergency Medicine,Unclassified,Full-time,"Department of Financial and Professional Regulation, Advanced Practice Nurse",,,2026-07-31
735,https://wustl.wd1.myworkdayjobs.com/job/Washington-University-Medical-Campus/Nurse-Practitioner-or-Physician-Assistant--Part-time----Emergency-Medicine_JR96321,Nurse Practitioner or Physician Assistant (Part-time) - Emergency Medicine,Unclassified,Part-time,"Department of Financial and Professional Regulation, Advanced Practice Nurse",,,2026-07-31
735,https://wustl.wd1.myworkdayjobs.com/job/Washington-University-Medical-Campus/Program-Coordinator-II--Hybrid----Neurology_JR96315,Program Coordinator II (Hybrid) - Neurology,Non-academic,Full-time,,,,2026-07-31
735,https://wustl.wd1.myworkdayjobs.com/job/Washington-University-Medical-Campus/Patient-Care-Associate-I---Ophthalmology_JR96286,Patient Care Associate I - Ophthalmology,Unclassified,Full-time,,,,2026-07-31
735,https://wustl.wd1.myworkdayjobs.com/job/Washington-University-Medical-Campus/Nurse-Practitioner---Hematology----Inpatient-_JR96190,Nurse Practitioner - Hematology - (Inpatient),Unclassified,Full-time,"Department of Financial and Professional Regulation, Advanced Practice Nurse",,,2026-07-30
735,https://wustl.wd1.myworkdayjobs.com/job/Washington-University-Medical-Campus/Billing-Scheduling-Associate-II---Cardiology_JR96229,Billing/Scheduling Associate II - Cardiology,Unclassified,Full-time,,,,2026-07-30
735,https://wustl.wd1.myworkdayjobs.com/job/Washington-University-Danforth-Campus/Site-Administrator--Prison-Education-Project-Hybrid----School-of-Continuing-and-Professional-Studies_JR96111,"Site Administrator, Prison Education Project(Hybrid) - School of Continuing and Professional Studies",Non-academic,Full-time,School of Continuing and Professional Studies,campus,,2026-07-30
735,https://wustl.wd1.myworkdayjobs.com/job/Washington-University-Danforth-Campus/Staff-Scientist---Engineering_JR96172,Staff Scientist - Engineering,Unclassified,Full-time,,documentation of experiment results; experiment design,,2026-07-30
735,https://wustl.wd1.myworkdayjobs.com/job/Washington-University-West-Campus-Clayton-Missouri/Prospect-Management-Consultant--Leadership-and-Major-Giving---University-Advancement_JR95899,"Prospect Management Consultant, Leadership and Major Giving - University Advancement",Unclassified,Full-time,,,,2026-07-30
735,https://wustl.wd1.myworkdayjobs.com/job/Remote/C-brAIn-Chief-Executive-Officer--Remote----Neurology_JR95668,C-brAIn Chief Executive Officer (Remote) - Neurology,Research_Fellow,Full-time,,,,2026-07-30
735,https://wustl.wd1.myworkdayjobs.com/job/Washington-University-Medical-Campus/Clinical-Research-Coordinator-II---Pediatric-Clinical-Research-Unit_JR96210,Clinical Research Coordinator II - Pediatric Clinical Research Unit,Non-academic,Full-time,,,,2026-07-30
735,https://wustl.wd1.myworkdayjobs.com/job/Washington-University-Medical-Campus/Medical-Assistant-III---Neurology_JR96226,Medical Assistant III - Neurology,Non-academic,Full-time,"Department of Financial and Professional Regulation, Licensed Practical Nurse",,,2026-07-30
735,https://wustl.wd1.myworkdayjobs.com/job/Washington-University-Medical-Campus/Laboratory-Animal-Technician-I---Comparative-Medicine_JR96242,Laboratory Animal Technician I - Comparative Medicine,Non-academic,Full-time,,,,2026-07-29
735,https://wustl.wd1.myworkdayjobs.com/job/Washington-University-Medical-Campus/Postdoctoral-Research-Associate---Hematology_JR96219,Postdoctoral Research Associate - Hematology,Research_Fellow,Full-time,,,,2026-07-29
735,https://wustl.wd1.myworkdayjobs.com/job/St-Louis-MO/Medical-Assistant-III---Neurology_JR96216,Medical Assistant III - Neurology,Non-academic,Full-time,"Department of Financial and Professional Regulation, Licensed Practical Nurse",,,2026-07-29
735,https://wustl.wd1.myworkdayjobs.com/job/Washington-University-Medical-Campus/Patient-Care-Associate-I---Ophthalmology_JR96209,Patient Care Associate I - Ophthalmology,Unclassified,Full-time,,,,2026-07-29
735,https://wustl.wd1.myworkdayjobs.com/job/Washington-University-Medical-Campus/Medical-Secretary-III--Hybrid----Gastroenterology--IBD-_JR96148,Medical Secretary III (Hybrid) - Gastroenterology (IBD),Unclassified,Full-time,Division of Gastroenterology,,,2026-07-28
735,https://wustl.wd1.myworkdayjobs.com/job/Washington-University-Danforth-Campus/Senior-Scientist---Bursky-Public-Health_JR96204-1,Senior Scientist - Bursky Public Health,Research_Fellow,Full-time,,population mental health; social epidemiology,,2026-07-28
735,https://wustl.wd1.myworkdayjobs.com/job/Washington-University-Medical-Campus/RN-Clinical-Nurse-Coordinator---Pediatric-Cardiology---Pulmonary-Hypertension_JR96074,RN Clinical Nurse Coordinator - Pediatric Cardiology - Pulmonary Hypertension,Non-academic,Full-time,"Department of Financial and Professional Regulation, Registered Nurse",,,2026-07-28
735,https://wustl.wd1.myworkdayjobs.com/job/Washington-University-Medical-Campus/Clinical-Research-Financial-Coordinator-II---Cardiology_JR96169,Clinical Research Financial Coordinator II - Cardiology,Non-academic,Full-time,,,,2026-07-28
735,https://wustl.wd1.myworkdayjobs.com/job/Washington-University-Medical-Campus/Postdoctoral-Research-Associate---Neurology_JR96149,Postdoctoral Research Associate - Neurology,Research_Fellow,Full-time,Center of Excellence,,,2026-07-28
735,https://wustl.wd1.myworkdayjobs.com/job/Washington-University-Medical-Campus/Postdoctoral-Research-Associate---Molecular-Microbiology_JR95210,Postdoctoral Research Associate - Molecular Microbiology,Research_Fellow,Full-time,,,,2026-07-28
735,https://wustl.wd1.myworkdayjobs.com/job/Washington-University-Danforth-Campus/Postdoctoral-Research-Associate---Engineering_JR96129,Postdoctoral Research Associate - Engineering,Research_Fellow,Full-time,,,,2026-07-28
735,https://wustl.wd1.myworkdayjobs.com/job/Washington-University-Medical-Campus/Clinical-Research-Coordinator-I---Radiation-Oncology_JR96159,Clinical Research Coordinator I - Radiation Oncology,Non-academic,Full-time,,,,2026-07-27
735,https://wustl.wd1.myworkdayjobs.com/job/Washington-University-Medical-Campus/Librarian---Bernard-Becker-Medical-Library_JR96081-1,Librarian - Bernard Becker Medical Library,Non-academic,Full-time,,,,2026-07-27
735,https://wustl.wd1.myworkdayjobs.com/job/Washington-University-Medical-Campus/RN-Staff-Nurse-I---Pediatrics-Cardiology_JR93570,RN Staff Nurse I - Pediatrics Cardiology,Unclassified,Full-time,"Department of Financial and Professional Regulation, Registered Nurse",,,2026-07-27
735,https://wustl.wd1.myworkdayjobs.com/job/Town-and-Country-MO/RN-Staff-Nurse-II---Pediatrics-Ambulatory-Care_JR96102,RN Staff Nurse II - Pediatrics Ambulatory Care,Unclassified,Full-time,"Department of Financial and Professional Regulation, Registered Nurse",,,2026-07-27
735,https://wustl.wd1.myworkdayjobs.com/job/Washington-University-Medical-Campus/EUS-Manager-Technical-Services--Hybrid----WashU-IT-Security---Access_JR95677,EUS Manager Technical Services (Hybrid) - WashU IT Security & Access,Non-academic,Full-time,,,,2026-07-27
735,https://wustl.wd1.myworkdayjobs.com/job/Washington-University-Medical-Campus/Bioinformaticist---Medical-Oncology_JR96064,Bioinformaticist - Medical Oncology,Unclassified,Full-time,,Responsibilities: Designs,,2026-07-27
735,https://wustl.wd1.myworkdayjobs.com/job/Washington-University-Medical-Campus/Manager-Division-Clinical-Research---Radiation-Oncology_JR96119,Manager Division Clinical Research - Radiation Oncology,Non-academic,Full-time,Division of Clinical Research,,,2026-07-24
735,https://wustl.wd1.myworkdayjobs.com/job/Washington-University-Medical-Campus/RN-Clinical-Nurse-Coordinator---Pediatrics-Gastroenterology_JR96057,RN Clinical Nurse Coordinator - Pediatrics Gastroenterology,Non-academic,Full-time,"Department of Financial and Professional Regulation, Registered Nurse",,,2026-07-24
735,https://wustl.wd1.myworkdayjobs.com/job/Washington-University-Medical-Campus/RN-Clinical-Nurse-Coordinator--Hybrid----Oncology_JR96086,RN Clinical Nurse Coordinator (Hybrid) - Oncology,Non-academic,Full-time,"Department of Financial and Professional Regulation, Registered Nurse",,,2026-07-24
735,https://wustl.wd1.myworkdayjobs.com/job/St-Louis-MO/Evaluation-and-Impact-Manager--Hybrid----Confluence-Collaborative_JR95810,Evaluation and Impact Manager (Hybrid) - Confluence Collaborative,Non-academic,Full-time,center of the Collaborative's work,Cross-Campus Collaboration Collaborate,,2026-07-24
735,https://wustl.wd1.myworkdayjobs.com/job/Washington-University-Medical-Campus/Imaging-Assistant--Hybrid----Radiology_JR96100,Imaging Assistant (Hybrid) - Radiology,Non-academic,Full-time,,,,2026-07-24
735,https://wustl.wd1.myworkdayjobs.com/job/Washington-University-Medical-Campus/Associate-Director-of-Clinical-Research--IIT---Program-Strategy-Focus----Radiation-Oncology_JR96099,Associate Director of Clinical Research (IIT & Program Strategy Focus) - Radiation Oncology,Research_Fellow,Full-time,Department of Radiation Oncology,Clinical Research,,2026-07-24
735,https://wustl.wd1.myworkdayjobs.com/job/McDonnell-Pediatric-Research-Building/Program-Coordinator-II--Hybrid----Molecular-Microbiology_JR96092,Program Coordinator II (Hybrid) - Molecular Microbiology,Non-academic,Full-time,,,,2026-07-24
735,https://wustl.wd1.myworkdayjobs.com/job/Washington-University-Danforth-Campus/Program-Coordinator---Center-for-the-Environment_JR96050,Program Coordinator – Center for the Environment,Non-academic,Full-time,Center for the Environment,,,2026-07-24
735,https://wustl.wd1.myworkdayjobs.com/job/Washington-University-Medical-Campus/Medical-Secretary-III--Hybrid----Endocrinology_JR94443,Medical Secretary III (Hybrid) - Endocrinology,Unclassified,Full-time,"Division of Endocrinology, Metabolism & Lipid Research has nine clinic sites across the St",,,2026-07-24
735,https://wustl.wd1.myworkdayjobs.com/job/Washington-University-Danforth-Campus/Academic-Integrity-Coordinator---Provost-Office---Institutional-Development_JR96051,Academic Integrity Coordinator - Provost Office - Institutional Development,Non-academic,Full-time,,,,2026-07-24
735,https://wustl.wd1.myworkdayjobs.com/job/Washington-University-Medical-Campus/Security-Systems-Technician---Enterprise-Physical-Operations_JR96058,Security Systems Technician - Enterprise Physical Operations,Non-academic,Full-time,,,,2026-07-23
735,https://wustl.wd1.myworkdayjobs.com/job/Washington-University-Medical-Campus/Senior-Clinical-Research-Coordinator---Psychiatry_JR96088-1,Senior Clinical Research Coordinator - Psychiatry,Non-academic,Full-time,,,,2026-07-23
735,https://wustl.wd1.myworkdayjobs.com/job/Washington-University-Medical-Campus/Billing-Scheduling-Associate-II---Pediatrics-Central-Administration_JR95991,Billing Scheduling Associate II - Pediatrics Central Administration,Unclassified,Full-time,,,,2026-07-23
735,https://wustl.wd1.myworkdayjobs.com/job/Washington-University-Medical-Campus/Medical-Secretary-II---Pediatrics-Gastroenterology_JR95955,Medical Secretary II - Pediatrics Gastroenterology,Unclassified,Full-time,,,,2026-07-22
735,https://wustl.wd1.myworkdayjobs.com/job/Washington-University-Medical-Campus/Medical-Assistant-III---Medical-Oncology_JR96032,Medical Assistant III - Medical Oncology,Non-academic,Full-time,"Department of Financial and Professional Regulation, Licensed Practical Nurse",,,2026-07-22
735,https://wustl.wd1.myworkdayjobs.com/job/Washington-University-West-Campus-Clayton-Missouri/Senior-Associate-Director--Prospect-Management---University-Advancement_JR95882-1,"Senior Associate Director, Prospect Management - University Advancement",Unclassified,Full-time,,,,2026-07-22
735,https://wustl.wd1.myworkdayjobs.com/job/Washington-University-West-Campus-Clayton-Missouri/Senior-Associate-Director--Prospect-Management---University-Advancement_JR95908,"Senior Associate Director, Prospect Management - University Advancement",Unclassified,Full-time,,,,2026-07-22
735,https://wustl.wd1.myworkdayjobs.com/job/Washington-University-West-Campus-Clayton-Missouri/Senior-Development-Officer---University-Advancement_JR91406,Senior Development Officer - University Advancement,Assistant_Professor; Associate_Professor; Full_Professor,Full-time,,,,2026-07-22
735,https://wustl.wd1.myworkdayjobs.com/job/Washington-University-West-Campus-Clayton-Missouri/Development-Officer---University-Advancement_JR91827,Development Officer - University Advancement,Assistant_Professor; Associate_Professor; Full_Professor,Full-time,,,,2026-07-22
735,https://wustl.wd1.myworkdayjobs.com/job/Washington-University-Medical-Campus/Patient-Care-Associate-I---Ophthalmology_JR96049,Patient Care Associate I - Ophthalmology,Unclassified,Full-time,,,,2026-07-22
735,https://wustl.wd1.myworkdayjobs.com/job/Washington-University-Medical-Campus/Research-Technician-II---Otolaryngology_JR96034,Research Technician II - Otolaryngology,Non-academic,Full-time,,,,2026-07-22
735,https://wustl.wd1.myworkdayjobs.com/job/Washington-University-Medical-Campus/Nurse-Practitioner---Endocrinology---Inpatient-Diabetes_JR95987,Nurse Practitioner - Endocrinology - Inpatient Diabetes,Unclassified,Full-time,"Division of Endocrinology, Metabolism and Lipid Research",,,2026-07-22
735,https://wustl.wd1.myworkdayjobs.com/job/Creve-Coeur-MO/RN-Staff-Nurse-I---Colon-Rectal-Surgery_JR96020,RN Staff Nurse I - Colon/Rectal Surgery,Unclassified,Full-time,"Department of Financial and Professional Regulation, Registered Nurse",,,2026-07-22
735,https://wustl.wd1.myworkdayjobs.com/job/Washington-University-Medical-Campus/Senior-Research-Technician---Anesthesiology_JR95431,Senior Research Technician - Anesthesiology,Non-academic,Full-time,,,,2026-07-22
735,https://wustl.wd1.myworkdayjobs.com/job/Washington-University-Danforth-Campus/Building-Operations-Coordinator---Library-Space-and-Building-Operations_JR95950,Building Operations Coordinator - Library Space and Building Operations,Non-academic,Full-time,,,,2026-07-22
735,https://wustl.wd1.myworkdayjobs.com/job/St-Louis-MO/Insurance-Billing-Collection-Assistant-II--Hybrid----Physician-Billing-Services_JR95984,Insurance Billing/Collection Assistant II (Hybrid) - Physician Billing Services,Non-academic,Full-time,,,,2026-07-21
735,https://wustl.wd1.myworkdayjobs.com/job/Washington-University-Medical-Campus/Postdoctoral-Research-Associate---Molecular-Microbiology_JR95983,Postdoctoral Research Associate - Molecular Microbiology,Research_Fellow,Full-time,Department of Molecular Microbiology,,,2026-07-21
735,https://wustl.wd1.myworkdayjobs.com/job/Washington-University-Medical-Campus/Nurse-Manager---Pediatrics-Central-Administration_JR95988,Nurse Manager - Pediatrics Central Administration,Non-academic,Full-time,School of Medicine,,,2026-07-21
735,https://wustl.wd1.myworkdayjobs.com/job/Washington-University-Medical-Campus/Health-Physicist-Assistant--Clinical---Radiation-Safety_JR95881,"Health Physicist Assistant, Clinical - Radiation Safety",Non-academic,Full-time,School of Medicine,,,2026-07-21
735,https://wustl.wd1.myworkdayjobs.com/job/Washington-University-Medical-Campus/RN-Staff-Nurse-I--Part-time----Clinical-Translational-Research-Unit_JR95916-1,RN Staff Nurse I (Part-time) - Clinical Translational Research Unit,Unclassified,Part-time,"Department of Financial and Professional Regulation, Registered Nurse",,,2026-07-21
735,https://wustl.wd1.myworkdayjobs.com/job/Washington-University-Danforth-Campus/Executive-Director-of-Marketing-and-Communications---Bursky-School-of-Public-Health_JR95734-1,Executive Director of Marketing and Communications - Bursky Public Health,Non-academic,Full-time,,Marketing and Communications,,2026-07-20
735,https://wustl.wd1.myworkdayjobs.com/job/Washington-University-Medical-Campus/Faculty-Affairs-Specialist---Bursky-School-of-Public-Health_JR95735,Faculty Affairs Specialist - Bursky Public Health,Non-academic,Full-time,School of Public Health,,,2026-09-08
735,https://wustl.wd1.myworkdayjobs.com/job/Washington-University-Medical-Campus/Postdoctoral-Research-Associate---Infectious-Diseases_JR95927,Postdoctoral Research Associate - Infectious Diseases,Research_Fellow,Full-time,Department of Medicine,,,2026-07-20
735,https://wustl.wd1.myworkdayjobs.com/job/Washington-University-Medical-Campus/Facilities-System-Lead---Enterprise-Physical-Operations_JR95879,Facilities System Lead - Enterprise Physical Operations,Non-academic,Full-time,,,,2026-07-20
735,https://wustl.wd1.myworkdayjobs.com/job/Hazelwood-MO/Ophthalmic-Assistant---Ophthalmology_JR95742,Ophthalmic Assistant - Ophthalmology,Unclassified,Full-time,,,,2026-07-20
735,https://wustl.wd1.myworkdayjobs.com/job/Town-and-Country-MO/Patient-Care-Associate-II---Ob-Gyn_JR95856-1,Patient Care Associate II - Ob/Gyn,Unclassified,Full-time,,,,2026-07-17
735,https://wustl.wd1.myworkdayjobs.com/job/Washington-University-Medical-Campus/Clinical-Research-Coordinator-II--Regulatory-Hybrid----Radiology_JR95943,Clinical Research Coordinator II (Regulatory/Hybrid) - Radiology,Non-academic,Full-time,Department of Radiology,,,2026-07-17
735,https://wustl.wd1.myworkdayjobs.com/job/Washington-University-Medical-Campus/Postdoctoral-Research-Associate---Pathology---Immunology_JR95898,Postdoctoral Research Associate - Pathology & Immunology,Research_Fellow,Full-time,,homing; homeostasis,,2026-07-17
735,https://wustl.wd1.myworkdayjobs.com/job/Washington-University-Medical-Campus/Occupational-Therapist--Part-Time----Occupational-Therapy_JR95674,Occupational Therapist (Part-Time) - Occupational Therapy,Non-academic,Part-time,,,,2026-07-17
735,https://wustl.wd1.myworkdayjobs.com/job/South-County---St-Louis-MO/LPN----South-County-Multispecialty-Center_JR95914,LPN  - South County Multispecialty Center,Unclassified,Full-time,"Department of Financial and Professional Regulation, Licensed Practical Nurse",,,2026-07-17
735,https://wustl.wd1.myworkdayjobs.com/job/Washington-University-Medical-Campus/Staff-Radiologic-Technologist---Orthopedic-Surgery_JR95843,Staff Radiologic Technologist - Orthopedic Surgery,Unclassified,Full-time,,,,2026-07-17
735,https://wustl.wd1.myworkdayjobs.com/job/Washington-University-Medical-Campus/Certified-Ophthalmic-Assistant---Ophthalmology_JR95895,Certified Ophthalmic Assistant - Ophthalmology,Unclassified,Full-time,,,,2026-07-16
735,https://wustl.wd1.myworkdayjobs.com/job/Washington-University-Medical-Campus/Research-Technician-II---Ophthalmology_JR95885,Research Technician II - Ophthalmology,Non-academic,Full-time,,,,2026-07-16
735,https://wustl.wd1.myworkdayjobs.com/job/Washington-University-Medical-Campus/Senior-Statistical-Data-Analyst--Hybrid----Siteman-Cancer-Center_JR95909,Senior Statistical Data Analyst (Hybrid) - Siteman Cancer Center,Non-academic,Full-time,,,,2026-07-16
735,https://wustl.wd1.myworkdayjobs.com/job/Washington-University-in-St-Louis-Clayton-Missouri/Assistant-Vice-Chancellor-of-Medical-Advancement---University-Advancement_JR95687,Assistant Vice Chancellor of Medical Advancement - University Advancement,Unclassified,Full-time,School of Medicine,Medical Advancement,,2026-07-16
735,https://wustl.wd1.myworkdayjobs.com/job/Washington-University-Medical-Campus/Bioinformaticist--Hybrid----Neurology_JR95793,Bioinformaticist (Hybrid) - Neurology,Unclassified,Full-time,Department of Neurology is searching for a Bioinformaticist,,,2026-07-16
735,https://wustl.wd1.myworkdayjobs.com/job/Washington-University-Medical-Campus/Bioinformatics-Research-Analyst--Hybrid----Neurology_JR95794-1,Bioinformatics Research Analyst (Hybrid) - Neurology,Non-academic,Full-time,Department of Neurology is searching for a Bioinformatics Research Analyst,,,2026-07-16
735,https://wustl.wd1.myworkdayjobs.com/job/Washington-University-Medical-Campus/Certified-Ophthalmic-Assistant--Float----Ophthalmology_JR95612,Certified Ophthalmic Assistant (Float) - Ophthalmology,Unclassified,Full-time,,,,2026-07-16
735,https://wustl.wd1.myworkdayjobs.com/job/Washington-University-Medical-Campus/Clinical-Research-Coordinator-I---Emergency-Medicine_JR95814,Clinical Research Coordinator I - Emergency Medicine,Non-academic,Full-time,,,,2026-07-16
735,https://wustl.wd1.myworkdayjobs.com/job/Washington-University-Medical-Campus/Clinical-Research-Coordinator-I---Surgery_JR95514,Clinical Research Coordinator I - Surgery,Non-academic,Full-time,,,,2026-07-16
735,https://wustl.wd1.myworkdayjobs.com/job/Washington-University-Medical-Campus/Clinical-Research-Coordinator-II---Surgery_JR95516-1,Clinical Research Coordinator II - Surgery,Non-academic,Full-time,,,,2026-07-16
735,https://wustl.wd1.myworkdayjobs.com/job/Washington-University-Medical-Campus/Clinical-Research-Study-Assistant-II---Emergency-Medicine_JR95819-1,Clinical Research Study Assistant II - Emergency Medicine,Unclassified,Full-time,,,,2026-07-16
735,https://wustl.wd1.myworkdayjobs.com/job/Washington-University-Medical-Campus/Commercial-HVAC-R-Technician-II---Enterprise-Physical-Operations_JR95804,Commercial HVAC-R Technician II - Enterprise Physical Operations,Non-academic,Full-time,,,,2026-07-16
735,https://wustl.wd1.myworkdayjobs.com/job/Washington-University-Medical-Campus/Control-Room-Technician-I--2nd-shift----Enterprise-Physical-Operations_JR95846,Control Room Technician I (2nd shift) - Enterprise Physical Operations,Non-academic,Full-time,,,,2026-07-16
735,https://wustl.wd1.myworkdayjobs.com/job/Washington-University-Medical-Campus/Control-Room-Technician-II--2nd-shift----Enterprise-Physical-Operations_JR95851,Control Room Technician II (2nd shift) - Enterprise Physical Operations,Non-academic,Full-time,,,,2026-07-16
735,https://wustl.wd1.myworkdayjobs.com/job/Washington-University-in-St-Louis-Clayton-Missouri/Coordinator--Corporate-and-Foundation-Relations---University-Advancement_JR95692,"Coordinator, Corporate and Foundation Relations - University Advancement",Non-academic,Full-time,,,,2026-07-16
735,https://wustl.wd1.myworkdayjobs.com/job/Washington-University-West-Campus-Clayton-Missouri/Events-Manager--Leadership-Events---University-Advancement_JR95709-1,"Events Manager, Leadership Events - University Advancement",Assistant_Professor; Associate_Professor; Full_Professor,Full-time,,,,2026-07-16
735,https://wustl.wd1.myworkdayjobs.com/job/Washington-University-West-Campus-Clayton-Missouri/Executive-Director-of-Advancement--Brown-School---University-Advancement_JR95682,"Executive Director of Advancement, Brown School - University Advancement",Unclassified,Full-time,,Advancement,,2026-07-16
735,https://wustl.wd1.myworkdayjobs.com/job/Washington-University-Medical-Campus/Grant-Assistant--Hybrid----Pediatrics-Central-Administration_JR95813,Grant Assistant (Hybrid) - Pediatrics Central Administration,Non-academic,Full-time,,,,2026-07-16
735,https://wustl.wd1.myworkdayjobs.com/job/Washington-University-Medical-Campus/Licensed-Practical-Nurse---Orthopedic-Surgery_JR95573,Licensed Practical Nurse - Orthopedic Surgery,Unclassified,Full-time,"Department of Financial and Professional Regulation, Licensed Practical Nurse",,,2026-07-16
735,https://wustl.wd1.myworkdayjobs.com/job/Washington-University-Medical-Campus/Manager--Physician-Engagement-and-Relationship-Strategy--Hybrid----Siteman-Cancer-Center_JR95729,Page not found.,Non-academic,Full-time,,,,
735,https://wustl.wd1.myworkdayjobs.com/job/Washington-University-Medical-Campus/Medical-Assistant-Apprentice_JR95730,Medical Assistant Apprentice,Unclassified,Full-time,,,,2026-07-16
735,https://wustl.wd1.myworkdayjobs.com/job/St-Louis-MO/Medical-Assistant-II---Medicine-Multispecialty-Center---Sunset-Hills_JR95845,Medical Assistant II - Medicine Multispecialty Center - Sunset Hills,Non-academic,Full-time,"Department of Financial and Professional Regulation, Licensed Practical Nurse",,,2026-07-16
735,https://wustl.wd1.myworkdayjobs.com/job/Washington-University-Medical-Campus/Medical-Assistant-II---WUCA---Grant-Medical-Diabetes-Associates_JR95633,Medical Assistant II - WUCA - Grant Medical Diabetes Associates,Non-academic,Full-time,"Department of Financial and Professional Regulation, Licensed Practical Nurse",,,2026-07-16
735,https://wustl.wd1.myworkdayjobs.com/job/St-Louis-MO/Medical-Assistant-III---Medicine-Multispecialty-Center---Sunset-Hills_JR95847,Medical Assistant III - Medicine Multispecialty Center - Sunset Hills,Non-academic,Full-time,"Department of Financial and Professional Regulation, Licensed Practical Nurse",,,2026-07-16
735,https://wustl.wd1.myworkdayjobs.com/job/Washington-University-Medical-Campus/Nurse-Practitioner---Rheumatology_JR95579,Nurse Practitioner - Rheumatology,Unclassified,Full-time,Center for Advanced Medicine location,,,2026-07-16
735,https://wustl.wd1.myworkdayjobs.com/job/Washington-University-Medical-Campus/Nurse-Practitioner---WUCA-Grant-Medical---Diabetes-Associates_JR95526,Nurse Practitioner - WUCA Grant Medical & Diabetes Associates,Unclassified,Full-time,"Division of Professional Registration, Basic Life Support",,,2026-07-16
735,https://wustl.wd1.myworkdayjobs.com/job/OFallon-MO/Patient-Billing-Services-Representative-II---Orthopedic-Surgery_JR95773,Patient Billing/Services Representative II - Orthopedic Surgery,Unclassified,Full-time,,,,2026-07-16
735,https://wustl.wd1.myworkdayjobs.com/job/Washington-University-Medical-Campus/Patient-Care-Associate-I--Float----Ophthalmology_JR95616-1,Patient Care Associate I (Float) - Ophthalmology,Unclassified,Full-time,,,,2026-07-16
735,https://wustl.wd1.myworkdayjobs.com/job/St-Louis-MO/Patient-Care-Associate-II---Faculty-Practice-Plan_JR95600,Patient Care Associate II - Faculty Practice Plan,Unclassified,Full-time,,,,2026-07-16
735,https://wustl.wd1.myworkdayjobs.com/job/West-County---St-Louis-MO/Physician-Assistant--Part-time-Hybrid----Endocrinology--Metabolic-Weight-Management-_JR95864,Physician Assistant (Part-time/Hybrid) - Endocrinology (Metabolic Weight Management),Unclassified,Part-time,"Department of Financial and Professional Regulation, Physician Assistant",,,2026-07-16
735,https://wustl.wd1.myworkdayjobs.com/job/Washington-University-Medical-Campus/Plumber-II---Enterprise-Physical-Operations_JR95799,Plumber II - Enterprise Physical Operations,Unclassified,Full-time,,,,2026-07-16
735,https://wustl.wd1.myworkdayjobs.com/job/Washington-University-Medical-Campus/Postdoctoral-Research-Associate---McDonnell-Genome-Institute_JR95527,Postdoctoral Research Associate - McDonnell Genome Institute,Research_Fellow,Full-time,,,,2026-07-16
735,https://wustl.wd1.myworkdayjobs.com/job/Washington-University-Medical-Campus/Postdoctoral-Research-Associate---Molecular-Microbiology_JR95561,Postdoctoral Research Associate - Molecular Microbiology,Research_Fellow,Full-time,,,,2026-07-16
735,https://wustl.wd1.myworkdayjobs.com/job/Washington-University-Medical-Campus/Postdoctoral-Research-Associate---Neurology_JR95587,Postdoctoral Research Associate - Neurology,Research_Fellow,Full-time,,,,2026-07-16
735,https://wustl.wd1.myworkdayjobs.com/job/Washington-University-Medical-Campus/Postdoctoral-Research-Associate---Neurology_JR95797,Postdoctoral Research Associate - Neurology,Research_Fellow,Full-time,,,,2026-07-16
735,https://wustl.wd1.myworkdayjobs.com/job/Washington-University-Medical-Campus/Postdoctoral-Research-Associate---Oncology_JR95721,Postdoctoral Research Associate - Oncology,Research_Fellow,Full-time,"Department of Medicine, Division of Oncology",,,2026-07-16
735,https://wustl.wd1.myworkdayjobs.com/job/Washington-University-Medical-Campus/Postdoctoral-Research-Associate---Pathology---Immunology_JR95517,Postdoctoral Research Associate - Pathology & Immunology,Research_Fellow,Full-time,department of Pathology & Immunology,,,2026-07-16
735,https://wustl.wd1.myworkdayjobs.com/job/Washington-University-Medical-Campus/Postdoctoral-Research-Associate---Pediatrics-Rheumatology---Immunology_JR95599,Postdoctoral Research Associate - Pediatrics Rheumatology & Immunology,Research_Fellow,Full-time,,,,2026-07-16
735,https://wustl.wd1.myworkdayjobs.com/job/Washington-University-Medical-Campus/Project-Program-Coordinator---Radiology_JR95743,Project/Program Coordinator - Radiology,Non-academic,Full-time,Institute of Radiology,,,2026-07-16
735,https://wustl.wd1.myworkdayjobs.com/job/Washington-University-Medical-Campus/Public-Health-Research-Coordinator-I--Part-Time----Surgery_JR95752,Public Health Research Coordinator I (Part-Time) - Surgery,Non-academic,Part-time,,,,2026-07-16
735,https://wustl.wd1.myworkdayjobs.com/job/West-County---St-Louis-MO/RN-Clinical-Nurse-Coordinator--Hybrid----General-Medicine---Geriatrics_JR95748,RN Clinical Nurse Coordinator (Hybrid) - General Medicine & Geriatrics,Non-academic,Full-time,"Department of Financial and Professional Regulation, Registered Nurse",,,2026-07-16
735,https://wustl.wd1.myworkdayjobs.com/job/Washington-University-Medical-Campus/RN-Staff-Nurse-I---Rheumatology_JR95627,RN Staff Nurse I - Rheumatology,Unclassified,Full-time,Center for Advanced Medicine location,,,2026-07-16
735,https://wustl.wd1.myworkdayjobs.com/job/West-County---St-Louis-MO/RN-Staff-Nurse-I--Hybrid----General-Medicine---Geriatrics_JR95751,RN Staff Nurse I (Hybrid) - General Medicine & Geriatrics,Unclassified,Full-time,"Department of Financial and Professional Regulation, Registered Nurse",,,2026-07-16
735,https://wustl.wd1.myworkdayjobs.com/job/Washington-University-Medical-Campus/Research-Assistant---Pathology---Immunology_JR95525,Research Assistant - Pathology & Immunology,Non-academic,Full-time,Department of Pathology & Immunology,specified,,2026-07-16
735,https://wustl.wd1.myworkdayjobs.com/job/St-Louis-MO/Research-Infusion-Nurse-I---Oncology_JR95538,Page not found.,Non-academic,Full-time,,,,
735,https://wustl.wd1.myworkdayjobs.com/job/Washington-University-Medical-Campus/Research-Technician-II---Cardiology_JR95867,Research Technician II - Cardiology,Non-academic,Full-time,,,,2026-07-16
735,https://wustl.wd1.myworkdayjobs.com/job/Washington-University-Medical-Campus/Research-Technician-II---Molecular-Microbiology_JR95560,Research Technician II - Molecular Microbiology,Non-academic,Full-time,,,,2026-07-16
735,https://wustl.wd1.myworkdayjobs.com/job/Washington-University-Medical-Campus/Research-Technician-II---Psychiatry_JR95812,Research Technician II - Psychiatry,Non-academic,Full-time,,,,2026-07-16
735,https://wustl.wd1.myworkdayjobs.com/job/St-Louis-MO/Senior-Creative-Director--Design--Hybrid----Medicine-Marketing---Communications_JR95588,"Senior Creative Director, Design (Hybrid) - Medicine Marketing & Communications",Non-academic,Full-time,School of Medicine,,,2026-07-16
735,https://wustl.wd1.myworkdayjobs.com/job/Washington-University-Medical-Campus/Senior-Lead-Compliance-Auditor--Hybrid----Internal-Audit_JR95595,Senior Lead Compliance Auditor (Hybrid) - Internal Audit,Assistant_Professor; Associate_Professor; Full_Professor,Full-time,Institute of Internal Auditors,highly visible federally sponsored; research compliance,,2026-07-16
735,https://wustl.wd1.myworkdayjobs.com/job/Washington-University-Medical-Campus/Senior-Research-Technician---Medical-Oncology_JR95862,Senior Research Technician - Medical Oncology,Non-academic,Full-time,,,,2026-07-16
735,https://wustl.wd1.myworkdayjobs.com/job/Washington-University-Medical-Campus/Senior-Scientist---Neurology_JR95592,Senior Scientist - Neurology,Research_Fellow,Full-time,,,,2026-07-16
735,https://wustl.wd1.myworkdayjobs.com/job/Washington-University-Medical-Campus/Senior-Technical-Project-Manager--Hybrid----Radiology_JR95556,Senior Technical Project Manager (Hybrid) - Radiology,Non-academic,Full-time,,,,2026-07-16
735,https://wustl.wd1.myworkdayjobs.com/job/Washington-University-Danforth-Campus/Administrative-and-Immigration-Support-Coordinator--Time-Limited-Hybrid----Provost-Office_JR95219,Administrative and Immigration Support Coordinator (Time-Limited/Hybrid) - Provost Office,Non-academic,Full-time,,,,2026-07-16
735,https://wustl.wd1.myworkdayjobs.com/job/Washington-University-Danforth-Campus/Capital-Projects-Accountant---Enterprise-Physical-Operations_JR95184,Capital Projects Accountant - Enterprise Physical Operations,Non-academic,Full-time,,,,2026-07-16
735,https://wustl.wd1.myworkdayjobs.com/job/Washington-University-Medical-Campus/Clinical-Research-Study-Assistant-II---Obstetrics-and-Gynecology_JR95309,Clinical Research Study Assistant II - Obstetrics and Gynecology,Non-academic,Full-time,,,,2026-07-16
735,https://wustl.wd1.myworkdayjobs.com/job/Washington-University-Medical-Campus/Clinical-Service-Representative-II---Psychiatry_JR95147,Clinical Service Representative II - Psychiatry,Unclassified,Full-time,,,,2026-07-16
735,https://wustl.wd1.myworkdayjobs.com/job/Washington-University-West-Campus-Clayton-Missouri/Digital-Marketing-Campaign-Manager--Advancement-Communications---University-Advancement_JR95434,"Digital Marketing Campaign Manager, Advancement Communications - University Advancement",Non-academic,Full-time,,,,2026-07-16
735,https://wustl.wd1.myworkdayjobs.com/job/Washington-University-Danforth-Campus/Director-of-Student-Academic-Affairs-and-Associate-Dean---College-of-Arts---Sciences_JR95484,Director of Student Academic Affairs and Associate Dean - College of Arts & Sciences,Unclassified,Full-time,College of Arts & Sciences,Student Academic Affairs and Associate Dean,,2026-07-16
735,https://wustl.wd1.myworkdayjobs.com/job/St-Louis-MO/Maintenance-Technician-III---Real-Estate_JR95276,Maintenance Technician III - Real Estate,Non-academic,Full-time,,,,2026-07-16
735,https://wustl.wd1.myworkdayjobs.com/job/West-County---St-Louis-MO/Medical-Assistant-II----BJH-West-County--Medical-Oncology_JR95280,Medical Assistant II - (BJH West County) Medical Oncology,Non-academic,Full-time,"Department of Financial and Professional Regulation, Licensed Practical Nurse",,,2026-07-16
735,https://wustl.wd1.myworkdayjobs.com/job/Washington-University-Medical-Campus/Medical-Assistant-II---Gastrointestinal-Center_JR95501,Medical Assistant II - Gastrointestinal Center,Non-academic,Full-time,"Department of Financial and Professional Regulation, Licensed Practical Nurse",,,2026-07-16
735,https://wustl.wd1.myworkdayjobs.com/job/Washington-University-Medical-Campus/Medical-Assistant-III---Gastrointestinal-Center_JR95260,Medical Assistant III - Gastrointestinal Center,Non-academic,Full-time,"Department of Financial and Professional Regulation, Licensed Practical Nurse",,,2026-07-16
735,https://wustl.wd1.myworkdayjobs.com/job/Washington-University-Medical-Campus/Patient-Billing-Services-Representative-II---Department-of-Medicine_JR95422,Patient Billing/Services Representative II - Department of Medicine,Unclassified,Full-time,Department of Medicine,,,2026-07-16
735,https://wustl.wd1.myworkdayjobs.com/job/Washington-University-Medical-Campus/Postdoctoral-Research-Associate---Allergy---Immunology_JR95430,Postdoctoral Research Associate - Allergy & Immunology,Research_Fellow,Full-time,,,,2026-07-16
735,https://wustl.wd1.myworkdayjobs.com/job/Washington-University-Medical-Campus/Postdoctoral-Research-Associate---Oncology_JR95164,Postdoctoral Research Associate - Oncology,Research_Fellow,Full-time,Division of Oncology,global oncology research; implementation science,,2026-07-16
735,https://wustl.wd1.myworkdayjobs.com/job/Washington-University-Medical-Campus/Postdoctoral-Research-Associate---Pulmonary---Critical-Care-Medicine_JR95153,Postdoctoral Research Associate - Pulmonary & Critical Care Medicine,Research_Fellow,Full-time,"Department of Medicine, Division of Pulmonary & Critical Care Medicine",,,2026-07-16
735,https://wustl.wd1.myworkdayjobs.com/job/Washington-University-Medical-Campus/Pre-Certification-Coordinator-II---Pediatric-Endocrinology_JR95097,Pre-Certification Coordinator II - Pediatric Endocrinology,Non-academic,Full-time,,,,2026-07-16
735,https://wustl.wd1.myworkdayjobs.com/job/Washington-University-Danforth-Campus/Research---Instruction-Law-Librarian---Law-Library_JR95467,Research & Instruction Law Librarian - Law Library,Non-academic,Full-time,,Bloomberg; Westlaw,,2026-07-16
735,https://wustl.wd1.myworkdayjobs.com/job/Washington-University-Medical-Campus/Research-Technician-II---Molecular-Microbiology_JR95278-1,Research Technician II - Molecular Microbiology,Non-academic,Full-time,,,,2026-07-16
735,https://wustl.wd1.myworkdayjobs.com/job/Washington-University-Medical-Campus/Senior-Director-Credentialing---Contracting--Hybrid----Faculty-Practice-Plan_JR95144,Senior Director Credentialing & Contracting (Hybrid) - Faculty Practice Plan,Unclassified,Full-time,,,,2026-07-16
735,https://wustl.wd1.myworkdayjobs.com/job/Washington-University-Medical-Campus/Senior-Research-Technician---Molecular-Microbiology_JR95222,Senior Research Technician - Molecular Microbiology,Non-academic,Full-time,,,,2026-07-16
735,https://wustl.wd1.myworkdayjobs.com/job/Washington-University-Medical-Campus/Staff-Scientist---Radiation-Oncology_JR95376,Staff Scientist - Radiation Oncology,Unclassified,Full-time,,,,2026-07-16
735,https://wustl.wd1.myworkdayjobs.com/job/Washington-University-Medical-Campus/APP-Fellowship---Psychiatry--Adult---Pediatrics-_JR94974,APP Fellowship - Psychiatry (Adult & Pediatrics),Unclassified,Full-time,"Department of Financial and Professional Regulation, Certified Nurse Practitioner",,"November 1, 2026",2026-07-16
735,https://wustl.wd1.myworkdayjobs.com/job/Washington-University-Danforth-Campus/Accounting-Assistant-II---Arts-and-Sciences--Psychological---Brain-Sciences_JR95054,"Accounting Assistant II - Arts and Sciences, Psychological & Brain Sciences",Unclassified,Full-time,,,,2026-07-16
735,https://wustl.wd1.myworkdayjobs.com/job/Washington-University-West-Campus-Clayton-Missouri/Advancement-Programs-Officer--Sam-Fox-School---University-Advancement_JR94951,"Advancement Programs Officer, Sam Fox School - University Advancement",Non-academic,Full-time,,,,2026-07-16
735,https://wustl.wd1.myworkdayjobs.com/job/Washington-University-Medical-Campus/Architectural-Planner-II---Enterprise-Physical-Operations_JR94831,Architectural Planner II - Enterprise Physical Operations,Unclassified,Full-time,,,,2026-07-16
735,https://wustl.wd1.myworkdayjobs.com/job/Washington-University-Medical-Campus/Billing-Scheduling-Associate-II--Hybrid----Department-of-Medicine---Patient-Access-Center-Medical-Records_JR95059,Billing/Scheduling Associate II (Hybrid) - Department of Medicine - Patient Access Center/Medical Records,Unclassified,Full-time,Department of Medicine,,,2026-07-16
735,https://wustl.wd1.myworkdayjobs.com/job/St-Louis-MO/Clinical-Service-Representative-II---FPP-Ambulatory-Cancer-Building_JR94617,Clinical Service Representative II - FPP Ambulatory Cancer Building,Unclassified,Full-time,,,,2026-07-16
735,https://wustl.wd1.myworkdayjobs.com/job/Washington-University-Medical-Campus/Commissioning-Engineer---Mechanical-Project-Manager--Specialized-Critical-Facilities----Enterprise-Physical-Operations_JR94883,Commissioning Engineer & Mechanical Project Manager (Specialized Critical Facilities) - Enterprise Physical Operations,Non-academic,Full-time,,,,2026-07-16
735,https://wustl.wd1.myworkdayjobs.com/job/Washington-University-Medical-Campus/Custodian-I--2nd-shift----Enterprise-Physical-Operations_JR94855,Custodian I (2nd shift) - Enterprise Physical Operations,Unclassified,Full-time,,,,2026-07-16
735,https://wustl.wd1.myworkdayjobs.com/job/Washington-University-Medical-Campus/Director-IT-Asset-Management--Hybrid----WashU-IT_JR94760,Director IT Asset Management (Hybrid) - WashU IT,Unclassified,Full-time,,,,2026-07-16
735,https://wustl.wd1.myworkdayjobs.com/job/Washington-University-Danforth-Campus/Executive-Housekeeper---Special-Events_JR94728,Executive Housekeeper - Special Events,Non-academic,Full-time,,,,2026-07-16
735,https://wustl.wd1.myworkdayjobs.com/job/Washington-University-Danforth-Campus/Faculty-Assistant-I---Arts-and-Sciences--Anthropology_JR94850,"Faculty Assistant I - Arts and Sciences, Anthropology",Unclassified,Full-time,,,,2026-07-16
735,https://wustl.wd1.myworkdayjobs.com/job/Washington-University-Danforth-Campus/Fitness-Instructor-II--Part-time----Student-Affairs_JR94804,Fitness Instructor II (Part-time) - Student Affairs,Unclassified,Part-time,,,,2026-07-16
735,https://wustl.wd1.myworkdayjobs.com/job/St-Louis-MO/HVAC-Technician-III---Real-Estate---Maintenance_JR95018,HVAC Technician III - Real Estate - Maintenance,Non-academic,Full-time,,,,2026-07-16
735,https://wustl.wd1.myworkdayjobs.com/job/Washington-University-Medical-Campus/Histology-Technician-III---Pathology---Immunology_JR94821,Histology Technician III - Pathology & Immunology,Non-academic,Full-time,,,,2026-07-16
735,https://wustl.wd1.myworkdayjobs.com/job/Washington-University-Medical-Campus/LPN---Department-of-Medicine---Lung-Center_JR94947,LPN - Department of Medicine - Lung Center,Unclassified,Full-time,Department of Medicine,,,2026-07-16
735,https://wustl.wd1.myworkdayjobs.com/job/Washington-University-Medical-Campus/Laboratory-Animal-Technician-I---Comparative-Medicine_JR94610,Laboratory Animal Technician I - Comparative Medicine,Non-academic,Full-time,,,,2026-07-16
735,https://wustl.wd1.myworkdayjobs.com/job/St-Louis-MO/Maintenance-Technician-III---Real-Estate_JR95017,Maintenance Technician III - Real Estate,Non-academic,Full-time,,,,2026-07-16
735,https://wustl.wd1.myworkdayjobs.com/job/Washington-University-Danforth-Campus/Mechanic---Enterprise-Physical-Operations-Danforth_JR94802,Mechanic - Enterprise Physical Operations Danforth,Non-academic,Full-time,,,,2026-07-16
735,https://wustl.wd1.myworkdayjobs.com/job/Washington-University-Medical-Campus/Medical-Assistant-II---Neurology_JR94842,Medical Assistant II - Neurology,Non-academic,Full-time,Department of Pediatric Neurology,,,2026-07-16
735,https://wustl.wd1.myworkdayjobs.com/job/Hazelwood-MO/Medical-Assistant-III---Medicine-Multispecialty-Center---Village-Square_JR94613,Medical Assistant III - Medicine Multispecialty Center - Village Square,Non-academic,Full-time,"Department of Financial and Professional Regulation, Licensed Practical Nurse",,,2026-07-16
735,https://wustl.wd1.myworkdayjobs.com/job/Washington-University-Medical-Campus/Nurse-Anesthetist---Anesthesiology_JR94523,Nurse Anesthetist - Anesthesiology,Unclassified,Full-time,"Department of Financial and Professional Regulation, Registered Nurse",,,2026-07-16
735,https://wustl.wd1.myworkdayjobs.com/job/Washington-University-Medical-Campus/Nurse-Practitioner---Transplant-Nephrology_JR94612,Nurse Practitioner - Transplant Nephrology,Unclassified,Full-time,"Department of Financial and Professional Regulation, Advanced Practice Nurse",,,2026-07-16
735,https://wustl.wd1.myworkdayjobs.com/job/South-County---St-Louis-MO/Nurse-Practitioner-or-Physician-Assistant---Orthopedic-Surgery--PM-R-Spine-_JR95048,Nurse Practitioner or Physician Assistant - Orthopedic Surgery (PM&R/Spine),Unclassified,Full-time,"Department of Financial and Professional Regulation, Advanced Practice Nurse",,,2026-07-16
735,https://wustl.wd1.myworkdayjobs.com/job/St-Louis-MO/Patient-Billing-Services-Representative-I---WUCA-Nash-Pediatrics_JR94972,Patient Billing/Services Representative I - WUCA Nash Pediatrics,Unclassified,Full-time,department for services,,,2026-07-16
735,https://wustl.wd1.myworkdayjobs.com/job/Washington-University-Danforth-Campus/Personal-Trainer--Part-Time----Student-Affairs_JR94766,Personal Trainer (Part-Time) - Student Affairs,Unclassified,Part-time,College of Sports Medicine,,,2026-07-16
735,https://wustl.wd1.myworkdayjobs.com/job/Washington-University-Medical-Campus/Physician-Assistant---Transplant-Nephrology_JR94632,Physician Assistant - Transplant Nephrology,Unclassified,Full-time,"Department of Financial and Professional Regulation, Physician Assistant",,,2026-07-16
735,https://wustl.wd1.myworkdayjobs.com/job/Washington-University-Medical-Campus/Planner-I--Administration---Operations----Enterprise-Physical-Operations_JR95006,Planner I (Administration & Operations) - Enterprise Physical Operations,Unclassified,Full-time,,,,2026-07-16
735,https://wustl.wd1.myworkdayjobs.com/job/Washington-University-Medical-Campus/Postdoctoral-Research-Associate---Cardiothoracic-Surgery_JR94621,Postdoctoral Research Associate - Cardiothoracic Surgery,Research_Fellow,Full-time,,,,2026-07-16
735,https://wustl.wd1.myworkdayjobs.com/job/Washington-University-Medical-Campus/Professional-Rater-I---Psychiatry_JR94967,Professional Rater I - Psychiatry,Non-academic,Full-time,Department of Psychiatry provides skilled support for treatment studies,,,2026-07-16
735,https://wustl.wd1.myworkdayjobs.com/job/Washington-University-Medical-Campus/Project-Coordinator-II---Pediatrics_JR94713,Project Coordinator II - Pediatrics,Non-academic,Full-time,Department of Pediatrics,,,2026-07-16
735,https://wustl.wd1.myworkdayjobs.com/job/Washington-University-Medical-Campus/Project-Manager---Campus-Planning---Capital-Projects---Enterprise-Physical-Operations_JR94913,Project Manager - Campus Planning & Capital Projects - Enterprise Physical Operations,Non-academic,Full-time,,,,2026-07-16
735,https://wustl.wd1.myworkdayjobs.com/job/Washington-University-Medical-Campus/RN-Clinical-Nurse-Coordinator---Pediatrics-Gastroenterology_JR94776-1,RN Clinical Nurse Coordinator - Pediatrics Gastroenterology,Non-academic,Full-time,"Department of Financial and Professional Regulation, Registered Nurse",,,2026-07-16
735,https://wustl.wd1.myworkdayjobs.com/job/Washington-University-Medical-Campus/RN-Staff-Nurse-I---Clinical-Translational-Research-Unit_JR95033,RN Staff Nurse I - Clinical Translational Research Unit,Unclassified,Full-time,"Department of Financial and Professional Regulation, Registered Nurse",,,2026-07-16
735,https://wustl.wd1.myworkdayjobs.com/job/Washington-University-Medical-Campus/RN-Staff-Nurse-I---Plastic-Surgery_JR94703,RN Staff Nurse I - Plastic Surgery,Unclassified,Full-time,"Department of Financial and Professional Regulation, Registered Nurse",,,2026-07-16
735,https://wustl.wd1.myworkdayjobs.com/job/Washington-University-Medical-Campus/RN-Staff-Nurse-I---Vascular-Surgery_JR94832,RN Staff Nurse I - Vascular Surgery,Unclassified,Full-time,"Department of Financial and Professional Regulation, Registered Nurse",,,2026-07-16
735,https://wustl.wd1.myworkdayjobs.com/job/Washington-University-Medical-Campus/Research-Technician-II---Pathology---Immunology_JR94570-1,Research Technician II - Pathology & Immunology,Non-academic,Full-time,,,,2026-07-16
735,https://wustl.wd1.myworkdayjobs.com/job/Washington-University-Medical-Campus/Research-Technician-II---Radiology_JR94892,Research Technician II - Radiology,Non-academic,Full-time,,protein engineering; molecular biology,,2026-07-16
735,https://wustl.wd1.myworkdayjobs.com/job/Washington-University-Danforth-Campus/Senior-Executive-Director-Innovations---School-of-Law_JR94755,Senior Executive Director Innovations - School of Law,Unclassified,Full-time,School of Law,,,2026-07-16
735,https://wustl.wd1.myworkdayjobs.com/job/Washington-University-Medical-Campus/Clinical-Research-Coordinator-II---Neurology_JR94190,Clinical Research Coordinator II - Neurology,Non-academic,Full-time,Center for Pediatric Neuromuscular Disorders,,,2026-07-16
735,https://wustl.wd1.myworkdayjobs.com/job/Washington-University-Medical-Campus/Clinical-Research-Coordinator-III---Psychiatry_JR94328,Clinical Research Coordinator III - Psychiatry,Non-academic,Full-time,,,,2026-07-16
735,https://wustl.wd1.myworkdayjobs.com/job/Washington-University-Medical-Campus/Critical-Care-APP--Nurse-Practitioner-Physician-Assistant----Anesthesiology_JR94023,Critical Care APP (Nurse Practitioner/Physician Assistant) - ICU,Unclassified,Full-time,"Department of Anesthesiology within WashU Medicine, a top ranked medical school in the country",,,2026-07-16
735,https://wustl.wd1.myworkdayjobs.com/job/St-Louis-MO/Custodian-II--3rd-shift----OFMD_JR93908,Custodian II (3rd shift) - OFMD,Unclassified,Full-time,,,,2026-07-16
735,https://wustl.wd1.myworkdayjobs.com/job/Washington-University-in-St-Louis-Clayton-Missouri/Director--Foundation-Relations---University-Advancement_JR94423,"Director, Foundation Relations - University Advancement",Unclassified,Full-time,,Social Sciences departments; Social Science departments,,2026-07-16
735,https://wustl.wd1.myworkdayjobs.com/job/Washington-University-Medical-Campus/Histology-Technician-II--PRN----WashU-Histology-and-Innovation-Services-Center_JR94360,Histology Technician II (PRN) - WashU Histology and Innovation Services Center,Non-academic,Part-time,,,,2026-07-16
735,https://wustl.wd1.myworkdayjobs.com/job/Washington-University-Medical-Campus/LPN--Back-Office----Gastroenterology-General-GI_JR94148,LPN (Back Office) - Gastroenterology/General GI,Unclassified,Full-time,"Department of Financial and Professional Regulation, Licensed Practical Nurse",,,2026-07-16
735,https://wustl.wd1.myworkdayjobs.com/job/Washington-University-Danforth-Campus/Manager--Systems-and-Impact---Skandalaris-Center_JR93859,"Manager, Systems and Impact - Skandalaris Center",Non-academic,Full-time,,,,2026-07-16
735,https://wustl.wd1.myworkdayjobs.com/job/Washington-University-Medical-Campus/Manager-Coding-Compliance--Hybrid----Surgery_JR93754,Manager Coding Compliance (Hybrid) - Surgery,Non-academic,Full-time,,,,2026-07-16
735,https://wustl.wd1.myworkdayjobs.com/job/Washington-University-Danforth-Campus/Mechanic---Facilities-Planning-and-Management_JR93504,Mechanic - Facilities Planning and Management,Non-academic,Full-time,,,,2026-07-16
735,https://wustl.wd1.myworkdayjobs.com/job/Town-and-Country-MO/Medical-Assistant-II---Obstetrics-and-Gynecology_JR93950,Medical Assistant II - Obstetrics and Gynecology,Non-academic,Full-time,"Department of Financial and Professional Regulation, Licensed Practical Nurse",,,2026-07-16
735,https://wustl.wd1.myworkdayjobs.com/job/South-County---St-Louis-MO/Medical-Assistant-III---Department-of-Medicine---Medicine-Multispecialty-Center---South-County_JR93941,Medical Assistant III - Department of Medicine - Medicine Multispecialty Center - South County,Non-academic,Full-time,Department of Medicine,,,2026-07-16
735,https://wustl.wd1.myworkdayjobs.com/job/West-County---St-Louis-MO/Medical-Assistant-III---Neurosurgery_JR93489,Medical Assistant III - Neurosurgery,Non-academic,Full-time,"Department of Financial and Professional Regulation, Licensed Practical Nurse",,,2026-07-16
735,https://wustl.wd1.myworkdayjobs.com/job/West-County---St-Louis-MO/Medical-Assistant-III---Surgery--West-County-Clinic-_JR94064,Medical Assistant III - Surgery (West County Clinic),Non-academic,Full-time,"Department of Financial and Professional Regulation, Licensed Practical Nurse",,,2026-07-16
735,https://wustl.wd1.myworkdayjobs.com/job/St-Louis-MO/Nurse-Practitioner-or-Physician-Assistant---Oncology_JR94223,Nurse Practitioner or Physician Assistant - Oncology,Unclassified,Full-time,"Department of Financial and Professional Regulation, Advanced Practice Nurse",,,2026-07-16
735,https://wustl.wd1.myworkdayjobs.com/job/Town-and-Country-MO/Nurse-Practitioner-or-Physician-Assistant---Orthopedic-Surgery--Spine-_JR93917,Nurse Practitioner or Physician Assistant - Orthopedic Surgery (Spine),Unclassified,Full-time,"Department of Financial and Professional Regulation, Advanced Practice Nurse",,,2026-07-16
735,https://wustl.wd1.myworkdayjobs.com/job/Washington-University-Medical-Campus/Nurse-Practitioner-or-Physician-Assistant---Psychiatry_JR93705,Nurse Practitioner or Physician Assistant - Psychiatry,Unclassified,Full-time,"Department of Financial and Professional Regulation, Advanced Practice Nurse",,,2026-07-16
735,https://wustl.wd1.myworkdayjobs.com/job/Washington-University-Medical-Campus/Ophthalmic-Assistant---Ophthalmology_JR94282,Ophthalmic Assistant - Ophthalmology,Unclassified,Full-time,,,,2026-07-16
735,https://wustl.wd1.myworkdayjobs.com/job/Washington-University-Medical-Campus/Patient-Care-Associate--Trainee----Medicine-Multispecialty-Center---CAM13_JR93659,Patient Care Associate (Trainee) - Medicine Multispecialty Center - CAM13,Unclassified,Full-time,,,,2026-07-16
735,https://wustl.wd1.myworkdayjobs.com/job/Washington-University-Medical-Campus/Postdoctoral-Research-Associate---Pathology---Immunology_JR94107,Postdoctoral Research Associate - Pathology & Immunology,Research_Fellow,Full-time,,,,2026-07-16
735,https://wustl.wd1.myworkdayjobs.com/job/Washington-University-Medical-Campus/Postdoctoral-Research-Associate---Pathology---Immunology_JR94236,Postdoctoral Research Associate - Pathology & Immunology,Research_Fellow,Full-time,,,,2026-07-16
735,https://wustl.wd1.myworkdayjobs.com/job/Washington-University-Medical-Campus/Postdoctoral-Research-Associate---Pediatrics-Rheumatology---Immunology_JR93439,Postdoctoral Research Associate - Pediatrics Rheumatology & Immunology,Research_Fellow,Full-time,,immunology; bioinformatics,,2026-07-16
735,https://wustl.wd1.myworkdayjobs.com/job/Washington-University-Medical-Campus/Postdoctoral-Research-Associate---Urologic-Surgery_JR94364,Postdoctoral Research Associate - Urologic Surgery,Research_Fellow,Full-time,,,,2026-07-16
735,https://wustl.wd1.myworkdayjobs.com/job/Washington-University-Medical-Campus/Postdoctoral-Research-Associate--Hybrid----Neurology_JR94225,Postdoctoral Research Associate (Hybrid) - Neurology,Research_Fellow,Full-time,,,,2026-07-16
735,https://wustl.wd1.myworkdayjobs.com/job/Washington-University-Medical-Campus/Professional-Rater-II---Psychiatry_JR93748,Professional Rater II - Psychiatry,Unclassified,Full-time,,,,2026-07-16
735,https://wustl.wd1.myworkdayjobs.com/job/Washington-University-Medical-Campus/RN-Staff-Nurse-I---Clinical-Translational-Research-Unit_JR94256,RN Staff Nurse I - Clinical Translational Research Unit,Unclassified,Full-time,"Department of Financial and Professional Regulation, Registered Nurse",,,2026-07-16
735,https://wustl.wd1.myworkdayjobs.com/job/Washington-University-Medical-Campus/RN-Staff-Nurse-I---Colon-Rectal-Surgery_JR93612,RN Staff Nurse I - Colon/Rectal Surgery,Unclassified,Full-time,department of surgery,,,2026-07-16
735,https://wustl.wd1.myworkdayjobs.com/job/Washington-University-Danforth-Campus/Registrar-Museum---Sam-Fox_JR94362,Registrar-Museum - Sam Fox,Unclassified,Part-time,,,,2026-07-16
735,https://wustl.wd1.myworkdayjobs.com/job/Washington-University-Medical-Campus/Research-Assistant--Gap-Year----Rheumatology_JR94201,Research Assistant (Gap Year) - Rheumatology,Non-academic,Full-time,,,,2026-07-16
735,https://wustl.wd1.myworkdayjobs.com/job/Washington-University-Danforth-Campus/Research-Laboratory-Technician-II---Biology_JR94254,Research/Laboratory Technician II - Biology,Non-academic,Full-time,,,,2026-07-16
735,https://wustl.wd1.myworkdayjobs.com/job/Washington-University-Medical-Campus/Research-Opportunities---Neurology_JR93558,Research Opportunities - Neurology,Unclassified,Full-time,,,,2026-07-16
735,https://wustl.wd1.myworkdayjobs.com/job/Washington-University-Medical-Campus/Research-Opportunities---Pediatrics-Infectious-Diseases_JR94243,Research Opportunities - Pediatrics Infectious Diseases,Unclassified,Full-time,,similar research background,,2026-07-16
735,https://wustl.wd1.myworkdayjobs.com/job/Washington-University-Medical-Campus/Research-Opportunities-in-Mechanistic-Cancer-Research---Molecular-Oncology_JR93768,Research Opportunities in Mechanistic Cancer Research - Molecular Oncology,Unclassified,Full-time,,Mechanistic Cancer Research,,2026-07-16
735,https://wustl.wd1.myworkdayjobs.com/job/Washington-University-Medical-Campus/Research-Technician-I---Radiation-Oncology_JR94076,Research Technician I - Radiation Oncology,Non-academic,Full-time,,,,2026-07-16
735,https://wustl.wd1.myworkdayjobs.com/job/Washington-University-Medical-Campus/Research-Technician-II---Medical-Oncology_JR93772,Research Technician II - Medical Oncology,Non-academic,Full-time,,,,2026-07-16
735,https://wustl.wd1.myworkdayjobs.com/job/Washington-University-Medical-Campus/Research-Technician-II---Medical-Oncology_JR94173,Research Technician II - Medical Oncology,Non-academic,Full-time,,,,2026-07-16
735,https://wustl.wd1.myworkdayjobs.com/job/Washington-University-Medical-Campus/Research-Technician-II---Neurosurgery_JR93910,Research Technician II - Neurosurgery,Non-academic,Full-time,,biology laboratory,,2026-07-16
735,https://wustl.wd1.myworkdayjobs.com/job/Washington-University-Medical-Campus/Research-Technician-II---Ophthalmology_JR94283,Research Technician II - Ophthalmology,Non-academic,Full-time,,,,2026-07-16
735,https://wustl.wd1.myworkdayjobs.com/job/Washington-University-Medical-Campus/Research-Technician-II---Pathology---Immunology_JR94082,Research Technician II - Pathology & Immunology,Non-academic,Full-time,,,,2026-07-16
735,https://wustl.wd1.myworkdayjobs.com/job/Washington-University-Medical-Campus/Research-Technician-II--Translational-Lymphoma-Research-Laboratory----Medical-Oncology_JR93804,Research Technician II (Translational Lymphoma Research Laboratory) - Medical Oncology,Non-academic,Full-time,,,,2026-07-16
735,https://wustl.wd1.myworkdayjobs.com/job/Washington-University-Medical-Campus/Senior-Clinical-Research-Coordinator---Medical-Oncology_JR93435,Senior Clinical Research Coordinator - Medical Oncology,Non-academic,Full-time,,,,2026-07-16
735,https://wustl.wd1.myworkdayjobs.com/job/Washington-University-Medical-Campus/Senior-Research-Technician---Neurosurgery_JR94151,Senior Research Technician - Neurosurgery,Non-academic,Full-time,,,,2026-07-16
735,https://wustl.wd1.myworkdayjobs.com/job/Washington-University-Medical-Campus/Staff-Scientist---Anesthesiology_JR94140,Staff Scientist - Anesthesiology,Unclassified,Full-time,,,,2026-07-16
735,https://wustl.wd1.myworkdayjobs.com/job/Washington-University-Medical-Campus/Zebrafish-Facility-Assistant--PRN----Developmental-Biology_JR94311,Zebrafish Facility Assistant (PRN) - Developmental Biology,Unclassified,Part-time,,,,2026-07-16
735,https://wustl.wd1.myworkdayjobs.com/job/Washington-University-West-Campus-Clayton-Missouri/Administrative-Assistant---University-Advancement_JR91663-1,Administrative Assistant - University Advancement,Unclassified,Full-time,,,,2026-07-16
735,https://wustl.wd1.myworkdayjobs.com/job/Washington-University-Medical-Campus/Administrative-Coordinator-III--Hybrid----Neurology_JR93120,Administrative Coordinator III (Hybrid) - Neurology,Assistant_Professor; Associate_Professor; Full_Professor,Full-time,,,,2026-07-16
735,https://wustl.wd1.myworkdayjobs.com/job/Washington-University-Medical-Campus/Bioinformatics-Research-Analyst---Neurology_JR92615,Bioinformatics Research Analyst - Neurology,Non-academic,Full-time,,providing support on matters such; data applications,,2026-07-16
735,https://wustl.wd1.myworkdayjobs.com/job/Washington-University-Medical-Campus/Clinical-Research-Coordinator-I--Clinic----Medical-Oncology_JR91679-1,Clinical Research Coordinator I (Clinic) - Medical Oncology,Non-academic,Full-time,,,,2026-07-16
735,https://wustl.wd1.myworkdayjobs.com/job/Washington-University-Medical-Campus/Clinical-Research-Coordinator-I--Data----Medical-Oncology_JR93316,Clinical Research Coordinator I (Data) - Medical Oncology,Non-academic,Full-time,,,,2026-07-16
735,https://wustl.wd1.myworkdayjobs.com/job/Washington-University-Medical-Campus/Clinical-Research-Study-Assistant-II--PRN----Cardiology_JR92523,Clinical Research Study Assistant II (PRN) - Cardiology,Unclassified,Part-time,,,,2026-07-16
735,https://wustl.wd1.myworkdayjobs.com/job/St-Louis-MO/Community-Health-Van-Mobile-Driver--PRN-Remote----Cancer-Center-Community-Support_JR91025,Community Health Van Mobile Driver (PRN/Remote) - Cancer Center Community Support,Non-academic,Part-time,,,,2026-07-16
735,https://wustl.wd1.myworkdayjobs.com/job/Washington-University-in-St-Louis-Clayton-Missouri/Director-of-Advancement--Siteman-Cancer-Center---University-Advancement_JR92178,"Director of Advancement, Siteman Cancer Center - University Advancement",Unclassified,Full-time,School of Medicine,"Advancement, Siteman Cancer Center",,2026-07-16
735,https://wustl.wd1.myworkdayjobs.com/job/Washington-University-West-Campus-Clayton-Missouri/Executive-Director-of-Advancement--Sam-Fox-School-of-Design---Visual-Arts---University-Advancement_JR93305,"Executive Director of Advancement, Sam Fox School of Design & Visual Arts - University Advancement",Unclassified,Full-time,School of Design & Visual Arts,"Advancement, Sam Fox School of Design & Visual Arts",,2026-07-16
735,https://wustl.wd1.myworkdayjobs.com/job/Washington-University-Medical-Campus/Manager-Coding-Compliance--Hybrid----Surgery_JR93081,Manager Coding Compliance (Hybrid) - Surgery,Non-academic,Full-time,,,,2026-07-16
735,https://wustl.wd1.myworkdayjobs.com/job/Washington-University-Medical-Campus/Medical-Assistant---WUCA-WU-Care_JR92292,Medical Assistant II - WUCA WU Care,Non-academic,Full-time,"Department of Financial and Professional Regulation, Licensed Practical Nurse",,,2026-07-16
735,https://wustl.wd1.myworkdayjobs.com/job/Washington-University-Clinical-AssociatesSt-Louis-Missouri-63110/Medical-Assistant-II----WUCA-Maryland-Medical_JR89904,Medical Assistant II -  WUCA Maryland Medical,Non-academic,Full-time,"Department of Financial and Professional Regulation, Licensed Practical Nurse",,,2026-07-16
735,https://wustl.wd1.myworkdayjobs.com/job/Washington-University-Medical-Campus/Medical-Assistant-II---WUCA-Grant-Medical---Diabetes-Associates_JR93087,Medical Assistant II - WUCA Grant Medical & Diabetes Associates,Non-academic,Full-time,"Department of Financial and Professional Regulation, Licensed Practical Nurse",,,2026-07-16
735,https://wustl.wd1.myworkdayjobs.com/job/Washington-University-Medical-Campus/Medical-Assistant-III---Department-of-Medicine_JR93334,Medical Assistant III - Department of Medicine,Non-academic,Full-time,Department of Medicine,,,2026-07-16
735,https://wustl.wd1.myworkdayjobs.com/job/Washington-University-Medical-Campus/Postdoctoral-Research-Associate--Proteomics-and-Multiomics-in-Neurodegeneration----Psychiatry_JR93153,Postdoctoral Research Associate (Proteomics and Multiomics in Neurodegeneration) - Psychiatry,Research_Fellow,Full-time,,,,2026-07-16
735,https://wustl.wd1.myworkdayjobs.com/job/Washington-University-in-St-Louis-Clayton-Missouri/Senior-Director-of-Advancement--Siteman-Cancer-Center---University-Advancement_JR92174,"Senior Director of Advancement, Siteman Cancer Center - University Advancement",Unclassified,Full-time,School of Medicine,"Advancement, Siteman Cancer Center",,2026-07-16
735,https://wustl.wd1.myworkdayjobs.com/job/Washington-University-Medical-Campus/Staff-Pharmacist--PRN----Infectious-Diseases_JR92979,Staff Pharmacist (PRN) - Infectious Diseases,Unclassified,Part-time,"Division of Professional Registration, Registered Pharmacist",,,2026-07-16
735,https://wustl.wd1.myworkdayjobs.com/job/Washington-University-Medical-Campus/Standardized-Patient--PRN----Immersive-Learning-Center_JR92740,Standardized Patient (PRN) - Immersive Learning Center,Unclassified,Part-time,,,,2026-07-16
735,https://wustl.wd1.myworkdayjobs.com/job/St-Louis-MO/WU-Regional-Physician---Neurology_JR92365,WU Regional Physician – Neurology,Unclassified,Full-time,,,,2026-07-16
