school_id,posting_url,job_title_in_post,position_type,job_term,department_or_school,area_key_words,deadline_of_application,position_start_date
106,https://usccareers.usc.edu/job/los-angeles/adjunct-lecturer-in-law-negotiation-skills/1209/101620549920,Adjunct Lecturer in Law,Lecturer,Full-time,School of Law is seeking an instructor to teach our online Negotiation Skills,Law,"August 04, 2025",
106,https://usccareers.usc.edu/job/los-angeles/adjunct-lecturer-in-law-sports-law-and-representation/1209/101620549904,Adjunct Lecturer in Law,Lecturer,Full-time,School of Law,Law,"August 04, 2025",
106,https://usccareers.usc.edu/job/los-angeles/clinical-assistant-professor-of-radiology-clinician-educator-chla/1209/99496825936,Clinical Assistant Professor of Radiology (Clinician Educator) CHLA,Assistant_Professor,Full-time,School of Medicine,Radiology,"August 04, 2025",
106,https://usccareers.usc.edu/job/los-angeles/adjunct-lecturer-in-law-the-american-presidency-power-institutions-and-leadership/1209/101067461712,Adjunct Lecturer in Law,Lecturer,Part-time,center of the learning experience,Law,"August 04, 2025",
106,https://usccareers.usc.edu/job/los-angeles/assistant-associate-professor-of-physical-therapy/1209/99745515248,Assistant/Associate Professor of Physical Therapy,Assistant_Professor; Associate_Professor,Full-time,Division of Biokinesiology and Physical Therapy,Physical Therapy; research: musculoskeletal biomechanics; outstanding; University governance,"September 1, 2026",
106,https://usccareers.usc.edu/job/los-angeles/professor-of-clinical-otolaryngology-head-and-neck-surgery/1209/101456947072,Professor of Clinical Otolaryngology Head and Neck Surgery,Full_Professor,Full-time,School of Engineering University Relations USC Credit Union Alfred E,Clinical Otolaryngology Head and Neck Surgery,10/02/2026,
106,https://usccareers.usc.edu/job/los-angeles/adjunct-instructor-of-health-management/1209/101416165344,Adjunct Instructor of Health Management,Assistant_Professor; Associate_Professor; Research_Fellow,Full-time,School of Public Policy generates uncommon knowledge for the common good,Health Management,"August 04, 2025",
106,https://usccareers.usc.edu/job/los-angeles/adjunct-instructor-of-health-administration/1209/101416165328,Adjunct Instructor of Health Administration,Research_Fellow,Full-time,School of Public Policy generates uncommon knowledge for the common good,Health Administration,"August 04, 2025",
106,https://usccareers.usc.edu/job/los-angeles/adjunct-instructor-of-nonprofit-management-and-leadership/1209/101416165312,Adjunct Instructor of Nonprofit Management and Leadership,Assistant_Professor; Associate_Professor; Research_Fellow,Full-time,School of Public Policy generates uncommon knowledge for the common good,Nonprofit Management and Leadership,"August 04, 2025",
106,https://usccareers.usc.edu/job/los-angeles/adjunct-instructor-of-nonprofit-management-and-leadership/1209/101416165280,Adjunct Instructor of Nonprofit Management and Leadership,Research_Fellow,Full-time,School of Public Policy generates uncommon knowledge for the common good,Nonprofit Management and Leadership,"August 04, 2025",
106,https://usccareers.usc.edu/job/los-angeles/adjunct-instructor-of-real-estate-development/1209/101416165232,Adjunct Instructor of Real Estate Development,Research_Fellow,Full-time,School of Public Policy generates uncommon knowledge for the common good,Real Estate Development,"August 04, 2025",
106,https://usccareers.usc.edu/job/los-angeles/adjunct-instructor-of-real-estate-development/1209/101416165216,Adjunct Instructor of Real Estate Development,Research_Fellow,Full-time,School of Public Policy generates uncommon knowledge for the common good,Real Estate Development,"August 04, 2025",
106,https://usccareers.usc.edu/job/los-angeles/adjunct-instructor-of-real-estate-development/1209/101416165184,Adjunct Instructor of Real Estate Development,Assistant_Professor; Associate_Professor; Full_Professor; Research_Fellow,Full-time,School of Public Policy generates uncommon knowledge for the common good,Real Estate Development,"August 04, 2025",
106,https://usccareers.usc.edu/job/los-angeles/adjunct-instructor-of-real-estate-development/1209/101416165152,Adjunct Instructor of Real Estate Development,Assistant_Professor; Associate_Professor; Full_Professor; Research_Fellow,Full-time,School of Public Policy generates uncommon knowledge for the common good,Real Estate Development,"August 04, 2025",
106,https://usccareers.usc.edu/job/los-angeles/part-time-lecturer-architectural-history-and-theory/1209/101416164736,"Part-Time Lecturer, Architectural History & Theory",Lecturer,Part-time,School of Engineering University Relations USC Credit Union Alfred E,Architectural History & Theory; theory of architecture,"August 04, 2025",
106,https://usccareers.usc.edu/job/los-angeles/assistant-associate-or-professor-of-clinical-urology/1209/101416163808,Assistant/Associate or Professor of Clinical Urology,Full_Professor,Full-time,School of Engineering University Relations USC Credit Union Alfred E,Clinical Urology,"August 04, 2025",
106,https://usccareers.usc.edu/job/glendale/clinical-instructor-of-urology-clinician-educator/1209/101416163776,Clinical Instructor of Urology (Clinician Educator),Research_Fellow,Full-time,Department of Urology,Urology,"August 04, 2025",
106,https://usccareers.usc.edu/job/los-angeles/division-chief-of-gynecologic-oncology-associate-or-professor-of-clinical-obstetrics-and-gynecology/1209/101416163760,Division Chief of Gynecologic Oncology-Associate or Professor of Clinical Obstetrics and Gynecology,Full_Professor,Full-time,Department of Obstetrics and Gynecology,Gynecologic Oncology-Associate or Professor of Clinical Obstetrics and Gynecology,"August 04, 2025",
106,https://usccareers.usc.edu/job/los-angeles/clinical-assistant-professor-of-anesthesiology-clinician-educator-chla/1209/101416163744,Clinical Assistant Professor of Anesthesiology (Clinician Educator) CHLA,Assistant_Professor,Full-time,School of Medicine,Anesthesiology,"August 04, 2025",
106,https://usccareers.usc.edu/job/los-angeles/instructor-assistant-associate-professor-of-occupational-therapy-new-montrose-location/1209/92059712736,Instructor/Assistant/Associate Professor of Occupational Therapy (New Montrose location),Assistant_Professor; Associate_Professor,Full-time,Division of Occupational Science and Occupational Therapy,Occupational Therapy,"August 04, 2025","July 1, 2026"
106,https://usccareers.usc.edu/job/los-angeles/adjunct-lecturer-in-law-contemporary-name-image-and-likeness/1209/101416128288,Adjunct Lecturer in Law,Lecturer,Full-time,School of Law,Law,"August 04, 2025",
106,https://usccareers.usc.edu/job/los-angeles/adjunct-lecturer-in-law-global-data-privacy-law-and-practice/1209/101416128272,Adjunct Lecturer in Law,Lecturer,Full-time,School of Law,Law,"August 04, 2025",
106,https://usccareers.usc.edu/job/los-angeles/dornsife-fellows-in-general-education/1209/101416127552,Dornsife Fellows in General Education,Assistant_Professor; Associate_Professor; Full_Professor; Research_Fellow,Full-time,School of Engineering University Relations USC Credit Union Alfred E,General Education,"December 4, 2026","August 16, 2027"
106,https://usccareers.usc.edu/job/los-angeles/clinical-associate-professor-of-pediatrics-chla-clinician-educator/1209/101274985216,Clinical Associate Professor of Pediatrics -CHLA (Clinician Educator),Associate_Professor,Full-time,School of Medicine,Pediatrics,"August 04, 2025",
106,https://usccareers.usc.edu/job/los-angeles/clinical-assistant-associate-professor-of-neurology-and-pediatrics-clinician-educator-chla/1209/101274984992,Clinical Assistant/Associate Professor of Neurology and Pediatrics (Clinician Educator) CHLA,Assistant_Professor; Associate_Professor,Full-time,School of Medicine of the University of Southern California,Neurology and Pediatrics,"August 04, 2025",
106,https://usccareers.usc.edu/job/el-segundo/instructor-assistant-professor-of-clinical-physical-therapy-el-segundo-location/1209/100158752240,Instructor/Assistant Professor of Clinical Physical Therapy (El Segundo location),Assistant_Professor,Full-time,School of Medicine of USC Alfred E,Clinical Physical Therapy,"August 04, 2025",
106,https://usccareers.usc.edu/job/los-angeles/instructor-assistant-professor-of-clinical-physical-therapy-university-park-campus/1209/99745515200,Instructor/Assistant Professor of Clinical Physical Therapy (University Park Campus),Assistant_Professor,Full-time,School of Medicine of USC Alfred E,Clinical Physical Therapy,"August 04, 2025",
106,https://usccareers.usc.edu/job/arcadia/instructor-or-assistant-professor-of-clinical-physical-therapy-arcadia-hospital/1209/101067462464,Instructor or Assistant Professor of Clinical Physical Therapy (Arcadia Hospital),Assistant_Professor,Full-time,School of Medicine of USC Alfred E,Clinical Physical Therapy,"August 04, 2025",
106,https://usccareers.usc.edu/job/los-angeles/part-time-teaching-track-faculty-position-in-physics-and-astronomy/1209/101164386976,"Part-Time, Teaching-Track Faculty Position in Physics and Astronomy",Research_Fellow,Part-time,"College of Letters, Arts and Sciences",Physics and Astronomy,"August 04, 2025",
106,https://usccareers.usc.edu/job/los-angeles/instructor-assistant-professor-of-clinical-physical-therapy-montrose-location/1209/92075582688,Instructor/Assistant Professor of Clinical Physical Therapy (Montrose location),Assistant_Professor,Full-time,School of Medicine of USC Alfred E,Clinical Physical Therapy,"August 04, 2025",
106,https://usccareers.usc.edu/job/los-angeles/associate-or-professor-tenured-tenure-track-open-rank/1209/101067462448,Associate or Professor Tenured/Tenure Track,Full_Professor,Full-time,Department of Biomedical Sciences,craniofacial biology; translational research,"August 04, 2025",
106,https://usccareers.usc.edu/job/los-angeles/adjunct-lecturer-in-law-secured-transactions/1209/101067461696,Adjunct Lecturer in Law,Lecturer,Full-time,School of Law,Law,"August 04, 2025",
106,https://usccareers.usc.edu/job/los-angeles/adjunct-lecturer-in-law-information-management-and-risk/1209/101067461680,Adjunct Lecturer in Law,Lecturer,Full-time,School of Law,Law,"August 04, 2025",
106,https://usccareers.usc.edu/job/los-angeles/adjunct-lecturer-in-law-business-for-lawyers/1209/101067461664,Adjunct Lecturer in Law,Lecturer,Full-time,School of Law,Law,"August 04, 2025",
106,https://usccareers.usc.edu/job/los-angeles/adjunct-lecturer-in-law-topics-in-american-law/1209/101067461648,Adjunct Lecturer in Law,Lecturer,Full-time,School of Law,Law,"August 04, 2025",
106,https://usccareers.usc.edu/job/los-angeles/adjunct-lecturer-in-law-effective-writing-for-professionals/1209/101067461632,Adjunct Lecturer in Law,Lecturer,Full-time,School of Law,Law,"August 04, 2025",
106,https://usccareers.usc.edu/job/los-angeles/assistant-professor-of-regulatory-and-quality-sciences-teaching-track-artificial-intelligence-digit/1209/99171060432,"Assistant Professor of Regulatory and Quality Sciences (Teaching Track) Artificial Intelligence, Digital Health, and Regulatory Innovation",Assistant_Professor,Full-time,Department of Regulatory and Quality Sciences,Regulatory and Quality Sciences; regulatory science; digital health; Track faculty member,09/24/2026,
106,https://usccareers.usc.edu/job/los-angeles/assistant-or-associate-professor-of-clinical-otolaryngology-head-and-neck-surgery-chla/1209/60632242896,Assistant or Associate Professor of Clinical Otolaryngology Head and Neck Surgery-CHLA,Assistant_Professor; Associate_Professor,Full-time,Department of Surgery,Clinical Otolaryngology Head and Neck Surgery-CHLA,07/25/2025,
106,https://usccareers.usc.edu/job/los-angeles/clinical-assistant-professor-of-medicine-clinician-educator/1209/100750391760,Clinical Assistant Professor of Medicine (Clinician Educator),Assistant_Professor,Full-time,"Division of Pulmonary, Critical Care and Sleep Medicine",Medicine,"August 04, 2025",
106,https://usccareers.usc.edu/job/los-angeles/assistant-professor-associate-professor-and-full-professor-of-industrial-and-systems-engineering/1209/100736016464,"Assistant Professor, Associate Professor, and Full Professor of Industrial and Systems Engineering",Assistant_Professor; Associate_Professor,Full-time,Department of Industrial and Systems Engineering,Industrial and Systems Engineering; Department of Homeland Security’s first; Information Sciences Institute,"August 16, 2027",
106,https://usccareers.usc.edu/job/los-angeles/adjunct-instructor-of-local-governance/1209/94177569584,Adjunct Instructor of Local Governance,Assistant_Professor; Associate_Professor; Full_Professor; Research_Fellow,Full-time,School of Public Policy generates uncommon knowledge for the common good,Local Governance,"August 04, 2025",
106,https://usccareers.usc.edu/job/los-angeles/assistant-associate-professor-of-practice-in-human-ai-interaction-machine-learning-and-data-design/1209/100684964720,"Assistant/Associate Professor of Practice in Human-AI Interaction, Machine Learning, and Data Design",Assistant_Professor; Associate_Professor,Full-time,School of Engineering University Relations USC Credit Union Alfred E,"Practice in Human-AI Interaction, Machine Learning, and Data Design; oriented toward product development","November 1, 2026",
106,https://usccareers.usc.edu/job/los-angeles/part-time-teaching-track-faculty-positions-in-political-science-and-international-relations/1209/96242950384,"Part-Time, Teaching-Track Faculty Positions in Political Science and International Relations",Assistant_Professor; Associate_Professor; Full_Professor; Lecturer; Research_Fellow,Part-time,"College of Letters, Arts and Sciences",Political Science and International Relations,"August 04, 2025",
106,https://usccareers.usc.edu/job/los-angeles/dornsife-teaching-fellows-in-mathematics/1209/87871964608,Dornsife Teaching Fellows in Mathematics,Assistant_Professor; Associate_Professor; Full_Professor; Research_Fellow,Full-time,Department of Mathematics can be found,Mathematics; Fellows,"August 04, 2025",
106,https://usccareers.usc.edu/job/los-angeles/clinical-instructor-of-radiology-practitioner/1209/100639914336,Clinical Instructor of Radiology (Practitioner),Assistant_Professor; Associate_Professor; Full_Professor; Research_Fellow,Full-time,School of Medicine of USC Department of Radiology,Radiology; evaluation of the clinical outcomes; technologies,"August 04, 2025",
106,https://usccareers.usc.edu/job/los-angeles/assistant-professor-of-research-immunology-and-immune-therapeutics/1209/100501008304,Assistant Professor of Research Immunology and Immune Therapeutics,Assistant_Professor,Full-time,Department of Immunology and Immune Therapeutics,Research Immunology and Immune Therapeutics; mass spectrometry-based metabolomics,"August 04, 2025",
106,https://usccareers.usc.edu/job/los-angeles/full-time-teaching-track-faculty-position-in-quantitative-and-computational-biology/1209/94300113920,"Full-Time, Teaching-Track Faculty Position in Quantitative and Computational Biology",Assistant_Professor; Associate_Professor; Full_Professor; Lecturer; Research_Fellow,Full-time,Department of Quantitative and Computational Biology,Quantitative and Computational Biology; development of other computational,"December 1, 2026","August 16, 2027"
106,https://usccareers.usc.edu/job/los-angeles/assistant-director-health-promotion-strategy-clinical-instructor-of-family-medicine-clinician-educa/1209/99813888752,Position specificJOBSUMMARY:,Assistant_Professor; Associate_Professor; Full_Professor; Research_Fellow,Full-time,Department of Family Medicine is seeking a Clinical Instructor of Family Medicine,,"August 04, 2025",
106,https://usccareers.usc.edu/job/los-angeles/tenure-track-assistant-professor-positions/1209/100143263472,Tenure Track Assistant Professor Positions,Assistant_Professor,Full-time,School of Social Work,Doctor of Social Innovation,"August 04, 2025",
106,https://usccareers.usc.edu/job/los-angeles/associate-or-professor-of-clinical-obstetrics-and-gynecology-urogynecology-and-reconstructive-pelvi/1209/100046221728,Associate or Professor of Clinical Obstetrics and Gynecology,Full_Professor,Full-time,Department of Obstetrics and Gynecology,Clinical Obstetrics and Gynecology,"August 04, 2025",
106,https://usccareers.usc.edu/job/los-angeles/assistant-professor-of-clinical-population-and-public-health-sciences/1209/99862745776,Assistant Professor of Clinical Population and Public Health Sciences,Assistant_Professor,Full-time,Department of Population and Public Health Sciences,Clinical Population and Public Health Sciences; Environmental Health Sciences; Expertise Applicants,08/28/2026,
106,https://usccareers.usc.edu/job/los-angeles/part-time-lecturer-of-technical-communication/1209/99818300480,Part-Time Lecturer of Technical Communication,Lecturer,Part-time,School of Engineering,Technical Communication,"August 04, 2025","January 1, 2027"
106,https://usccareers.usc.edu/job/los-angeles/adjunct-assistant-professor-of-clinical-dentistry/1209/99745515184,Adjunct Assistant Professor of Clinical Dentistry,Assistant_Professor,Part-time,Department of Advanced Periodontology team,Clinical Dentistry; post-doctoral Advanced Periodontology,"August 04, 2025",
106,https://usccareers.usc.edu/job/los-angeles/instructor-assistant-associate-professor-of-occupational-therapy/1209/99722237808,Instructor/Assistant/Associate Professor of Occupational Therapy,Assistant_Professor; Associate_Professor,Full-time,Division of Occupational Science and Occupational Therapy,Occupational Therapy,"August 04, 2025",
106,https://usccareers.usc.edu/job/los-angeles/assistant-associate-full-professor-of-education-open-rank-doctoral-programs-ed-d-leadership/1209/99688647472,Assistant/Associate/Full Professor of Education (Open Rank): Doctoral Programs,Assistant_Professor; Associate_Professor; Full_Professor,Full-time,School of Education Open Rank,Education; Professional position,"August 04, 2025",
106,https://usccareers.usc.edu/job/los-angeles/director-one-archives/1209/99684094768,"Director, ONE Archives",Assistant_Professor; Associate_Professor; Full_Professor; Research_Fellow,Full-time,School of Engineering University Relations USC Credit Union Alfred E,,"September 30, 2026",
106,https://usccareers.usc.edu/job/los-angeles/assistant-associate-full-professor-of-stem-cell-biology-and-regenerative-medicine-cardiovascular-re/1209/98503542704,Assistant/Associate/Full Professor of Stem Cell Biology and Regenerative Medicine (Cardiovascular Regenerative Biology) Tenure Track,Assistant_Professor; Associate_Professor; Full_Professor,Full-time,Department of Stem Cell Biology and Regenerative Medicine,Stem Cell Biology and Regenerative Medicine,07/30/2026,
106,https://usccareers.usc.edu/job/los-angeles/assistant-professor-of-research-otolaryngology-head-and-neck-surgery/1209/99496825888,Assistant Professor of Research Otolaryngology Head and Neck Surgery,Assistant_Professor,Full-time,Center for Regenerative Medicine and Stem Cell Research,Research Otolaryngology Head and Neck Surgery,08/20/2026,
106,https://usccareers.usc.edu/job/los-angeles/clinical-assistant-professor-of-radiation-oncology-practitioner/1209/99480500128,Clinical Assistant Professor of Radiation Oncology (Practitioner),Assistant_Professor,Full-time,Department of Radiation Oncology,Radiation Oncology,"August 04, 2025",
106,https://usccareers.usc.edu/job/los-angeles/clinical-professor-of-pediatrics-clinician-educator-division-of-neonatology-chla/1209/99411019824,Clinical Professor of Pediatrics (Clinician Educator) Division of Neonatology -CHLA,Full_Professor,Full-time,School of Medicine,Pediatrics,"August 04, 2025",
106,https://usccareers.usc.edu/job/los-angeles/assistant-professor-of-clinical-neurology-and-pediatrics-division-of-neurology-chla/1209/99411019792,Assistant Professor of Clinical Neurology and Pediatrics Division of Neurology -CHLA,Assistant_Professor,Full-time,Division of Neurology and the Department of Pediatrics,Clinical Neurology and Pediatrics Division of Neurology; general child neurology; subspecialty,"August 04, 2025",
106,https://usccareers.usc.edu/job/los-angeles/part-time-teaching-track-faculty-positions-in-biological-sciences/1209/99401620368,"Part-Time, Teaching-Track Faculty Positions in Biological Sciences",Research_Fellow,Part-time,"College of Letters, Arts and Sciences",Biological Sciences,"August 04, 2025",
106,https://usccareers.usc.edu/job/arcadia/clinical-instructor-of-urology-clinician-educator/1209/99367694768,Clinical Instructor of Urology (Clinician Educator),Research_Fellow,Full-time,Department of Urology,Urology,"August 04, 2025",
106,https://usccareers.usc.edu/job/los-angeles/assistant-professor-of-research-orthopaedic-surgery-chla/1209/99216247632,Assistant Professor of Research Orthopaedic Surgery CHLA,Assistant_Professor,Full-time,School of Medicine,Research Orthopaedic Surgery CHLA; Sports Analysis Laboratory Promote; biomechanics communities Supervise,"August 04, 2025",
106,https://usccareers.usc.edu/job/los-angeles/instructor-assistant-of-clinical-physical-therapy-hsc-campus/1209/60632228192,Instructor/Assistant of Clinical Physical Therapy (HSC Campus),Assistant_Professor; Associate_Professor; Full_Professor; Research_Fellow,Full-time,School of Engineering University Relations USC Credit Union Alfred E,Clinical Physical Therapy,"August 04, 2025",
106,https://usccareers.usc.edu/job/los-angeles/open-rank-position-in-heritage-conservation/1209/99150293680,Open Rank Position in Heritage Conservation,Assistant_Professor; Associate_Professor; Full_Professor; Research_Fellow,Full-time,School of Architecture has been a center of educational innovation,Heritage Conservation,"September 15, 2026","August 16, 2027"
106,https://usccareers.usc.edu/job/los-angeles/assistant-professor-architectural-design/1209/99150293664,"Assistant Professor, Architectural Design",Assistant_Professor,Full-time,"center for the arts, technology, and international business",Architectural Design; design studios,"September 15, 2026",
106,https://usccareers.usc.edu/job/los-angeles/assistant-professor-of-clinical-medicine-division-of-endocrinology/1209/99128022240,Assistant Professor of Clinical Medicine (Division of Endocrinology),Assistant_Professor,Full-time,Department of Medicine,Clinical Medicine; Endocrinology fellows,"August 04, 2025",
106,https://usccareers.usc.edu/job/pasadena/assistant-professor-of-clinical-medicine-division-of-enocrinology/1209/99128022208,Assistant Professor of Clinical Medicine (Division of Enocrinology),Assistant_Professor,Full-time,Department of Medicine,Clinical Medicine; Endocrinology fellows,"August 04, 2025",
106,https://usccareers.usc.edu/job/los-angeles/adjunct-lecturer-in-law-fact-investigation-and-discovery/1209/99127995504,Adjunct Lecturer in Law,Lecturer,Full-time,School of Law,Law,"August 04, 2025",
106,https://usccareers.usc.edu/job/los-angeles/adjunct-lecturer-in-law-music-law-in-practice/1209/99127995472,Adjunct Lecturer in Law,Lecturer,Full-time,School of Law,Law,"August 04, 2025",
106,https://usccareers.usc.edu/job/los-angeles/assistant-professor-of-clinical-orthopaedic-surgery-sports-medicine/1209/99101673968,Assistant Professor of Clinical Orthopaedic Surgery (Sports Medicine),Assistant_Professor,Full-time,Department of Orthopaedic Surgery The Department of Orthopaedic Surgery,Clinical Orthopaedic Surgery,"August 04, 2025",
106,https://usccareers.usc.edu/job/los-angeles/clinical-instructor-of-family-medicine-practitioner-street-medicine/1209/98907589648,Clinical Instructor of Family Medicine (Practitioner) Street Medicine,Assistant_Professor; Associate_Professor; Full_Professor; Research_Fellow,Full-time,School of Engineering University Relations USC Credit Union Alfred E,Family Medicine; Physician Assistant students,"August 04, 2025",
106,https://usccareers.usc.edu/job/los-angeles/assistant-professor-of-clinical-obstetrics-and-gynecology/1209/98860067104,Assistant Professor of Clinical Obstetrics and Gynecology,Assistant_Professor,Full-time,Department of Obstetrics and Gynecology,Clinical Obstetrics and Gynecology,"August 04, 2025",
106,https://usccareers.usc.edu/job/los-angeles/full-time-teaching-track-faculty-positions-in-biological-sciences/1209/98854765984,"Full-Time, Teaching-Track Faculty Positions in Biological Sciences",Assistant_Professor; Associate_Professor; Full_Professor; Research_Fellow,Full-time,"College of Letters, Arts and Sciences",Biological Sciences,"August 04, 2025",
106,https://usccareers.usc.edu/job/los-angeles/assistant-professor-of-research/1209/98829124672,Assistant Professor of Research,Assistant_Professor,Full-time,School of Engineering University Relations USC Credit Union Alfred E,Research,"August 04, 2025",
106,https://usccareers.usc.edu/job/los-angeles/associate-or-assistant-professor-of-clinical-obstetrics-and-gynecology-minimally-invasive-gynecolog/1209/98098212960,Associate or Assistant Professor of Clinical Obstetrics and Gynecology- Minimally Invasive Gynecology Surgeon,Assistant_Professor; Associate_Professor,Full-time,Department of Obstetrics and Gynecology,Clinical Obstetrics and Gynecology- Minimally Invasive Gynecology Surgeon,"August 04, 2025",
106,https://usccareers.usc.edu/job/los-angeles/clinical-associate-assistant-professor-of-medical-education-clinician-educator/1209/96857551248,Clinical Associate/Assistant Professor of Medical Education (Clinician Educator),Assistant_Professor; Associate_Professor,Full-time,School of Engineering University Relations USC Credit Union Alfred E,Medical Education,06/24/2026,
106,https://usccareers.usc.edu/job/los-angeles/clinical-assistant-professor-of-psychiatry-and-the-behavioral-sciences-clinician-educator/1209/93523386736,Clinical Assistant Professor of Psychiatry and the Behavioral Sciences (Clinician Educator),Assistant_Professor,Full-time,School of Medicine of USC The Department of Psychiatry and the Behavioral Sciences,Psychiatry and the Behavioral Sciences,04/03/2026,
106,https://usccareers.usc.edu/job/los-angeles/pt-adjunct-lecturer/1209/98432271728,PT Adjunct Lecturer,Lecturer,Part-time,School of Engineering University Relations USC Credit Union Alfred E,PT Adjunct; person,"August 04, 2025",
106,https://usccareers.usc.edu/job/los-angeles/medical-director-primary-care-physician-leader-family-medicine/1209/96331056864,"Medical Director, Primary Care Physician Leader:Family Medicine",Assistant_Professor; Research_Fellow,Full-time,School of Medicine of USC The Department of Family Medicine,,"August 04, 2025",
106,https://usccareers.usc.edu/job/los-angeles/primary-care-physician-app-pa-np-family-medicine/1209/96002558176,"Primary Care Physician APP (PA, NP):Family Medicine",Assistant_Professor; Associate_Professor; Full_Professor; Research_Fellow,Full-time,Department of Family Medicine,,,
106,https://usccareers.usc.edu/job/los-angeles/primary-care-physician-residency-core-faculty-family-medicine/1209/95017789600,Primary Care Physician-Residency Core Faculty:Family Medicine,Assistant_Professor; Associate_Professor; Research_Fellow,Full-time,School of Medicine of USC Family Medicine Residency Program,Family Medicine,,
106,https://usccareers.usc.edu/job/los-angeles/primary-care-physician-family-medicine/1209/84332128448,Primary Care Physician-Family Medicine,Assistant_Professor; Associate_Professor; Full_Professor; Research_Fellow,Full-time,Department of Family Medicine,,,
106,https://usccareers.usc.edu/job/los-angeles/clinical-assistant-or-instructor-of-psychiatry-and-the-behavioral-sciences-clinician-educator/1209/98236361152,Clinical Assistant or Instructor of Psychiatry and the Behavioral Sciences (Clinician Educator),Assistant_Professor; Associate_Professor; Full_Professor; Research_Fellow,Full-time,Department of Psychiatry and the Behavioral Sciences Counseling and Mental Health division,Psychiatry and the Behavioral Sciences,"August 04, 2025",
106,https://usccareers.usc.edu/job/los-angeles/research-assistant-professor-of-health-policy-and-management/1209/98163986400,Research Assistant Professor of Health Policy & Management,Assistant_Professor,Full-time,Department of Health Policy & Management,Health Policy & Management; economics Publish findings; real-world,"August 04, 2025",
106,https://usccareers.usc.edu/job/los-angeles/clinical-assistant-professor-of-pediatrics-clinician-educator-division-of-pulmonary-and-sleep-medic/1209/96522258832,Clinical Assistant Professor of Pediatrics (Clinician Educator) Division of Pulmonary and Sleep Medicine CHLA,Assistant_Professor,Part-time,Division of Pulmonary and Sleep Medicine CHLA,Pediatrics; sleep related breathing disorders; sudden infant death syndrome,"August 04, 2025",
106,https://usccareers.usc.edu/job/los-angeles/director-of-sleep-medicine-associate-or-professor-of-clinical-medicine-or-clinician-educator/1209/60632244432,Director of Sleep Medicine Associate or Professor of Clinical Medicine or (Clinician Educator),Full_Professor,Full-time,"Division of Pulmonary, Critical Care and Sleep Medicine",Sleep Medicine Associate or Professor of Clinical Medicine or,07/25/2025,
106,https://usccareers.usc.edu/job/los-angeles/clinical-assistant-professor-or-clinical-instructor-of-anesthesiology-part-time/1209/97959325312,Clinical Assistant Professor or Clinical Instructor of Anesthesiology (Part-Time),Assistant_Professor,Part-time,School of Engineering University Relations USC Credit Union Alfred E,Anesthesiology,07/18/2026,
106,https://usccareers.usc.edu/job/los-angeles/assistant-associate-or-full-professor-of-clinical-pharmacy-teaching-track-director-of-professional-/1209/97887809488,"Assistant, Associate, or Full Professor of Clinical Pharmacy (Teaching Track) , Director of Professional Experience Programs",Full_Professor,Full-time,School of Pharmacy and Pharmaceutical Sciences,Clinical Pharmacy; Track faculty position combines educational,"August 04, 2025",
106,https://usccareers.usc.edu/job/los-angeles/instructor-assistant-professor-of-clinical-occupational-therapy-open-rank/1209/97843014032,Instructor/Assistant Professor of Clinical Occupational Therapy (OPEN RANK),Assistant_Professor,Full-time,Division of Occupational Science and Occupational Therapy,Clinical Occupational Therapy,"August 04, 2025",
106,https://usccareers.usc.edu/job/los-angeles/research-assistant-professor-of-biomedical-engineering/1209/94497967904,Research Assistant Professor of Biomedical Engineering,Assistant_Professor,Full-time,School of Engineering,Biomedical Engineering,"August 04, 2025","July 1, 2026"
106,https://usccareers.usc.edu/job/los-angeles/part-time-teaching-track-faculty-positions-in-psychology/1209/93799650352,"Part-Time, Teaching-Track Faculty Positions in Psychology",Assistant_Professor; Associate_Professor; Full_Professor; Research_Fellow,Part-time,"College of Letters, Arts and Sciences",Psychology; teaching discussion,"August 04, 2025",
106,https://usccareers.usc.edu/job/los-angeles/adjunct-instructor-of-urban-planning/1209/95269820624,Adjunct Instructor of Urban Planning,Assistant_Professor; Associate_Professor; Full_Professor; Research_Fellow,Full-time,School of Public Policy generates uncommon knowledge for the common good,Urban Planning,"August 04, 2025",
106,https://usccareers.usc.edu/job/los-angeles/adjunct-instructor-of-real-estate-careers-preparation/1209/94493751424,Adjunct Instructor of Real Estate Careers Preparation,Research_Fellow,Full-time,School of Public Policy generates uncommon knowledge for the common good,Real Estate Careers Preparation; career assessment,"August 04, 2025",
106,https://usccareers.usc.edu/job/los-angeles/adjunct-instructor-of-urban-planning/1209/94177569600,Adjunct Instructor of Urban Planning,Research_Fellow,Full-time,School of Public Policy generates uncommon knowledge for the common good,Urban Planning,"August 04, 2025",
106,https://usccareers.usc.edu/job/los-angeles/adjunct-instructor-of-urban-planning/1209/82250564656,Adjunct Instructor of Urban Planning,Assistant_Professor; Associate_Professor; Full_Professor; Research_Fellow,Full-time,School of Public Policy generates uncommon knowledge for the common good,Urban Planning,"August 04, 2025",
106,https://usccareers.usc.edu/job/los-angeles/adjunct-instructor-of-public-policy-and-management/1209/81599364464,Adjunct Instructor of Public Policy and Management,Assistant_Professor; Associate_Professor; Full_Professor; Research_Fellow,Full-time,School of Public Policy generates uncommon knowledge for the common good,Public Policy and Management,"August 04, 2025",
106,https://usccareers.usc.edu/job/los-angeles/adjunct-instructor-of-public-and-nonprofit-organizational-behavior/1209/79850022368,Adjunct Instructor of Public and Nonprofit Organizational Behavior,Assistant_Professor; Associate_Professor; Full_Professor; Research_Fellow,Full-time,School of Public Policy generates uncommon knowledge for the common good,Public and Nonprofit Organizational Behavior,"August 04, 2025",
106,https://usccareers.usc.edu/job/los-angeles/part-time-lecturer-structural-design-and-engineering-design-and-build/1209/95641856464,"Part-Time Lecturer, Structural Design and Engineering",Lecturer,Part-time,School of Engineering University Relations USC Credit Union Alfred E,Structural Design and Engineering,"August 04, 2025",
106,https://usccareers.usc.edu/job/los-angeles/part-time-lecturer-landscape-architecture-history-and-theory/1209/66936528432,"Part-Time Lecturer, Landscape Architecture History & Theory",Lecturer,Part-time,School of Engineering University Relations USC Credit Union Alfred E,Landscape Architecture History & Theory,"August 04, 2025",
106,https://usccareers.usc.edu/job/los-angeles/part-time-lecturer-architectural-design/1209/66511981168,"Part-Time Lecturer, Architectural Design",Lecturer,Part-time,School of Engineering University Relations USC Credit Union Alfred E,Architectural Design,"August 04, 2025",
106,https://usccareers.usc.edu/job/los-angeles/ongoing-recruitment-for-part-time-lecturer-position-open-rank-for-the-usc-roski-school-of-art-and-d/1209/60632247648,Ongoing Recruitment for Part-Time Lecturer position (open Rank) for the USC Roski School of Art and Design,Lecturer,Part-time,School of Art and Design,Art and Design; offer students a unique ability; curatorial point of,"August 04, 2025",
106,https://usccareers.usc.edu/job/los-angeles/adjunct-professor-of-data-sciences-and-operations/1209/93285006512,Adjunct Professor of Data Sciences and Operations,Full_Professor,Part-time,Department of Data Sciences and Operations,Data Sciences and Operations; DSO department,"August 04, 2025",
106,https://usccareers.usc.edu/job/los-angeles/professor-of-clinical-finance-and-business-economics-open-rank-peter-arkley-institute-for-risk-mana/1209/92675443440,Professor of Clinical Finance and Business Economics (Open Rank),Full_Professor,Full-time,Institute for Risk Management,Clinical Finance and Business Economics; Peter Arkley Institute,"May 1, 2026",
106,https://usccareers.usc.edu/job/los-angeles/adjunct-professor-of-accounting/1209/92445806544,Adjunct Professor of Accounting,Full_Professor,Part-time,School of Engineering University Relations USC Credit Union Alfred E,Accounting; Sustainability Reporting Managerial,"August 04, 2025",
106,https://usccareers.usc.edu/job/los-angeles/assistant-or-associate-professor-of-research-stem-cell-and-regenerative-medicine-cardiovascular/1209/97528210480,Assistant or Associate Professor of Research Stem Cell and Regenerative Medicine (Cardiovascular),Assistant_Professor; Associate_Professor,Full-time,School of Engineering University Relations USC Credit Union Alfred E,Research Stem Cell and Regenerative Medicine,"August 04, 2025",
106,https://usccareers.usc.edu/job/los-angeles/clinical-instructor-of-urology-practitioner/1209/97460180304,Clinical Instructor of Urology (Practitioner),Research_Fellow,Full-time,Department of Urology,Urology,"August 04, 2025",
106,https://usccareers.usc.edu/job/los-angeles/clinical-instructor-of-urology-clinician-educator/1209/97460180288,Clinical Instructor of Urology (Clinician Educator),Assistant_Professor; Associate_Professor; Full_Professor; Research_Fellow,Full-time,Department of Urology,Urology,"August 04, 2025",
106,https://usccareers.usc.edu/job/los-angeles/assistant-professor-of-clinical-otolaryngology-head-and-neck-surgery/1209/97241435792,Assistant Professor of Clinical Otolaryngology Head and Neck Surgery,Assistant_Professor,Full-time,Division of Sleep Surgery Caruso Department of Otolaryngology,Clinical Otolaryngology Head and Neck Surgery,"August 04, 2025",
106,https://usccareers.usc.edu/job/pasadena/clinical-assistant-associate-or-professor-of-medicine-practitioner/1209/97120285440,Clinical Assistant/Associate or Professor of Medicine (Practitioner),Full_Professor,Full-time,Department of Medicine,Medicine,"August 04, 2025",
106,https://usccareers.usc.edu/job/arcadia/clinical-assistant-professor-of-psychiatry-and-the-behavioral-sciences-part-time/1209/96569784096,Clinical Assistant Professor of Psychiatry and the Behavioral Sciences (Part-time),Assistant_Professor,Part-time,Department of Psychiatry and the Behavioral Sciences,Psychiatry and the Behavioral Sciences,"August 04, 2025",
106,https://usccareers.usc.edu/job/los-angeles/clinical-assistant-professor-of-pediatrics-clinician-educator-chla/1209/96569784032,Clinical Assistant Professor of Pediatrics (Clinician Educator (CHLA),Assistant_Professor,Full-time,School of Medicine,Pediatrics,"August 04, 2025",
106,https://usccareers.usc.edu/job/glendale/clinical-assistant-professor-of-emergency-medicine-clinician-educator/1209/96569783984,Clinical Assistant Professor of Emergency Medicine (Clinician Educator),Assistant_Professor,Part-time,School of Medicine appropriate to the level of training and experience,Emergency Medicine,"August 04, 2025",
106,https://usccareers.usc.edu/job/los-angeles/clinical-instructor-of-family-medicine-practitioner/1209/96565832464,Clinical Instructor of Family Medicine (Practitioner),Assistant_Professor; Associate_Professor; Full_Professor; Research_Fellow,Full-time,Division of Family Medicine,Family Medicine,"August 04, 2025",
106,https://usccareers.usc.edu/job/los-angeles/clinical-assistant-professor-of-family-medicine-practitioner/1209/96306589456,Clinical Assistant Professor of Family Medicine (Practitioner),Assistant_Professor,Full-time,Division of Family Medicine,Family Medicine,"August 04, 2025",
106,https://usccareers.usc.edu/job/los-angeles/clinical-instructor-of-psychiatry-and-the-behavioral-sciences-practitioner/1209/96242979872,Clinical Instructor of Psychiatry and the Behavioral Sciences (Practitioner),Assistant_Professor; Associate_Professor; Full_Professor; Research_Fellow,Full-time,Department of Psychiatry and the Behavioral Sciences,Psychiatry and the Behavioral Sciences,"August 04, 2025",
106,https://usccareers.usc.edu/job/los-angeles/clinical-instructor-of-emergency-medicine-fellow/1209/96002558144,Clinical Instructor of Emergency Medicine (Fellow),Research_Fellow,Full-time,School of Medicine,Emergency Medicine,06/04/2026,
106,https://usccareers.usc.edu/job/los-angeles/assistant-or-associate-professor-of-clinical-neurological-surgery-neuro-oncologist/1209/95870789280,Assistant or Associate Professor of Clinical Neurological Surgery (Neuro-Oncologist),Assistant_Professor; Associate_Professor,Full-time,School of Medicine of USC,Clinical Neurological Surgery,06/01/2026,
106,https://usccareers.usc.edu/job/los-angeles/clinical-assistant-professor-of-medicine-part-time-division-of-rheumatology/1209/95760538768,Clinical Assistant Professor of Medicine (Part-Time) Division of Rheumatology,Assistant_Professor,Part-time,Division of Rheumatology,Medicine,05/30/2026,
106,https://usccareers.usc.edu/job/los-angeles/assistant-professor-of-clinical-surgery/1209/95749293872,Assistant Professor of Clinical Surgery,Assistant_Professor,Full-time,Department of Surgery,Clinical Surgery; patient care management; teaching fellows,"August 04, 2025",
106,https://usccareers.usc.edu/job/los-angeles/clinical-assistant-professor-or-instructor-of-psychiatry-and-the-behavioral-sciences-practitioner/1209/95646379152,Clinical Assistant Professor or Instructor of Psychiatry and the Behavioral Sciences (Practitioner),Assistant_Professor,Full-time,Department of Psychiatry and the Behavioral Sciences,Psychiatry and the Behavioral Sciences,05/27/2026,
106,https://usccareers.usc.edu/job/los-angeles/clinical-assistant-professor-of-psychiatry-and-the-behavioral-sciences-part-time/1209/95646379104,Clinical Assistant Professor of Psychiatry and the Behavioral Sciences (Part-TIme),Assistant_Professor,Part-time,Department of Psychiatry and the Behavioral Sciences,Psychiatry and the Behavioral Sciences,05/27/2026,
106,https://usccareers.usc.edu/job/los-angeles/instructor-or-clinical-assistant-professor-of-psychiatry-and-the-behavioral-sciences-practitioner/1209/95646379072,Instructor or Clinical Assistant Professor of Psychiatry and the Behavioral Sciences (Practitioner),Assistant_Professor,Full-time,Department of Psychiatry and the Behavioral Sciences,Psychiatry and the Behavioral Sciences,05/27/2026,
106,https://usccareers.usc.edu/job/los-angeles/assistant-professor-of-clinical-pediatrics-division-of-cardiology-chla/1209/95052880976,Assistant Professor of Clinical Pediatrics (Division of Cardiology) CHLA,Assistant_Professor,Full-time,School of Medicine,Clinical Pediatrics,"August 04, 2025",
106,https://usccareers.usc.edu/job/los-angeles/assistant-or-associate-professor-of-clinical-orthopaedic-surgery/1209/94974398080,Assistant or Associate Professor of Clinical Orthopaedic Surgery,Assistant_Professor; Associate_Professor,Full-time,Department of Orthopaedic Surgery,Clinical Orthopaedic Surgery,"August 04, 2025",
106,https://usccareers.usc.edu/job/los-angeles/research-asstant-professor-of-urology-part-time/1209/94864082688,Research Asstant Professor of Urology (Part-Time),Full_Professor,Part-time,School of Engineering University Relations USC Credit Union Alfred E,Urology,05/08/2026,
106,https://usccareers.usc.edu/job/los-angeles/clinical-assistant-professor-of-psychiatry-and-the-behavioral-sciences-clinician-educator/1209/94864082672,Clinical Assistant Professor of Psychiatry and the Behavioral Sciences (Clinician Educator),Assistant_Professor,Full-time,Department of Psychiatry and the Behavioral Sciences,Psychiatry and the Behavioral Sciences,05/08/2026,
106,https://usccareers.usc.edu/job/los-angeles/assistant-associate-or-professor-of-clinical-pathology-open-rank-division-of-transfusion-medicine/1209/94611454496,Assistant/Associate or Professor of Clinical Pathology (Open Rank)(Division of Transfusion Medicine ),Full_Professor,Full-time,Division of Transfusion Medicine,Clinical Pathology; fellowship programs associated,"August 04, 2025",
106,https://usccareers.usc.edu/job/los-angeles/assistant-professor-of-clinical-pediatrics-chla-division-of-endocrinology/1209/94322121936,Assistant Professor of Clinical Pediatrics-CHLA (Division of Endocrinology),Assistant_Professor,Part-time,School of Medicine,Clinical Pediatrics-CHLA,"August 04, 2025",
106,https://usccareers.usc.edu/job/arcadia/consultation-liaison-cl-psychiatrist-for-keck-and-arcadia-hospital-clinical-assistant-professor-of-/1209/93778133856,Consultation-Liaison (CL) Psychiatrist for Keck and Arcadia Hospital / Clinical Assistant Professor of Psychiatry and the Behavioral Sciences (Clinician Educator),Assistant_Professor,Full-time,Department of Psychiatry and the Behavioral Sciences,Psychiatry and the Behavioral Sciences,"August 04, 2025",
106,https://usccareers.usc.edu/job/los-angeles/clinical-assistant-professor-of-pediatrics-clinician-educator-chla/1209/93778133792,Clinical Assistant Professor of Pediatrics (Clinician Educator) CHLA,Assistant_Professor,Full-time,School of Medicine,Pediatrics; CA-LEND training; DBP fellows,"August 04, 2025",
106,https://usccareers.usc.edu/job/los-angeles/associate-professor-of-stem-cell-biology-and-regenerative-medicine-biomedical-engineering-tenure/1209/93660416304,"Associate/Professor of Stem Cell Biology and Regenerative Medicine,/Biomedical Engineering (Tenure)",Full_Professor,Full-time,Department of Stem Cell Biology and Regenerative Medicine,"Stem Cell Biology and Regenerative Medicine,/Biomedical Engineering","June 15, 2026",
106,https://usccareers.usc.edu/job/los-angeles/licensed-mental-health-therapist-clinical-instructor-or-clinical-assistant-professor-of-psychiatry-/1209/92637303984,Licensed Mental Health Therapist Clinical Instructor or Clinical Assistant Professor of Psychiatry and the Behavioral Sciences (Clinician Educator),Assistant_Professor,Full-time,Department of Psychiatry and the Behavioral Sciences,Psychiatry and the Behavioral Sciences,"August 04, 2025",
106,https://usccareers.usc.edu/job/los-angeles/associate-or-professor-of-clinical-pediatrics-chief-of-the-division-of-developmental-behavioral-ped/1209/92573575072,Associate or Professor of Clinical Pediatrics,Full_Professor,Part-time,Department of Pediatrics,Clinical Pediatrics,"August 04, 2025",
106,https://usccareers.usc.edu/job/los-angeles/associate-or-assistant-professor-of-clinical-medicine-division-of-hematology/1209/92467417120,Associate or Assistant Professor of Clinical Medicine Division of Hematology,Assistant_Professor; Associate_Professor,Full-time,Division of Hematology,Clinical Medicine Division of Hematology; TCR gene; adoptive cellular therapy,"August 04, 2025",
106,https://usccareers.usc.edu/job/los-angeles/clinical-assistant-professor-of-pediatrics-clinician-educator-chla/1209/92386427472,Clinical Assistant Professor of Pediatrics (Clinician Educator) CHLA,Assistant_Professor,Full-time,School of Medicine,Pediatrics,"August 04, 2025",
106,https://usccareers.usc.edu/job/los-angeles/associate-or-professor-of-clinical-surgery-chla-division-of-cardiothoracic-surgery/1209/92187559024,Associate or Professor of Clinical Surgery (CHLA/Division of Cardiothoracic Surgery),Full_Professor,Full-time,School of Medicine,Clinical Surgery,,
106,https://usccareers.usc.edu/job/los-angeles/clinical-assistant-professor-of-neurology-and-pediatrics-part-time-chla/1209/92187558928,Clinical Assistant Professor of Neurology and Pediatrics (Part-Time) CHLA,Assistant_Professor,Part-time,School of Medicine of the University of Southern California,Neurology and Pediatrics; general child neurology; subspecialty,"August 04, 2025",
106,https://usccareers.usc.edu/job/los-angeles/clinical-associate-professor-of-neurology-practitioner-chla/1209/92187558672,Clinical Associate Professor of Neurology (Practitioner) CHLA,Associate_Professor,Full-time,School of Medicine of the University of Southern California,Neurology,"August 04, 2025",
106,https://usccareers.usc.edu/job/los-angeles/clinical-instructor-of-anesthesiology-fellow/1209/91700667008,Clinical Instructor of Anesthesiology (Fellow),Assistant_Professor; Associate_Professor; Full_Professor; Research_Fellow,Full-time,Department of Anesthesiology is seeking to hire a Clinical Instructor,Anesthesiology,"August 04, 2025",
106,https://usccareers.usc.edu/job/los-angeles/clinical-instructors-of-surgery-fellow/1209/91360617872,Clinical Instructors of Surgery (Fellow),Assistant_Professor; Associate_Professor; Full_Professor; Research_Fellow,Full-time,Department of Surgery,Surgery,"August 04, 2025",
106,https://usccareers.usc.edu/job/los-angeles/clinical-instructor-or-clinical-assistant-professor-of-psychiatry-and-the-behavioral-sciences-part-/1209/91116553648,Clinical Instructor or Clinical Assistant Professor of Psychiatry and the Behavioral Sciences (Part-Time),Assistant_Professor,Part-time,Department of Psychiatry and the Behavioral Sciences,Psychiatry and the Behavioral Sciences,"August 04, 2025",
106,https://usccareers.usc.edu/job/los-angeles/clinical-assistant-professor-of-neurology-and-pediatrics-practitioner-chla/1209/90815832960,Clinical Assistant Professor of Neurology and Pediatrics (Practitioner) CHLA,Assistant_Professor,Full-time,School of Medicine of the University of Southern California,Neurology and Pediatrics; general child neurology; subspecialty,"August 04, 2025",
106,https://usccareers.usc.edu/job/los-angeles/assistant-or-associate-professor-of-clinical-orthopaedic-surgery/1209/90557964128,Assistant or Associate Professor of Clinical Orthopaedic Surgery,Assistant_Professor; Associate_Professor,Full-time,Department of Orthopaedic Surgery,Clinical Orthopaedic Surgery; affiliated clinical,"August 04, 2025",
106,https://usccareers.usc.edu/job/los-angeles/clinical-instructor-of-ob-gyn-practitioner/1209/90537702000,Clinical Instructor of OB/GYN (Practitioner),Research_Fellow,Full-time,Center of USC,OB/GYN,"August 04, 2025",
106,https://usccareers.usc.edu/job/los-angeles/clinical-instructor-of-anesthesiology-practitioner/1209/90426562448,Clinical Instructor of Anesthesiology (Practitioner),Assistant_Professor; Associate_Professor; Full_Professor; Research_Fellow,Full-time,Department of Anesthesiology,Anesthesiology,"August 04, 2025",
106,https://usccareers.usc.edu/job/los-angeles/part-time-lecturer-of-anesthesiology/1209/89893070912,Part-Time Lecturer of Anesthesiology,Lecturer,Part-time,School of Engineering University Relations USC Credit Union Alfred E,Anesthesiology,"August 04, 2025",
106,https://usccareers.usc.edu/job/los-angeles/clinical-instructors-of-radiology-fellow/1209/89232361600,Clinical Instructors of Radiology (Fellow),Assistant_Professor; Associate_Professor; Full_Professor; Research_Fellow,Full-time,Department of Radiology,Radiology,"August 04, 2025",
106,https://usccareers.usc.edu/job/los-angeles/clinical-instructor-of-emergency-medicine-fellow/1209/88690688016,Clinical Instructor of Emergency Medicine (Fellow),Assistant_Professor; Associate_Professor; Full_Professor; Research_Fellow,Full-time,School of Medicine,Emergency Medicine,"August 04, 2025",
106,https://usccareers.usc.edu/job/los-angeles/anatomic-pathology-assistant-associate-or-professor-of-clinical-pathology/1209/88557856176,Anatomic Pathology - Assistant/Associate or Professor of Clinical Pathology,Full_Professor,Full-time,School of Engineering University Relations USC Credit Union Alfred E,,"August 04, 2025",
106,https://usccareers.usc.edu/job/los-angeles/clinical-associate-professor-of-anesthesiology-clinician-educator-chla/1209/88557856128,Clinical Associate Professor of Anesthesiology (Clinician Educator) CHLA,Associate_Professor,Full-time,School of Medicine,Anesthesiology,"August 04, 2025",
106,https://usccareers.usc.edu/job/los-angeles/professor-of-clinical-radiology-chla/1209/88537453744,Professor of Clinical Radiology CHLA,Full_Professor,Full-time,School of Medicine,Clinical Radiology CHLA; computational methods; quantitative,"August 04, 2025",
106,https://usccareers.usc.edu/job/los-angeles/clinical-assistant-professor-of-medicine-clinician-educator-nocturnist/1209/87749983520,Clinical Assistant Professor of Medicine (Clinician Educator) Nocturnist,Assistant_Professor,Full-time,Division of Hospital and Palliative Medicine,Medicine; direct patient care of co-managed,"August 04, 2025",
106,https://usccareers.usc.edu/job/los-angeles/clinical-assistant-professor-of-medicine-clinician-educator-hospitalist/1209/87749983488,Clinical Assistant Professor of Medicine (Clinician Educator) Hospitalist,Assistant_Professor,Full-time,Division of Hospital and Palliative,Medicine,"August 04, 2025",
106,https://usccareers.usc.edu/job/los-angeles/clinical-assistant-or-associate-professor-of-psychiatry-and-the-behavioral-sciences-part-time/1209/84719559504,Clinical Assistant or Associate Professor of Psychiatry and the Behavioral Sciences (Part-Time),Assistant_Professor; Associate_Professor,Part-time,School of Engineering University Relations USC Credit Union Alfred E,Psychiatry and the Behavioral Sciences; Expertise: Possess an active California,"August 04, 2025",
106,https://usccareers.usc.edu/job/los-angeles/associate-assistant-professor-of-clinical-othopaedic-surgery-non-operative-spine/1209/83286346640,Associate/Assistant Professor of Clinical Othopaedic Surgery Non Operative Spine,Assistant_Professor; Associate_Professor,Full-time,Department of Orthopaedic Surgery,Clinical Othopaedic Surgery Non Operative Spine,"August 04, 2025",
106,https://usccareers.usc.edu/job/los-angeles/clinical-instructor-clinical-assistant-professor-of-psychiatry-and-the-behavioral-sciences-clinicia/1209/81892564912,Clinical Instructor/Clinical Assistant Professor of Psychiatry and the Behavioral Sciences (Clinician Educator),Assistant_Professor,Full-time,Department of Psychiatry and the Behavioral Sciences,Psychiatry and the Behavioral Sciences,"August 04, 2025",
106,https://usccareers.usc.edu/job/los-angeles/sport-psychology-therapist-clinical-instructor-clinical-assistant-professor-of-psychiatry-and-the-b/1209/81527063920,Sport Psychology Therapist Clinical Instructor/Clinical Assistant Professor of Psychiatry and the Behavioral Sciences (Clinician Educator),Assistant_Professor,Full-time,Department of Psychiatry and Behavioral Sciences,Psychiatry and the Behavioral Sciences,"August 04, 2025",
106,https://usccareers.usc.edu/job/los-angeles/assistant-associate-professor-of-clinical-pathology-hematopathology-chla/1209/81227756736,Assistant/Associate Professor of Clinical Pathology (Hematopathology)-CHLA,Assistant_Professor; Associate_Professor,Full-time,School of Medicine,Clinical Pathology,"August 04, 2025",
106,https://usccareers.usc.edu/job/los-angeles/clinical-instructor-of-medicine-practitioner/1209/80916685616,Clinical Instructor of Medicine (Practitioner),Assistant_Professor; Associate_Professor; Full_Professor; Research_Fellow,Full-time,Department of Medicine,Medicine,"August 04, 2025",
106,https://usccareers.usc.edu/job/los-angeles/assistant-professor-of-clinical-neurology/1209/80318056720,Assistant Professor of Clinical Neurology,Assistant_Professor,Full-time,Department of Neurology,Clinical Neurology,"August 04, 2025",
106,https://usccareers.usc.edu/job/los-angeles/clinical-assistant-professor-of-otolaryngology-head-and-neck-surgery-practitioner-adult-audiology/1209/79941301536,Clinical Assistant Professor of Otolaryngology Head and Neck Surgery (Practitioner) Adult Audiology,Assistant_Professor,Full-time,Division of Audiology,Otolaryngology Head and Neck Surgery,"August 04, 2025",
106,https://usccareers.usc.edu/job/los-angeles/clinical-associate-assistant-professor-of-otolaryngology-head-and-neck-surgery-practitioner-compreh/1209/79941301504,Clinical Associate/Assistant Professor of Otolaryngology Head and Neck Surgery (Practitioner) Comprehensive ENT,Assistant_Professor; Associate_Professor,Full-time,School of Engineering University Relations USC Credit Union Alfred E,Otolaryngology Head and Neck Surgery,"August 04, 2025",
106,https://usccareers.usc.edu/job/los-angeles/nurse-practitioner-clinical-instructor-of-neurology-practitioner/1209/79555979520,Nurse Practitioner/Clinical Instructor of Neurology (Practitioner),Assistant_Professor; Associate_Professor; Full_Professor; Research_Fellow,Full-time,Department of Neurology,Neurology,"August 04, 2025",
106,https://usccareers.usc.edu/job/los-angeles/clinical-assistant-professor-of-psychiatry-and-the-behavioral-sciences-part-time/1209/79517820720,Clinical Assistant Professor of Psychiatry and the Behavioral Sciences (Part-Time),Assistant_Professor,Part-time,Department of Psychiatry and the Behavioral Sciences,Psychiatry and the Behavioral Sciences,"August 04, 2025",
106,https://usccareers.usc.edu/job/los-angeles/assistant-or-associate-professor-of-clinical-pathology-neuropathology-chla/1209/79517820528,Assistant or Associate Professor of Clinical Pathology (Neuropathology) -CHLA,Assistant_Professor; Associate_Professor,Full-time,School of Medicine is available,Clinical Pathology; developmental neuropathology; molecular,"August 04, 2025",
106,https://usccareers.usc.edu/job/los-angeles/clinical-instructor-of-neurology-fellow/1209/79535625248,Clinical Instructor of Neurology (Fellow),Research_Fellow,Full-time,Department of Neurology,Neurology,"August 04, 2025",
106,https://usccareers.usc.edu/job/los-angeles/clinical-instructor-of-urology-fellow/1209/79226257216,Clinical Instructor of Urology (Fellow),Research_Fellow,Full-time,Institute of Urology is seeking a clinical Instructor of urology,Urology,"August 04, 2025",
106,https://usccareers.usc.edu/job/los-angeles/clinical-assistant-professor-of-pediatrics-clinician-educator/1209/79015921312,Clinical Assistant Professor of Pediatrics (Clinician Educator),Assistant_Professor,Full-time,Department of Pediatrics,Pediatrics; ACCM currently; participation,"August 04, 2025",
106,https://usccareers.usc.edu/job/los-angeles/clinical-associate-professor-of-pediatrics-practitioner-chla/1209/79030976176,Clinical Associate Professor of Pediatrics (Practitioner) CHLA,Associate_Professor,Full-time,School of Medicine,Pediatrics,"August 04, 2025",
106,https://usccareers.usc.edu/job/los-angeles/clinical-associate-professor-of-pediatrics-clinician-educator-chla/1209/79030976144,Clinical Associate Professor of Pediatrics (Clinician Educator)CHLA,Associate_Professor,Full-time,School of Medicine,Pediatrics,"August 04, 2025",
106,https://usccareers.usc.edu/job/los-angeles/clinical-assistant-professor-of-pediatrics-practitioner-chla/1209/79010534368,Clinical Assistant Professor of Pediatrics (Practitioner) CHLA,Assistant_Professor,Full-time,School of Medicine,Pediatrics,"August 04, 2025",
106,https://usccareers.usc.edu/job/los-angeles/clinical-assistant-professor-of-pediatrics-practitioner-chla/1209/79226256768,Clinical Assistant Professor of Pediatrics (Practitioner) CHLA,Assistant_Professor,Full-time,School of Medicine,Pediatrics,"August 04, 2025",
106,https://usccareers.usc.edu/job/los-angeles/interventional-pulmonary-director-professor-of-clinical-medicine/1209/78654269568,Interventional Pulmonary Director Professor of Clinical Medicine,Full_Professor,Full-time,Division of Thoracic Surgery staff and members,Clinical Medicine; Health System,07/25/2025,
106,https://usccareers.usc.edu/job/los-angeles/clinical-assistant-or-associate-professor-of-psychiatry-and-the-behavioral-sciences-practitioner-tr/1209/78280290256,Clinical Assistant or Associate Professor of Psychiatry and the Behavioral Sciences (Practitioner) Transplant Psychologist,Assistant_Professor; Associate_Professor,Full-time,Department of Psychiatry and the Behavioral Sciences,Psychiatry and the Behavioral Sciences,"August 04, 2025",
106,https://usccareers.usc.edu/job/los-angeles/clinical-assistant-professor-of-psychiatry-and-the-behavioral-sciences-and-pediatrics-chla/1209/77746570816,Clinical Assistant Professor of Psychiatry and the Behavioral Sciences and Pediatrics -CHLA,Assistant_Professor,Full-time,School of Medicine,Psychiatry and the Behavioral Sciences and Pediatrics,07/25/2025,
106,https://usccareers.usc.edu/job/los-angeles/assistant-professor-of-research-physiology-and-neuroscience/1209/77339844752,Assistant Professor of Research Physiology and Neuroscience,Assistant_Professor,Full-time,School of Engineering University Relations USC Credit Union Alfred E,Research Physiology and Neuroscience; Alzheimer’s disease translational,07/25/2025,
106,https://usccareers.usc.edu/job/los-angeles/assistant-professor-of-research-neurology-ini/1209/76431996496,Assistant Professor of Research Neurology INI,Assistant_Professor,Full-time,School of Engineering University Relations USC Credit Union Alfred E,Research Neurology INI; interdisciplinary computational neuroscience research; neurobiology,"August 04, 2025",
106,https://usccareers.usc.edu/job/los-angeles/assistant-professor-of-research-neurology/1209/76431996400,Assistant Professor of Research Neurology,Assistant_Professor,Full-time,Center for Image Acquisition,Research Neurology; interdisciplinary computational,"August 04, 2025",
106,https://usccareers.usc.edu/job/los-angeles/clinical-assistant-or-associate-professor-of-pediatrics-practitioner-chla/1209/76387375504,Clinical Assistant or Associate Professor of Pediatrics (Practitioner) CHLA,Assistant_Professor; Associate_Professor,Part-time,School of Medicine,Pediatrics,07/25/2025,
106,https://usccareers.usc.edu/job/los-angeles/professor-of-clinical-anesthesiology-chla/1209/76387375440,Professor of Clinical Anesthesiology-CHLA,Full_Professor,Full-time,School of Medicine,Clinical Anesthesiology-CHLA; ACCM currently; single departmental structure,07/25/2025,
106,https://usccareers.usc.edu/job/los-angeles/clinical-instructor-of-medicine-fellow-division-of-transplant-nephrology/1209/75977044704,Clinical Instructor of Medicine (Fellow) Division of Transplant Nephrology,Research_Fellow,Full-time,Division of Transplant Nephrology,Medicine,07/25/2025,
106,https://usccareers.usc.edu/job/los-angeles/clinical-instructor-of-medicine-practitioner/1209/74334152576,Clinical Instructor of Medicine (Practitioner),Research_Fellow,Full-time,School of Engineering University Relations USC Credit Union Alfred E,Medicine,07/25/2025,
106,https://usccareers.usc.edu/job/los-angeles/clinical-instructor-of-otolaryngology-head-and-neck-surgery-fellow-laryngology/1209/73364679328,Clinical Instructor of Otolaryngology Head and Neck Surgery (Fellow) (Laryngology),Assistant_Professor; Associate_Professor; Full_Professor; Research_Fellow,Full-time,School of Engineering University Relations USC Credit Union Alfred E,Otolaryngology Head and Neck Surgery,"August 04, 2025",
106,https://usccareers.usc.edu/job/los-angeles/clinical-assistant-professor-of-anesthesiology-clinician-educator-chla/1209/73042228944,Clinical Assistant Professor of Anesthesiology (Clinician Educator) CHLA,Assistant_Professor,Full-time,School of Medicine,Anesthesiology,07/25/2025,
106,https://usccareers.usc.edu/job/los-angeles/assistant-associate-professor-of-orthopaedic-surgery-tenure-track/1209/72244221920,Assistant/Associate Professor of Orthopaedic Surgery (Tenure Track),Assistant_Professor; Associate_Professor,Full-time,"Department of Orthopaedic Surgery, Keck School of Medicine",Orthopaedic Surgery,"August 04, 2025",
106,https://usccareers.usc.edu/job/arcadia/nurse-practitioner-physician-assistant-clinical-instructor-of-emergency-medicine-practitioner/1209/72134631728,Nurse Practitioner/Physician Assistant Clinical Instructor of Emergency Medicine (Practitioner),Assistant_Professor; Associate_Professor; Full_Professor; Research_Fellow,Full-time,School of Medicine appropriate to the level of training and experience,Emergency Medicine,07/25/2025,
106,https://usccareers.usc.edu/job/los-angeles/clinical-instructor-of-otolaryngology-head-and-neck-surgery-fellow-rhinology/1209/72134631712,Clinical Instructor of Otolaryngology Head and Neck Surgery (Fellow) Rhinology,Assistant_Professor; Associate_Professor; Full_Professor; Research_Fellow,Full-time,School of Engineering University Relations USC Credit Union Alfred E,Otolaryngology Head and Neck Surgery,"August 04, 2025",
106,https://usccareers.usc.edu/job/arcadia/clinical-assistant-professor-of-emergency-medicine-part-time/1209/72134631680,Clinical Assistant Professor of Emergency Medicine (Part-Time),Assistant_Professor,Part-time,School of Medicine appropriate to the level of training and experience,Emergency Medicine,07/25/2025,
106,https://usccareers.usc.edu/job/los-angeles/clinical-assistant-professor-of-medicine-part-time/1209/72055098128,Clinical Assistant Professor of Medicine (Part-Time),Assistant_Professor,Part-time,"Division of Pulmonary, Critical Care and Sleep Medicine",Medicine,"August 04, 2025",
106,https://usccareers.usc.edu/job/los-angeles/clinical-assistant-professor-of-pediatrics-clinician-educator-chla/1209/70810976960,Clinical Assistant Professor of Pediatrics (Clinician Educator) CHLA,Assistant_Professor,Full-time,School of Medicine,Pediatrics,"August 04, 2025",
106,https://usccareers.usc.edu/job/los-angeles/clinical-assistant-professor-of-pediatrics-clinician-educator-emergency-medicine/1209/69855277264,Clinical Assistant Professor of Pediatrics (Clinician Educator) Emergency Medicine,Assistant_Professor,Full-time,School of Medicine,Pediatrics,"August 04, 2025",
106,https://usccareers.usc.edu/job/los-angeles/assistant-associate-or-professor-of-clinical-neurology/1209/69366069440,Assistant/Associate or Professor of Clinical Neurology,Full_Professor,Full-time,Department of Neurology,Clinical Neurology,"August 04, 2025",
106,https://usccareers.usc.edu/job/los-angeles/associate-professor-of-clinical-surgery-chla/1209/67588693088,Associate Professor of Clinical Surgery,Associate_Professor,Full-time,School of Medicine,Clinical Surgery,07/25/2025,
106,https://usccareers.usc.edu/job/los-angeles/assistant-professor-of-research-neurology/1209/67607913824,Assistant Professor of Research Neurology,Assistant_Professor,Full-time,School of Engineering University Relations USC Credit Union Alfred E,Research Neurology,07/25/2025,
106,https://usccareers.usc.edu/job/los-angeles/clinical-assistant-professor-of-psychiatry-and-the-behavioral-sciences-clinician-educator/1209/66687491232,Clinical Assistant Professor of Psychiatry and the Behavioral Sciences (Clinician Educator),Assistant_Professor,Full-time,School of Medicine of USC The Department of Psychiatry and the Behavioral Sciences,Psychiatry and the Behavioral Sciences,07/25/2025,
106,https://usccareers.usc.edu/job/los-angeles/assistant-professor-of-research-medicine/1209/66809261648,Assistant Professor of Research Medicine,Assistant_Professor,Full-time,Department of Medicine,Research Medicine,"August 04, 2025",
106,https://usccareers.usc.edu/job/los-angeles/clinical-instructor-of-otolaryngology-head-and-neck-surgery-fellow-head-and-neck-surgery/1209/64958159136,Clinical Instructor of Otolaryngology Head and Neck Surgery (Fellow) Head & Neck Surgery,Assistant_Professor; Associate_Professor; Full_Professor; Research_Fellow,Full-time,faculty for complex cases in addition to leading residents through cases as primary surgeon,Otolaryngology Head and Neck Surgery,"August 04, 2025",
106,https://usccareers.usc.edu/job/santa-clarita/clinical-associate-professor-of-medicine-practitioner-medical-oncology/1209/64470156592,Clinical Associate Professor of Medicine (Practitioner) Medical Oncology,Associate_Professor,Full-time,Department of Medicine,Medicine,"August 04, 2025",
106,https://usccareers.usc.edu/job/los-angeles/assistant-professor-of-clinical-medicine-infectious-disease/1209/62922817504,Assistant Professor of Clinical Medicine (Infectious Disease),Assistant_Professor,Full-time,Division of Infectious Diseases,Clinical Medicine,"August 04, 2025",
106,https://usccareers.usc.edu/job/los-angeles/clinical-assistant-professor-of-medicine-part-time-infectious-disease/1209/62933068192,Clinical Assistant Professor of Medicine (Part-Time) Infectious Disease,Assistant_Professor,Part-time,Department of Medicine,Medicine,07/25/2025,
106,https://usccareers.usc.edu/job/los-angeles/primary-care-clinical-assistant-or-associate-professor-of-medicine-clinician-educator-or-practition/1209/63460878464,Primary Care -Clinical Assistant or Associate Professor of Medicine (Clinician Educator) or (Practitioner),Assistant_Professor; Associate_Professor,Part-time,Division of General Internal Medicine,,07/25/2025,
106,https://usccareers.usc.edu/job/los-angeles/clinical-assistant-professor-of-pediatrics-clinician-educator-chla/1209/63460878192,Clinical Assistant Professor of Pediatrics (Clinician Educator)-CHLA,Assistant_Professor,Full-time,School of Medicine,Pediatrics,07/25/2025,
106,https://usccareers.usc.edu/job/los-angeles/clinical-assistant-or-associate-professor-of-pediatrics-clinician-educator-division-of-general-pedi/1209/62254220560,Clinical Assistant or Associate Professor of Pediatrics (Clinician Educator) Division of General Pediatrics-CHLA,Assistant_Professor; Associate_Professor,Full-time,School of Medicine,Pediatrics; child maltreatment,07/25/2025,
106,https://usccareers.usc.edu/job/los-angeles/clinical-instructor-of-ophthalmology-fellow/1209/61642002800,Clinical Instructor of Ophthalmology (Fellow),Assistant_Professor; Associate_Professor; Full_Professor; Research_Fellow,Full-time,Department of Ophthalmology and the USC Roski Eye Institute and satellite clinics,Ophthalmology,07/25/2025,
106,https://usccareers.usc.edu/job/los-angeles/associate-director-for-crisis-services-clinical-assistant-or-associate-professor-of-psychiatry-and-/1209/61052652544,Associate Director for Crisis Services/Clinical Assistant or Associate Professor of Psychiatry and the Behavioral Sciences (Clinician Educator),Assistant_Professor; Associate_Professor,Full-time,Department of Psychiatry and Behavioral Sciences,Psychiatry and the Behavioral Sciences,"August 04, 2025",
106,https://usccareers.usc.edu/job/la-jolla/assistant-professor-of-research-neurology-atri/1209/60632246832,Assistant Professor of Research Neurology (ATRI),Assistant_Professor,Full-time,School of Medicine,Research Neurology; Alzheimer's disease; analysis of multi-center randomized clinical,07/25/2025,
106,https://usccareers.usc.edu/job/los-angeles/nurse-practitioner-or-physician-assistant-clinical-instructor-of-medicine-part-time/1209/60632246016,Nurse Practitioner or Physician Assistant Clinical Instructor of Medicine (Part-Time),Assistant_Professor; Associate_Professor; Full_Professor; Research_Fellow,Part-time,Department of Medicine,Medicine,"August 04, 2025",
106,https://usccareers.usc.edu/job/los-angeles/assistant-associate-or-professor-of-clinical-ophthalmology/1209/60632245952,Assistant/Associate or Professor of Clinical Ophthalmology,Full_Professor,Full-time,Institute for Medical Research,Clinical Ophthalmology,"August 04, 2025",
106,https://usccareers.usc.edu/job/los-angeles/psychiatry-residency-program-director-clinical-assistant-associate-or-professor-of-psychiatry-and-t/1209/60632245776,Psychiatry Residency Program Director,Assistant_Professor; Associate_Professor; Full_Professor; Research_Fellow,Full-time,Department of Psychiatry and Behavioral Sciences in the Keck School of Medicine,state-of-the-art,"August 04, 2025",
106,https://usccareers.usc.edu/job/los-angeles/clinical-assistant-professor-of-dermatology-clinician-educator-chla/1209/60632245680,Clinical Assistant Professor of Dermatology (Clinician Educator) CHLA,Assistant_Professor,Full-time,Department of Dermatology,Dermatology,07/25/2025,
106,https://usccareers.usc.edu/job/los-angeles/clinical-associate-professor-of-medicine-part-time/1209/60632245312,Clinical Associate Professor of Medicine (Part-Time),Associate_Professor,Part-time,"Division of Pulmonary, Critical Care and Sleep Medicine",Medicine,07/25/2025,
106,https://usccareers.usc.edu/job/los-angeles/part-time-licensed-mental-health-therapist-for-counseling-and-mental-health-clinical-instructor-of-/1209/60632245056,Part-time Licensed Mental Health Therapist for Counseling and Mental Health / Clinical Instructor of Psychiatry and the Behavioral Sciences (Clinician Educator),Assistant_Professor; Associate_Professor; Full_Professor; Research_Fellow,Part-time,Department of Psychiatry and the Behavioral Sciences,Psychiatry and the Behavioral Sciences; state-of-the-art,"August 04, 2025",
106,https://usccareers.usc.edu/job/los-angeles/usc-department-of-psychiatry-vice-chair-for-education-clinical-assistant-professor-associate-profes/1209/60632245040,"USC Department of Psychiatry Vice Chair for Education / Clinical Assistant Professor, Associate Professor, or Professor of Psychiatry and the Behavioral Sciences (Clinician Educator)",Assistant_Professor; Associate_Professor; Full_Professor,Full-time,School of Medicine The Keck School of Medicine,Psychiatry and the Behavioral Sciences; state-of-the-art,"August 04, 2025",
106,https://usccareers.usc.edu/job/los-angeles/associate-or-professor-of-clinical-pediatrics-division-of-hematology-oncology-chla/1209/60632244960,Associate or Professor of Clinical Pediatrics (Division of Hematology-Oncology)-CHLA,Full_Professor,Full-time,"Department of Pediatrics, Keck School of Medicine, University of Southern California",Clinical Pediatrics,07/25/2025,
106,https://usccareers.usc.edu/job/los-angeles/solid-tumor-program-medical-director-associate-or-professor-of-clinical-pediatrics-hematology-oncol/1209/60632244944,Solid Tumor Program Medical Director Associate or Professor of Clinical Pediatrics (Hematology-Oncology)-CHLA,Full_Professor,Full-time,"Department of Pediatrics, Keck School of Medicine, University of Southern California",Clinical Pediatrics,"August 04, 2025",
106,https://usccareers.usc.edu/job/los-angeles/assistant-director-for-outreach-and-prevention-counseling-and-mental-health-clinical-instructor-cli/1209/60632244912,"Assistant Director for Outreach and Prevention, Counseling and Mental Health Clinical Instructor/Clinical Assistant of Psychiatry and the Behavioral Sciences (Clinician Educator)",Assistant_Professor; Associate_Professor; Full_Professor; Research_Fellow,Full-time,Department of Psychiatry provides clinical services primarily,Psychiatry and the Behavioral Sciences; state-of-the-art,"August 04, 2025",
106,https://usccareers.usc.edu/job/los-angeles/clinical-assistant-professor-of-medicine-part-time/1209/60632244864,Clinical Assistant Professor of Medicine (Part-Time),Assistant_Professor,Part-time,Department of Medicine,Medicine,07/25/2025,
106,https://usccareers.usc.edu/job/los-angeles/licensed-therapist-clinical-instructor-or-clinical-assistant-professor-of-psychiatry-and-the-behavi/1209/60632244848,Licensed Therapist Clinical Instructor or Clinical Assistant Professor of Psychiatry and the Behavioral Sciences (Practitioner),Assistant_Professor,Full-time,Department of Psychiatry and the Behavioral Sciences,Psychiatry and the Behavioral Sciences,"August 04, 2025",
106,https://usccareers.usc.edu/job/los-angeles/licensed-therapist-for-high-risk-team-clinical-assistant-professor-of-psychiatry-and-the-behavioral/1209/60632244832,Licensed Therapist for High-Risk Team Clinical Assistant Professor of Psychiatry and the Behavioral Sciences (Clinician Educator),Assistant_Professor,Full-time,Department of Psychiatry and the Behavioral Sciences,Psychiatry and the Behavioral Sciences,"August 04, 2025",
106,https://usccareers.usc.edu/job/los-angeles/clinical-instructor-of-medicine-part-time-div-of-oncology/1209/60632244704,Clinical Instructor of Medicine (Part-Time) Div of Oncology,Assistant_Professor; Associate_Professor; Full_Professor; Research_Fellow,Part-time,Department of Medicine,Medicine,"August 04, 2025",
106,https://usccareers.usc.edu/job/los-angeles/assistant-associate-or-professor-of-otolaryngology-head-and-neck-surgery-tenure-track/1209/60632244688,Assistant/Associate or Professor of Otolaryngology Head and Neck Surgery (Tenure Track),Full_Professor,Full-time,Center for Regenerative Medicine and Stem Cell Research,Otolaryngology Head and Neck Surgery; your future commitments; goals related,"August 04, 2025",
106,https://usccareers.usc.edu/job/los-angeles/assistant-associate-professor-of-clinical-orthopaedic-surgery-joint-replacement/1209/51805384656,Assistant/Associate Professor of Clinical Orthopaedic Surgery (Joint Replacement),Assistant_Professor; Associate_Professor,Full-time,Department of Orthopaedic Surgery,Clinical Orthopaedic Surgery,"August 04, 2025",
106,https://usccareers.usc.edu/job/los-angeles/associate-professor-of-neurology-institute-for-technology-and-medical-systems/1209/60632244640,Associate Professor of Neurology (Institute for Technology and Medical Systems),Associate_Professor,Full-time,Institute for Technology and Medical Systems,Neurology; conducting research studies; possesses the abilities,07/25/2025,
106,https://usccareers.usc.edu/job/los-angeles/assistant-professor-of-research-radiology-chla/1209/60632244592,Assistant Professor of Research Radiology-CHLA,Assistant_Professor,Full-time,Department of Radiology,Research Radiology-CHLA,"August 04, 2025",
106,https://usccareers.usc.edu/job/los-angeles/assistant-professor-tenure-track-for-hastings-center-for-pulmonary-research/1209/60632244544,Assistant Professor (Tenure Track) for Hastings Center for Pulmonary Research,Assistant_Professor,Full-time,Center for Pulmonary Research,,07/25/2025,
106,https://usccareers.usc.edu/job/los-angeles/associate-professor-of-clinical-surgery/1209/60632244480,Associate Professor of Clinical Surgery,Associate_Professor,Full-time,School of Medicine of the University of Southern California is recruiting,Clinical Surgery,07/25/2025,
106,https://usccareers.usc.edu/job/los-angeles/clinical-assistant-professor-of-pediatrics-practitioner-division-of-cardiology-chla/1209/61115134544,Clinical Assistant Professor of Pediatrics (Practitioner) Division of Cardiology-CHLA,Assistant_Professor,Full-time,School of Medicine,Pediatrics,"August 04, 2025",
106,https://usccareers.usc.edu/job/los-angeles/associate-director-leukemia-lymphoma-program-associate-professor-of-clinical-pediatrics-division-of/1209/60632244416,"Associate Director, Leukemia/Lymphoma Program-Associate Professor of Clinical Pediatrics Division of Hematology and Oncology-CHLA",Associate_Professor,Full-time,"Department of Pediatrics, Keck School of Medicine, University of Southern California",Clinical Pediatrics Division of Hematology and Oncology-CHLA; pediatric hematologic,"August 04, 2025",
106,https://usccareers.usc.edu/job/los-angeles/licensed-therapists-for-high-risk-team-in-counseling-and-mental-health-cmh-clinical-instructor-or-a/1209/60632244368,Licensed Therapists for High Risk Team in Counseling and Mental Health (CMH) / Clinical Instructor or Assistant Professor of Clinical Psychiatry and the Behavioral Sciences (Clinican Educator),Assistant_Professor,Full-time,Department of Public Safety,Counseling and Mental Health,"August 04, 2025",
106,https://usccareers.usc.edu/job/los-angeles/assistant-associate-professor-of-clinical-radiology/1209/60632244336,Assistant/Associate Professor of Clinical Radiology,Assistant_Professor; Associate_Professor,Part-time,Department of Radiology,Clinical Radiology,"August 04, 2025",
106,https://usccareers.usc.edu/job/los-angeles/psychiatric-emergency-services-psychiatrist-los-angeles-general-medical-center-clinical-assistant-p/1209/60632244288,Psychiatric Emergency Services Psychiatrist Los Angeles General Medical Center/Clinical Assistant Professor of Psychiatry and the Behavioral Sciences (Clinician Educator),Assistant_Professor,Full-time,Department of Psychiatry and the Behavioral Sciences,Psychiatry and the Behavioral Sciences,"August 04, 2025",
106,https://usccareers.usc.edu/job/los-angeles/licensed-board-certified-eligible-psychiatrist-for-lac-usc-medical-center-clinical-assistant-associ/1209/60632244160,Licensed / Board Certified / Eligible Psychiatrist for LAC+USC Medical Center Clinical Assistant/Associate or Professor of Psychiatry and the Behavioral Sciences (Clinician Educator_,Full_Professor,Full-time,Department of Psychiatry and the Behavioral Sciences,Psychiatry and the Behavioral Sciences,"August 04, 2025",
106,https://usccareers.usc.edu/job/los-angeles/assistant-professor-of-research-physiology-and-neuroscience/1209/60632244016,Assistant Professor of Research Physiology and Neuroscience,Assistant_Professor,Full-time,School of Engineering University Relations USC Credit Union Alfred E,Research Physiology and Neuroscience,07/25/2025,
106,https://usccareers.usc.edu/job/los-angeles/clinical-instructor-of-orthopaedic-surgery-fellow/1209/60632243952,Clinical Instructor of Orthopaedic Surgery (Fellow),Assistant_Professor; Associate_Professor; Full_Professor; Research_Fellow,Full-time,Department of Orthopaedic Surgery is seeking to hire a Clinical Instructor,Orthopaedic Surgery,07/25/2025,
106,https://usccareers.usc.edu/job/los-angeles/clinical-assistant-professor-of-pediatrics-clinician-educator-chla/1209/60632243936,Clinical Assistant Professor of Pediatrics (Clinician Educator)-CHLA,Assistant_Professor,Full-time,School of Medicine,Pediatrics,07/25/2025,
106,https://usccareers.usc.edu/job/los-angeles/assistant-professor-of-clinical-surgery-division-of-plastic-and-reconstructive-surgery/1209/60632243872,Assistant Professor of Clinical Surgery (Division of Plastic and Reconstructive Surgery),Assistant_Professor,Full-time,Department of Surgery,Clinical Surgery,07/25/2025,
106,https://usccareers.usc.edu/job/los-angeles/clinical-assistant-professor-of-pediatrics-practitioner-chla/1209/60632243776,Clinical Assistant Professor of Pediatrics (Practitioner) CHLA,Assistant_Professor,Full-time,School of Medicine,Pediatrics,07/25/2025,
106,https://usccareers.usc.edu/job/los-angeles/senior-associate-director-of-counseling-and-mental-health-clinical-assistant-or-associate-professor/1209/60632243744,Senior Associate Director of Counseling and Mental Health Clinical Assistant or Associate Professor of Psychiatry and the Behavioral Sciences (Clinician Educator),Assistant_Professor; Associate_Professor,Full-time,Department of Psychiatry and Behavioral Sciences,Psychiatry and the Behavioral Sciences,"August 04, 2025",
106,https://usccareers.usc.edu/job/los-angeles/assistant-associate-or-professor-of-clinical-psychiatry-and-the-behavioral-sciences/1209/60632243728,Assistant /Associate or Professor of Clinical Psychiatry and the Behavioral Sciences,Full_Professor,Full-time,Department of Psychiatry and the Behavioral Sciences,Clinical Psychiatry and the Behavioral Sciences,"August 04, 2025",
106,https://usccareers.usc.edu/job/los-angeles/clinical-instructor-of-anesthesiology-fellow/1209/60632243712,Clinical Instructor of Anesthesiology (Fellow),Assistant_Professor; Associate_Professor; Full_Professor; Research_Fellow,Full-time,Department of Anesthesiology is seeking to hire a Clinical Instructor,Anesthesiology,07/25/2025,
106,https://usccareers.usc.edu/job/los-angeles/nurse-practitioner-clinical-assistant-professor-of-psychiatry-and-the-behavioral-sciences-practitio/1209/60632243696,Nurse Practitioner - Clinical Assistant Professor of Psychiatry and the Behavioral Sciences (Practitioner),Assistant_Professor,Full-time,Department of Psychiatry and the Behavioral Sciences,,"August 04, 2025",
106,https://usccareers.usc.edu/job/los-angeles/clinical-assistant-or-associate-professor-of-anesthesiology-clinician-educator/1209/60632243504,Clinical Assistant or Associate Professor of Anesthesiology (Clinician Educator),Assistant_Professor; Associate_Professor,Full-time,Department of Anesthesiology,Anesthesiology,07/25/2025,
106,https://usccareers.usc.edu/job/los-angeles/clinical-associate-professor-of-pediatrics-clinician-educator-chla/1209/60632243440,Clinical Associate Professor of Pediatrics (Clinician Educator)-CHLA,Associate_Professor,Full-time,School of Medicine,Pediatrics,07/25/2025,
106,https://usccareers.usc.edu/job/los-angeles/clinical-instructor-of-orthopaedic-surgery-fellow-spine-medicine/1209/60632243408,Clinical Instructor of Orthopaedic Surgery (Fellow)-Spine Medicine,Research_Fellow,Full-time,Department of Orthopaedic Surgery is seeking to hire a Clinical Instructor,Orthopaedic Surgery,07/25/2025,
106,https://usccareers.usc.edu/job/los-angeles/licensed-mental-health-therapist-for-cmh-embedded-in-marshall-school-of-business-clinical-instructo/1209/60632243232,Licensed Mental Health Therapist for CMH embedded in Marshall School of Business / Clinical Instructor or Clinical Assistant Professor of Psychiatry and the Behavioral Sciences (Clinician Educator),Assistant_Professor,Full-time,Department of Psychiatry and the Behavioral Sciences,Psychiatry and the Behavioral Sciences,"August 04, 2025",
106,https://usccareers.usc.edu/job/los-angeles/assistant-professor-of-physiology-neuroscience-and-neurology-tenure/1209/60632243200,"Assistant Professor of Physiology, Neuroscience and Neurology (Tenure)",Assistant_Professor,Full-time,School of Medicine appropriate to the level of training and experience,"Physiology, Neuroscience and Neurology; translational",07/25/2025,
106,https://usccareers.usc.edu/job/los-angeles/clinical-assistant-professor-of-radiology-part-time/1209/91449067312,Clinical Assistant Professor of Radiology (Part-Time),Assistant_Professor,Part-time,Department of Radiology,Radiology,02/06/2026,
106,https://usccareers.usc.edu/job/los-angeles/clinical-assistant-professor-of-radology-interventional-radiologist-clinician-educator-chla/1209/60632242912,Clinical Assistant Professor of Radology (Interventional Radiologist) (Clinician Educator) CHLA,Assistant_Professor,Full-time,Department of Radiology,Radology,07/25/2025,
106,https://usccareers.usc.edu/job/los-angeles/clinical-assistant-professor-of-radiology-clinician-educator-chla/1209/60632242832,Clinical Assistant Professor of Radiology (Clinician Educator)-CHLA,Assistant_Professor,Full-time,Department of Radiology,Radiology,07/25/2025,
106,https://usccareers.usc.edu/job/los-angeles/clinical-professor-of-anesthesiology-clinician-educator/1209/60632242816,Clinical Professor of Anesthesiology (Clinician Educator),Full_Professor,Full-time,Department of Anesthesiology,Anesthesiology,07/25/2025,
106,https://usccareers.usc.edu/job/los-angeles/medical-director-for-usc-psychiatry-and-behavioral-health-services-at-upc-assistant-or-associate-pr/1209/60632242752,Medical Director for USC Psychiatry and Behavioral Health Services,Assistant_Professor; Associate_Professor; Full_Professor; Research_Fellow,Full-time,Department of Psychiatry and the Behavioral Sciences,mental health treatments; state-of-the-art,07/25/2025,
106,https://usccareers.usc.edu/job/los-angeles/assistant-professor-of-clinical-integrative-anatomical-sciences-human-anatomoy/1209/60632242672,Assistant Professor of Clinical Integrative Anatomical Sciences-Human Anatomoy,Assistant_Professor,Full-time,School of Engineering University Relations USC Credit Union Alfred E,Clinical Integrative Anatomical Sciences-Human Anatomoy,"September 15, 2022","July 1, 2023"
106,https://usccareers.usc.edu/job/los-angeles/physician-assistant-pa-clinical-instructor-of-urology-clinician-educator/1209/60632242656,Physician Assistant (PA) / Clinical Instructor of Urology (Clinician Educator),Assistant_Professor; Associate_Professor; Full_Professor; Research_Fellow,Full-time,Department of Urology is looking for a full time Clinical Instructor of Urology,Urology,07/25/2025,
106,https://usccareers.usc.edu/job/los-angeles/licensed-psychiatrists-for-psychiatry-and-behavioral-health-services-pbhs-clinic-at-hsc-assistant-p/1209/60632242624,Licensed Psychiatrists for Psychiatry and Behavioral Health Services (PBHS) clinic at HSC Assistant Professor of Clinical Psychiatry and the Behavioral Sciences (Clinician Educator),Assistant_Professor,Full-time,Department of Psychiatry and the Behavioral Sciences,Clinical Psychiatry and the Behavioral Sciences,07/25/2025,
106,https://usccareers.usc.edu/job/los-angeles/clinical-instructor-of-medicine-clinician-educator-division-of-pulmonology/1209/60632242608,Clinical Instructor of Medicine (Clinician Educator) Division of Pulmonology,Assistant_Professor; Associate_Professor; Full_Professor; Research_Fellow,Full-time,Division of Pulmonology,Medicine,07/25/2025,
106,https://usccareers.usc.edu/job/los-angeles/licensed-psychiatrists-for-usc-psychiatry-and-behavorial-health-services-at-upc-assistant-professor/1209/60632242496,Licensed Psychiatrists for USC Psychiatry and Behavorial Health Services at UPC/Assistant Professor of Clinical Psychiatry and the Behavioral Sciences (Practitioner),Assistant_Professor,Full-time,School of Medicine of USC The Department of Psychiatry and the Behavioral Sciences,Clinical Psychiatry and the Behavioral Sciences,07/25/2025,
106,https://usccareers.usc.edu/job/los-angeles/clinical-instructor-of-medicine-practitioner-medical-oncology/1209/60632242432,Clinical Instructor of Medicine (Practitioner) Medical Oncology,Assistant_Professor; Associate_Professor; Full_Professor; Research_Fellow,Full-time,Department of Medicine,Medicine,"August 04, 2025",
106,https://usccareers.usc.edu/job/los-angeles/assistant-professor-of-clinical-population-and-public-health-sciences-center-for-genetic-epidemiolo/1209/60632242368,Assistant Professor of Clinical Population and Public Health Sciences Center for Genetic Epidemiology,Assistant_Professor,Full-time,Center for Genetic Epidemiology,Clinical Population and Public Health Sciences Center for Genetic Epidemiology; Multiethnic Cohort; statistical aspects of genome,07/25/2025,
106,https://usccareers.usc.edu/job/los-angeles/hospitalist-clinician-educator-division-of-inpatient-pediatrics-lac-usc/1209/60632242336,"Hospitalist, Clinician Educator-Division of Inpatient Pediatrics LAC USC",Assistant_Professor; Associate_Professor; Full_Professor; Research_Fellow,Full-time,Division of Inpatient Pediatrics LAC USC,Inpatient Pediatrics LAC USC,07/25/2025,
106,https://usccareers.usc.edu/job/los-angeles/clinical-instructor-of-neurology-fellow/1209/60632242176,Clinical Instructor of Neurology (Fellow),Assistant_Professor; Associate_Professor; Full_Professor; Research_Fellow,Full-time,Department of Neurology,Neurology,07/25/2025,
106,https://usccareers.usc.edu/job/los-angeles/associate-or-professor-of-clinical-pediatrics-transplantation-and-cellular-therapy-chla/1209/60632242128,Associate or Professor of Clinical Pediatrics (Transplantation and Cellular Therapy)-CHLA,Full_Professor,Full-time,School of Medicine,Clinical Pediatrics,"August 04, 2025",
106,https://usccareers.usc.edu/job/los-angeles/licensed-clinical-psychologist-at-los-angeles-general-medical-center-clinical-assistant-professor-o/1209/60632242080,Licensed Clinical Psychologist at Los Angeles General Medical Center / Clinical Assistant Professor of Psychiatry and the Behavioral Sciences (Clinician Educator),Assistant_Professor,Full-time,Department of Psychiatry and the Behavioral Sciences,Psychiatry and the Behavioral Sciences,"August 04, 2025",
106,https://usccareers.usc.edu/job/los-angeles/assistant-associate-professor-of-clinical-surgery-thoracic-surgery/1209/60632241968,Assistant/Associate Professor of Clinical Surgery (Thoracic Surgery),Assistant_Professor; Associate_Professor,Full-time,Division of Thoracic Surgery in the Department of Surgery,Clinical Surgery,07/25/2025,
106,https://usccareers.usc.edu/job/arcadia/advanced-practice-provider-instructor-of-clinical-medicine-division-of-pulmonology/1209/60632241936,Advanced Practice Provider Instructor of Clinical Medicine (Division of Pulmonology),Research_Fellow,Full-time,Department of Medicine,Clinical Medicine,07/25/2025,
106,https://usccareers.usc.edu/job/los-angeles/clinical-instructor-of-surgery-clinician-educator/1209/60632241856,Clinical Instructor of Surgery (Clinician Educator),Assistant_Professor; Associate_Professor; Full_Professor; Research_Fellow,Full-time,School of Medicine,Surgery; coordination of skills related activities,07/25/2025,
106,https://usccareers.usc.edu/job/los-angeles/licensed-mental-health-therapists-for-cmh-clinical-instructor-or-clinical-assistant-professor-of-ps/1209/60632241760,Licensed Mental Health Therapists for CMH / Clinical Instructor or Clinical Assistant Professor of Psychiatry and the Behavioral Sciences (Clinician Educator),Assistant_Professor,Full-time,Division of Student Counseling and Mental Health The University of Southern California,Psychiatry and the Behavioral Sciences,"August 04, 2025",
106,https://usccareers.usc.edu/job/los-angeles/assistant-professor-of-neurology-institute-of-neuro-imaging/1209/60632241696,Assistant Professor of Neurology (Institute of Neuro Imaging),Assistant_Professor,Full-time,School of Engineering University Relations USC Credit Union Alfred E,Neurology,07/25/2025,
106,https://usccareers.usc.edu/job/los-angeles/professor-of-urology/1209/60632241632,Professor of Urology,Full_Professor,Full-time,Institute of Urology is seeking a Professor of Urology,Urology,07/25/2025,
106,https://usccareers.usc.edu/job/los-angeles/instructor-of-clinical-medicine/1209/60632241616,Instructor of Clinical Medicine,Assistant_Professor; Associate_Professor; Full_Professor; Research_Fellow,Full-time,Department of Medicine,Clinical Medicine; genetic counseling; cancer genetics,"August 04, 2025",
106,https://usccareers.usc.edu/job/los-angeles/assistant-professor-of-research-translational-genomics/1209/60632241536,Assistant Professor of Research Translational Genomics,Assistant_Professor,Full-time,School of Engineering University Relations USC Credit Union Alfred E,Research Translational Genomics; biomedical informatics; neurological disorders,07/25/2025,
106,https://usccareers.usc.edu/job/los-angeles/associate-or-professor-of-clinical-pediatircs-chla-section-head-transplantation-and-cellular-therap/1209/60632241312,"Associate or Professor of Clinical Pediatircs-CHLA Section Head, Transplantation and Cellular Therapy Endowed Chair in Transplantation and Cellular Therapy",Full_Professor,Full-time,"Department of Pediatrics, Keck School of Medicine, University of Southern California",Transplantation and Cellular Therapy,07/25/2025,
106,https://usccareers.usc.edu/job/los-angeles/clinical-assistant-professor-of-urology-practitioner/1209/60632241296,Clinical Assistant Professor of Urology (Practitioner),Assistant_Professor,Full-time,School of Medicine of the University of Southern California is recruiting,Urology,07/25/2025,
106,https://usccareers.usc.edu/job/los-angeles/associate-full-professor-of-clinical-radiation-oncology-medical-physics/1209/60632241280,Associate/Full Professor of Clinical Radiation Oncology Medical Physics,Associate_Professor; Full_Professor,Full-time,Department of Radiation Oncology,Clinical Radiation Oncology Medical Physics,"August 04, 2025",
106,https://usccareers.usc.edu/job/los-angeles/assistant-professor-of-clinical-surgery-hepatobiliary-pancreatic-surgery-abdominal-organ-transplant/1209/88705822528,Assistant Professor of Clinical Surgery Hepatobiliary/Pancreatic Surgery/Abdominal Organ Transplantation,Assistant_Professor,Full-time,Department of Surgery,Clinical Surgery Hepatobiliary/Pancreatic Surgery/Abdominal Organ Transplantation,11/22/2025,
106,https://usccareers.usc.edu/job/los-angeles/professor-of-research-surgery-cardiothoracic/1209/60632241248,Professor of Research Surgery (Cardiothoracic),Full_Professor,Full-time,Department of Surgery is recruiting,Research Surgery; Lung Biology; Molecular Biology,07/25/2025,
106,https://usccareers.usc.edu/job/los-angeles/full-time-licensed-therapists-for-relationship-and-sexual-violence-prevention-and-services-program-/1209/60632241232,Full Time Licensed Therapists for Relationship and Sexual Violence Prevention and Services Program (RSVP) / Clinical Assistant Professor of Psychiatry and the Behavioral Sciences (Clinician Educator),Assistant_Professor,Part-time,Division of Student Mental Health in the Department of Psychiatry and the Behavioral Sciences,Psychiatry and the Behavioral Sciences,07/25/2025,
106,https://usccareers.usc.edu/job/los-angeles/clinical-instructor-of-medicine-practitioner-medical-oncology/1209/60632241152,Clinical Instructor of Medicine (Practitioner) Medical Oncology,Assistant_Professor; Associate_Professor; Full_Professor; Research_Fellow,Full-time,Department of Medicine,Medicine,07/25/2025,
106,https://usccareers.usc.edu/job/los-angeles/licensed-therapists-for-high-risk-team-in-counseling-and-mental-health-cmh-clinical-instructor-or-a/1209/60632240992,Licensed Therapists for High Risk Team in Counseling and Mental Health (CMH) / Clinical Instructor or Assistant Professor of Psychiatry and the Behavioral Sciences,Assistant_Professor,Full-time,Department of Public Safety,Counseling and Mental Health,"August 04, 2025",
106,https://usccareers.usc.edu/job/los-angeles/assistant-professor-of-clinical-radiology/1209/60632240752,Assistant Professor of Clinical Radiology,Assistant_Professor,Full-time,Department of Radiology,Clinical Radiology; neuroradiology including image-guided procedures,07/25/2025,
106,https://usccareers.usc.edu/job/los-angeles/adjunct-assistant-professor-of-clinical/1209/95659834288,Adjunct Assistant Professor of Clinical,Assistant_Professor,Part-time,Division of Oral and Maxillofacial Surgery,Clinical,"August 04, 2025",
106,https://usccareers.usc.edu/job/los-angeles/assistant-associate-professor-of-clinical-dentistry/1209/95659834240,Assistant/Associate Professor of Clinical Dentistry,Assistant_Professor; Associate_Professor,Full-time,Department of Distance Learning & Telehealth,Clinical Dentistry; LMS-based course shell management; Orofacial Pain Certificate,"August 04, 2025",
106,https://usccareers.usc.edu/job/los-angeles/adjunct-assistant-professor-of-clinical/1209/95659834208,Adjunct Assistant Professor of Clinical,Assistant_Professor,Part-time,Division of Oral and Maxillofacial Surgery,Clinical,"August 04, 2025",
106,https://usccareers.usc.edu/job/los-angeles/clinical-assistant-professor/1209/96947697408,Clinical Assistant Professor,Assistant_Professor,Part-time,School of Engineering University Relations USC Credit Union Alfred E,,"August 04, 2025",
106,https://usccareers.usc.edu/job/los-angeles/clinical-assistant-professor/1209/95306136192,Clinical Assistant Professor,Assistant_Professor,Part-time,Department of Anesthesia,,"August 04, 2025",
106,https://usccareers.usc.edu/job/los-angeles/assistant-associate-professor-of-clinical-dentistry-open-rank/1209/82375407296,Assistant/Associate Professor of Clinical Dentistry (Open Rank),Assistant_Professor; Associate_Professor,Full-time,Division of Biomedical and Clinical Sciences,Clinical Dentistry,"August 04, 2025",
106,https://usccareers.usc.edu/job/los-angeles/assistant-associate-professor-of-clinical-occupational-therapy-open-rank/1209/81964596208,Assistant/Associate Professor of Clinical Occupational Therapy (Open Rank),Assistant_Professor; Associate_Professor,Full-time,Division of Occupational Science and Occupational Therapy,Clinical Occupational Therapy,"August 04, 2025",
106,https://usccareers.usc.edu/job/los-angeles/assistant-professor-of-clinical-occupational-therapy/1209/81964596176,Assistant Professor of Clinical Occupational Therapy,Assistant_Professor,Full-time,Division of Occupational Science and Occupational Therapy,Clinical Occupational Therapy,"August 04, 2025",
106,https://usccareers.usc.edu/job/los-angeles/instructor-assistant-professor-of-clinical-occupational-therapy-open-rank/1209/74411309552,Instructor/Assistant Professor of Clinical Occupational Therapy (OPEN RANK),Assistant_Professor,Full-time,Division of Occupational Science and Occupational Therapy,Clinical Occupational Therapy,"August 04, 2025",
106,https://usccareers.usc.edu/job/los-angeles/adjunct-assistant-professor-of-clinical-occupational-therapy/1209/74306739408,Adjunct Assistant Professor of Clinical Occupational Therapy,Assistant_Professor,Full-time,Division of Occupational Science and Occupational Therapy,Clinical Occupational Therapy,"August 04, 2025",
106,https://usccareers.usc.edu/job/los-angeles/assistant-professor-of-dentistry/1209/72219322096,Assistant Professor of Dentistry,Assistant_Professor,Full-time,Center for Craniofacial Molecular Biology,Dentistry; tissue regeneration; gene regulation,"August 04, 2025",
106,https://usccareers.usc.edu/job/los-angeles/assistant-professor-of-clinical-occupational-therapy/1209/64637351152,Assistant Professor of Clinical Occupational Therapy,Assistant_Professor,Full-time,Division of Occupational Science and Occupational Therapy,Clinical Occupational Therapy,"August 04, 2025",
106,https://usccareers.usc.edu/job/los-angeles/assistant-associate-professor-of-clinical-occupational-therapy-open-rank/1209/64637351104,Assistant/Associate Professor of Clinical Occupational Therapy (OPEN RANK),Assistant_Professor; Associate_Professor,Full-time,Division of Occupational Science and Occupational Therapy,Clinical Occupational Therapy,"August 04, 2025",
106,https://usccareers.usc.edu/job/los-angeles/assistant-professor-of-clinical-occupational-therapy/1209/60632228576,Assistant Professor of Clinical Occupational Therapy,Assistant_Professor,Full-time,Division of Occupational Science and Occupational Therapy,Clinical Occupational Therapy,"August 04, 2025",
106,https://usccareers.usc.edu/job/los-angeles/assistant-professor-of-clinical-occupational-therapy/1209/60632228496,Assistant Professor of Clinical Occupational Therapy,Assistant_Professor,Full-time,Division of Occupational Science and Occupational Therapy,Clinical Occupational Therapy,"August 04, 2025",
106,https://usccareers.usc.edu/job/los-angeles/assistant-professor-of-clinical-occupational-therapy/1209/60632228416,Assistant Professor of Clinical Occupational Therapy,Assistant_Professor,Full-time,Division of Occupational Science and Occupational Therapy,Clinical Occupational Therapy,"August 04, 2025",
106,https://usccareers.usc.edu/job/los-angeles/assistant-associate-full-professor-of-occupational-science-and-occupational-therapy-open-rank/1209/60632228272,Assistant/Associate/Full Professor of Occupational Science and Occupational Therapy (OPEN RANK),Assistant_Professor; Associate_Professor; Full_Professor,Full-time,Division of Occupational Science and Occupational Therapy,Occupational Science and Occupational Therapy,"August 04, 2025",
106,https://usccareers.usc.edu/job/los-angeles/instructor-assistant-professor-of-clinical-physical-therapy-open-rank/1209/60632228224,Instructor/Assistant Professor of Clinical Physical Therapy (OPEN RANK),Assistant_Professor,Full-time,School of Engineering University Relations USC Credit Union Alfred E,Clinical Physical Therapy,"August 04, 2025",
106,https://usccareers.usc.edu/job/los-angeles/associate-professor-full-professor-of-occupational-science-and-occupational-therapy-open-rank/1209/69934741856,Associate Professor/Full Professor of Occupational Science and Occupational Therapy (OPEN RANK),Associate_Professor,Full-time,Division of Occupational Science and Occupational Therapy,Occupational Science and Occupational Therapy,"August 04, 2025",
106,https://usccareers.usc.edu/job/los-angeles/full-time-teaching-track-faculty-position-in-spatial-sciences/1209/97279849424,"Full-Time, Teaching-Track Faculty Position in Spatial Sciences",Assistant_Professor; Associate_Professor; Full_Professor; Lecturer; Research_Fellow,Full-time,School of Engineering University Relations USC Credit Union Alfred E,Spatial Sciences; Institute’s core areas of geographic,"August 04, 2025",
106,https://usccareers.usc.edu/job/los-angeles/part-time-teaching-track-faculty-position-in-chemistry/1209/96991900928,"Part-Time, Teaching-Track Faculty Position in Chemistry",Research_Fellow,Part-time,"Department of Chemistry in the Dana and David Dornsife College of Letters, Arts and Sciences",Chemistry,"August 04, 2025",
106,https://usccareers.usc.edu/job/washington-d-c/part-time-teaching-track-faculty-position-in-economics-capital-campus/1209/95301606528,"Part-Time, Teaching-Track Faculty Position in Economics",Assistant_Professor; Associate_Professor; Full_Professor; Lecturer; Research_Fellow,Part-time,"Department of Economics in the Dana and David Dornsife College of Letters, Arts and Sciences",Economics,"August 04, 2025",
106,https://usccareers.usc.edu/job/los-angeles/visiting-faculty-position-in-economics/1209/94510044576,Visiting Faculty Position in Economics,Assistant_Professor; Associate_Professor; Full_Professor; Research_Fellow,Full-time,"Department of Economics in the Dana and David Dornsife College of Letters, Arts and Sciences",Economics,"August 04, 2025",
106,https://usccareers.usc.edu/job/los-angeles/part-time-teaching-track-faculty-position-in-physical-education-and-mind-body-health/1209/94510044512,"Part-Time, Teaching-Track Faculty Position in Physical Education & Mind Body Health",Research_Fellow,Part-time,"College of Letters, Arts and Sciences",Physical Education & Mind Body Health,"August 04, 2025",
106,https://usccareers.usc.edu/job/los-angeles/assistant-professor-rtpc-of-mathematics/1209/87871964560,Assistant Professor (RTPC) of Mathematics,Assistant_Professor,Full-time,School of Engineering University Relations USC Credit Union Alfred E,Mathematics,"December 1, 2025",
106,https://usccareers.usc.edu/job/los-angeles/associate-or-full-professor-in-experimental-quantum-computing/1209/74319222896,Associate or Full Professor in Experimental Quantum Computing,Associate_Professor; Full_Professor,Full-time,Department of Electrical and Computer Engineering,Experimental Quantum Computing; quantum information,"August 04, 2025",
106,https://usccareers.usc.edu/job/los-angeles/associate-professor-of-clinical-pharmacy-teaching-track-senior-director-of-fellowship-programs/1209/97120262928,Associate Professor of Clinical Pharmacy (Teaching Track),Associate_Professor,Full-time,School of Pharmacy and Pharmaceutical Sciences,Clinical Pharmacy; pharmaceutical industry-related classes Interface,"August 04, 2025",
