school_id,posting_url,job_title_in_post,position_type,job_term,department_or_school,area_key_words,deadline_of_application,position_start_date
774,https://unc.peopleadmin.com/postings/324979,UNC-Chapel Hill Employment Opportunities,Unclassified,Part-time,,,09/25/2026,10/01/2026
774,https://unc.peopleadmin.com/postings/299396,UNC-Chapel Hill Employment Opportunities,Research_Fellow,Part-time,School of Medicine has a rich tradition of excellence and care,,,07/01/2024
774,https://unc.peopleadmin.com/postings/324133,UNC-Chapel Hill Employment Opportunities,Unclassified,Part-time,,,09/23/2026,
774,https://unc.peopleadmin.com/postings/318560,UNC-Chapel Hill Employment Opportunities,Assistant_Professor; Associate_Professor; Full_Professor,Part-time,School of Civic Life and Leadership,,"December 1, 2024",07/01/2025
774,https://unc.peopleadmin.com/postings/324668,UNC-Chapel Hill Employment Opportunities,Unclassified,Part-time,,,09/07/2026,
774,https://unc.peopleadmin.com/postings/320010,UNC-Chapel Hill Employment Opportunities | Post-Doc Research Associate,Research_Fellow,Part-time,,,,
774,https://unc.peopleadmin.com/postings/324890,UNC-Chapel Hill Employment Opportunities,Unclassified,Part-time,Department of Family Medicine,,,03/01/2026
774,https://unc.peopleadmin.com/postings/323340,UNC-Chapel Hill Employment Opportunities,Assistant_Professor; Associate_Professor; Full_Professor; Research_Fellow,Part-time,Department of Psychiatry,UNC Alzheimer’s Disease Research; geriatric mental health,,10/05/2026
774,https://unc.peopleadmin.com/postings/325059,UNC-Chapel Hill Employment Opportunities | Dental Technician,Non-academic,Part-time,School of Dentistry,,09/14/2026,
774,https://unc.peopleadmin.com/postings/314245,UNC-Chapel Hill Employment Opportunities | Post-Doc Research Associate,Research_Fellow,Part-time,School of Global Public Health,,,
774,https://unc.peopleadmin.com/postings/324496,UNC-Chapel Hill Employment Opportunities,Non-academic,Part-time,,,09/09/2026,
774,https://unc.peopleadmin.com/postings/318764,UNC-Chapel Hill Employment Opportunities,Assistant_Professor; Associate_Professor; Full_Professor,Part-time,"Division of Rheumatology, Allergy, and Immunology",,,07/01/2026
774,https://unc.peopleadmin.com/postings/324782,UNC-Chapel Hill Employment Opportunities | Dental Assistant,Unclassified,Part-time,,,09/10/2026,
774,https://unc.peopleadmin.com/postings/321906,UNC-Chapel Hill Employment Opportunities | Post-Doc Research Associate - Malik Lab,Research_Fellow,Part-time,School of Medicine has a rich tradition of excellence and care,,,
774,https://unc.peopleadmin.com/postings/299386,UNC-Chapel Hill Employment Opportunities | Post-Doc Research Associate,Research_Fellow,Part-time,School of Medicine has a rich tradition of excellence and care,targeted therapeutics applications,,02/26/2024
774,https://unc.peopleadmin.com/postings/324085,UNC-Chapel Hill Employment Opportunities,Assistant_Professor; Associate_Professor; Full_Professor,Part-time,Department of Radiation Oncology,,,08/01/2026
774,https://unc.peopleadmin.com/postings/318549,UNC-Chapel Hill Employment Opportunities,Assistant_Professor; Associate_Professor; Full_Professor,Part-time,School of Dentistry,,10/04/2024,12/01/2024
774,https://unc.peopleadmin.com/postings/324646,UNC-Chapel Hill Employment Opportunities,Non-academic,Part-time,,,09/08/2026,
774,https://unc.peopleadmin.com/postings/319602,UNC-Chapel Hill Employment Opportunities | Post-Doc Research Associate,Research_Fellow,Part-time,,translational cancer; cancer biology; Biomedical Sciences,,
774,https://unc.peopleadmin.com/postings/324878,UNC-Chapel Hill Employment Opportunities | EM&amp;P Planning Assistant,Non-academic,Part-time,,,09/09/2026,09/14/2026
774,https://unc.peopleadmin.com/postings/323215,UNC-Chapel Hill Employment Opportunities | Scientific Director (Research Assistant Professor),Assistant_Professor,Part-time,"Department of Medicine, Division of Infectious Diseases is seeking an Assistant Professor",implementation of research procedures; original scholarship,,10/01/2026
774,https://unc.peopleadmin.com/postings/325048,UNC-Chapel Hill Employment Opportunities,Assistant_Professor; Associate_Professor; Full_Professor,Part-time,,,09/09/2026,
774,https://unc.peopleadmin.com/postings/312830,UNC-Chapel Hill Employment Opportunities | Post-Doc Research Associate,Research_Fellow,Part-time,,mammalian tissue culture; molecular biology,,
774,https://unc.peopleadmin.com/postings/324456,UNC-Chapel Hill Employment Opportunities | Agronomy Associate,Unclassified,Part-time,,,09/27/2026,07/13/2026
774,https://unc.peopleadmin.com/postings/318754,UNC-Chapel Hill Employment Opportunities,Assistant_Professor; Associate_Professor; Full_Professor,Part-time,"Department of Pathology and Laboratory Medicine, University of North Carolina",Kidney Transplant programs; UNC Kidney Center; School of Medicine,,07/01/2026
774,https://unc.peopleadmin.com/postings/324767,UNC-Chapel Hill Employment Opportunities | Admin Support Specialist,Non-academic,Part-time,,,09/07/2026,08/17/2026
774,https://unc.peopleadmin.com/postings/321864,UNC-Chapel Hill Employment Opportunities,Assistant_Professor; Associate_Professor; Full_Professor,Part-time,"Department of Ophthalmology, University of North Carolina",,,10/01/2026
774,https://unc.peopleadmin.com/postings/324960,UNC-Chapel Hill Employment Opportunities,Assistant_Professor; Associate_Professor; Full_Professor,Part-time,,,09/08/2026,
774,https://unc.peopleadmin.com/postings/318511,UNC-Chapel Hill Employment Opportunities,Assistant_Professor; Associate_Professor; Full_Professor,Part-time,School of Medicine has a rich tradition of excellence and care,,,01/01/2025
774,https://unc.peopleadmin.com/postings/324618,UNC-Chapel Hill Employment Opportunities | Senior Assistant Director,Assistant_Professor; Associate_Professor; Full_Professor,Part-time,Division of Enrollment,,09/18/2026,10/12/2026
774,https://unc.peopleadmin.com/postings/319327,UNC-Chapel Hill Employment Opportunities | Assistant or Associate Clinical Professor in Periodontology,Full_Professor,Part-time,School of Dentistry is,Periodontology,,07/01/2026
774,https://unc.peopleadmin.com/postings/324866,UNC-Chapel Hill Employment Opportunities | Adjunct Associate Professor,Associate_Professor,Part-time,"School of Medicine, invites applications for a faculty position",Division of Speech,09/16/2026,
774,https://unc.peopleadmin.com/postings/322979,UNC-Chapel Hill Employment Opportunities,Unclassified,Part-time,"Department of Pathology and Laboratory Medicine, University of North Carolina",School of Medicine,,01/04/2027
774,https://unc.peopleadmin.com/postings/325033,UNC-Chapel Hill Employment Opportunities,Assistant_Professor; Associate_Professor; Full_Professor,Part-time,Department of Radiology,,,01/01/2027
774,https://unc.peopleadmin.com/postings/311299,UNC-Chapel Hill Employment Opportunities | Post-Doc Research Associate,Research_Fellow,Part-time,Department of Radiology and the Biomedical Research Imaging Center,,,
774,https://unc.peopleadmin.com/postings/324419,"UNC-Chapel Hill Employment Opportunities | Africa Practicum, Faculty Exchange, and Regional Learning Initiative Project Coordinator",Non-academic,Part-time,School of Social Work,,09/07/2026,10/05/2026
774,https://unc.peopleadmin.com/postings/318747,UNC-Chapel Hill Employment Opportunities,Assistant_Professor; Associate_Professor; Full_Professor,Part-time,Division of Geriatrics and Director of the Center for Aging and Health,complex clinical care; medical education,,03/01/2026
774,https://unc.peopleadmin.com/postings/324758,UNC-Chapel Hill Employment Opportunities,Assistant_Professor; Associate_Professor; Full_Professor; Research_Fellow,Part-time,Department of Psychiatry,children Evidence of potential; maternal-infant mental health,,09/07/2026
774,https://unc.peopleadmin.com/postings/321343,UNC-Chapel Hill Employment Opportunities,Assistant_Professor; Associate_Professor; Full_Professor,Part-time,Department of Dermatology,,,09/01/2026
774,https://unc.peopleadmin.com/postings/324952,UNC-Chapel Hill Employment Opportunities,Research_Fellow,Part-time,,,09/17/2026,10/05/2026
774,https://unc.peopleadmin.com/postings/299375,UNC-Chapel Hill Employment Opportunities | Postdoctoral Research Associate – Heinzen Lab,Research_Fellow,Part-time,School of Pharmacy,,,07/01/2021
774,https://unc.peopleadmin.com/postings/324047,UNC-Chapel Hill Employment Opportunities | Postdoctoral Research Associate,Research_Fellow,Part-time,School of Global Public Health,,,
774,https://unc.peopleadmin.com/postings/324560,UNC-Chapel Hill Employment Opportunities,Assistant_Professor; Associate_Professor; Full_Professor,Part-time,Department of Orthopaedics,,,01/01/2027
774,https://unc.peopleadmin.com/postings/318813,UNC-Chapel Hill Employment Opportunities,Assistant_Professor; Associate_Professor; Full_Professor,Part-time,Division of Cardiology,,,11/01/2026
774,https://unc.peopleadmin.com/postings/324852,UNC-Chapel Hill Employment Opportunities,Non-academic,Part-time,,local,09/09/2026,09/14/2026
774,https://unc.peopleadmin.com/postings/322774,UNC-Chapel Hill Employment Opportunities | Post-Doc Research Associate,Research_Fellow,Part-time,College of Arts and Sciences,,07/20/2027,
774,https://unc.peopleadmin.com/postings/325025,UNC-Chapel Hill Employment Opportunities | Admin Support Associate,Unclassified,Part-time,Institute for Global Health and Infectious Diseases,,09/11/2026,09/14/2026
774,https://unc.peopleadmin.com/postings/307233,UNC-Chapel Hill Employment Opportunities | Post-Doc Research Associate,Research_Fellow,Part-time,,,,10/13/2025
774,https://unc.peopleadmin.com/postings/324390,UNC-Chapel Hill Employment Opportunities | Clinical Instructor,Non-academic,Part-time,School of Medicine has a rich tradition of excellence and care,,,08/03/2026
774,https://unc.peopleadmin.com/postings/318612,UNC-Chapel Hill Employment Opportunities | Open Rank Physician Scientist for MPS,Assistant_Professor; Associate_Professor; Full_Professor,Part-time,Division of Genetics and Metabolism in the Department of Pediatrics,special interest,,10/01/2025
774,https://unc.peopleadmin.com/postings/324752,UNC-Chapel Hill Employment Opportunities | Post-Doc Research Associate - Bachelder Lab (DPMP),Research_Fellow,Part-time,School of Pharmacy,,,
774,https://unc.peopleadmin.com/postings/320911,UNC-Chapel Hill Employment Opportunities | Post-Doc Research Associate,Research_Fellow,Part-time,College of Arts and Sciences,reinforcement learning; multimodal learning,09/14/2026,10/01/2026
774,https://unc.peopleadmin.com/postings/324941,UNC-Chapel Hill Employment Opportunities | Research Assistant,Non-academic,Part-time,,Clinical Core,09/09/2026,
774,https://unc.peopleadmin.com/postings/299365,UNC-Chapel Hill Employment Opportunities | Postdoctoral Fellow,Research_Fellow,Part-time,School of Medicine has a rich tradition of excellence and care,allergy; immunology,,09/05/2022
774,https://unc.peopleadmin.com/postings/323978,UNC-Chapel Hill Employment Opportunities | Post-Doc Research Associate,Research_Fellow,Part-time,Center of Regulatory Science,tobacco control policy research; systems,,
774,https://unc.peopleadmin.com/postings/318503,UNC-Chapel Hill Employment Opportunities,Assistant_Professor; Associate_Professor; Full_Professor,Part-time,School of Medicine has a rich tradition of excellence and care,,,08/21/2023
774,https://unc.peopleadmin.com/postings/318796,UNC-Chapel Hill Employment Opportunities,Assistant_Professor; Associate_Professor; Full_Professor,Part-time,Department of Radiation Oncology,,,09/01/2026
774,https://unc.peopleadmin.com/postings/324844,UNC-Chapel Hill Employment Opportunities | Executive Assistant,Non-academic,Part-time,,,09/14/2026,
774,https://unc.peopleadmin.com/postings/322640,UNC-Chapel Hill Employment Opportunities,Assistant_Professor; Associate_Professor; Full_Professor; Research_Fellow,Part-time,Division of Hematology and the UNC Blood Research Center,Gillings School of Global Public; Eshelman School of Pharmacy,,09/01/2026
774,https://unc.peopleadmin.com/postings/325011,UNC-Chapel Hill Employment Opportunities | Youth Behavioral Health Hospital Medical Director,Assistant_Professor; Associate_Professor; Full_Professor,Part-time,Division of General Pediatrics and Adolescent Medicine,division include the impact of; contextual factors on health,,10/01/2026
774,https://unc.peopleadmin.com/postings/302989,UNC-Chapel Hill Employment Opportunities | Post-Doc Research Associate,Research_Fellow,Part-time,Department of Genetics,,,
774,https://unc.peopleadmin.com/postings/324307,UNC-Chapel Hill Employment Opportunities | Educational Developer for Teaching and Learning,Non-academic,Part-time,Center for Faculty Excellence,University leadership,09/08/2026,11/02/2026
774,https://unc.peopleadmin.com/postings/318598,UNC-Chapel Hill Employment Opportunities | Open Rank Pediatric Oncology Physician-Scientist,Assistant_Professor; Associate_Professor; Full_Professor; Research_Fellow,Part-time,School of Medicine has a rich tradition of excellence and care,clinical research,,07/01/2025
774,https://unc.peopleadmin.com/postings/324722,UNC-Chapel Hill Employment Opportunities,Unclassified,Part-time,,,09/15/2026,
774,https://unc.peopleadmin.com/postings/320686,UNC-Chapel Hill Employment Opportunities,Assistant_Professor; Associate_Professor; Full_Professor,Part-time,Department of Radiology,,,07/01/2026
774,https://unc.peopleadmin.com/postings/324928,UNC-Chapel Hill Employment Opportunities,Unclassified,Part-time,,,09/10/2026,
774,https://unc.peopleadmin.com/postings/299360,UNC-Chapel Hill Employment Opportunities | Post-Doc Research Associate,Research_Fellow,Part-time,,machine learning applications; approximation theory; creating a population,,09/01/2022
774,https://unc.peopleadmin.com/postings/323864,UNC-Chapel Hill Employment Opportunities | Post-Doc Research Associate,Research_Fellow,Part-time,,,,
774,https://unc.peopleadmin.com/postings/318489,"UNC-Chapel Hill Employment Opportunities | Open Rank Professor, tenure track (Nutrigenomics)",Full_Professor,Part-time,Department of Nutrition can be found,nutrigenomic causes of metabolic; nutrition variation,,06/01/2023
774,https://unc.peopleadmin.com/postings/324536,UNC-Chapel Hill Employment Opportunities | Open Rank - MFM/Critical Care Specialist,Assistant_Professor; Associate_Professor; Full_Professor,Part-time,,,,01/01/2027
774,https://unc.peopleadmin.com/postings/322382,UNC-Chapel Hill Employment Opportunities,Assistant_Professor; Associate_Professor; Full_Professor,Part-time,School of Medicine has a rich tradition of excellence and care,Thoracic medical oncology; research experience such,,07/01/2025
774,https://unc.peopleadmin.com/postings/324998,UNC-Chapel Hill Employment Opportunities | Lecturer,Lecturer,Part-time,Department of Women s and Gender Studies,higher education setting,10/05/2026,01/01/2027
774,https://unc.peopleadmin.com/postings/299448,UNC-Chapel Hill Employment Opportunities | Post-Doc Research Associate,Research_Fellow,Part-time,School of Medicine has a rich tradition of excellence and care,G-protein-coupled receptors; RNA -binding proteins,,10/23/2023
774,https://unc.peopleadmin.com/postings/324194,UNC-Chapel Hill Employment Opportunities,Non-academic,Part-time,,,09/14/2026,
774,https://unc.peopleadmin.com/postings/318572,UNC-Chapel Hill Employment Opportunities,Assistant_Professor; Associate_Professor; Full_Professor,Part-time,School of Medicine has a rich tradition of excellence and care,,,07/01/2025
774,https://unc.peopleadmin.com/postings/324693,UNC-Chapel Hill Employment Opportunities | Associate Dean of Communication,Non-academic,Part-time,School of Law aspires to be a great public law school,Communication,09/14/2026,10/05/2026
774,https://unc.peopleadmin.com/postings/320493,UNC-Chapel Hill Employment Opportunities | Pediatric Gastroenterology Clinical Assistant Professor,Assistant_Professor,Part-time,Division of Pediatric Gastroenterology,,,09/01/2026
774,https://unc.peopleadmin.com/postings/324921,UNC-Chapel Hill Employment Opportunities | Laboratory Animal Technician,Non-academic,Part-time,Division of Comparative Medicine,UNC campus conducted; Public Health,09/09/2026,
774,https://unc.peopleadmin.com/postings/323711,UNC-Chapel Hill Employment Opportunities | Post-Doc Research Associate - Vaziri-Bowser labs,Research_Fellow,Part-time,Center for Integrative Chemical Biology and Drug Discovery,designing experiments; performing necessary,,
774,https://unc.peopleadmin.com/postings/318347,UNC-Chapel Hill Employment Opportunities | Director of Gameday Graphics,Non-academic,Part-time,,Gameday Graphics,,12/08/2025
774,https://unc.peopleadmin.com/postings/324514,UNC-Chapel Hill Employment Opportunities | Post-Doc Research Associate,Research_Fellow,Part-time,Department of Pharmacology,cellular biology research; molecular,09/11/2026,01/04/2027
774,https://unc.peopleadmin.com/postings/318777,UNC-Chapel Hill Employment Opportunities,Assistant_Professor; Associate_Professor; Full_Professor,Part-time,"Division of Rheumatology, Allergy and Immunology in the Department of Medicine",,,07/01/2026
774,https://unc.peopleadmin.com/postings/324801,UNC-Chapel Hill Employment Opportunities,Assistant_Professor; Associate_Professor; Full_Professor; Research_Fellow,Part-time,Department of Epidemiology,epidemiology,,09/01/2027
774,https://unc.peopleadmin.com/postings/322014,UNC-Chapel Hill Employment Opportunities,Assistant_Professor; Associate_Professor; Full_Professor,Part-time,Department of Psychiatry,,,07/05/2027
774,https://unc.peopleadmin.com/postings/324988,UNC-Chapel Hill Employment Opportunities | Director of Support Services,Non-academic,Part-time,School of Dentistry,Support Services,09/07/2026,11/02/2026
774,https://unc.peopleadmin.com/postings/299406,UNC-Chapel Hill Employment Opportunities | Post-Doc Research Associate,Research_Fellow,Part-time,School of Medicine has a rich tradition of excellence and care,biochemical laboratory techniques; methods of,,09/03/2024
774,https://unc.peopleadmin.com/postings/324142,UNC-Chapel Hill Employment Opportunities,Unclassified,Part-time,"Department of Pathology and Laboratory Medicine, University of North Carolina",School of Medicine,,04/01/2027
774,https://unc.peopleadmin.com/postings/318564,UNC-Chapel Hill Employment Opportunities | Maternal Fetal Medicine Ultrasound Director - Open Rank,Assistant_Professor; Associate_Professor; Full_Professor,Part-time,School of Medicine has a rich tradition of excellence and care,,,07/01/2025
774,https://unc.peopleadmin.com/postings/324685,UNC-Chapel Hill Employment Opportunities | Research Technician (Kelada),Research_Fellow,Part-time,Department of Genetics in the UNC School of Medicine,,09/16/2026,
774,https://unc.peopleadmin.com/postings/320041,UNC-Chapel Hill Employment Opportunities,Assistant_Professor; Associate_Professor; Full_Professor,Part-time,"Department of Medicine, Department of Family Medicine, or Department of Emergency Medicine",Schools of Nursing; Social Work,,01/01/2027
774,https://unc.peopleadmin.com/postings/324896,UNC-Chapel Hill Employment Opportunities,Unclassified,Part-time,,,09/18/2026,
774,https://unc.peopleadmin.com/postings/323495,UNC-Chapel Hill Employment Opportunities,Assistant_Professor; Associate_Professor; Full_Professor,Part-time,"Department of Health Policy and Management,",capstone preparation,07/31/2027,
774,https://unc.peopleadmin.com/postings/316826,UNC-Chapel Hill Employment Opportunities | Post-Doc Research Associate - Dr. Ainslie&#39;s lab,Research_Fellow,Part-time,School of Pharmacy,Immunoengineering,,06/01/2026
774,https://unc.peopleadmin.com/postings/324507,UNC-Chapel Hill Employment Opportunities | Pediatric Endocrinology Clinical Assistant Professor,Assistant_Professor,Part-time,Department of Pediatrics,,,07/01/2026
774,https://unc.peopleadmin.com/postings/318766,UNC-Chapel Hill Employment Opportunities,Assistant_Professor; Associate_Professor; Full_Professor,Part-time,Division of Gastroenterology and Hepatology,,,07/01/2026
774,https://unc.peopleadmin.com/postings/324786,UNC-Chapel Hill Employment Opportunities,Assistant_Professor; Associate_Professor; Full_Professor,Part-time,Department of Surgery,,09/15/2026,08/30/2027
774,https://unc.peopleadmin.com/postings/299393,UNC-Chapel Hill Employment Opportunities | Post-Doc Research Associate,Research_Fellow,Part-time,,DNA repair; group include the DNA damage; Biomedical Sciences,,
774,https://unc.peopleadmin.com/postings/324098,UNC-Chapel Hill Employment Opportunities | Adjunct Instructor - DSS,Unclassified,Part-time,School of Data and Information Sciences,DSS,09/30/2026,
774,https://unc.peopleadmin.com/postings/318553,UNC-Chapel Hill Employment Opportunities,Assistant_Professor; Associate_Professor; Full_Professor,Part-time,School of Medicine has a rich tradition of excellence and care,,,07/01/2025
774,https://unc.peopleadmin.com/postings/324656,UNC-Chapel Hill Employment Opportunities,Non-academic,Part-time,,,09/10/2026,
774,https://unc.peopleadmin.com/postings/319783,UNC-Chapel Hill Employment Opportunities,Assistant_Professor; Associate_Professor; Full_Professor,Part-time,Department of Surgery,,,09/28/2026
774,https://unc.peopleadmin.com/postings/324881,"UNC-Chapel Hill Employment Opportunities | Clinical Assistant or Associate Professor, Teacher Education Supervisor",Assistant_Professor; Associate_Professor,Part-time,School of Education is an academic unit reporting to the Provost,Teacher Education Supervisor,"October 1, 2026",07/01/2027
774,https://unc.peopleadmin.com/postings/323282,UNC-Chapel Hill Employment Opportunities,Unclassified,Part-time,"Department of Pathology and Laboratory Medicine, University of North Carolina",School of Medicine,,07/01/2027
774,https://unc.peopleadmin.com/postings/325055,UNC-Chapel Hill Employment Opportunities | Video Production Specialist,Non-academic,Part-time,,,09/16/2026,09/28/2026
774,https://unc.peopleadmin.com/postings/313787,UNC-Chapel Hill Employment Opportunities | Post-Doc Research Associate - PACE,Research_Fellow,Part-time,School of Pharmacy,,,07/01/2026
774,https://unc.peopleadmin.com/postings/324472,UNC-Chapel Hill Employment Opportunities | Clinical Instructor,Unclassified,Part-time,Department of Psychiatry,,,08/03/2026
774,https://unc.peopleadmin.com/postings/318760,UNC-Chapel Hill Employment Opportunities,Assistant_Professor; Associate_Professor; Full_Professor,Part-time,Division of Gastroenterology and Hepatology,,,07/01/2026
774,https://unc.peopleadmin.com/postings/324770,UNC-Chapel Hill Employment Opportunities | Research Associate,Research_Fellow,Part-time,Institute for Private Capital,private capital markets including venture; financial economics,09/14/2026,09/21/2026
774,https://unc.peopleadmin.com/postings/321867,UNC-Chapel Hill Employment Opportunities,Assistant_Professor; Associate_Professor; Full_Professor,Part-time,School of Medicine has a rich tradition of excellence and care,,,07/01/2026
774,https://unc.peopleadmin.com/postings/324964,UNC-Chapel Hill Employment Opportunities | Study Coordinator,Non-academic,Part-time,,,09/17/2026,
774,https://unc.peopleadmin.com/postings/318517,UNC-Chapel Hill Employment Opportunities | Clinical Instructor,Unclassified,Part-time,School of Medicine has a rich tradition of excellence and care,,,02/01/2025
774,https://unc.peopleadmin.com/postings/324622,UNC-Chapel Hill Employment Opportunities,Non-academic,Part-time,,,09/10/2026,
774,https://unc.peopleadmin.com/postings/319350,UNC-Chapel Hill Employment Opportunities | Post-Doc Research Associate (Schrider),Research_Fellow,Part-time,,computational genomics; evolutionary genetics,,07/01/2026
774,https://unc.peopleadmin.com/postings/324871,UNC-Chapel Hill Employment Opportunities | Research Specialist,Non-academic,Part-time,,,09/09/2026,
774,https://unc.peopleadmin.com/postings/323086,UNC-Chapel Hill Employment Opportunities | Clinical Instructor - Outpatient General Adult,Unclassified,Part-time,,Outpatient General Adult,,12/07/2026
774,https://unc.peopleadmin.com/postings/325035,UNC-Chapel Hill Employment Opportunities | Research Assistant Professor,Assistant_Professor,Part-time,Center of Excellence for Eating Disorders,,,10/01/2026
774,https://unc.peopleadmin.com/postings/312165,UNC-Chapel Hill Employment Opportunities | Post-Doc Research Associate - Wolberg Lab,Research_Fellow,Part-time,Department of Pathology and Laboratory Medicine in the laboratory of Dr,lab focuses on cellular; biophysical mechanisms,,
774,https://unc.peopleadmin.com/postings/324431,UNC-Chapel Hill Employment Opportunities | Soc/Clin Research Specialist-CIND,Non-academic,Part-time,Division of Health Benefits contracts with CIDD to coordinate the NCI project,,09/30/2026,
774,https://unc.peopleadmin.com/postings/318749,UNC-Chapel Hill Employment Opportunities | Professor and Chair of Pharmacology,Full_Professor,Part-time,Department of Pharmacology,Pharmacology,,07/01/2025
774,https://unc.peopleadmin.com/postings/324763,UNC-Chapel Hill Employment Opportunities | Professor of the Practice / Director of the Energy Center,Full_Professor,Part-time,,energy public policy; broader energy; Energy Concentration,09/21/2026,07/01/2027
774,https://unc.peopleadmin.com/postings/321770,UNC-Chapel Hill Employment Opportunities | Assistant Professor - Virology,Assistant_Professor,Part-time,,Virology; human tumor viruses,,10/01/2026
774,https://unc.peopleadmin.com/postings/324954,UNC-Chapel Hill Employment Opportunities,Non-academic,Part-time,,,09/17/2026,
774,https://unc.peopleadmin.com/postings/299380,UNC-Chapel Hill Employment Opportunities | Post-Doc Research Associate,Research_Fellow,Part-time,School of Medicine,cellular cytoskeleton; cell motility,,09/01/2023
774,https://unc.peopleadmin.com/postings/324074,UNC-Chapel Hill Employment Opportunities | Post-Doc Research Associate,Research_Fellow,Part-time,,,09/17/2026,09/14/2026
774,https://unc.peopleadmin.com/postings/318507,UNC-Chapel Hill Employment Opportunities,Assistant_Professor; Associate_Professor; Full_Professor,Part-time,Department of Physics and Astronomy,,"December 20, 2023",07/01/2024
774,https://unc.peopleadmin.com/postings/324568,UNC-Chapel Hill Employment Opportunities | Soc/Clin Research Assistant,Non-academic,Part-time,School of Nursing is searching for a Research Assistant,,09/14/2026,09/21/2026
774,https://unc.peopleadmin.com/postings/319024,UNC-Chapel Hill Employment Opportunities | Pediatric Pulmonology Research Instructor,Unclassified,Part-time,,,,07/01/2026
774,https://unc.peopleadmin.com/postings/324856,UNC-Chapel Hill Employment Opportunities | Seasonal Admissions Reader (Adjunct Assistant Professor),Assistant_Professor,Part-time,School of Social Work,,03/02/2027,10/01/2026
774,https://unc.peopleadmin.com/postings/322882,UNC-Chapel Hill Employment Opportunities,Assistant_Professor; Associate_Professor; Full_Professor,Part-time,Department of Neurology,,,09/01/2026
774,https://unc.peopleadmin.com/postings/325028,UNC-Chapel Hill Employment Opportunities | Student Programs &amp; Office Coordinator,Non-academic,Part-time,Institute for Risk Management and Insurance Innovation,,09/10/2026,09/28/2026
774,https://unc.peopleadmin.com/postings/308139,UNC-Chapel Hill Employment Opportunities | Post-Doc Research Associate (Liu Lab),Research_Fellow,Part-time,,,,12/01/2025
774,https://unc.peopleadmin.com/postings/324405,UNC-Chapel Hill Employment Opportunities | Postdoctoral Research Associate (Gumpper Lab),Research_Fellow,Part-time,School of Pharmacy,,,
774,https://unc.peopleadmin.com/postings/318715,UNC-Chapel Hill Employment Opportunities,Assistant_Professor; Associate_Professor; Full_Professor,Part-time,School of Medicine has a rich tradition of excellence and care,,,06/30/2026
774,https://unc.peopleadmin.com/postings/324754,UNC-Chapel Hill Employment Opportunities,Assistant_Professor; Associate_Professor; Full_Professor,Part-time,School of Medicine has a rich tradition of excellence and care,,,08/01/2024
774,https://unc.peopleadmin.com/postings/321136,UNC-Chapel Hill Employment Opportunities,Assistant_Professor; Associate_Professor; Full_Professor,Part-time,Department of Radiation Oncology in the School of Medicine,,,12/01/2026
774,https://unc.peopleadmin.com/postings/324948,UNC-Chapel Hill Employment Opportunities,Unclassified,Part-time,,Epic treatment plans,09/09/2026,09/14/2026
774,https://unc.peopleadmin.com/postings/299369,UNC-Chapel Hill Employment Opportunities | Post-Doc Research Associate,Research_Fellow,Part-time,Department of Applied Physical Sciences,urgent clinical,,01/02/2023
774,https://unc.peopleadmin.com/postings/324016,UNC-Chapel Hill Employment Opportunities,Assistant_Professor; Associate_Professor; Full_Professor,Part-time,Division of Clinical Laboratory Science,,,01/01/2027
774,https://unc.peopleadmin.com/postings/318798,UNC-Chapel Hill Employment Opportunities,Assistant_Professor; Associate_Professor; Full_Professor,Part-time,School of Medicine has a rich tradition of excellence and care,,,07/01/2027
774,https://unc.peopleadmin.com/postings/324846,UNC-Chapel Hill Employment Opportunities | Recovery Programs Coordinator,Non-academic,Part-time,,,09/16/2026,10/05/2026
774,https://unc.peopleadmin.com/postings/322701,UNC-Chapel Hill Employment Opportunities,Assistant_Professor; Associate_Professor; Full_Professor,Part-time,,,,06/30/2026
774,https://unc.peopleadmin.com/postings/325015,UNC-Chapel Hill Employment Opportunities,Unclassified,Part-time,Center for Excellence in Community Mental Health on the Assertive Community Treatment,,09/14/2026,
774,https://unc.peopleadmin.com/postings/305756,UNC-Chapel Hill Employment Opportunities | Postdoc Research Fellow - Dr. Cao Lab,Research_Fellow,Part-time,School of Pharmacy,systems pharmacology; machine learning,,
774,https://unc.peopleadmin.com/postings/324361,UNC-Chapel Hill Employment Opportunities | Tenured/Tenure-Track Open Rank,Assistant_Professor; Associate_Professor; Full_Professor,Part-time,School of Law,,10/31/2026,07/01/2027
774,https://unc.peopleadmin.com/postings/318606,UNC-Chapel Hill Employment Opportunities,Assistant_Professor; Associate_Professor; Full_Professor; Research_Fellow,Part-time,School of Medicine has a rich tradition of excellence and care,,,07/07/2025
774,https://unc.peopleadmin.com/postings/324726,UNC-Chapel Hill Employment Opportunities | Lai Lab Research Technician,Non-academic,Part-time,School of Pharmacy,,09/10/2026,
774,https://unc.peopleadmin.com/postings/320821,UNC-Chapel Hill Employment Opportunities,Assistant_Professor; Associate_Professor; Full_Professor,Part-time,"Department of Medicine, Division of Gastroenterology and Hepatology",,,10/31/2025
774,https://unc.peopleadmin.com/postings/324932,UNC-Chapel Hill Employment Opportunities,Assistant_Professor; Associate_Professor; Full_Professor,Part-time,,,09/17/2026,10/05/2026
774,https://unc.peopleadmin.com/postings/299362,UNC-Chapel Hill Employment Opportunities | Postdoctoral Research Associate,Research_Fellow,Part-time,School of Medicine has a rich tradition of excellence and care,,,08/01/2022
774,https://unc.peopleadmin.com/postings/323941,UNC-Chapel Hill Employment Opportunities,Assistant_Professor; Associate_Professor; Full_Professor,Part-time,Department of Surgery,clinical outcomes; health services,,10/19/2026
774,https://unc.peopleadmin.com/postings/318492,UNC-Chapel Hill Employment Opportunities,Assistant_Professor; Associate_Professor; Full_Professor,Part-time,Department of Pediatrics,,,01/01/2022
774,https://unc.peopleadmin.com/postings/324545,UNC-Chapel Hill Employment Opportunities | Director of Local Elected Official Programming,Unclassified,Part-time,School of Government,Local Elected Official Programming,09/09/2026,09/21/2026
774,https://unc.peopleadmin.com/postings/324803,UNC-Chapel Hill Employment Opportunities | Metabolomics Assistant,Non-academic,Part-time,,,09/08/2026,
774,https://unc.peopleadmin.com/postings/322526,UNC-Chapel Hill Employment Opportunities,Assistant_Professor; Associate_Professor; Full_Professor,Part-time,School of Medicine has a rich tradition of excellence and care,UNC Children’s Research Institute; childhood cancers; comprehensive cancer center setting,,07/01/2026
774,https://unc.peopleadmin.com/postings/325003,UNC-Chapel Hill Employment Opportunities,Non-academic,Part-time,,,09/15/2026,10/19/2026
774,https://unc.peopleadmin.com/postings/299453,UNC-Chapel Hill Employment Opportunities | Post-Doc Research Associate - Brouwer Lab,Research_Fellow,Part-time,School of Pharmacy,,,
774,https://unc.peopleadmin.com/postings/324196,UNC-Chapel Hill Employment Opportunities,Non-academic,Part-time,,,09/14/2026,
774,https://unc.peopleadmin.com/postings/318574,UNC-Chapel Hill Employment Opportunities,Assistant_Professor; Associate_Professor; Full_Professor,Part-time,School of Medicine has a rich tradition of excellence and care,cardiovascular,,04/01/2025
774,https://unc.peopleadmin.com/postings/324696,UNC-Chapel Hill Employment Opportunities,Unclassified,Part-time,,,09/08/2026,
774,https://unc.peopleadmin.com/postings/320499,UNC-Chapel Hill Employment Opportunities,Assistant_Professor; Associate_Professor; Full_Professor,Part-time,Department of Radiology,MRI examinations performed,,11/01/2026
774,https://unc.peopleadmin.com/postings/324923,UNC-Chapel Hill Employment Opportunities,Unclassified,Part-time,,,09/10/2026,
774,https://unc.peopleadmin.com/postings/323748,UNC-Chapel Hill Employment Opportunities,Assistant_Professor; Associate_Professor; Full_Professor,Part-time,Department of Pediatrics,,,01/01/2027
774,https://unc.peopleadmin.com/postings/318353,UNC-Chapel Hill Employment Opportunities | Assistant Director of Game Day Creative,Non-academic,Part-time,,Game Day Creative,,03/11/2026
774,https://unc.peopleadmin.com/postings/324531,UNC-Chapel Hill Employment Opportunities,Non-academic,Part-time,School of Pharmacy Skip to Main Content Toggle navigation Home Search Jobs Careers,,,01/01/2027
774,https://unc.peopleadmin.com/postings/318786,UNC-Chapel Hill Employment Opportunities,Assistant_Professor,Part-time,School of Medicine has a rich tradition of excellence and care,interstitial lung diseases; lung transplant medicine; medical students,,07/01/2026
774,https://unc.peopleadmin.com/postings/322086,UNC-Chapel Hill Employment Opportunities,Assistant_Professor; Associate_Professor; Full_Professor,Part-time,,,,11/02/2026
774,https://unc.peopleadmin.com/postings/324992,UNC-Chapel Hill Employment Opportunities,Unclassified,Part-time,School of Global Public Health seeks candidate,,09/08/2026,11/02/2026
774,https://unc.peopleadmin.com/postings/299412,UNC-Chapel Hill Employment Opportunities | Post-Doc Research Associate,Research_Fellow,Part-time,School of Medicine,cellular cytoskeleton; cell motility,,
774,https://unc.peopleadmin.com/postings/324162,UNC-Chapel Hill Employment Opportunities | Adjunct Instructor (2026-27),Unclassified,Part-time,School of Journalism and Media,,12/31/2026,
774,https://unc.peopleadmin.com/postings/318568,UNC-Chapel Hill Employment Opportunities | Clinical Assistant Professor or Clinical Associate Professor,Assistant_Professor; Associate_Professor,Part-time,School of Medicine has a rich tradition of excellence and care,,,05/01/2025
774,https://unc.peopleadmin.com/postings/324689,UNC-Chapel Hill Employment Opportunities | Clinical Assistant Professor in Organizational Learning and Leadership - January 1 start,Assistant_Professor,Part-time,School of Education is an academic unit reporting to the Provost,Organizational Learning and Leadership,"September 15, 2026",01/01/2027
774,https://unc.peopleadmin.com/postings/320224,UNC-Chapel Hill Employment Opportunities,Unclassified,Part-time,,,,03/01/2026
774,https://unc.peopleadmin.com/postings/324909,UNC-Chapel Hill Employment Opportunities | Clinical Services Coordinator,Non-academic,Part-time,School of Dentistry,,09/08/2026,
774,https://unc.peopleadmin.com/postings/323658,UNC-Chapel Hill Employment Opportunities,Assistant_Professor; Associate_Professor; Full_Professor,Part-time,Department of Pediatrics,,,11/01/2026
774,https://unc.peopleadmin.com/postings/317790,UNC-Chapel Hill Employment Opportunities | Post-Doc Research Associate,Research_Fellow,Part-time,School of Pharmacy,synthetic organic chemistry,,06/01/2026
774,https://unc.peopleadmin.com/postings/324509,UNC-Chapel Hill Employment Opportunities,Non-academic,Part-time,,,09/08/2026,
774,https://unc.peopleadmin.com/postings/318771,UNC-Chapel Hill Employment Opportunities,Assistant_Professor; Associate_Professor; Full_Professor,Part-time,Department of Neurosurgery,,,07/01/2026
774,https://unc.peopleadmin.com/postings/324791,"UNC-Chapel Hill Employment Opportunities | Chair, Department of Radiology",Assistant_Professor; Associate_Professor; Full_Professor,Part-time,Department of Radiology,Radiology,,01/01/2027
774,https://unc.peopleadmin.com/postings/299395,UNC-Chapel Hill Employment Opportunities | Post-Doc Research Associate-Sheikh Lab,Research_Fellow,Part-time,School of Medicine has a rich tradition of excellence and care,,,
774,https://unc.peopleadmin.com/postings/324125,UNC-Chapel Hill Employment Opportunities,Non-academic,Part-time,College of Arts and Sciences is the academic heart of the Carolina experience,,09/08/2026,10/01/2026
774,https://unc.peopleadmin.com/postings/318559,UNC-Chapel Hill Employment Opportunities,Assistant_Professor; Associate_Professor; Full_Professor,Part-time,School of Medicine has a rich tradition of excellence and care,,,07/01/2025
774,https://unc.peopleadmin.com/postings/324667,UNC-Chapel Hill Employment Opportunities,Unclassified,Part-time,,,09/11/2026,
774,https://unc.peopleadmin.com/postings/319883,UNC-Chapel Hill Employment Opportunities | Faculty Researcher,Assistant_Professor; Associate_Professor; Full_Professor; Research_Fellow,Part-time,School of Medicine has a rich tradition of excellence and care,anesthesiology; pain,,09/01/2024
774,https://unc.peopleadmin.com/postings/324889,UNC-Chapel Hill Employment Opportunities,Unclassified,Part-time,Institute for Neurodevelopmental Disabilities,,09/16/2026,
774,https://unc.peopleadmin.com/postings/323339,UNC-Chapel Hill Employment Opportunities,Assistant_Professor; Associate_Professor; Full_Professor; Research_Fellow,Part-time,Department of Psychiatry,Alzheimer’s risk; UNC Alzheimer’s Disease Research,,10/05/2026
774,https://unc.peopleadmin.com/postings/325058,UNC-Chapel Hill Employment Opportunities | Event Specialist – Event Services,Non-academic,Part-time,,,09/09/2026,09/14/2026
774,https://unc.peopleadmin.com/postings/314013,UNC-Chapel Hill Employment Opportunities | Post-Doc Research Associate - Dr. Nguyen&#39;s lab,Research_Fellow,Part-time,School of Pharmacy,,,
774,https://unc.peopleadmin.com/postings/324479,UNC-Chapel Hill Employment Opportunities | Post-Doc Research Associate - Williams Lab,Research_Fellow,Part-time,,,,
774,https://unc.peopleadmin.com/postings/318763,UNC-Chapel Hill Employment Opportunities,Assistant_Professor; Associate_Professor; Full_Professor,Part-time,"Center for Health Services Research, and the Lineberger Comprehensive Cancer Center",outcomes; order,,07/01/2026
774,https://unc.peopleadmin.com/postings/324781,UNC-Chapel Hill Employment Opportunities | Dental Assistant,Unclassified,Part-time,School of Dentistry,,09/22/2026,
774,https://unc.peopleadmin.com/postings/321876,UNC-Chapel Hill Employment Opportunities | Assistant Vice Chancellor of ServiceFirst Health Affairs Shared Services,Non-academic,Part-time,,ServiceFirst Health Affairs Shared Services; Research Administration services along; Procurement,"July 13, 2026",08/17/2026
774,https://unc.peopleadmin.com/postings/324978,UNC-Chapel Hill Employment Opportunities | Laboratory Research Technician,Non-academic,Part-time,,,09/13/2026,09/28/2026
774,https://unc.peopleadmin.com/postings/299383,UNC-Chapel Hill Employment Opportunities | Post-Doc Research Associate,Research_Fellow,Part-time,Center for Molecular Medicine,,,11/01/2023
774,https://unc.peopleadmin.com/postings/324083,UNC-Chapel Hill Employment Opportunities,Assistant_Professor; Associate_Professor; Full_Professor,Part-time,Department of Radiation Oncology,written communications skills Successful,,09/01/2026
774,https://unc.peopleadmin.com/postings/318519,UNC-Chapel Hill Employment Opportunities,Assistant_Professor; Associate_Professor; Full_Professor,Part-time,School of Medicine has a rich tradition of excellence and care,recreational therapy staff,,09/09/2024
774,https://unc.peopleadmin.com/postings/324645,UNC-Chapel Hill Employment Opportunities,Unclassified,Part-time,School of Medicine,,09/11/2026,05/11/2026
774,https://unc.peopleadmin.com/postings/319537,UNC-Chapel Hill Employment Opportunities | Clinical Audiologist (Assistant Professor - Fixed Term),Assistant_Professor,Part-time,,hearing aid programming; cochlear implant,,06/01/2026
774,https://unc.peopleadmin.com/postings/324873,UNC-Chapel Hill Employment Opportunities | Study Coordinator,Non-academic,Part-time,,,09/11/2026,
774,https://unc.peopleadmin.com/postings/323176,UNC-Chapel Hill Employment Opportunities,Assistant_Professor; Associate_Professor; Full_Professor,Part-time,"Department of Neurology, University of North Carolina",sleep disorders medicine,,07/01/2026
774,https://unc.peopleadmin.com/postings/325038,UNC-Chapel Hill Employment Opportunities,Unclassified,Part-time,"Department of Pathology and Laboratory Medicine, University of North Carolina",School of Medicine,,07/01/2027
774,https://unc.peopleadmin.com/postings/312559,UNC-Chapel Hill Employment Opportunities | Postdoctoral Researcher,Research_Fellow,Part-time,,Single-Cell Technology development; Cancer Epigenomics,,
774,https://unc.peopleadmin.com/postings/324453,UNC-Chapel Hill Employment Opportunities | Study Coordinator,Non-academic,Part-time,,educating clinical staff; clinical care environment,09/08/2026,
774,https://unc.peopleadmin.com/postings/318751,UNC-Chapel Hill Employment Opportunities | Fixed Term Clinical Track Assistant or Associate Professor,Assistant_Professor; Associate_Professor,Part-time,Division of Craniofacial and Surgical Care,,,07/01/2026
774,https://unc.peopleadmin.com/postings/324766,UNC-Chapel Hill Employment Opportunities | Soc/Clin Research Assistant,Non-academic,Part-time,,patient interactions; sickle cell disease,09/07/2026,
774,https://unc.peopleadmin.com/postings/321863,UNC-Chapel Hill Employment Opportunities,Assistant_Professor; Associate_Professor; Full_Professor,Part-time,School of Medicine has a rich tradition of excellence and care,,,09/01/2026
774,https://unc.peopleadmin.com/postings/324956,UNC-Chapel Hill Employment Opportunities,Non-academic,Part-time,,,09/10/2026,
774,https://unc.peopleadmin.com/postings/318510,UNC-Chapel Hill Employment Opportunities | Assistant or Associate Professor,Assistant_Professor; Associate_Professor,Part-time,College of Arts and Sciences is the academic heart of the Carolina experience,,,07/01/2024
774,https://unc.peopleadmin.com/postings/324588,UNC-Chapel Hill Employment Opportunities | Clinical Assistant Professor,Assistant_Professor,Part-time,,,,08/01/2026
774,https://unc.peopleadmin.com/postings/319246,UNC-Chapel Hill Employment Opportunities | Associate or Full Professor,Associate_Professor; Full_Professor,Part-time,,advising,,08/01/2026
774,https://unc.peopleadmin.com/postings/324863,UNC-Chapel Hill Employment Opportunities | Director of Graphic Design – Men’s Basketball,Non-academic,Part-time,,Graphic Design,09/09/2026,
774,https://unc.peopleadmin.com/postings/322964,UNC-Chapel Hill Employment Opportunities,Assistant_Professor; Associate_Professor; Full_Professor; Research_Fellow,Part-time,School of Medicine and across the entire University of North Carolina,non-animal models; cancer genetics,"December 1, 2025",10/01/2026
774,https://unc.peopleadmin.com/postings/325031,UNC-Chapel Hill Employment Opportunities,Assistant_Professor; Associate_Professor; Full_Professor,Part-time,Department of Radiology,Multidisciplinary Thoracic Oncology Program Teach,,11/02/2026
774,https://unc.peopleadmin.com/postings/310535,UNC-Chapel Hill Employment Opportunities,Research_Fellow,Part-time,Institute for Developmental Disabilities,NDDs; clinical manifestations of,,07/01/2026
774,https://unc.peopleadmin.com/postings/324414,UNC-Chapel Hill Employment Opportunities | Research Scientist,Research_Fellow,Part-time,,,09/07/2026,10/05/2026
774,https://unc.peopleadmin.com/postings/318743,UNC-Chapel Hill Employment Opportunities | Clinical Instructor,Unclassified,Part-time,School of Medicine has a rich tradition of excellence and care,,,06/30/2026
774,https://unc.peopleadmin.com/postings/324757,UNC-Chapel Hill Employment Opportunities,Assistant_Professor; Associate_Professor; Full_Professor,Part-time,Department of Pediatrics,,,08/01/2026
774,https://unc.peopleadmin.com/postings/321325,UNC-Chapel Hill Employment Opportunities | Postdoctoral Research Associate - Haar Lab,Research_Fellow,Part-time,School of Pharmacy,photo controlled-signaling tool development; use of molecular biology,,06/03/2024
774,https://unc.peopleadmin.com/postings/324951,UNC-Chapel Hill Employment Opportunities,Non-academic,Part-time,School of Global Public Health,Department of Health Behavior,09/17/2026,10/19/2026
774,https://unc.peopleadmin.com/postings/299374,UNC-Chapel Hill Employment Opportunities | Postdoctoral Research Associate – Heinzen Lab,Research_Fellow,Part-time,School of Pharmacy,,,07/01/2021
774,https://unc.peopleadmin.com/postings/324024,UNC-Chapel Hill Employment Opportunities | Adjunct Instructor - ILS,Unclassified,Part-time,School of Data and Information Sciences,ILS,09/30/2026,
774,https://unc.peopleadmin.com/postings/318809,UNC-Chapel Hill Employment Opportunities | Clinical Assistant Professor,Assistant_Professor,Part-time,,,,01/01/2027
774,https://unc.peopleadmin.com/postings/324851,UNC-Chapel Hill Employment Opportunities | Social/Clinical Research Specialist,Non-academic,Part-time,,,09/09/2026,
774,https://unc.peopleadmin.com/postings/322717,UNC-Chapel Hill Employment Opportunities | Clinical Instructor,Unclassified,Part-time,"Department of Health Sciences, UNC School of Medicine, invites applications for a fixed term",,,07/01/2026
774,https://unc.peopleadmin.com/postings/325021,UNC-Chapel Hill Employment Opportunities,Non-academic,Part-time,School of Medicine,,09/17/2026,10/05/2026
774,https://unc.peopleadmin.com/postings/306798,UNC-Chapel Hill Employment Opportunities,Research_Fellow,Part-time,faculty of a major public research university,,,07/01/2026
774,https://unc.peopleadmin.com/postings/324376,UNC-Chapel Hill Employment Opportunities | Marketing Automation Specialist,Non-academic,Part-time,,,09/08/2026,
774,https://unc.peopleadmin.com/postings/318609,UNC-Chapel Hill Employment Opportunities | Clinical Assistant Professor,Assistant_Professor,Part-time,,Neck Surgery patient care; Head,,07/01/2025
774,https://unc.peopleadmin.com/postings/324744,UNC-Chapel Hill Employment Opportunities,Non-academic,Part-time,,,09/14/2026,09/21/2026
774,https://unc.peopleadmin.com/postings/320907,UNC-Chapel Hill Employment Opportunities,Assistant_Professor; Associate_Professor; Full_Professor,Part-time,School of Medicine has a rich tradition of excellence and care,,,07/01/2025
774,https://unc.peopleadmin.com/postings/324940,UNC-Chapel Hill Employment Opportunities | Research Assistant,Non-academic,Part-time,,,09/08/2026,
774,https://unc.peopleadmin.com/postings/299364,UNC-Chapel Hill Employment Opportunities | Post-Doc Research Associate,Research_Fellow,Part-time,School of Medicine has a rich tradition of excellence and care,,,
774,https://unc.peopleadmin.com/postings/323944,UNC-Chapel Hill Employment Opportunities,Assistant_Professor; Associate_Professor; Full_Professor,Part-time,"Department of Pathology and Laboratory Medicine, University of North Carolina",medical students,,07/01/2026
774,https://unc.peopleadmin.com/postings/318502,UNC-Chapel Hill Employment Opportunities,Assistant_Professor; Associate_Professor; Full_Professor,Part-time,School of Medicine has a rich tradition of excellence and care,,,09/03/2023
774,https://unc.peopleadmin.com/postings/324559,UNC-Chapel Hill Employment Opportunities,Non-academic,Part-time,,,09/08/2026,
774,https://unc.peopleadmin.com/postings/318795,UNC-Chapel Hill Employment Opportunities,Assistant_Professor; Associate_Professor; Full_Professor,Part-time,Department of Radiation Oncology,,,09/01/2026
774,https://unc.peopleadmin.com/postings/324820,UNC-Chapel Hill Employment Opportunities,Non-academic,Part-time,,,09/30/2026,10/05/2026
774,https://unc.peopleadmin.com/postings/322599,UNC-Chapel Hill Employment Opportunities | BDC Post-Doc Research Associate,Research_Fellow,Part-time,,,07/19/2026,09/01/2025
774,https://unc.peopleadmin.com/postings/325010,UNC-Chapel Hill Employment Opportunities,Non-academic,Part-time,,,09/21/2026,12/07/2026
774,https://unc.peopleadmin.com/postings/302744,UNC-Chapel Hill Employment Opportunities | Post-Doc Research Associate,Research_Fellow,Part-time,,role of histone post-translational modifications,,
774,https://unc.peopleadmin.com/postings/324289,UNC-Chapel Hill Employment Opportunities | Admin Support Specialist,Non-academic,Part-time,Department of Applied Physical Sciences,,09/09/2026,
774,https://unc.peopleadmin.com/postings/318595,UNC-Chapel Hill Employment Opportunities,Assistant_Professor; Associate_Professor; Full_Professor; Research_Fellow,Part-time,School of Medicine has a rich tradition of excellence and care,particularly those; academic medical,,12/01/2025
774,https://unc.peopleadmin.com/postings/324716,UNC-Chapel Hill Employment Opportunities | Assistant Professor,Assistant_Professor,Part-time,School of Pharmacy,,,08/01/2027
774,https://unc.peopleadmin.com/postings/320502,UNC-Chapel Hill Employment Opportunities,Assistant_Professor; Associate_Professor; Full_Professor,Part-time,,,,06/01/2026
774,https://unc.peopleadmin.com/postings/324927,UNC-Chapel Hill Employment Opportunities | Associate Director for Financial Aid Training and Staff Development,Assistant_Professor; Associate_Professor; Full_Professor,Part-time,,,09/17/2026,10/12/2026
774,https://unc.peopleadmin.com/postings/323830,UNC-Chapel Hill Employment Opportunities | Tenure/Tenure-track Open Rank,Assistant_Professor; Associate_Professor; Full_Professor,Part-time,,,,07/01/2025
774,https://unc.peopleadmin.com/postings/318358,UNC-Chapel Hill Employment Opportunities | Assistant Coach - Field Hockey,Non-academic,Part-time,,,,04/27/2026
774,https://unc.peopleadmin.com/postings/324535,UNC-Chapel Hill Employment Opportunities,Non-academic,Part-time,,,10/01/2026,10/19/2026
774,https://unc.peopleadmin.com/postings/322181,UNC-Chapel Hill Employment Opportunities,Assistant_Professor; Associate_Professor; Full_Professor,Part-time,School of Pharmacy and Gillings School of Global Public Health,growing medical neuro-oncology practice working; stereotactic radiosurgery,,07/01/2026
774,https://unc.peopleadmin.com/postings/324996,UNC-Chapel Hill Employment Opportunities | Adjunct Instructor,Unclassified,Part-time,,,09/11/2026,
774,https://unc.peopleadmin.com/postings/299434,UNC-Chapel Hill Employment Opportunities | Post-Doc Research Associate - PACE,Research_Fellow,Part-time,School of Pharmacy,educational research; academic,,07/01/2025
774,https://unc.peopleadmin.com/postings/324179,UNC-Chapel Hill Employment Opportunities | Clinical Support Technician,Non-academic,Part-time,School of Medicine as well as other schools and disciplines across the University,Translational Research Center; Clinical,09/07/2026,10/05/2026
774,https://unc.peopleadmin.com/postings/318571,UNC-Chapel Hill Employment Opportunities | Open Rank Faculty/Associate Director for Basic Cancer Research,Assistant_Professor; Associate_Professor; Full_Professor; Research_Fellow,Part-time,School of Medicine has a rich tradition of excellence and care,extramural grant; cancer biology,,03/01/2025
774,https://unc.peopleadmin.com/postings/324692,UNC-Chapel Hill Employment Opportunities | Admin Support Specialist-CIND,Non-academic,Part-time,,Meditech,09/07/2026,
774,https://unc.peopleadmin.com/postings/320329,UNC-Chapel Hill Employment Opportunities | Post-Doc Research Associate - Tisch Lab,Research_Fellow,Part-time,"Department of Microbiology and Immunology,",,,07/01/2026
774,https://unc.peopleadmin.com/postings/324920,UNC-Chapel Hill Employment Opportunities | Adjunct Assistant Professor,Assistant_Professor,Part-time,,,09/10/2026,10/05/2026
774,https://unc.peopleadmin.com/postings/323668,UNC-Chapel Hill Employment Opportunities,Non-academic,Part-time,,,,09/28/2026
774,https://unc.peopleadmin.com/postings/318337,UNC-Chapel Hill Employment Opportunities | Adjunct Assistant Professor,Assistant_Professor,Part-time,,,10/13/2026,07/01/2026
774,https://unc.peopleadmin.com/postings/324512,UNC-Chapel Hill Employment Opportunities,Assistant_Professor; Associate_Professor; Full_Professor,Part-time,Division of Hematology in the Department of Medicine,,,07/01/2027
774,https://unc.peopleadmin.com/postings/318774,UNC-Chapel Hill Employment Opportunities,Assistant_Professor; Associate_Professor; Full_Professor,Part-time,Department of Radiation Oncology,,,04/01/2026
774,https://unc.peopleadmin.com/postings/324799,UNC-Chapel Hill Employment Opportunities | Golf Operations Associate,Unclassified,Part-time,,,10/01/2026,08/10/2026
774,https://unc.peopleadmin.com/postings/324987,UNC-Chapel Hill Employment Opportunities,Assistant_Professor; Associate_Professor; Full_Professor,Part-time,,,09/08/2026,
774,https://unc.peopleadmin.com/postings/299397,UNC-Chapel Hill Employment Opportunities,Research_Fellow,Part-time,faculty of a major public research university,,,
774,https://unc.peopleadmin.com/postings/324136,UNC-Chapel Hill Employment Opportunities | Adjunct Instructor,Non-academic,Part-time,faculty for each course,online,09/18/2026,
774,https://unc.peopleadmin.com/postings/318561,UNC-Chapel Hill Employment Opportunities,Assistant_Professor; Associate_Professor; Full_Professor,Part-time,School of Medicine has a rich tradition of excellence and care,,,01/06/2025
774,https://unc.peopleadmin.com/postings/324683,UNC-Chapel Hill Employment Opportunities,Unclassified,Part-time,,,09/14/2026,10/12/2026
774,https://unc.peopleadmin.com/postings/320038,UNC-Chapel Hill Employment Opportunities,Assistant_Professor; Associate_Professor; Full_Professor,Part-time,"Division of Cardiology,",cardiovascular genetics; preventive cardiology; cardiovascular fellows,,01/01/2026
774,https://unc.peopleadmin.com/postings/324892,UNC-Chapel Hill Employment Opportunities | Add Health Contracts Coordinator,Non-academic,Part-time,,,09/11/2026,
774,https://unc.peopleadmin.com/postings/323450,UNC-Chapel Hill Employment Opportunities,Assistant_Professor; Associate_Professor; Full_Professor,Part-time,Department of Psychiatry,,,12/14/2026
774,https://unc.peopleadmin.com/postings/325060,UNC-Chapel Hill Employment Opportunities,Assistant_Professor; Associate_Professor; Full_Professor,Part-time,Center for Women's Mood Disorders Psychologist,,,01/04/2027
774,https://unc.peopleadmin.com/postings/314630,UNC-Chapel Hill Employment Opportunities | Post-Doc Research Associate,Research_Fellow,Part-time,,,,04/01/2026
774,https://unc.peopleadmin.com/postings/324504,UNC-Chapel Hill Employment Opportunities | Research Assistant Professor,Assistant_Professor,Part-time,,,09/09/2026,09/28/2026
774,https://unc.peopleadmin.com/postings/318765,UNC-Chapel Hill Employment Opportunities,Assistant_Professor; Associate_Professor; Full_Professor,Part-time,Division of Gastroenterology and Hepatology,,,07/01/2026
774,https://unc.peopleadmin.com/postings/324784,UNC-Chapel Hill Employment Opportunities,Non-academic,Part-time,,,09/15/2026,10/05/2026
774,https://unc.peopleadmin.com/postings/321934,UNC-Chapel Hill Employment Opportunities,Assistant_Professor; Associate_Professor; Full_Professor,Part-time,Department of Anesthesiology,,,10/01/2026
774,https://unc.peopleadmin.com/postings/299389,UNC-Chapel Hill Employment Opportunities,Research_Fellow,Part-time,,,,
774,https://unc.peopleadmin.com/postings/324090,"UNC-Chapel Hill Employment Opportunities | Assistant, Associate, or Full Professor (Operations)",Full_Professor,Part-time,,Operations Management such; Service Operations,10/23/2026,07/01/2027
774,https://unc.peopleadmin.com/postings/318552,UNC-Chapel Hill Employment Opportunities | Physician or Clinician Scientist,Assistant_Professor; Associate_Professor; Full_Professor; Research_Fellow,Part-time,School of Medicine has a rich tradition of excellence and care,,,04/01/2026
774,https://unc.peopleadmin.com/postings/324653,UNC-Chapel Hill Employment Opportunities,Research_Fellow,Part-time,School of Medicine has a rich tradition of excellence and care,,09/09/2026,09/01/2026
774,https://unc.peopleadmin.com/postings/319729,UNC-Chapel Hill Employment Opportunities,Assistant_Professor; Associate_Professor; Full_Professor,Part-time,School of Medicine has a rich tradition of excellence and care,AHEC activities,,07/01/2026
774,https://unc.peopleadmin.com/postings/324879,UNC-Chapel Hill Employment Opportunities | Clinical Research Regulatory Coordinator-CEDAS,Non-academic,Part-time,Center for Gastrointestinal Biology and Disease,,09/09/2026,
774,https://unc.peopleadmin.com/postings/323255,UNC-Chapel Hill Employment Opportunities,Assistant_Professor; Associate_Professor; Full_Professor,Part-time,"Department of Pediatrics, Division of Pediatric Critical Care Medicine",clear trajectory toward independence; peer-reviewed publications,,11/01/2026
774,https://unc.peopleadmin.com/postings/325050,UNC-Chapel Hill Employment Opportunities,Assistant_Professor; Associate_Professor; Full_Professor,Part-time,,inpatient wards,,08/01/2026
774,https://unc.peopleadmin.com/postings/313672,UNC-Chapel Hill Employment Opportunities | Post-Doc Research Associate,Research_Fellow,Part-time,College of Arts and Sciences,,,04/01/2026
774,https://unc.peopleadmin.com/postings/324470,UNC-Chapel Hill Employment Opportunities | Social/Clinical Research Specialist - Jackson,Non-academic,Part-time,Center for Gastrointestinal Biology and Disease,FDA code of federal regulations; FDA regulatory requirements,09/08/2026,10/05/2026
774,https://unc.peopleadmin.com/postings/318757,UNC-Chapel Hill Employment Opportunities,Assistant_Professor; Associate_Professor; Full_Professor,Part-time,"School of Medicine, is a NINDS",,,07/01/2026
774,https://unc.peopleadmin.com/postings/324769,UNC-Chapel Hill Employment Opportunities,Non-academic,Part-time,,,09/07/2026,01/19/2026
774,https://unc.peopleadmin.com/postings/321866,UNC-Chapel Hill Employment Opportunities,Assistant_Professor; Associate_Professor; Full_Professor,Part-time,Department of Ophthalmology,,,08/03/2026
774,https://unc.peopleadmin.com/postings/324963,UNC-Chapel Hill Employment Opportunities | Study Coordinator,Non-academic,Part-time,,,09/17/2026,
774,https://unc.peopleadmin.com/postings/318516,UNC-Chapel Hill Employment Opportunities,Assistant_Professor; Associate_Professor; Full_Professor,Part-time,School of Medicine has a rich tradition of excellence and care,,,07/01/2024
774,https://unc.peopleadmin.com/postings/324621,UNC-Chapel Hill Employment Opportunities,Non-academic,Part-time,,,09/10/2026,
774,https://unc.peopleadmin.com/postings/319332,UNC-Chapel Hill Employment Opportunities | Post-Doc Research Associate,Research_Fellow,Part-time,,,,06/15/2026
774,https://unc.peopleadmin.com/postings/324870,UNC-Chapel Hill Employment Opportunities | Digital Project Specialist,Non-academic,Part-time,,,09/14/2026,
774,https://unc.peopleadmin.com/postings/323017,UNC-Chapel Hill Employment Opportunities,Assistant_Professor; Associate_Professor; Full_Professor,Part-time,School of Medicine has a rich tradition of excellence and care,particular interest include Alzheimer’s disease; glial biology,"November 22, 2026",07/01/2027
774,https://unc.peopleadmin.com/postings/325034,UNC-Chapel Hill Employment Opportunities,Assistant_Professor; Associate_Professor; Full_Professor,Part-time,,,,01/11/2027
774,https://unc.peopleadmin.com/postings/311762,UNC-Chapel Hill Employment Opportunities | Post-Doc Research Associate - Dr. Sam Lai&#39;s lab,Research_Fellow,Part-time,School of Pharmacy,,,02/09/2026
774,https://unc.peopleadmin.com/postings/324423,UNC-Chapel Hill Employment Opportunities | Specialty Trades Technician,Non-academic,Part-time,Department of Physics and Astronomy,,09/25/2026,
774,https://unc.peopleadmin.com/postings/318748,UNC-Chapel Hill Employment Opportunities,Assistant_Professor; Associate_Professor; Full_Professor; Research_Fellow,Part-time,School of Dentistry Position Summary The University of North Carolina,maxillofacial prosthodontics; clinical care,,07/01/2026
774,https://unc.peopleadmin.com/postings/324759,UNC-Chapel Hill Employment Opportunities,Unclassified,Part-time,Institute for Neurodevelopmental Disabilities,,09/14/2026,
774,https://unc.peopleadmin.com/postings/321687,UNC-Chapel Hill Employment Opportunities,Assistant_Professor; Associate_Professor; Full_Professor,Part-time,School of Education is an academic unit reporting to the Provost,,10/14/2026,
774,https://unc.peopleadmin.com/postings/324953,UNC-Chapel Hill Employment Opportunities | Soc/Clin Research Specialist,Non-academic,Part-time,Department of Biostatistics of the School of Public Health,FDA -regulated study; monitoring of clinical study conduct,09/08/2026,
774,https://unc.peopleadmin.com/postings/299377,UNC-Chapel Hill Employment Opportunities | Post-Doc Research Associate,Research_Fellow,Part-time,School of Medicine has a rich tradition of excellence and care,,,
774,https://unc.peopleadmin.com/postings/324069,UNC-Chapel Hill Employment Opportunities | Athletic Event Management Assistant,Unclassified,Part-time,,,09/17/2026,06/09/2026
774,https://unc.peopleadmin.com/postings/318504,UNC-Chapel Hill Employment Opportunities | Open Rank - Tenured/Tenure-Track,Assistant_Professor; Associate_Professor; Full_Professor,Part-time,Department of Biostatistics,,,08/01/2024
774,https://unc.peopleadmin.com/postings/324567,UNC-Chapel Hill Employment Opportunities | Post-Doctoral Fellow,Research_Fellow,Part-time,School of Medicine has a rich tradition of excellence and care,integrative health modalities such; African American women,09/07/2026,10/01/2026
774,https://unc.peopleadmin.com/postings/319013,UNC-Chapel Hill Employment Opportunities | Post-Doc Research Associate,Research_Fellow,Part-time,,,,
774,https://unc.peopleadmin.com/postings/324853,UNC-Chapel Hill Employment Opportunities | Adolescent Medicine Specialist,Assistant_Professor; Associate_Professor; Full_Professor,Part-time,Division of General Pediatrics and Adolescent Medicine,Adolescent Medicine section include evaluation; use of adolescent-friendly,,08/01/2026
774,https://unc.peopleadmin.com/postings/322843,UNC-Chapel Hill Employment Opportunities,Research_Fellow,Part-time,School of Global Public Health,children’s environmental health; community engaged research,,
774,https://unc.peopleadmin.com/postings/325026,UNC-Chapel Hill Employment Opportunities | Clinical Research Assistant,Non-academic,Part-time,,,09/16/2026,
774,https://unc.peopleadmin.com/postings/307979,UNC-Chapel Hill Employment Opportunities | Post-Doc Research Associate (Kelada Lab),Research_Fellow,Part-time,School of Medicine has a rich tradition of excellence and care,role of gene-environment interactions,,01/05/2026
774,https://unc.peopleadmin.com/postings/324391,UNC-Chapel Hill Employment Opportunities,Research_Fellow,Part-time,,,,10/01/2026
774,https://unc.peopleadmin.com/postings/318614,UNC-Chapel Hill Employment Opportunities,Assistant_Professor; Associate_Professor; Full_Professor,Part-time,,,,07/01/2026
774,https://unc.peopleadmin.com/postings/324753,UNC-Chapel Hill Employment Opportunities | Post-Doc Research Associate - Bachelder Lab (DPMP),Research_Fellow,Part-time,School of Pharmacy,,,
774,https://unc.peopleadmin.com/postings/321093,UNC-Chapel Hill Employment Opportunities,Assistant_Professor; Associate_Professor; Full_Professor,Part-time,"Department of Pathology and Laboratory Medicine, University of North Carolina",Molecular Genetic,,07/01/2026
774,https://unc.peopleadmin.com/postings/324947,UNC-Chapel Hill Employment Opportunities | Lead Research Assistant - Tate Lab,Non-academic,Part-time,,,09/11/2026,
774,https://unc.peopleadmin.com/postings/299366,UNC-Chapel Hill Employment Opportunities | Post-Doc Research Associate,Research_Fellow,Part-time,School of Medicine has a rich tradition of excellence and care,Zika virus; MERS -CoV,,01/01/2023
774,https://unc.peopleadmin.com/postings/324005,UNC-Chapel Hill Employment Opportunities,Assistant_Professor; Associate_Professor; Full_Professor,Part-time,Division of Pediatric Allergy and Immunology,,,11/01/2026
774,https://unc.peopleadmin.com/postings/318797,UNC-Chapel Hill Employment Opportunities,Assistant_Professor; Associate_Professor; Full_Professor,Part-time,"Division of Rheumatology, Allergy and Immunology and the Thurston Arthritis Research Center",inflammation relevant; autoimmunity,,07/01/2026
774,https://unc.peopleadmin.com/postings/324845,UNC-Chapel Hill Employment Opportunities | Director of PATH Services,Non-academic,Part-time,,PATH Services,09/23/2026,10/12/2026
774,https://unc.peopleadmin.com/postings/322649,UNC-Chapel Hill Employment Opportunities,Assistant_Professor; Associate_Professor; Full_Professor,Part-time,Division of Cardiology has an immediate opening for an interventional cardiologist,interventional cardiology fellows,,07/01/2027
774,https://unc.peopleadmin.com/postings/325012,UNC-Chapel Hill Employment Opportunities,Non-academic,Part-time,,,09/23/2026,
774,https://unc.peopleadmin.com/postings/303152,UNC-Chapel Hill Employment Opportunities | Post-Doc Research Associate,Research_Fellow,Part-time,,sensory neuroprosthetics; neuromodulation applied,,07/21/2025
774,https://unc.peopleadmin.com/postings/324317,UNC-Chapel Hill Employment Opportunities,Research_Fellow,Part-time,School of Pharmacy,research on cancer,,
774,https://unc.peopleadmin.com/postings/318604,UNC-Chapel Hill Employment Opportunities | Graduate Program Director in Endodontics,Assistant_Professor; Associate_Professor; Full_Professor,Part-time,School of Dentistry is,Endodontics,,07/01/2025
774,https://unc.peopleadmin.com/postings/324724,UNC-Chapel Hill Employment Opportunities,Assistant_Professor; Associate_Professor; Full_Professor,Part-time,Department of Nutrition is a global leader in research and training,Experience Experience establishing; Mental Requirements; department’s academic programs,09/30/2026,02/01/2027
774,https://unc.peopleadmin.com/postings/320790,UNC-Chapel Hill Employment Opportunities,Assistant_Professor; Associate_Professor,Part-time,,business community; Organizational Behavior,,01/01/2027
774,https://unc.peopleadmin.com/postings/324931,UNC-Chapel Hill Employment Opportunities,Non-academic,Part-time,,Mental Requirements Campus Security Authority; health care setting Ability,09/16/2026,10/19/2026
774,https://unc.peopleadmin.com/postings/299361,UNC-Chapel Hill Employment Opportunities | Post-Doc Research Associate,Research_Fellow,Part-time,School of Medicine has a rich tradition of excellence and care,cellular immunology; tissue culture,,07/25/2022
774,https://unc.peopleadmin.com/postings/323936,UNC-Chapel Hill Employment Opportunities,Assistant_Professor; Associate_Professor; Full_Professor,Part-time,,,,07/01/2026
774,https://unc.peopleadmin.com/postings/318490,UNC-Chapel Hill Employment Opportunities,Unclassified,Part-time,Department of Pediatrics,,,12/01/2019
774,https://unc.peopleadmin.com/postings/324542,UNC-Chapel Hill Employment Opportunities,Unclassified,Part-time,,,09/07/2026,07/06/2026
774,https://unc.peopleadmin.com/postings/322471,UNC-Chapel Hill Employment Opportunities | Research Assistant Professor,Assistant_Professor,Part-time,Institute for Trauma Recovery,,,04/06/2026
774,https://unc.peopleadmin.com/postings/324999,"UNC-Chapel Hill Employment Opportunities | Director of Faculty Affairs, Academic Operations, and Strategic Priorities",Unclassified,Part-time,,,09/18/2026,10/26/2026
774,https://unc.peopleadmin.com/postings/299450,UNC-Chapel Hill Employment Opportunities | Post-Doc Research Associate,Research_Fellow,Part-time,College of Arts & Sciences,,,08/15/2024
774,https://unc.peopleadmin.com/postings/324195,UNC-Chapel Hill Employment Opportunities,Research_Fellow,Part-time,Institute for Neurodevelopmental Disabilities in the School of Medicine,,"December 1, 2026",07/01/2027
774,https://unc.peopleadmin.com/postings/318573,UNC-Chapel Hill Employment Opportunities,Assistant_Professor; Associate_Professor; Full_Professor,Part-time,School of Medicine has a rich tradition of excellence and care,,,07/01/2026
774,https://unc.peopleadmin.com/postings/324694,"UNC-Chapel Hill Employment Opportunities | Research Technician, Hingtgen Laboratory (DPMP)",Non-academic,Part-time,School of Pharmacy,team-oriented environment; highly collaborative academic,09/08/2026,
774,https://unc.peopleadmin.com/postings/320494,UNC-Chapel Hill Employment Opportunities,Assistant_Professor; Associate_Professor; Full_Professor,Part-time,Division of Neuroradiology within the Department of Radiology,MRI of the brain,,11/01/2026
774,https://unc.peopleadmin.com/postings/324922,UNC-Chapel Hill Employment Opportunities,Non-academic,Part-time,,,09/21/2026,
774,https://unc.peopleadmin.com/postings/323735,UNC-Chapel Hill Employment Opportunities,Non-academic,Part-time,,,,09/28/2026
774,https://unc.peopleadmin.com/postings/318350,UNC-Chapel Hill Employment Opportunities | Assistant Coach - Special Teams,Non-academic,Part-time,,,,02/23/2026
774,https://unc.peopleadmin.com/postings/324518,UNC-Chapel Hill Employment Opportunities,Non-academic,Part-time,,,09/09/2026,09/14/2026
774,https://unc.peopleadmin.com/postings/318779,UNC-Chapel Hill Employment Opportunities,Assistant_Professor; Associate_Professor; Full_Professor,Part-time,Department of Surgery,,,05/04/2026
774,https://unc.peopleadmin.com/postings/324802,UNC-Chapel Hill Employment Opportunities | Assistant Professor,Assistant_Professor,Part-time,Department of Epidemiology,epidemiology,,09/01/2027
774,https://unc.peopleadmin.com/postings/322085,UNC-Chapel Hill Employment Opportunities,Assistant_Professor; Associate_Professor; Full_Professor,Part-time,Department of Radiology,,,07/01/2026
774,https://unc.peopleadmin.com/postings/324990,UNC-Chapel Hill Employment Opportunities | Research Assistant,Non-academic,Part-time,,,09/07/2026,
774,https://unc.peopleadmin.com/postings/299411,UNC-Chapel Hill Employment Opportunities | Post-Doc Research Associate,Research_Fellow,Part-time,School of Medicine,cellular cytoskeleton; cell motility,,
774,https://unc.peopleadmin.com/postings/324148,UNC-Chapel Hill Employment Opportunities | Tenure-Track Assistant Professor - Division of Pharmacoengineering and Molecular Pharmaceutics (DPMP),Assistant_Professor,Part-time,Division of Pharmacoengineering and Molecular Pharmaceutics,drug delivery; pharmacoengineering,10/07/2026,04/01/2027
774,https://unc.peopleadmin.com/postings/318567,UNC-Chapel Hill Employment Opportunities,Assistant_Professor; Associate_Professor; Full_Professor,Part-time,School of Medicine has a rich tradition of excellence and care,,,07/01/2025
774,https://unc.peopleadmin.com/postings/324687,UNC-Chapel Hill Employment Opportunities | Clinical Assistant Professor in Development and Learning in Elementary Education,Assistant_Professor,Part-time,School of Education is an academic unit reporting to the Provost,Development and Learning in Elementary Education; educational psychology; learning sciences; Family Science programs,"October 1, 2026",07/01/2027
774,https://unc.peopleadmin.com/postings/320208,UNC-Chapel Hill Employment Opportunities | Clinical Assistant Professor or Clinical Associate Professor,Assistant_Professor; Associate_Professor,Part-time,,,,05/01/2026
774,https://unc.peopleadmin.com/postings/324908,UNC-Chapel Hill Employment Opportunities | Associate Director for Sheps Integrated Research Solutions (SIRS),Non-academic,Part-time,Center for Health Services Research,,09/24/2026,09/28/2026
774,https://unc.peopleadmin.com/postings/323547,UNC-Chapel Hill Employment Opportunities,Assistant_Professor; Associate_Professor; Full_Professor,Part-time,Department of Radiology,,,11/01/2026
774,https://unc.peopleadmin.com/postings/317689,UNC-Chapel Hill Employment Opportunities,Research_Fellow,Part-time,School of Pharmacy,,,
774,https://unc.peopleadmin.com/postings/324508,UNC-Chapel Hill Employment Opportunities,Assistant_Professor; Associate_Professor; Full_Professor,Part-time,School of Medicine has a rich tradition of excellence and care,,,01/01/2027
774,https://unc.peopleadmin.com/postings/318767,UNC-Chapel Hill Employment Opportunities,Assistant_Professor; Associate_Professor; Full_Professor,Part-time,Division of Gastroenterology and Hepatology,subspecialty gastroenterology; established research,,07/01/2026
774,https://unc.peopleadmin.com/postings/324789,UNC-Chapel Hill Employment Opportunities | Research Associate,Research_Fellow,Part-time,,,,10/01/2026
774,https://unc.peopleadmin.com/postings/299394,UNC-Chapel Hill Employment Opportunities | Post-Doc Research Associate,Research_Fellow,Part-time,Center for Molecular Medicine,,,06/01/2024
774,https://unc.peopleadmin.com/postings/324099,UNC-Chapel Hill Employment Opportunities,Assistant_Professor; Associate_Professor; Full_Professor,Part-time,School of Medicine has a rich tradition of excellence and care,cardiovascular genetics; preventive cardiology; cardiovascular fellows,,11/01/2024
774,https://unc.peopleadmin.com/postings/318558,UNC-Chapel Hill Employment Opportunities,Assistant_Professor; Associate_Professor; Full_Professor; Research_Fellow,Part-time,School of Medicine has a rich tradition of excellence and care,,"December 15, 2024",09/01/2025
774,https://unc.peopleadmin.com/postings/324666,UNC-Chapel Hill Employment Opportunities,Non-academic,Part-time,"School of Global Public Health, NC Occupational Safety and Health Education Resource Center",environmental health,09/11/2026,10/12/2026
774,https://unc.peopleadmin.com/postings/319784,UNC-Chapel Hill Employment Opportunities,Assistant_Professor; Associate_Professor; Full_Professor,Part-time,School of Pharmacy and Gillings School of Global Public Health,research of brain tumors; stereotactic radiosurgery,,08/01/2026
774,https://unc.peopleadmin.com/postings/324888,UNC-Chapel Hill Employment Opportunities | Dispensary Technician,Non-academic,Part-time,School of Dentistry,,09/14/2026,
774,https://unc.peopleadmin.com/postings/323300,UNC-Chapel Hill Employment Opportunities,Assistant_Professor; Associate_Professor; Full_Professor,Part-time,Division of Urogynecology and Reconstructive Pelvic Surgery University of North Carolina,,,10/01/2026
774,https://unc.peopleadmin.com/postings/325056,UNC-Chapel Hill Employment Opportunities | Admin Support Specialist,Non-academic,Part-time,Department of Dramatic Art,,10/07/2026,09/14/2026
774,https://unc.peopleadmin.com/postings/313808,UNC-Chapel Hill Employment Opportunities | Postdoctoral Research Associate,Research_Fellow,Part-time,,,"January 15, 2026",07/01/2026
774,https://unc.peopleadmin.com/postings/324477,UNC-Chapel Hill Employment Opportunities,Unclassified,Part-time,School of Medicine Finance and Research Service Center,,09/08/2026,09/28/2026
774,https://unc.peopleadmin.com/postings/318761,UNC-Chapel Hill Employment Opportunities,Unclassified,Part-time,,,,07/01/2026
774,https://unc.peopleadmin.com/postings/324772,UNC-Chapel Hill Employment Opportunities | Study Coordinator,Non-academic,Part-time,,,09/15/2026,
774,https://unc.peopleadmin.com/postings/321873,UNC-Chapel Hill Employment Opportunities | Assistant Vice Chancellor of ServiceFirst Academic Professional Shared Services,Non-academic,Part-time,,ServiceFirst Academic Professional Shared Services; Research Administration services along; Procurement,"July 13, 2026",08/17/2026
774,https://unc.peopleadmin.com/postings/324969,UNC-Chapel Hill Employment Opportunities,Unclassified,Part-time,Institute for Neurodevelopmental Disabilities,,09/13/2026,
774,https://unc.peopleadmin.com/postings/324082,UNC-Chapel Hill Employment Opportunities,Assistant_Professor; Associate_Professor; Full_Professor,Part-time,Department of Ophthalmology,,,10/01/2026
774,https://unc.peopleadmin.com/postings/318518,UNC-Chapel Hill Employment Opportunities,Assistant_Professor; Associate_Professor; Full_Professor,Part-time,School of Medicine has a rich tradition of excellence and care,Child Neurology,,08/01/2024
774,https://unc.peopleadmin.com/postings/324636,UNC-Chapel Hill Employment Opportunities,Assistant_Professor; Associate_Professor; Full_Professor,Part-time,School of Medicine has a rich tradition of excellence and care,,,07/01/2025
774,https://unc.peopleadmin.com/postings/319423,UNC-Chapel Hill Employment Opportunities | Viral Vector Core Director - Open Rank,Assistant_Professor; Associate_Professor; Full_Professor,Part-time,School of Medicine has a rich tradition of excellence and care,,,06/01/2025
774,https://unc.peopleadmin.com/postings/324872,UNC-Chapel Hill Employment Opportunities | Study Coordinator,Non-academic,Part-time,,,09/16/2026,
774,https://unc.peopleadmin.com/postings/323091,UNC-Chapel Hill Employment Opportunities,Assistant_Professor; Associate_Professor; Full_Professor,Part-time,Department of Surgery,,,01/01/2026
774,https://unc.peopleadmin.com/postings/325036,UNC-Chapel Hill Employment Opportunities,Unclassified,Part-time,Department of Family Medicine,,,11/01/2026
774,https://unc.peopleadmin.com/postings/312406,UNC-Chapel Hill Employment Opportunities | Post-Doc Research Associate - Flick Lab,Research_Fellow,Part-time,,,,
774,https://unc.peopleadmin.com/postings/324451,UNC-Chapel Hill Employment Opportunities | Soc/Clin Research Specialist,Assistant_Professor,Part-time,Department of Psychiatry,,09/15/2026,
774,https://unc.peopleadmin.com/postings/318750,"UNC-Chapel Hill Employment Opportunities | Open-Rank, Tenure-Track Faculty Positions, Center for Molecular Medicine",Assistant_Professor; Associate_Professor; Full_Professor; Research_Fellow,Part-time,Center for Molecular Medicine,Center for Molecular Medicine; Basic research; these disciplines of,1/31/2026,07/01/2026
774,https://unc.peopleadmin.com/postings/324765,UNC-Chapel Hill Employment Opportunities | Accounting Technician,Non-academic,Part-time,,,09/08/2026,
774,https://unc.peopleadmin.com/postings/321833,UNC-Chapel Hill Employment Opportunities,Assistant_Professor; Associate_Professor; Full_Professor,Part-time,Division of Transplant Surgery of the University of North Carolina,,,10/26/2026
774,https://unc.peopleadmin.com/postings/324955,UNC-Chapel Hill Employment Opportunities | Scheduling Specialist,Non-academic,Part-time,,,09/11/2026,
774,https://unc.peopleadmin.com/postings/299381,UNC-Chapel Hill Employment Opportunities | Post-Doc Research Associate,Research_Fellow,Part-time,School of Medicine has a rich tradition of excellence and care,,,
774,https://unc.peopleadmin.com/postings/318509,UNC-Chapel Hill Employment Opportunities | Teaching Assistant Professor,Assistant_Professor,Part-time,College of Arts and Sciences is the academic heart of the Carolina experience,Assistant Professor Appointment Type Fixed,,07/01/2024
774,https://unc.peopleadmin.com/postings/324574,UNC-Chapel Hill Employment Opportunities | Dental Assistant,Unclassified,Part-time,,,09/10/2026,
774,https://unc.peopleadmin.com/postings/319134,UNC-Chapel Hill Employment Opportunities,Assistant_Professor; Associate_Professor; Full_Professor,Part-time,School of Dentistry is,Instructor’s License; Competencies; dental biomaterial Supervise,,09/01/2026
774,https://unc.peopleadmin.com/postings/324857,UNC-Chapel Hill Employment Opportunities | Tenure/Tenure-Track Faculty,Assistant_Professor; Associate_Professor; Full_Professor,Part-time,School of Social Work,meaningful improvements; public systems,11/02/2026,07/01/2027
774,https://unc.peopleadmin.com/postings/322890,UNC-Chapel Hill Employment Opportunities | Post-Doc Research Associate,Research_Fellow,Part-time,Institute for Risk Management and Insurance Innovation,quantitative approaches; exposure,10/23/2026,09/01/2026
774,https://unc.peopleadmin.com/postings/325030,UNC-Chapel Hill Employment Opportunities,Non-academic,Part-time,"department of Medicine, Division of Infectious Diseases",,09/11/2026,
774,https://unc.peopleadmin.com/postings/309927,UNC-Chapel Hill Employment Opportunities | Post-Doc Research Associate,Research_Fellow,Part-time,,,,01/01/2026
774,https://unc.peopleadmin.com/postings/324413,UNC-Chapel Hill Employment Opportunities,Assistant_Professor; Associate_Professor; Full_Professor,Part-time,School of Social Work,macro practice specialization,10/01/2026,12/01/2026
774,https://unc.peopleadmin.com/postings/318716,UNC-Chapel Hill Employment Opportunities | Clinical Instructor,Unclassified,Part-time,School of Medicine has a rich tradition of excellence and care,,,06/30/2026
774,https://unc.peopleadmin.com/postings/324755,UNC-Chapel Hill Employment Opportunities,Assistant_Professor; Associate_Professor; Full_Professor,Part-time,Department of Pediatrics,,,07/01/2026
774,https://unc.peopleadmin.com/postings/321234,UNC-Chapel Hill Employment Opportunities | Senior Associate Athletic Director of Marketing and Content,Unclassified,Part-time,,Marketing and Content,,07/13/2026
774,https://unc.peopleadmin.com/postings/324950,UNC-Chapel Hill Employment Opportunities | Facilities Coordinator,Non-academic,Part-time,,,09/17/2026,
774,https://unc.peopleadmin.com/postings/299370,UNC-Chapel Hill Employment Opportunities | Post-Doc Research Associate,Research_Fellow,Part-time,School of Medicine has a rich tradition of excellence and care,targeted therapeutics applications,,
774,https://unc.peopleadmin.com/postings/324022,UNC-Chapel Hill Employment Opportunities | Research Associate Professor or Research Professor (Kenan Institute of Private Enterprise),Associate_Professor; Full_Professor; Research_Fellow,Part-time,Institute of Private Ent,economic forecasting; regional economics,,11/02/2026
774,https://unc.peopleadmin.com/postings/318806,UNC-Chapel Hill Employment Opportunities,Assistant_Professor; Associate_Professor; Full_Professor,Part-time,,cochlear implants outcome research,,07/01/2026
774,https://unc.peopleadmin.com/postings/324848,UNC-Chapel Hill Employment Opportunities,Assistant_Professor; Associate_Professor; Full_Professor,Part-time,Center for Excellence in Community Mental Health,,09/30/2026,12/07/2026
774,https://unc.peopleadmin.com/postings/322710,UNC-Chapel Hill Employment Opportunities | Assistant Professor (Strategy &amp; Entrepreneurship),Assistant_Professor,Part-time,,Strategy; Entrepreneurship,09/15/2026,07/01/2027
774,https://unc.peopleadmin.com/postings/325017,UNC-Chapel Hill Employment Opportunities,Unclassified,Part-time,,,09/24/2026,
774,https://unc.peopleadmin.com/postings/306046,UNC-Chapel Hill Employment Opportunities | Postdoctoral Research Associate,Research_Fellow,Part-time,School of Global Public Health,,,
774,https://unc.peopleadmin.com/postings/324374,"UNC-Chapel Hill Employment Opportunities | Teaching, Fixed-Term Faculty Position",Assistant_Professor; Associate_Professor,Part-time,Department of Health Policy and Management,person availability,"July 1, 2026",01/01/2027
774,https://unc.peopleadmin.com/postings/318607,UNC-Chapel Hill Employment Opportunities | Adolescent Medicine Specialist,Assistant_Professor; Associate_Professor; Full_Professor,Part-time,School of Medicine has a rich tradition of excellence and care,Adolescent Medicine section include evaluation; use of adolescent-friendly,,06/02/2026
774,https://unc.peopleadmin.com/postings/324743,UNC-Chapel Hill Employment Opportunities,Non-academic,Part-time,Department of Anthropology,,09/14/2026,09/21/2026
774,https://unc.peopleadmin.com/postings/320836,UNC-Chapel Hill Employment Opportunities,Assistant_Professor; Associate_Professor; Full_Professor,Part-time,School of Medicine has a rich tradition of excellence and care,,,04/01/2025
774,https://unc.peopleadmin.com/postings/324933,UNC-Chapel Hill Employment Opportunities | Research Specialist-CIND,Non-academic,Part-time,Institute for Developmental Disabilities,,09/07/2026,
774,https://unc.peopleadmin.com/postings/299363,UNC-Chapel Hill Employment Opportunities,Research_Fellow,Part-time,faculty of a major public research university,,,
774,https://unc.peopleadmin.com/postings/323943,UNC-Chapel Hill Employment Opportunities,Assistant_Professor; Associate_Professor; Full_Professor,Part-time,Division of Endocrinology,,,07/01/2027
774,https://unc.peopleadmin.com/postings/318499,UNC-Chapel Hill Employment Opportunities,Assistant_Professor,Part-time,School of Medicine has a rich tradition of excellence and care,,,07/01/2023
774,https://unc.peopleadmin.com/postings/324548,UNC-Chapel Hill Employment Opportunities,Non-academic,Part-time,Center for Excellence in Community Mental Health,,09/09/2026,
774,https://unc.peopleadmin.com/postings/318787,UNC-Chapel Hill Employment Opportunities,Research_Fellow,Part-time,Department of Neurology,Neuropsychology; aging related neurological conditions,,07/01/2026
774,https://unc.peopleadmin.com/postings/324818,UNC-Chapel Hill Employment Opportunities | Post-Doc Research Associate - Sharma Lab,Research_Fellow,Part-time,School of Medicine has a rich tradition of excellence and care,,,10/01/2026
774,https://unc.peopleadmin.com/postings/322593,UNC-Chapel Hill Employment Opportunities | Assistant Professor (Tenure Track),Assistant_Professor,Part-time,Department of Ophthalmology in the UNC School of Medicine seeks to fill a tenure track position,vision science,,01/01/2027
774,https://unc.peopleadmin.com/postings/325005,UNC-Chapel Hill Employment Opportunities | Research Associate Professor,Associate_Professor; Research_Fellow,Part-time,College of Arts and Sciences,semiconductor physics; photoelectrochemistry,09/18/2026,01/01/2027
774,https://unc.peopleadmin.com/postings/301318,UNC-Chapel Hill Employment Opportunities | Post-Doc Research Associate,Research_Fellow,Part-time,Department of Neurology,Maternal Fetal Medicine; Pediatric Genetics,,07/01/2025
774,https://unc.peopleadmin.com/postings/324254,UNC-Chapel Hill Employment Opportunities,Assistant_Professor; Associate_Professor; Full_Professor,Part-time,Division of Oncology,gastrointestinal medical oncology; clinical care,,07/01/2027
774,https://unc.peopleadmin.com/postings/318594,UNC-Chapel Hill Employment Opportunities,Assistant_Professor; Associate_Professor; Full_Professor; Research_Fellow,Part-time,School of Medicine has a rich tradition of excellence and care,,,07/07/2025
774,https://unc.peopleadmin.com/postings/324714,UNC-Chapel Hill Employment Opportunities,Assistant_Professor; Associate_Professor; Full_Professor,Part-time,School of Medicine has a rich tradition of excellence and care,,,07/01/2025
774,https://unc.peopleadmin.com/postings/320500,UNC-Chapel Hill Employment Opportunities,Assistant_Professor; Associate_Professor; Full_Professor,Part-time,Department of Radiology,MRI examinations performed,,11/01/2026
774,https://unc.peopleadmin.com/postings/324925,UNC-Chapel Hill Employment Opportunities,Assistant_Professor; Associate_Professor; Full_Professor,Part-time,Department of Anesthesiology is searching for a General Anesthesiologist,,,10/01/2026
774,https://unc.peopleadmin.com/postings/323779,UNC-Chapel Hill Employment Opportunities | Post-Doc Research Associate,Research_Fellow,Part-time,School of Medicine has a rich tradition of excellence and care,,09/10/2026,
774,https://unc.peopleadmin.com/postings/318356,UNC-Chapel Hill Employment Opportunities | Director of Football Player Personnel Scouting and Data Management,Non-academic,Part-time,,Football Player Personnel Scouting and Data Management,,04/13/2026
774,https://unc.peopleadmin.com/postings/324532,UNC-Chapel Hill Employment Opportunities | Maternal Fetal Medicine Specialist,Assistant_Professor; Associate_Professor; Full_Professor,Part-time,School of Medicine has a rich tradition of excellence and care,,,07/01/2025
774,https://unc.peopleadmin.com/postings/322167,UNC-Chapel Hill Employment Opportunities | Post-Doc Research Associate - Malik Lab,Research_Fellow,Part-time,,,,
774,https://unc.peopleadmin.com/postings/324995,UNC-Chapel Hill Employment Opportunities,Assistant_Professor; Associate_Professor; Full_Professor,Part-time,School of Medicine has a rich tradition of excellence and care,,,07/01/2024
774,https://unc.peopleadmin.com/postings/299425,UNC-Chapel Hill Employment Opportunities,Research_Fellow,Part-time,School of Medicine has a rich tradition of excellence and care,clinical manifestations of neurodevelopmental; biological basis,,07/01/2025
774,https://unc.peopleadmin.com/postings/324175,UNC-Chapel Hill Employment Opportunities,Non-academic,Part-time,Department for UNC Chapel Hill,,09/09/2026,
774,https://unc.peopleadmin.com/postings/318570,UNC-Chapel Hill Employment Opportunities | Neurology Physician-Scientist Faculty Position in the Genetics of Cognitive Disorders and Dementia,Research_Fellow,Part-time,School of Medicine has a rich tradition of excellence and care,Cognitive Disorders and Dementia; age associated somatic variations; non-mendelian genetics,,07/01/2025
774,https://unc.peopleadmin.com/postings/324690,UNC-Chapel Hill Employment Opportunities | Clinical Assistant Professor in Organizational Learning and Leadership - July 1 start,Assistant_Professor,Part-time,School of Education is an academic unit reporting to the Provost,Organizational Learning and Leadership,"October 1, 2026",07/01/2027
774,https://unc.peopleadmin.com/postings/320226,UNC-Chapel Hill Employment Opportunities,Assistant_Professor; Associate_Professor; Full_Professor,Part-time,Department of Surgery,clinical outcomes; health services research,,07/01/2026
774,https://unc.peopleadmin.com/postings/324911,UNC-Chapel Hill Employment Opportunities | Clinical Instructor,Unclassified,Part-time,,accredited diagnostic medical sonography program,,08/01/2026
774,https://unc.peopleadmin.com/postings/323666,UNC-Chapel Hill Employment Opportunities,Assistant_Professor; Associate_Professor; Full_Professor,Part-time,Division of Hospital Medicine Skip to Main Content Toggle navigation Home Search Jobs Careers,,,03/01/2027
774,https://unc.peopleadmin.com/postings/318336,UNC-Chapel Hill Employment Opportunities | Adjunct Instructor,Non-academic,Part-time,School of Social Work,,04/12/2027,
774,https://unc.peopleadmin.com/postings/324511,UNC-Chapel Hill Employment Opportunities | Health Services Coordinator,Non-academic,Part-time,,,09/11/2026,
774,https://unc.peopleadmin.com/postings/318773,UNC-Chapel Hill Employment Opportunities,Assistant_Professor; Associate_Professor; Full_Professor,Part-time,Division of Infectious Diseases,,,07/01/2026
774,https://unc.peopleadmin.com/postings/324794,UNC-Chapel Hill Employment Opportunities | Hazardous Radioactive Materials Specialist,Non-academic,Part-time,,,09/15/2026,
774,https://unc.peopleadmin.com/postings/325114,UNC-Chapel Hill Employment Opportunities,Assistant_Professor; Associate_Professor; Full_Professor,Part-time,Department of Pediatrics,,,11/01/2026
774,https://unc.peopleadmin.com/postings/325303,UNC-Chapel Hill Employment Opportunities,Non-academic,Part-time,,,09/24/2026,
774,https://unc.peopleadmin.com/postings/325195,Student Services Specialist,Assistant_Professor; Associate_Professor; Full_Professor,Part-time,,,09/17/2026,09/28/2026
774,https://unc.peopleadmin.com/postings/325088,Professor of the Practice,Full_Professor,Part-time,Division of Data Science and Society within the School of Data and Information Sciences,applications of data; fundamentals; MADS program,"October 12, 2026",01/01/2027
774,https://unc.peopleadmin.com/postings/325291,UNC-Chapel Hill Employment Opportunities,Assistant_Professor; Associate_Professor; Full_Professor,Part-time,Department of Neurosurgery,,,07/01/2026
774,https://unc.peopleadmin.com/postings/325173,UNC-Chapel Hill Employment Opportunities,Unclassified,Part-time,Institute for Neurodevelopmental Disabilities,,09/21/2026,
774,https://unc.peopleadmin.com/postings/325074,Accounting Technician,Non-academic,Part-time,Department of Health Policy and Management,,09/15/2026,
774,https://unc.peopleadmin.com/postings/325279,Assistant Professor,Assistant_Professor,Part-time,"Department of Earth, Marine and Environmental Sciences",Marine Biology; coastal ecology,11/16/2026,07/01/2027
774,https://unc.peopleadmin.com/postings/325156,UNC-Chapel Hill Employment Opportunities,Non-academic,Part-time,,non-financial research compliance,09/22/2026,09/28/2026
774,https://unc.peopleadmin.com/postings/325369,UNC-Chapel Hill Employment Opportunities,Unclassified,Part-time,School of Education is an academic unit reporting to the Provost,Fellows program,09/18/2026,10/01/2026
774,https://unc.peopleadmin.com/postings/325264,UNC-Chapel Hill Employment Opportunities,Unclassified,Part-time,,UNC pediatricians,10/10/2026,
774,https://unc.peopleadmin.com/postings/325142,UNC-Chapel Hill Employment Opportunities,Unclassified,Part-time,"Department of Pathology and Laboratory Medicine, University of North Carolina",School of Medicine,,07/01/2027
774,https://unc.peopleadmin.com/postings/325349,Assistant Professor (Tenure Track),Assistant_Professor,Part-time,Department of Ophthalmology in the UNC School of Medicine seeks to fill a tenure track position,vision science,10/15/2026,01/01/2027
774,https://unc.peopleadmin.com/postings/325256,UNC-Chapel Hill Employment Opportunities,Assistant_Professor; Associate_Professor; Full_Professor,Part-time,School of Pharmacy and Gillings School of Global Public Health,research of brain tumors; stereotactic radiosurgery,,08/01/2026
774,https://unc.peopleadmin.com/postings/325136,UNC-Chapel Hill Employment Opportunities,Unclassified,Part-time,,,10/08/2026,10/12/2026
774,https://unc.peopleadmin.com/postings/325341,Behavioral Health Evaluation Specialist,Non-academic,Part-time,"School of Social Work is to advance equity, transform systems, improve lives",Sheps data science team; study Experience working on teams,09/28/2026,10/19/2026
774,https://unc.peopleadmin.com/postings/325130,Arts Production Specialist,Non-academic,Part-time,Department of Dramatic Art,,10/08/2026,09/14/2026
774,https://unc.peopleadmin.com/postings/325317,UNC-Chapel Hill Employment Opportunities,Non-academic,Part-time,School of Journalism and Media,,09/25/2026,09/11/2026
774,https://unc.peopleadmin.com/postings/325223,Senior Student Success Specialist for Heels Hub,Assistant_Professor; Associate_Professor; Full_Professor,Part-time,,,09/24/2026,10/19/2026
774,https://unc.peopleadmin.com/postings/325119,Assistant Director,Research_Fellow,Part-time,,,09/21/2026,10/12/2026
774,https://unc.peopleadmin.com/postings/325306,Research Technician,Non-academic,Part-time,,,09/20/2026,10/12/2026
774,https://unc.peopleadmin.com/postings/325204,Donor Relations and Reporting Coordinator,Non-academic,Part-time,,,09/23/2026,
774,https://unc.peopleadmin.com/postings/325096,Social/Clinical Research Assistant,Non-academic,Part-time,"Department of Radiology, Epidemiology Research Team",,09/15/2026,
774,https://unc.peopleadmin.com/postings/325298,Lead Study Coordinator,Non-academic,Part-time,,,09/25/2026,10/05/2026
774,https://unc.peopleadmin.com/postings/325192,Open Rank - Assistant/Associate/Full Professor,Assistant_Professor; Associate_Professor; Full_Professor,Part-time,Division of Data Science and Society within the School of Data and Information Sciences,applications of data; fundamentals,11/16/2026,07/01/2027
774,https://unc.peopleadmin.com/postings/325082,Public Service Program Associate,Non-academic,Part-time,Center for Public Service,,09/15/2026,
774,https://unc.peopleadmin.com/postings/325286,Soc/Clin Research Assistant,Non-academic,Part-time,,patient interactions; sickle cell disease,09/16/2026,
774,https://unc.peopleadmin.com/postings/325162,UNC-Chapel Hill Employment Opportunities,Assistant_Professor; Associate_Professor; Full_Professor,Part-time,"Division of Rheumatology, Allergy and Immunology in the Department of Medicine",,,06/30/2027
774,https://unc.peopleadmin.com/postings/325379,EM&P Planning Assistant,Non-academic,Part-time,,,09/28/2026,09/14/2026
774,https://unc.peopleadmin.com/postings/325272,UNC-Chapel Hill Employment Opportunities,Non-academic,Part-time,,,09/21/2026,
774,https://unc.peopleadmin.com/postings/325150,UNC-Chapel Hill Employment Opportunities,Non-academic,Part-time,School of Education is an academic unit reporting to the Provost,BEST undergraduate,09/30/2026,10/05/2026
774,https://unc.peopleadmin.com/postings/325362,UNC-Chapel Hill Employment Opportunities,Unclassified,Part-time,,,09/28/2026,
774,https://unc.peopleadmin.com/postings/325260,Post-Doc Research Associate,Research_Fellow,Part-time,Department of Psychiatry and Department of Computer Science,biomedical image; machine learning,10/30/2026,02/16/2026
774,https://unc.peopleadmin.com/postings/325138,Life Safety Technician,Non-academic,Part-time,Division of Facilities Services,classrooms facilities; time investments,09/15/2026,
774,https://unc.peopleadmin.com/postings/325345,Soc/Clin Research Assistant,Non-academic,Part-time,School of Nursing is searching for a Research Assistant,,09/22/2026,09/28/2026
774,https://unc.peopleadmin.com/postings/325133,UNC-Chapel Hill Employment Opportunities,Non-academic,Part-time,,,09/23/2026,
774,https://unc.peopleadmin.com/postings/325320,Study Coordinator,Non-academic,Part-time,,educating clinical staff; clinical care environment,09/25/2026,
774,https://unc.peopleadmin.com/postings/325239,UNC-Chapel Hill Employment Opportunities,Unclassified,Full-time,,,,
774,https://unc.peopleadmin.com/postings/325124,Dental Assistant,Unclassified,Part-time,,,09/22/2026,
774,https://unc.peopleadmin.com/postings/325308,UNC-Chapel Hill Employment Opportunities,Non-academic,Part-time,Department of Diagnostic Sciences,,09/21/2026,
774,https://unc.peopleadmin.com/postings/325219,Postdoctoral Research Associate,Research_Fellow,Part-time,,,"January 15, 2026",07/01/2026
774,https://unc.peopleadmin.com/postings/325110,Pediatric Gastroenterology Clinical Assistant Professor,Assistant_Professor,Part-time,Division of Pediatric Gastroenterology,Pediatric Gastroenterology Clinical Assistant,,09/01/2026
774,https://unc.peopleadmin.com/postings/325301,Assistant Coach,Non-academic,Part-time,,,09/24/2026,10/12/2026
774,https://unc.peopleadmin.com/postings/325194,Post-Doc Research Associate,Research_Fellow,Part-time,Department of Biomedical Engineering,high throughput organ-on-chip platforms; developing automated,09/23/2026,10/05/2026
774,https://unc.peopleadmin.com/postings/325084,Clinical Instructor,Unclassified,Part-time,,accredited diagnostic medical sonography program,,08/01/2026
774,https://unc.peopleadmin.com/postings/325289,Research Coordinator,Non-academic,Part-time,Center for Virtual Care Value and Excellence,,09/25/2026,10/12/2026
774,https://unc.peopleadmin.com/postings/325170,UNC-Chapel Hill Employment Opportunities,Assistant_Professor; Associate_Professor; Full_Professor,Part-time,Division of Pulmonary Diseases and Critical Care Medicine,,,07/01/2027
774,https://unc.peopleadmin.com/postings/325383,Research Technician,Assistant_Professor; Associate_Professor; Full_Professor,Part-time,,,09/21/2026,
774,https://unc.peopleadmin.com/postings/325071,Adjunct Instructor,Unclassified,Part-time,,,10/08/2026,12/01/2026
774,https://unc.peopleadmin.com/postings/325278,UNC-Chapel Hill Employment Opportunities,Non-academic,Part-time,,,09/21/2026,
774,https://unc.peopleadmin.com/postings/325154,UNC-Chapel Hill Employment Opportunities,Non-academic,Part-time,School of Medicine Information Technology,,10/09/2026,11/02/2026
774,https://unc.peopleadmin.com/postings/325366,UNC-Chapel Hill Employment Opportunities,Unclassified,Part-time,School of Nursing requirements,,09/21/2026,10/01/2026
774,https://unc.peopleadmin.com/postings/325263,Adjunct Instructor,Unclassified,Part-time,Department of Family Medicine,,09/18/2026,08/31/2026
774,https://unc.peopleadmin.com/postings/325141,UNC-Chapel Hill Employment Opportunities,Non-academic,Part-time,,APIs,09/21/2026,10/12/2026
774,https://unc.peopleadmin.com/postings/325348,Soc/Clin Research Assistant-CEDAS,Non-academic,Part-time,Center for Gastrointestinal Biology and Disease,,09/21/2026,
774,https://unc.peopleadmin.com/postings/325135,Research Technician,Non-academic,Part-time,,,09/18/2026,
774,https://unc.peopleadmin.com/postings/325325,UNC-Chapel Hill Employment Opportunities,Non-academic,Part-time,,,09/25/2026,10/12/2026
774,https://unc.peopleadmin.com/postings/325254,Director of Technology Commercialization,Unclassified,Part-time,,Technology Commercialization,09/24/2026,01/04/2027
774,https://unc.peopleadmin.com/postings/325128,UNC-Chapel Hill Employment Opportunities,Unclassified,Full-time,,,,
774,https://unc.peopleadmin.com/postings/325311,Dental Assistant,Unclassified,Part-time,School of Dentistry,,09/22/2026,
774,https://unc.peopleadmin.com/postings/325222,Emergency Generator Technician,Non-academic,Part-time,Division of Facilities Services,classrooms facilities; time investments,09/15/2026,
774,https://unc.peopleadmin.com/postings/325115,Accounting Technician,Non-academic,Part-time,,,09/16/2026,
774,https://unc.peopleadmin.com/postings/325304,Director of Stewardship & Development Content,Unclassified,Part-time,School of Dentistry,Stewardship & Development Content,09/25/2026,10/19/2026
774,https://unc.peopleadmin.com/postings/325196,UNC-Chapel Hill Employment Opportunities,Unclassified,Part-time,,Epic treatment plans,09/15/2026,09/21/2026
774,https://unc.peopleadmin.com/postings/325093,Assistant Study Coordinator,Non-academic,Part-time,,,09/17/2026,
774,https://unc.peopleadmin.com/postings/325293,UNC-Chapel Hill Employment Opportunities,Assistant_Professor; Associate_Professor; Full_Professor,Part-time,School of Medicine has a rich tradition of excellence and care,,,07/01/2024
774,https://unc.peopleadmin.com/postings/325182,Educational Programs Coordinator,Non-academic,Part-time,School of Dentistry,,09/22/2026,
774,https://unc.peopleadmin.com/postings/325080,UNC-Chapel Hill Employment Opportunities,Non-academic,Part-time,,,09/21/2026,01/19/2026
774,https://unc.peopleadmin.com/postings/325281,Adjunct Assistant Professor,Assistant_Professor,Part-time,,,09/18/2026,09/28/2026
774,https://unc.peopleadmin.com/postings/325160,Research Assistant Professor,Assistant_Professor,Part-time,Institute for Trauma Recovery,,,04/06/2026
774,https://unc.peopleadmin.com/postings/325373,UNC-Chapel Hill Employment Opportunities,Unclassified,Part-time,Institute for Neurodevelopmental Disabilities,,09/21/2026,
774,https://unc.peopleadmin.com/postings/325265,UNC-Chapel Hill Employment Opportunities,Non-academic,Part-time,,,09/21/2026,
774,https://unc.peopleadmin.com/postings/325143,UNC-Chapel Hill Employment Opportunities,Non-academic,Part-time,,,09/22/2026,10/05/2026
774,https://unc.peopleadmin.com/postings/325359,UNC-Chapel Hill Employment Opportunities,Unclassified,Part-time,,,09/17/2026,09/28/2026
774,https://unc.peopleadmin.com/postings/325258,UNC-Chapel Hill Employment Opportunities,Assistant_Professor; Associate_Professor; Full_Professor,Part-time,Department of Radiation Oncology,,,08/01/2026
774,https://unc.peopleadmin.com/postings/325137,Life Safety Lead Technician,Non-academic,Part-time,Division of Facilities Services,classrooms facilities; time investments,09/17/2026,
774,https://unc.peopleadmin.com/postings/325342,Post-Doc Research Associate,Research_Fellow,Part-time,,,,08/02/2027
774,https://unc.peopleadmin.com/postings/325132,UNC-Chapel Hill Employment Opportunities,Non-academic,Part-time,,,09/21/2026,10/05/2026
774,https://unc.peopleadmin.com/postings/325318,UNC-Chapel Hill Employment Opportunities,Unclassified,Part-time,School of Medicine Finance and Research Service Center,,09/16/2026,09/28/2026
774,https://unc.peopleadmin.com/postings/325238,RENCI Director,Non-academic,Part-time,,,09/23/2026,10/01/2026
774,https://unc.peopleadmin.com/postings/325120,Director of Development for Student Success,Unclassified,Part-time,Division of Student Success,Development for Student Success,09/29/2026,10/26/2026
774,https://unc.peopleadmin.com/postings/325307,UNC-Chapel Hill Employment Opportunities,Assistant_Professor; Associate_Professor; Full_Professor; Research_Fellow,Part-time,Department of Psychiatry,Comorbidity of substance use; historically underserved communities Development,,01/04/2027
774,https://unc.peopleadmin.com/postings/325218,UNC-Chapel Hill Employment Opportunities,Assistant_Professor; Associate_Professor; Full_Professor,Part-time,"Department of Pediatrics, Division of Pediatric Critical Care Medicine",clear trajectory toward independence; peer-reviewed publications,,11/01/2026
774,https://unc.peopleadmin.com/postings/325097,Fetal Care Research Coordinator,Non-academic,Part-time,,industry-sponsored clinical trials evaluating treatments; advancing maternal,09/15/2026,
774,https://unc.peopleadmin.com/postings/325300,Clinical Instructor,Unclassified,Part-time,Department of Psychiatry is committed to clinical service and teaching,,,11/16/2026
774,https://unc.peopleadmin.com/postings/325193,Open Rank - Neuroengineering Cluster- Assistant/Associate/Full Professor,Assistant_Professor; Associate_Professor; Full_Professor,Part-time,Division of Data Science and Society within the School of Data and Information Sciences,multimodal neural data integration; interest include machine learning,11/16/2026,07/01/2027
774,https://unc.peopleadmin.com/postings/325083,Study Coordinator,Non-academic,Part-time,,,09/17/2026,
774,https://unc.peopleadmin.com/postings/325288,Director of the Carolina College Advising Corps,Non-academic,Part-time,,,10/12/2026,11/02/2026
774,https://unc.peopleadmin.com/postings/325167,Director of Local Elected Official Programming,Unclassified,Part-time,School of Government,Local Elected Official Programming,09/18/2026,09/21/2026
774,https://unc.peopleadmin.com/postings/325382,Admin Support Specialist,Non-academic,Part-time,,,09/18/2026,09/28/2026
774,https://unc.peopleadmin.com/postings/325277,Assistant Professor,Assistant_Professor,Part-time,"Department of Earth, Marine and Environmental Sciences",Marine Biology; marine food web dynamics,11/16/2026,07/01/2027
774,https://unc.peopleadmin.com/postings/325152,"Chair, Department of Radiology",Assistant_Professor; Associate_Professor; Full_Professor,Part-time,Department of Radiology,Radiology,,01/01/2027
774,https://unc.peopleadmin.com/postings/325364,Research Informatics Associate,Unclassified,Part-time,"School of Global Public Health, and other health affairs schools",clinical research informatics; data engineering,09/28/2026,11/02/2026
774,https://unc.peopleadmin.com/postings/325261,Research Technician,Research_Fellow,Part-time,School of Pharmacy,,09/18/2026,09/21/2026
774,https://unc.peopleadmin.com/postings/325140,Research Associate,Research_Fellow,Part-time,,,09/22/2026,10/01/2026
774,https://unc.peopleadmin.com/postings/325346,Grounds Laborer/Irrigation Technician,Non-academic,Part-time,,,09/24/2026,09/30/2026
774,https://unc.peopleadmin.com/postings/325134,UNC-Chapel Hill Employment Opportunities,Unclassified,Full-time,,,,
774,https://unc.peopleadmin.com/postings/325323,UNC-Chapel Hill Employment Opportunities,Non-academic,Part-time,,,09/25/2026,10/12/2026
774,https://unc.peopleadmin.com/postings/325240,UNC-Chapel Hill Employment Opportunities,Unclassified,Part-time,faculty of the University community,,09/22/2026,09/24/2026
774,https://unc.peopleadmin.com/postings/325127,UNC-Chapel Hill Employment Opportunities,Non-academic,Part-time,,,09/29/2026,06/29/2026
774,https://unc.peopleadmin.com/postings/325309,UNC-Chapel Hill Employment Opportunities,Non-academic,Part-time,,,09/28/2026,
774,https://unc.peopleadmin.com/postings/325220,UNC-Chapel Hill Employment Opportunities,Non-academic,Part-time,,,09/24/2026,
774,https://unc.peopleadmin.com/postings/325456,UNC-Chapel Hill Employment Opportunities,Non-academic,Part-time,,,09/22/2026,
774,https://unc.peopleadmin.com/postings/325448,Associate Director of Development,Unclassified,Part-time,,Development,10/06/2026,11/01/2026
774,https://unc.peopleadmin.com/postings/325431,UNC-Chapel Hill Employment Opportunities,Non-academic,Part-time,,,09/21/2026,01/19/2026
774,https://unc.peopleadmin.com/postings/325416,Administrative Support Associate,Research_Fellow,Part-time,,,09/28/2026,
774,https://unc.peopleadmin.com/postings/325399,UNC-Chapel Hill Employment Opportunities,Non-academic,Part-time,,,09/28/2026,10/12/2026
774,https://unc.peopleadmin.com/postings/325393,Dental Assistant,Unclassified,Part-time,,,10/05/2026,
774,https://unc.peopleadmin.com/postings/325458,UNC-Chapel Hill Employment Opportunities,Non-academic,Part-time,,,09/22/2026,
774,https://unc.peopleadmin.com/postings/325453,UNC-Chapel Hill Employment Opportunities,Unclassified,Part-time,,,09/22/2026,
774,https://unc.peopleadmin.com/postings/325441,UNC-Chapel Hill Employment Opportunities,Research_Fellow,Part-time,"Department of Pathology and Laboratory Medicine, University of North Carolina",,09/29/2026,07/01/2027
774,https://unc.peopleadmin.com/postings/325424,UNC-Chapel Hill Employment Opportunities,Assistant_Professor; Associate_Professor; Full_Professor,Part-time,"Department of Political Science, University of North Carolina",Comparative,10/15/2026,07/01/2027
774,https://unc.peopleadmin.com/postings/325401,UNC-Chapel Hill Employment Opportunities,Non-academic,Part-time,School of Medicine,,09/28/2026,10/12/2026
774,https://unc.peopleadmin.com/postings/325396,Temporary Data Scientist,Non-academic,Part-time,,,09/17/2026,09/30/2026
774,https://unc.peopleadmin.com/postings/325460,UNC-Chapel Hill Employment Opportunities,Unclassified,Full-time,,,,
774,https://unc.peopleadmin.com/postings/325455,UNC-Chapel Hill Employment Opportunities,Non-academic,Part-time,,,09/22/2026,
774,https://unc.peopleadmin.com/postings/325447,Associate Director of Masters’ Programs and Academic Initiatives,Non-academic,Part-time,Department of Health Policy and Management,,09/29/2026,10/05/2026
774,https://unc.peopleadmin.com/postings/325426,UNC-Chapel Hill Employment Opportunities,Unclassified,Full-time,,,,
774,https://unc.peopleadmin.com/postings/325413,Assistant Director of Development for School of Civic Life and Leadership,Unclassified,Part-time,School of Civic Life and Leadership,Development for School of Civic Life and Leadership,09/28/2026,10/26/2026
774,https://unc.peopleadmin.com/postings/325398,Laboratory Relocation Assistant,Unclassified,Part-time,Center for Molecular Medicine,,09/17/2026,
774,https://unc.peopleadmin.com/postings/325386,Support Services Associate,Unclassified,Part-time,,,09/22/2026,
774,https://unc.peopleadmin.com/postings/325468,UNC-Chapel Hill Employment Opportunities,Non-academic,Part-time,,,09/21/2026,09/21/2026
774,https://unc.peopleadmin.com/postings/325457,UNC-Chapel Hill Employment Opportunities,Non-academic,Part-time,,,09/22/2026,
774,https://unc.peopleadmin.com/postings/325449,UNC-Chapel Hill Employment Opportunities,Assistant_Professor; Associate_Professor; Full_Professor; Research_Fellow,Part-time,Department of Psychiatry,Comorbidity of substance use; historically underserved communities Development,,01/04/2027
774,https://unc.peopleadmin.com/postings/325436,UNC-Chapel Hill Employment Opportunities,Unclassified,Part-time,Institute for Neurodevelopmental Disabilities,,09/18/2026,
774,https://unc.peopleadmin.com/postings/325421,Science Education Specialist,Non-academic,Part-time,,,09/30/2026,10/12/2026
774,https://unc.peopleadmin.com/postings/325400,Fume Hood Specialist,Non-academic,Part-time,,,09/28/2026,
774,https://unc.peopleadmin.com/postings/325394,Dietetic Technician,Non-academic,Part-time,,,09/21/2026,
774,https://unc.peopleadmin.com/postings/325459,UNC-Chapel Hill Employment Opportunities,Non-academic,Part-time,,,09/22/2026,
774,https://unc.peopleadmin.com/postings/325454,UNC-Chapel Hill Employment Opportunities,Non-academic,Part-time,,,09/22/2026,
774,https://unc.peopleadmin.com/postings/325442,Postdoctoral Research Associate,Research_Fellow,Part-time,"Department of Pathology and Laboratory Medicine, and the Marsico Lung Institute",,,
774,https://unc.peopleadmin.com/postings/325425,Director for Campaign Strategy and Donor Development,Unclassified,Part-time,,law school,09/29/2026,10/26/2026
774,https://unc.peopleadmin.com/postings/325411,UNC-Chapel Hill Employment Opportunities,Unclassified,Part-time,School of Medicine Finance and Research Service Center,,09/28/2026,10/12/2026
774,https://unc.peopleadmin.com/postings/325397,Research Associate,Research_Fellow,Part-time,Institute for Risk Management and Insurance Innovation,Insurance Innovation,09/17/2026,09/21/2026
774,https://unc.peopleadmin.com/postings/325465,UNC-Chapel Hill Employment Opportunities,Unclassified,Part-time,,,,03/01/2026
774,https://unc.peopleadmin.com/postings/325526,"Chair, Department of Emergency Medicine",Assistant_Professor; Associate_Professor; Full_Professor,Part-time,Department of Emergency Medicine,Emergency Medicine,,07/01/2027
774,https://unc.peopleadmin.com/postings/325516,Adjunct Instructor,Non-academic,Part-time,faculty for each course,online,10/16/2026,
774,https://unc.peopleadmin.com/postings/325496,Adjunct Instructor,Unclassified,Part-time,Department of Family Medicine,,09/18/2026,08/31/2026
774,https://unc.peopleadmin.com/postings/325478,Electric Distribution Systems (EDS) Engineering Technician,Non-academic,Part-time,,,09/24/2026,
774,https://unc.peopleadmin.com/postings/325549,UNC-Chapel Hill Employment Opportunities,Unclassified,Part-time,,Schools of UNC; without accommodation,10/07/2026,11/09/2026
774,https://unc.peopleadmin.com/postings/325543,Soc/Clin Research Specialist,Non-academic,Part-time,"Department of Pediatrics, Division of Critical Care Medicine",clinical care environment; conveying information,09/19/2026,10/05/2026
774,https://unc.peopleadmin.com/postings/325529,Associate Director of Development,Unclassified,Part-time,,Development,10/06/2026,11/01/2026
774,https://unc.peopleadmin.com/postings/325519,Admin Support Specialist,Non-academic,Part-time,,,09/18/2026,09/28/2026
774,https://unc.peopleadmin.com/postings/325510,Teaching Assistant Professor,Assistant_Professor,Part-time,"Department of City and Regional Planning, University of North Carolina",urban; regional; Assistant Professor Appointment Type Fixed,11/03/2026,07/01/2027
774,https://unc.peopleadmin.com/postings/325480,UNC-Chapel Hill Employment Opportunities,Unclassified,Part-time,,,09/25/2026,
774,https://unc.peopleadmin.com/postings/325472,Director of Energy Management,Non-academic,Part-time,,Energy Management,10/15/2026,12/14/2026
774,https://unc.peopleadmin.com/postings/325545,Admin Support Specialist for Regional Programs TEMP,Non-academic,Part-time,,,09/21/2026,10/12/2026
774,https://unc.peopleadmin.com/postings/325536,Research Assistant,Non-academic,Part-time,Center for Health Promotion and Disease Prevention,PowerPoint,09/22/2026,10/01/2026
774,https://unc.peopleadmin.com/postings/325522,Research Data Scientist,Unclassified,Part-time,,graph analysis Experience; claims,09/30/2026,11/02/2026
774,https://unc.peopleadmin.com/postings/325512,UNC-Chapel Hill Employment Opportunities,Non-academic,Part-time,,,10/16/2026,
774,https://unc.peopleadmin.com/postings/325489,UNC-Chapel Hill Employment Opportunities,Unclassified,Part-time,,,09/18/2026,10/01/2026
774,https://unc.peopleadmin.com/postings/325474,UNC-Chapel Hill Employment Opportunities,Assistant_Professor; Associate_Professor; Full_Professor,Part-time,,,10/01/2026,11/02/2026
774,https://unc.peopleadmin.com/postings/325548,UNC-Chapel Hill Employment Opportunities,Unclassified,Part-time,,,10/06/2026,11/02/2026
774,https://unc.peopleadmin.com/postings/325542,Soc/Clin Research Specialist,Non-academic,Part-time,,,09/22/2026,09/28/2026
774,https://unc.peopleadmin.com/postings/325527,UNC-Chapel Hill Employment Opportunities,Unclassified,Part-time,,,09/28/2026,
774,https://unc.peopleadmin.com/postings/325517,Clinical Research Assistant,Non-academic,Part-time,,Word,09/23/2026,
774,https://unc.peopleadmin.com/postings/325497,UNC-Chapel Hill Employment Opportunities,Unclassified,Part-time,,,,03/01/2026
774,https://unc.peopleadmin.com/postings/325479,UNC-Chapel Hill Employment Opportunities,Unclassified,Part-time,,,09/25/2026,
774,https://unc.peopleadmin.com/postings/325471,Post-Doc Research Associate,Research_Fellow,Part-time,School of Medicine has a rich tradition of excellence and care,,09/22/2026,
774,https://unc.peopleadmin.com/postings/325544,UNC-Chapel Hill Employment Opportunities,Assistant_Professor; Associate_Professor; Full_Professor,Part-time,School of Medicine has a rich tradition of excellence and care,,,01/01/2027
774,https://unc.peopleadmin.com/postings/325534,Hazardous Radioactive Materials Specialist,Non-academic,Part-time,,,09/30/2026,
774,https://unc.peopleadmin.com/postings/325520,Social/Clinical Research Assistant,Non-academic,Part-time,"Department of Radiology, Epidemiology Research Team",,09/21/2026,
774,https://unc.peopleadmin.com/postings/325511,Assistant Professor,Assistant_Professor,Part-time,"Department of City and Regional Planning, University of North Carolina",urban; regional; Economic Development Techniques,11/05/2026,07/01/2027
774,https://unc.peopleadmin.com/postings/325482,UNC-Chapel Hill Employment Opportunities,Unclassified,Part-time,,,09/25/2026,
774,https://unc.peopleadmin.com/postings/325473,UNC-Chapel Hill Employment Opportunities,Non-academic,Part-time,,,09/28/2026,
774,https://unc.peopleadmin.com/postings/325546,UNC-Chapel Hill Employment Opportunities,Non-academic,Part-time,,,09/30/2026,10/12/2026
774,https://unc.peopleadmin.com/postings/325537,UNC-Chapel Hill Employment Opportunities,Unclassified,Part-time,,,09/25/2026,
774,https://unc.peopleadmin.com/postings/325586,Technology Support Technician,Non-academic,Part-time,,,09/24/2026,
774,https://unc.peopleadmin.com/postings/325564,UNC-Chapel Hill Employment Opportunities,Non-academic,Part-time,,,09/30/2026,
774,https://unc.peopleadmin.com/postings/325619,UNC-Chapel Hill Employment Opportunities,Assistant_Professor; Associate_Professor; Full_Professor,Part-time,Department of Pediatrics,,,11/01/2026
774,https://unc.peopleadmin.com/postings/325612,Post-Doc Research Associate,Research_Fellow,Part-time,Center for Tobacco Regulatory Science,RCT design; qualitative research methods applied,09/20/2026,
774,https://unc.peopleadmin.com/postings/325601,Study Coordinator,Non-academic,Part-time,,,09/24/2026,
774,https://unc.peopleadmin.com/postings/325591,UNC-Chapel Hill Employment Opportunities,Non-academic,Part-time,,,10/06/2026,01/04/2027
774,https://unc.peopleadmin.com/postings/325568,UNC-Chapel Hill Employment Opportunities,Non-academic,Part-time,Department of Exercise and Sport Science,,09/30/2026,10/26/2026
774,https://unc.peopleadmin.com/postings/325553,Research Assistant,Non-academic,Part-time,Center for Health Promotion and Disease Prevention,PowerPoint,09/22/2026,10/01/2026
774,https://unc.peopleadmin.com/postings/325616,Social/Clinical Research Specialist,Research_Fellow,Part-time,Institute for Trauma Recovery,,09/21/2026,
774,https://unc.peopleadmin.com/postings/325609,Assistant Director of Learning Systems & Faculty Support,Unclassified,Part-time,School of Dentistry,Learning Systems & Faculty Support; Committee reviews,10/01/2026,11/02/2026
774,https://unc.peopleadmin.com/postings/325594,UNC-Chapel Hill Employment Opportunities,Unclassified,Part-time,,,09/28/2026,10/12/2026
774,https://unc.peopleadmin.com/postings/325580,UNC-Chapel Hill Employment Opportunities,Assistant_Professor; Associate_Professor; Full_Professor,Part-time,,,09/21/2026,
774,https://unc.peopleadmin.com/postings/325563,UNC-Chapel Hill Employment Opportunities,Assistant_Professor; Associate_Professor; Full_Professor,Part-time,School of Medicine has a rich tradition of excellence and care,,,01/01/2027
774,https://unc.peopleadmin.com/postings/325618,UNC-Chapel Hill Employment Opportunities,Non-academic,Part-time,Institute for Trauma Recovery,,09/21/2026,10/20/2025
774,https://unc.peopleadmin.com/postings/325611,I&C Technician,Non-academic,Part-time,,,10/01/2026,
774,https://unc.peopleadmin.com/postings/325600,UNC-Chapel Hill Employment Opportunities,Unclassified,Part-time,"Center for Faculty Excellence, the University Library, and schools and units across campus",Adobe Captivate,09/28/2026,10/12/2026
774,https://unc.peopleadmin.com/postings/325588,UNC-Chapel Hill Employment Opportunities,Non-academic,Part-time,,,10/01/2026,10/19/2026
774,https://unc.peopleadmin.com/postings/325567,Director of Collections Strategy and Discovery,Non-academic,Part-time,,Collections Strategy and Discovery,10/07/2026,12/01/2026
774,https://unc.peopleadmin.com/postings/325614,Research Associate Professor or Research Professor (Kenan Institute of Private Enterprise),Associate_Professor; Full_Professor; Research_Fellow,Part-time,Institute of Private Ent,economic forecasting; regional economics,,11/02/2026
774,https://unc.peopleadmin.com/postings/325604,UNC-Chapel Hill Employment Opportunities,Assistant_Professor; Associate_Professor; Full_Professor,Part-time,"Department of Medicine, Department of Family Medicine, or Department of Emergency Medicine",Schools of Nursing; Social Work,,01/01/2027
774,https://unc.peopleadmin.com/postings/325593,Administrative Assistant,Non-academic,Part-time,center for student involvement and leadership,,09/24/2026,
774,https://unc.peopleadmin.com/postings/325569,UNC-Chapel Hill Employment Opportunities,Assistant_Professor; Associate_Professor; Full_Professor,Part-time,Department of Radiology,,09/30/2026,12/04/2026
774,https://unc.peopleadmin.com/postings/325561,Compliance Specialist and Special Enrollment Coordinator,Non-academic,Part-time,,,09/30/2026,11/02/2026
774,https://unc.peopleadmin.com/postings/325617,Social/Clinical Research Assistant,Non-academic,Part-time,Institute for Trauma Recovery in the Department of Psychiatry,,09/21/2026,
774,https://unc.peopleadmin.com/postings/325610,UNC-Chapel Hill Employment Opportunities,Assistant_Professor; Associate_Professor; Full_Professor,Part-time,Division of Endocrinology,,,07/01/2027
774,https://unc.peopleadmin.com/postings/325596,UNC-Chapel Hill Employment Opportunities,Non-academic,Part-time,Center for Excellence in Community Mental Health,,10/01/2026,
774,https://unc.peopleadmin.com/postings/325758,Business Services Coordinator,Non-academic,Part-time,School of Nursing,,09/28/2026,
774,https://unc.peopleadmin.com/postings/325926,UNC-Chapel Hill Employment Opportunities,Non-academic,Part-time,,,10/07/2026,
774,https://unc.peopleadmin.com/postings/325640,UNC-Chapel Hill Employment Opportunities,Assistant_Professor; Associate_Professor; Full_Professor,Part-time,"Department of Medicine, Department of Family Medicine, or Department of Emergency Medicine",Schools of Nursing; Social Work,,01/01/2027
774,https://unc.peopleadmin.com/postings/325830,Schools and Units Admin Coordinator TEMP,Non-academic,Part-time,,,09/28/2026,
774,https://unc.peopleadmin.com/postings/325745,Research Technician,Research_Fellow,Part-time,College of Arts and Sciences,holographic displays; computer graphics,09/24/2026,10/05/2026
774,https://unc.peopleadmin.com/postings/325915,Social/Clinical Research Assistant,Non-academic,Part-time,"Department of Radiology, Epidemiology Research Team",,10/01/2026,
774,https://unc.peopleadmin.com/postings/325820,Research Technician,Non-academic,Part-time,,,09/28/2026,
774,https://unc.peopleadmin.com/postings/325712,Athletic Event Management Assistant,Unclassified,Part-time,,,09/24/2026,06/09/2026
774,https://unc.peopleadmin.com/postings/325905,Print Stop Operations Associate,Non-academic,Part-time,Division of Auxiliary Services,,10/06/2026,
774,https://unc.peopleadmin.com/postings/325805,UNC-Chapel Hill Employment Opportunities,Unclassified,Part-time,Institute for Neurodevelopmental Disabilities,,10/01/2026,
774,https://unc.peopleadmin.com/postings/325977,UNC-Chapel Hill Employment Opportunities,Non-academic,Part-time,,,10/08/2026,11/09/2026
774,https://unc.peopleadmin.com/postings/325895,UNC-Chapel Hill Employment Opportunities,Non-academic,Part-time,,,10/26/2026,11/02/2026
774,https://unc.peopleadmin.com/postings/325798,UNC-Chapel Hill Employment Opportunities,Non-academic,Part-time,,,10/05/2026,10/05/2026
774,https://unc.peopleadmin.com/postings/325968,Post-Doc Research Associate,Research_Fellow,Part-time,Institute for Global Health and Infectious Diseases,middle-income country,10/09/2026,09/24/2026
774,https://unc.peopleadmin.com/postings/325700,UNC-Chapel Hill Employment Opportunities,Unclassified,Part-time,,,10/05/2026,
774,https://unc.peopleadmin.com/postings/325881,Admin Support Specialist-CIND,Non-academic,Part-time,Institute for Neurodevelopmental Disorders,,09/26/2026,
774,https://unc.peopleadmin.com/postings/325785,UNC-Chapel Hill Employment Opportunities,Research_Fellow,Part-time,,human health; wellbeing,11/20/2026,01/11/2027
774,https://unc.peopleadmin.com/postings/325955,UNC-Chapel Hill Employment Opportunities,Unclassified,Part-time,,,03/23/2027,
774,https://unc.peopleadmin.com/postings/325681,UNC-Chapel Hill Employment Opportunities,Non-academic,Part-time,"School of Social Work is to advance equity, transform systems, and improve lives",,10/01/2026,11/02/2026
774,https://unc.peopleadmin.com/postings/325771,Associate Clinical Research Coordinator,Non-academic,Part-time,,,09/28/2026,
774,https://unc.peopleadmin.com/postings/325948,"Soc/Clin Research Assistant-Robeson County, NC",Non-academic,Part-time,School of Nursing is searching for a Research Assistant,,10/07/2026,10/21/2026
774,https://unc.peopleadmin.com/postings/325657,UNC-Chapel Hill Employment Opportunities,Unclassified,Part-time,,,,11/09/2026
774,https://unc.peopleadmin.com/postings/325858,UNC-Chapel Hill Employment Opportunities,Unclassified,Part-time,Center for Excellence in Community Mental Health on the Assertive Community Treatment,,09/25/2026,
774,https://unc.peopleadmin.com/postings/325760,Clinical Research Nurse Coordinator,Non-academic,Part-time,department of Global Health and Infectious Diseases,participant visits; data quality,09/29/2026,
774,https://unc.peopleadmin.com/postings/325937,UNC-Chapel Hill Employment Opportunities,Non-academic,Part-time,,,10/13/2026,
774,https://unc.peopleadmin.com/postings/325649,Research Associate,Research_Fellow,Part-time,,analysis of multi-omic datasets; quantitative imaging,10/01/2026,10/19/2026
774,https://unc.peopleadmin.com/postings/325836,I&C Technician,Non-academic,Part-time,,,09/28/2026,
774,https://unc.peopleadmin.com/postings/325751,Post-Doc Research Associate,Research_Fellow,Part-time,Department of Applied Physical Sciences,Freeman lab; fibrosis therapeutic development,09/25/2026,11/02/2026
774,https://unc.peopleadmin.com/postings/325918,Associate Clinical Research Coordinator,Non-academic,Part-time,"Department of Neurology, Neurosciences Clinical Trials Unit",,10/07/2026,
774,https://unc.peopleadmin.com/postings/325622,Research Technician,Non-academic,Part-time,Center for Molecular Medicine,,10/16/2026,
774,https://unc.peopleadmin.com/postings/325827,Social/Clinical Research Assistant,Non-academic,Part-time,,,09/29/2026,
774,https://unc.peopleadmin.com/postings/325730,Open Rank (Assistant/Associate Professor),Assistant_Professor; Associate_Professor,Part-time,"Department of Political Science, University of North Carolina",Asian Politics; show promise of research excellence,10/21/2026,07/01/2027
774,https://unc.peopleadmin.com/postings/325908,UNC-Chapel Hill Employment Opportunities,Unclassified,Part-time,School of Medicine,,10/08/2026,05/11/2026
774,https://unc.peopleadmin.com/postings/325808,Postdoctoral Research Associate,Research_Fellow,Part-time,Center for Alcohol Studies,,09/25/2026,01/04/2027
774,https://unc.peopleadmin.com/postings/325984,UNC-Chapel Hill Employment Opportunities,Assistant_Professor; Associate_Professor; Full_Professor,Part-time,Division of Breast Imaging,,,01/01/2027
774,https://unc.peopleadmin.com/postings/325702,Post-Doc Research Associate,Research_Fellow,Part-time,Center for Integrative Chemical Biology and Drug Discovery,designing experiments; performing necessary,,
774,https://unc.peopleadmin.com/postings/325900,"Director of Alumni Affairs, HSPAL Program (PACE)",Unclassified,Part-time,School of Pharmacy,"Alumni Affairs, HSPAL Program",09/28/2026,10/01/2026
774,https://unc.peopleadmin.com/postings/325801,UNC-Chapel Hill Employment Opportunities,Non-academic,Part-time,,POLARIS Clinical Observational Study; participant visits,10/04/2026,
774,https://unc.peopleadmin.com/postings/325973,Assistant/Associate Professor,Assistant_Professor; Associate_Professor,Part-time,Department of Philosophy looks,philosophy of science; political philosophy; social philosophy,10/26/2026,07/01/2027
774,https://unc.peopleadmin.com/postings/325890,UNC-Chapel Hill Employment Opportunities,Unclassified,Part-time,,,10/12/2026,
774,https://unc.peopleadmin.com/postings/325793,Pediatric Endocrinology Clinical Assistant Professor,Assistant_Professor,Part-time,Department of Pediatrics,Pediatric Endocrinology Clinical Assistant,,07/01/2026
774,https://unc.peopleadmin.com/postings/325964,"Research Assistant, Institute for Private Capital",Non-academic,Part-time,Institute for Private Capital,real assets; venture capital,09/28/2026,09/29/2026
774,https://unc.peopleadmin.com/postings/325690,Compliance Specialist and Special Enrollment Coordinator,Non-academic,Part-time,,,09/30/2026,11/02/2026
774,https://unc.peopleadmin.com/postings/325777,Admin Support Specialist,Non-academic,Part-time,,,09/28/2026,09/28/2026
774,https://unc.peopleadmin.com/postings/325952,Research Informatics Associate,Unclassified,Part-time,"School of Global Public Health, and other health affairs schools",clinical research informatics; data engineering,10/05/2026,11/02/2026
774,https://unc.peopleadmin.com/postings/325660,UNC-Chapel Hill Employment Opportunities,Unclassified,Part-time,,REDCap Experience collaborating,10/02/2026,10/12/2026
774,https://unc.peopleadmin.com/postings/325871,UNC-Chapel Hill Employment Opportunities,Unclassified,Part-time,"Department of Environment, Health, and Safety",accidents involving radioactive materials; ionizing radiation,10/05/2026,11/02/2026
774,https://unc.peopleadmin.com/postings/325764,UNC-Chapel Hill Employment Opportunities,Assistant_Professor; Associate_Professor; Full_Professor,Part-time,School of Medicine has a rich tradition of excellence and care,,,07/01/2026
774,https://unc.peopleadmin.com/postings/325939,Laboratory Animal Technician,Non-academic,Part-time,Division of Comparative Medicine,UNC campus conducted; Public Health,10/01/2026,
774,https://unc.peopleadmin.com/postings/325652,Temporary Study Coordinator,Non-academic,Part-time,,,09/25/2026,10/05/2026
774,https://unc.peopleadmin.com/postings/325848,Accounting Technician,Non-academic,Part-time,College of Arts and Sciences,history,09/25/2026,09/28/2026
774,https://unc.peopleadmin.com/postings/325754,UNC-Chapel Hill Employment Opportunities,Assistant_Professor; Associate_Professor; Full_Professor,Part-time,Department of Asian and Middle Eastern Studies,Iranian studies; Safavid history,10/21/2026,07/01/2027
774,https://unc.peopleadmin.com/postings/325921,UNC-Chapel Hill Employment Opportunities,Assistant_Professor; Associate_Professor; Full_Professor,Part-time,Center for Women's Mood Disorders Psychologist,,,01/04/2027
774,https://unc.peopleadmin.com/postings/325636,Assistant Professor,Assistant_Professor,Part-time,Department of Asian and Middle Eastern Studies,Middle Eastern Studies; Asian,10/19/2026,07/01/2027
774,https://unc.peopleadmin.com/postings/325829,UNC-Chapel Hill Employment Opportunities,Non-academic,Part-time,,,09/28/2026,01/19/2026
774,https://unc.peopleadmin.com/postings/325739,Electric Distribution Systems (EDS) Engineering Technician,Non-academic,Part-time,,,09/24/2026,
774,https://unc.peopleadmin.com/postings/325912,Post-Doc Research Associate,Research_Fellow,Part-time,College of Arts and Sciences,biomedical data science; medical image analysis,12/15/2026,12/01/2026
774,https://unc.peopleadmin.com/postings/325818,"Student Services Specialist, DPOP",Non-academic,Part-time,School of Pharmacy,,09/24/2026,10/01/2026
774,https://unc.peopleadmin.com/postings/325706,Administrative Support Specialist,Non-academic,Part-time,,mechanisms of food; diagnosis,09/25/2026,
774,https://unc.peopleadmin.com/postings/325904,IPS Employment Specialist,Non-academic,Part-time,Center for Excellence in Community Mental Health,,10/05/2026,
774,https://unc.peopleadmin.com/postings/325803,Assistant Clinical Research Coordinator,Non-academic,Part-time,,,09/28/2026,
774,https://unc.peopleadmin.com/postings/325975,UNC-Chapel Hill Employment Opportunities,Non-academic,Part-time,,,10/15/2026,10/26/2026
774,https://unc.peopleadmin.com/postings/325893,UNC-Chapel Hill Employment Opportunities,Unclassified,Part-time,,,09/26/2026,
774,https://unc.peopleadmin.com/postings/325795,UNC-Chapel Hill Employment Opportunities,Assistant_Professor; Associate_Professor; Full_Professor,Part-time,,,09/25/2026,
774,https://unc.peopleadmin.com/postings/325967,"Teaching Assistant Professor, Property Tax Appraisal",Assistant_Professor,Part-time,School of Government,Property Tax Appraisal; Assistant Professor,,01/04/2027
774,https://unc.peopleadmin.com/postings/325699,UNC-Chapel Hill Employment Opportunities,Non-academic,Part-time,,,10/05/2026,
774,https://unc.peopleadmin.com/postings/325880,Post-Doc Research Associate,Research_Fellow,Part-time,,AI-assisted cytogenetic image,,
774,https://unc.peopleadmin.com/postings/325784,Research Specialist,Non-academic,Part-time,,,09/28/2026,
774,https://unc.peopleadmin.com/postings/325954,UNC-Chapel Hill Employment Opportunities,Non-academic,Part-time,,,03/23/2027,
774,https://unc.peopleadmin.com/postings/325670,Associate Director of Development,Unclassified,Part-time,,Development,10/06/2026,11/01/2026
774,https://unc.peopleadmin.com/postings/325767,Clinical Assistant Professor,Assistant_Professor,Part-time,Department of Urology,,10/05/2026,07/01/2027
774,https://unc.peopleadmin.com/postings/325947,UNC-Chapel Hill Employment Opportunities,Assistant_Professor; Associate_Professor; Full_Professor,Part-time,Department of Biostatistics,,,08/01/2027
774,https://unc.peopleadmin.com/postings/325656,UNC-Chapel Hill Employment Opportunities,Assistant_Professor; Associate_Professor; Full_Professor,Part-time,Division of Endocrinology,,,07/01/2027
774,https://unc.peopleadmin.com/postings/325856,UNC-Chapel Hill Employment Opportunities,Assistant_Professor; Associate_Professor; Full_Professor,Part-time,School of Pharmacy and Gillings School of Global Public Health,research of brain tumors; stereotactic radiosurgery,,08/01/2026
774,https://unc.peopleadmin.com/postings/325759,UNC-Chapel Hill Employment Opportunities,Research_Fellow,Part-time,,,09/24/2026,09/28/2026
774,https://unc.peopleadmin.com/postings/325929,Director of PATH Services,Non-academic,Part-time,,PATH Services,10/02/2026,10/12/2026
774,https://unc.peopleadmin.com/postings/325643,UNC-Chapel Hill Employment Opportunities,Non-academic,Part-time,,,10/19/2026,
774,https://unc.peopleadmin.com/postings/325832,Director of Students and Alumni Engagement,Non-academic,Part-time,Center for Excellence in Investment Management,Students and Alumni Engagement,10/06/2026,10/26/2026
774,https://unc.peopleadmin.com/postings/325750,Assistant or Associate Professor,Assistant_Professor; Associate_Professor,Part-time,Department of Sociology,economic sociology,10/21/2026,07/01/2027
774,https://unc.peopleadmin.com/postings/325917,UNC-Chapel Hill Employment Opportunities,Assistant_Professor; Associate_Professor; Full_Professor,Part-time,School of Medicine has a rich tradition of excellence and care,cardiovascular genetics; preventive cardiology; cardiovascular fellows,,11/01/2024
774,https://unc.peopleadmin.com/postings/325621,Associate Clinical Research Coordinator,Non-academic,Part-time,,,09/24/2026,10/01/2026
774,https://unc.peopleadmin.com/postings/325826,UNC-Chapel Hill Employment Opportunities,Assistant_Professor; Associate_Professor; Full_Professor,Part-time,,,,10/01/2026
774,https://unc.peopleadmin.com/postings/325715,Director- Finance and Administration,Research_Fellow,Part-time,,,10/02/2026,12/01/2026
774,https://unc.peopleadmin.com/postings/325906,UNC-Chapel Hill Employment Opportunities,Unclassified,Part-time,,,10/07/2026,11/09/2026
774,https://unc.peopleadmin.com/postings/325806,Post-Doc Research Associate,Research_Fellow,Part-time,Center for Tobacco Regulatory Science,RCT design; qualitative research methods applied,09/24/2026,
774,https://unc.peopleadmin.com/postings/325979,UNC-Chapel Hill Employment Opportunities,Assistant_Professor; Associate_Professor; Full_Professor,Part-time,Division of Gastroenterology and Hepatology,,,07/01/2026
774,https://unc.peopleadmin.com/postings/325897,UNC-Chapel Hill Employment Opportunities,Non-academic,Part-time,Department of Purchasing Services,coordinating legal advice regarding the; educating,10/06/2026,11/02/2026
774,https://unc.peopleadmin.com/postings/325799,UNC-Chapel Hill Employment Opportunities,Non-academic,Part-time,,,10/20/2026,
774,https://unc.peopleadmin.com/postings/325970,Admissions Coordinator,Non-academic,Part-time,,,10/05/2026,
774,https://unc.peopleadmin.com/postings/325701,UNC-Chapel Hill Employment Opportunities,Unclassified,Part-time,,,10/05/2026,
774,https://unc.peopleadmin.com/postings/325882,Clinical Instructor,Unclassified,Part-time,,accredited diagnostic medical sonography program,,08/01/2026
774,https://unc.peopleadmin.com/postings/325792,UNC-Chapel Hill Employment Opportunities,Assistant_Professor; Associate_Professor; Full_Professor,Part-time,"Department of Pediatrics, Division of Pediatric Critical Care Medicine",clear trajectory toward independence; peer-reviewed publications,,11/01/2026
774,https://unc.peopleadmin.com/postings/325958,Learning Specialist,Non-academic,Part-time,College of Arts and Sciences,,10/14/2026,01/04/2027
774,https://unc.peopleadmin.com/postings/325686,UNC-Chapel Hill Employment Opportunities,Non-academic,Part-time,,,10/19/2026,11/02/2026
774,https://unc.peopleadmin.com/postings/325776,Research Scientist,Research_Fellow,Part-time,Department of Cell Biology and Physiology,,10/05/2026,10/12/2026
774,https://unc.peopleadmin.com/postings/325950,UNC-Chapel Hill Employment Opportunities,Assistant_Professor; Associate_Professor; Full_Professor,Part-time,Department of Sociology,,10/26/2026,07/01/2027
774,https://unc.peopleadmin.com/postings/325659,UNC-Chapel Hill Employment Opportunities,Unclassified,Part-time,School of Education is an academic unit reporting to the Provost,Fellows program,09/25/2026,10/01/2026
774,https://unc.peopleadmin.com/postings/325861,Research Associate Professor or Research Professor (Kenan Institute of Private Enterprise),Associate_Professor; Full_Professor; Research_Fellow,Part-time,Institute of Private Ent,economic forecasting; regional economics,,11/02/2026
774,https://unc.peopleadmin.com/postings/325762,Research Associate,Research_Fellow,Part-time,Division of Infectious Diseases,fostering collaboration; infectious diseases,10/05/2026,01/04/2027
774,https://unc.peopleadmin.com/postings/325938,Associate Director for Sheps Integrated Research Solutions (SIRS),Non-academic,Part-time,Center for Health Services Research,,10/22/2026,10/28/2026
774,https://unc.peopleadmin.com/postings/325651,Assistant Professor,Assistant_Professor,Part-time,School of Law,,11/02/2026,07/01/2027
774,https://unc.peopleadmin.com/postings/325847,UNC-Chapel Hill Employment Opportunities,Non-academic,Part-time,,,09/25/2026,
774,https://unc.peopleadmin.com/postings/325752,Post-Doc Research Associate,Research_Fellow,Part-time,Department of Applied Physical Sciences,performance using various receptors spanning; biosensor development,10/02/2026,11/02/2026
774,https://unc.peopleadmin.com/postings/325919,Program Specialist,Non-academic,Part-time,,,10/09/2026,
774,https://unc.peopleadmin.com/postings/325624,Research Specialist,Non-academic,Part-time,,Data Manager; Data Scientist,09/24/2026,
774,https://unc.peopleadmin.com/postings/325828,UNC-Chapel Hill Employment Opportunities,Assistant_Professor; Associate_Professor; Full_Professor,Part-time,Department of Surgery,clinical outcomes; health services,,10/19/2026
774,https://unc.peopleadmin.com/postings/325738,Director of Local Elected Official Programming,Unclassified,Part-time,School of Government,Local Elected Official Programming,09/25/2026,09/21/2026
774,https://unc.peopleadmin.com/postings/325910,Cage Processing Technician,Non-academic,Part-time,Division of Comparative Medicine,UNC campus conducted; Public Health,10/01/2026,
774,https://unc.peopleadmin.com/postings/325813,UNC-Chapel Hill Employment Opportunities,Non-academic,Part-time,,,10/13/2026,12/01/2026
774,https://unc.peopleadmin.com/postings/325703,UNC-Chapel Hill Employment Opportunities,Non-academic,Part-time,,non-financial research compliance,09/29/2026,10/05/2026
774,https://unc.peopleadmin.com/postings/325903,Associate Clinical Research Coordinator,Non-academic,Part-time,,,09/30/2026,
774,https://unc.peopleadmin.com/postings/325802,Research Assistant,Non-academic,Part-time,,,09/28/2026,
774,https://unc.peopleadmin.com/postings/325974,Assistant Professor,Assistant_Professor,Part-time,,Afro-diasporic; Christianity; Chinese religions,11/03/2026,07/01/2027
774,https://unc.peopleadmin.com/postings/325892,UNC-Chapel Hill Employment Opportunities,Assistant_Professor; Associate_Professor; Full_Professor,Part-time,School of Dentistry is,,,03/22/2027
774,https://unc.peopleadmin.com/postings/325794,UNC-Chapel Hill Employment Opportunities,Assistant_Professor; Associate_Professor; Full_Professor,Part-time,School of Medicine has a rich tradition of excellence and care,,,07/01/2025
774,https://unc.peopleadmin.com/postings/325965,Grounds Laborer/Irrigation Technician,Non-academic,Part-time,,,09/28/2026,09/30/2026
774,https://unc.peopleadmin.com/postings/325695,UNC-Chapel Hill Employment Opportunities,Non-academic,Part-time,,,10/11/2026,11/30/2026
774,https://unc.peopleadmin.com/postings/325778,Adjunct Instructor,Unclassified,Part-time,Department of Family Medicine,,09/28/2026,08/31/2026
774,https://unc.peopleadmin.com/postings/325953,Research Technician,Non-academic,Part-time,,,09/27/2026,09/14/2026
774,https://unc.peopleadmin.com/postings/325661,Assistant Professor (Tenure Track),Assistant_Professor,Part-time,Department of Ophthalmology in the UNC School of Medicine seeks to fill a tenure track position,vision science,10/18/2026,01/01/2027
774,https://unc.peopleadmin.com/postings/325874,UNC-Chapel Hill Employment Opportunities,Unclassified,Part-time,Center for Excellence in Community Mental Health on the Assertive Community Treatment,,09/29/2026,
774,https://unc.peopleadmin.com/postings/325765,Teaching Assistant Professor,Assistant_Professor,Part-time,Department of Asian and Middle Eastern Studies,Middle Eastern Studies; Asian; Assistant Professor Appointment Type Fixed,10/21/2026,07/01/2027
774,https://unc.peopleadmin.com/postings/325940,UNC-Chapel Hill Employment Opportunities,Assistant_Professor; Associate_Professor; Full_Professor,Part-time,Department of Neurosurgery,,,07/01/2026
774,https://unc.peopleadmin.com/postings/325655,Communications Assistant,Unclassified,Part-time,,,09/25/2026,10/12/2026
774,https://unc.peopleadmin.com/postings/325850,Post-Doc Research Associate,Research_Fellow,Part-time,Department of Biomedical Engineering,high throughput organ-on-chip platforms; developing automated,10/07/2026,10/05/2026
774,https://unc.peopleadmin.com/postings/326053,UNC-Chapel Hill Employment Opportunities,Assistant_Professor; Associate_Professor; Full_Professor,Part-time,Department of Neurosurgery,,,07/01/2026
774,https://unc.peopleadmin.com/postings/326046,Senior Assistant Director,Assistant_Professor; Associate_Professor; Full_Professor,Part-time,Division of Enrollment as well as federal regulations,,10/09/2026,10/26/2026
774,https://unc.peopleadmin.com/postings/326030,Dental Assistant,Unclassified,Part-time,,,10/12/2026,
774,https://unc.peopleadmin.com/postings/326018,UNC-Chapel Hill Employment Opportunities,Non-academic,Part-time,,,10/08/2026,11/02/2026
774,https://unc.peopleadmin.com/postings/325996,"Teaching Assistant Professor, Property Tax Appraisal",Assistant_Professor,Part-time,School of Government,Property Tax Appraisal; Assistant Professor,,01/04/2027
774,https://unc.peopleadmin.com/postings/326058,UNC-Chapel Hill Employment Opportunities,Non-academic,Part-time,Division of Finance and Operations,,10/12/2026,11/09/2026
774,https://unc.peopleadmin.com/postings/326048,Accounting Technician,Non-academic,Part-time,,,09/30/2026,
774,https://unc.peopleadmin.com/postings/326033,UNC-Chapel Hill Employment Opportunities,Non-academic,Part-time,,,10/14/2026,11/09/2026
774,https://unc.peopleadmin.com/postings/326026,Assistant Professor,Assistant_Professor,Part-time,Department of History remains committed to rigorous archival research and publishing,history,10/26/2026,07/01/2027
774,https://unc.peopleadmin.com/postings/326002,UNC-Chapel Hill Employment Opportunities,Assistant_Professor; Associate_Professor; Full_Professor,Part-time,Division of Pulmonary Diseases and Critical Care Medicine,,,07/01/2027
774,https://unc.peopleadmin.com/postings/326052,UNC-Chapel Hill Employment Opportunities,Non-academic,Part-time,,,10/16/2026,11/01/2026
774,https://unc.peopleadmin.com/postings/326043,Post-Doc Research Associate- CICBDD (Wang Lab),Research_Fellow,Part-time,School of Pharmacy,executing experiments aimed; medicinal chemistry,,10/05/2026
774,https://unc.peopleadmin.com/postings/326029,Post-Doc Research Associate,Research_Fellow,Part-time,,double-beta,03/23/2027,08/16/2027
774,https://unc.peopleadmin.com/postings/326017,Post-Doc Research Associate,Research_Fellow,Part-time,Department of Applied Physical Sciences,perovskite solar cells; detectors development,,10/19/2026
774,https://unc.peopleadmin.com/postings/325993,Research Technician,Research_Fellow,Part-time,School of Pharmacy,,10/02/2026,09/21/2026
774,https://unc.peopleadmin.com/postings/326054,UNC-Chapel Hill Employment Opportunities,Assistant_Professor; Associate_Professor; Full_Professor,Part-time,School of Pharmacy and Gillings School of Global Public Health,research of brain tumors; stereotactic radiosurgery,,08/01/2026
774,https://unc.peopleadmin.com/postings/326047,UNC-Chapel Hill Employment Opportunities,Non-academic,Part-time,,violence prevention,09/28/2026,
774,https://unc.peopleadmin.com/postings/326031,Electric Distribution Systems (EDS) Engineering Technician,Non-academic,Part-time,,,10/15/2026,
774,https://unc.peopleadmin.com/postings/326025,UNC-Chapel Hill Employment Opportunities,Assistant_Professor; Associate_Professor; Full_Professor,Part-time,Department of the University of North Carolina,Economics; these areas,12/01/2026,07/01/2027
774,https://unc.peopleadmin.com/postings/326001,UNC-Chapel Hill Employment Opportunities,Assistant_Professor; Associate_Professor; Full_Professor,Part-time,Division of Breast Imaging,,,01/01/2027
774,https://unc.peopleadmin.com/postings/326049,UNC-Chapel Hill Employment Opportunities,Assistant_Professor; Associate_Professor; Full_Professor,Part-time,Department of Radiology,,,01/01/2027
774,https://unc.peopleadmin.com/postings/326037,UNC-Chapel Hill Employment Opportunities,Assistant_Professor; Associate_Professor; Full_Professor,Part-time,School of Medicine has a rich tradition of excellence and care,cardiovascular genetics; preventive cardiology; cardiovascular fellows,,11/01/2024
774,https://unc.peopleadmin.com/postings/326027,Soc/Clin Research Assistant,Non-academic,Part-time,,,10/01/2026,10/12/2026
774,https://unc.peopleadmin.com/postings/326004,"Adjunct Instructor, MS HSPAL Program [PACE]",Unclassified,Part-time,School of Pharmacy,MS HSPAL Program [PACE,09/29/2026,
