school_id,post_link
1641,https://mcgill.wd3.myworkdayjobs.com/mcgill_careers/job/MacDonald-Harrington/Research-Assistant-1_JR0000079935
1641,https://mcgill.wd3.myworkdayjobs.com/mcgill_careers/job/MacDonald-Harrington/Research-Assistant-2_JR0000078637
1641,https://mcgill.wd3.myworkdayjobs.com/mcgill_careers/job/Bronfman-Building/Teaching-Assistant---MGSC-401_JR0000080113
1641,https://mcgill.wd3.myworkdayjobs.com/mcgill_careers/job/Bronfman-Building/Teaching-Assistant---MGSC-661_JR0000080111
1641,https://mcgill.wd3.myworkdayjobs.com/mcgill_careers/job/McLennan-Library/Student-Librarian---Office-Assistant-B_JR0000080098-1
1641,https://mcgill.wd3.myworkdayjobs.com/mcgill_careers/job/MacdonaldStewart-Lib/Student-Librarian---Office-Assistant-B_JR0000080105
1641,https://mcgill.wd3.myworkdayjobs.com/mcgill_careers/job/McGill-College-2001/Teaching-Assistant-DENT-317_JR0000080099
1641,https://mcgill.wd3.myworkdayjobs.com/mcgill_careers/job/Res-Carrefour-Sherb/Communication-Assistant-A_JR0000080085
1641,https://mcgill.wd3.myworkdayjobs.com/mcgill_careers/job/Birks-Building/Office-Assistant-B---Chapel-and-Event-Assistant_JR0000078751-1
1641,https://mcgill.wd3.myworkdayjobs.com/mcgill_careers/job/Sherbrooke-550/Research-Assistant_JR0000079842
1641,https://mcgill.wd3.myworkdayjobs.com/mcgill_careers/job/McGill-College-2001/Invigilators_JR0000080083
1641,https://mcgill.wd3.myworkdayjobs.com/mcgill_careers/job/James-Admin-Bldg/Program-Assistant--McGill-Sustainability-Summit-_JR0000079655
1641,https://mcgill.wd3.myworkdayjobs.com/mcgill_careers/job/Sherbrooke-680/Ingram-School-of-Nursing---Nurse-Practitioner-Program-Postings-for-Fall-2026_JR0000076960
1641,https://mcgill.wd3.myworkdayjobs.com/mcgill_careers/job/Sherbrooke-680/Ingram-School-of-Nursing--Course-Lecturer---Instructor--Fall-2026-_JR0000076974
1641,https://mcgill.wd3.myworkdayjobs.com/mcgill_careers/job/Leacock-Building/HIST-214---TA-Fall-2026--150-hours-_JR0000080071
1641,https://mcgill.wd3.myworkdayjobs.com/mcgill_careers/job/Leacock-Building/HIST-299---TA-Fall-2026--90-hours-_JR0000080069
1641,https://mcgill.wd3.myworkdayjobs.com/mcgill_careers/job/Stewart-Biology-Bldg/Web-Development-Intern--IT-Assistant-C-_JR0000079762
1641,https://mcgill.wd3.myworkdayjobs.com/mcgill_careers/job/Sherbrooke-680/Health-and-Wellness-Advisor_JR0000080012
1641,https://mcgill.wd3.myworkdayjobs.com/mcgill_careers/job/McLennan-Library/Admissions-Administrator_JR0000080001
1641,https://mcgill.wd3.myworkdayjobs.com/mcgill_careers/job/Sherbrooke-1010/Carpenter--Downtown-_JR0000072548-1
1641,https://mcgill.wd3.myworkdayjobs.com/mcgill_careers/job/Redpath-Library/Casual-Staffing---Operations-Manager_JR0000079809-2
1641,https://mcgill.wd3.myworkdayjobs.com/mcgill_careers/job/Brown-Student-Serv/Service-Representative_JR0000079890
1641,https://mcgill.wd3.myworkdayjobs.com/mcgill_careers/job/McLennan-Library/Convocation-Clerk_JR0000080040
1641,https://mcgill.wd3.myworkdayjobs.com/mcgill_careers/job/McLennan-Library/Curatorial-Intern-for-Indigenous-Art_JR0000080042
1641,https://mcgill.wd3.myworkdayjobs.com/mcgill_careers/job/Education-Building/Teaching-Assistant-EDTL-520-001-002-DISE-F26_JR0000080025
1641,https://mcgill.wd3.myworkdayjobs.com/mcgill_careers/job/Education-Building/Course-Lecturer-EDEE-280-782-OFNIE-F26_JR0000079274
1641,https://mcgill.wd3.myworkdayjobs.com/mcgill_careers/job/Bronfman-Building/Teaching-Assistant---INSY-669-670-RETL-613_JR0000080035
1641,https://mcgill.wd3.myworkdayjobs.com/mcgill_careers/job/Stewart-Biology-Bldg/Biology-Dept-Fall-2026-TA-positions_JR0000075047
1641,https://mcgill.wd3.myworkdayjobs.com/mcgill_careers/job/Various/Course-Lecturers-EDER-395-731-756-OFNIE-F26_JR0000080024
1641,https://mcgill.wd3.myworkdayjobs.com/mcgill_careers/job/Various/Invigilator---SPOT-Midterm-Exam_JR0000080022-1
1641,https://mcgill.wd3.myworkdayjobs.com/mcgill_careers/job/Stewart-Biology-Bldg/Assistant-Professor-in-Quantitative-Cell-Biology---Department-of-Biology_JR0000079704
1641,https://mcgill.wd3.myworkdayjobs.com/mcgill_careers/job/McGill-College-2001/Office-Assistant-B_JR0000079621
1641,https://mcgill.wd3.myworkdayjobs.com/mcgill_careers/job/Bronfman-Building/Teaching-Assistant---MGCR-222-ORGB-423_JR0000080013
1641,https://mcgill.wd3.myworkdayjobs.com/mcgill_careers/job/McConnell-Eng-Bldg/Assistant-Professor---Emerging-Leaders_JR0000079891
1641,https://mcgill.wd3.myworkdayjobs.com/mcgill_careers/job/Macdonald-Eng-Bldg/Mechanical-Engineering-Teaching-Assistants_JR0000076940
1641,https://mcgill.wd3.myworkdayjobs.com/mcgill_careers/job/Sherbrooke-680/Office-Assistant-A--Work-Study-_JR0000079820
1641,https://mcgill.wd3.myworkdayjobs.com/mcgill_careers/job/Redpath-Library/Student-Project-Assistant----Blacker-Wood-Correspondence-Collection_JR0000080006
1641,https://mcgill.wd3.myworkdayjobs.com/mcgill_careers/job/Maass-Chemistry-Bldg/Assistant-Professor-in-Materials-Chemistry----Canada-Impact--Emerging-Leaders----Department-of-Chemistry_JR0000079819
1641,https://mcgill.wd3.myworkdayjobs.com/mcgill_careers/job/Sherbrooke-1010/Director--Building-Sustainment-Planning_JR0000079895
1641,https://mcgill.wd3.myworkdayjobs.com/mcgill_careers/job/Burnside-Hall/Student-Research-Assistant_JR0000079741
1641,https://mcgill.wd3.myworkdayjobs.com/mcgill_careers/job/Stewart-Biology-Bldg/Lab-Helper-B_JR0000079653
1641,https://mcgill.wd3.myworkdayjobs.com/mcgill_careers/job/Stewart-Biology-Bldg/Lab-Helper-A_JR0000079726
1641,https://mcgill.wd3.myworkdayjobs.com/mcgill_careers/job/Bronfman-Building/Teaching-Assistant---MGCR-622_JR0000079998
1641,https://mcgill.wd3.myworkdayjobs.com/mcgill_careers/job/Education-Building/Teaching-Assistant---EDPE-502-001-002-ECP-F26_JR0000079994
1641,https://mcgill.wd3.myworkdayjobs.com/mcgill_careers/job/Education-Building/Teaching-Assistant---EDPE-502-003-762-ECP-F26_JR0000079964
1641,https://mcgill.wd3.myworkdayjobs.com/mcgill_careers/job/Education-Building/Teaching-Assistant-EDPI-665-001-ECP-F26_JR0000079968
1641,https://mcgill.wd3.myworkdayjobs.com/mcgill_careers/job/MacDonald-Harrington/Teaching-Assistant---ARCH-377-Fall2026_JR0000076645
1641,https://mcgill.wd3.myworkdayjobs.com/mcgill_careers/job/Bronfman-Building/MDIIM-Project-Associate_JR0000079997
1641,https://mcgill.wd3.myworkdayjobs.com/mcgill_careers/job/Macdonald-Eng-Bldg/Workshop-Facilitator_JR0000079326
1641,https://mcgill.wd3.myworkdayjobs.com/mcgill_careers/job/Bronfman-Building/Recruitment-and-Marketing-Associate_JR0000079996
1641,https://mcgill.wd3.myworkdayjobs.com/mcgill_careers/job/Penfield-1085/Grader---LING-365---Fall-2026_JR0000079531
1641,https://mcgill.wd3.myworkdayjobs.com/mcgill_careers/job/Sherbrooke-550/Program-Assistant-C--OSVRSE-events-and-workshops-_JR0000079791
1641,https://mcgill.wd3.myworkdayjobs.com/mcgill_careers/job/Various/Ingram-School-of-Nursing--Clinical-Instructors---Clinical-Facilitators--Fall-2026-_JR0000076668
1641,https://mcgill.wd3.myworkdayjobs.com/mcgill_careers/job/MacdonaldStewart-Lib/XMLNAME-3D-Printing-Assistant_JR0000079832
1641,https://mcgill.wd3.myworkdayjobs.com/mcgill_careers/job/Montreal-Neuro/Research-Associate_JR0000079801
1641,https://mcgill.wd3.myworkdayjobs.com/mcgill_careers/job/Music-527-Sherbrooke/Student-Library-Services-Assistant_JR0000079965-1
1641,https://mcgill.wd3.myworkdayjobs.com/mcgill_careers/job/MacdonaldStewart-Bld/Lab-Helper-B_JR0000079945-1
1641,https://mcgill.wd3.myworkdayjobs.com/mcgill_careers/job/Sherbrooke-680/TA-Fall-2026--NUR1-424-001-Legal--Ethical--and-Professional-Practice-Issues--on-Campus-_JR0000079974
1641,https://mcgill.wd3.myworkdayjobs.com/mcgill_careers/job/Currie-Gymnasium/Varsity-Sport-Announcer_JR0000078836
1641,https://mcgill.wd3.myworkdayjobs.com/mcgill_careers/job/Duff-Medical-Bldg/Student-Research-Assistant_JR0000079927
1641,https://mcgill.wd3.myworkdayjobs.com/mcgill_careers/job/Redpath-Library/Communications-Assistant-B--Scribe---Proficient-in-Latin-and-English-_JR0000078946
1641,https://mcgill.wd3.myworkdayjobs.com/mcgill_careers/job/Mtl-General-Hosp/Invigilator-OMFS_JR0000079957
1641,https://mcgill.wd3.myworkdayjobs.com/mcgill_careers/job/Rutherford-Physics/Program-Assistant_JR0000079636
1641,https://mcgill.wd3.myworkdayjobs.com/mcgill_careers/job/Montreal-Neuro/Clinical-Research-Unit-Assistant-Manager_JR0000078893
1641,https://mcgill.wd3.myworkdayjobs.com/mcgill_careers/job/MacDonald-Harrington/Post-Doctoral-Researcher_JR0000079716
1641,https://mcgill.wd3.myworkdayjobs.com/mcgill_careers/job/Res-Carrefour-Sherb/Protection-Supervisor_JR0000070006
1641,https://mcgill.wd3.myworkdayjobs.com/mcgill_careers/job/Currie-Gymnasium/Technical-Specialist---Assistant-Coach-Martlet-Basketball_JR0000079690
1641,https://mcgill.wd3.myworkdayjobs.com/mcgill_careers/job/Currie-Gymnasium/Technical-Specialist---Assistant-Coach-Martlet-Hockey_JR0000079942
1641,https://mcgill.wd3.myworkdayjobs.com/mcgill_careers/job/Currie-Gymnasium/Technical-Specialist-Assistant-Coach-Martlet-Soccer_JR0000079904
1641,https://mcgill.wd3.myworkdayjobs.com/mcgill_careers/job/Education-Building/Office-Assistant-A_JR0000079825
1641,https://mcgill.wd3.myworkdayjobs.com/mcgill_careers/job/Sherbrooke-680/Teaching-Assistant---PPOL-602--Microeconomics-for-Public-Policy_JR0000079875-1
1641,https://mcgill.wd3.myworkdayjobs.com/mcgill_careers/job/Bronfman-Building/Grader---MGCR-460--Herve-Robert-Horner-_JR0000079937
1641,https://mcgill.wd3.myworkdayjobs.com/mcgill_careers/job/MacDonald-Harrington/Communications-Assistant-B--Architecture-_JR0000079244
1641,https://mcgill.wd3.myworkdayjobs.com/mcgill_careers/job/Bronfman-Building/Tutor---ACCT-463_JR0000079932
1641,https://mcgill.wd3.myworkdayjobs.com/mcgill_careers/job/Montreal-Neuro/Assistant-or-Associate-Professor--Clinical---Department-of-Neurology-and-Neurosurgery--Epilepsy--C1-260819-_JR0000079608
1641,https://mcgill.wd3.myworkdayjobs.com/mcgill_careers/job/Bronfman-Building/Grader---ACCT-463_JR0000079931-1
1641,https://mcgill.wd3.myworkdayjobs.com/mcgill_careers/job/Mtl-Childrens-Hosp/Assistant-or-Associate-Professor--Clinical---Department-of-Pediatrics--Division-of-Neonatal-Medicine-and-Follow-Up--C1-260817-_JR0000079902
1641,https://mcgill.wd3.myworkdayjobs.com/mcgill_careers/job/Sherbrooke-680/TA-FALL-2026--Research-Methods-in-Nursing-1---NUR2-612_JR0000079914
1641,https://mcgill.wd3.myworkdayjobs.com/mcgill_careers/job/Sherbrooke-680/TA--Fall-2026--NUR1-323-Illness-Management-1---NUR2-623-Clinical-Assessment-and-Therapeutics_JR0000079912
1641,https://mcgill.wd3.myworkdayjobs.com/mcgill_careers/job/Sherbrooke-680/Office-Assistant-C_JR0000079831
1641,https://mcgill.wd3.myworkdayjobs.com/mcgill_careers/job/Montreal-Neuro/Clinical-Research-Coordinator_JR0000079248
1641,https://mcgill.wd3.myworkdayjobs.com/mcgill_careers/job/McConnell-Eng-Bldg/Teaching-Assistant--ECSE-210_JR0000079903
1641,https://mcgill.wd3.myworkdayjobs.com/mcgill_careers/job/Penfield-740/Research-Associate_JR0000079896
1641,https://mcgill.wd3.myworkdayjobs.com/mcgill_careers/job/Horticulture-Service/Field-Operation-Assistant-3_JR0000079430
1641,https://mcgill.wd3.myworkdayjobs.com/mcgill_careers/job/Horticulture-Service/Field-Operation-Assistant-4_JR0000079428
1641,https://mcgill.wd3.myworkdayjobs.com/mcgill_careers/job/Horticulture-Service/Field-Operation-Assistant-9_JR0000079423
1641,https://mcgill.wd3.myworkdayjobs.com/mcgill_careers/job/Currie-Gymnasium/Technical-Specialist---Skills-Coach---Martlet-Hockey_JR0000079856
1641,https://mcgill.wd3.myworkdayjobs.com/mcgill_careers/job/Currie-Gymnasium/Technical-Specialist---Equipment-Manager---Martlet-Hockey_JR0000079853-1
1641,https://mcgill.wd3.myworkdayjobs.com/mcgill_careers/job/Currie-Gymnasium/Technical-Specialist---Assistant-Coach-Martlet-Hockey_JR0000079841
1641,https://mcgill.wd3.myworkdayjobs.com/mcgill_careers/job/James-Admin-Bldg/Administrative-Student-Affairs-Coordinator_JR0000079773-1
1641,https://mcgill.wd3.myworkdayjobs.com/mcgill_careers/job/Strathcona-Music/Communications---Publications-Coordinator_JR0000079788
1641,https://mcgill.wd3.myworkdayjobs.com/mcgill_careers/job/Bishop-Mountain-Hall/Cook-s-Helper_JR0000079855
1641,https://mcgill.wd3.myworkdayjobs.com/mcgill_careers/job/MacdonaldStewart-Lib/Senior-Library-Clerk---Circulation-Services_JR0000079781
1641,https://mcgill.wd3.myworkdayjobs.com/mcgill_careers/job/Bishop-Mountain-Hall/Service-Person-C_JR0000079848
1641,https://mcgill.wd3.myworkdayjobs.com/mcgill_careers/job/Bishop-Mountain-Hall/Sous-Chef_JR0000079854
1641,https://mcgill.wd3.myworkdayjobs.com/mcgill_careers/job/Strathcona-Music/Student-Affairs-Coordinator_JR0000079060
1641,https://mcgill.wd3.myworkdayjobs.com/mcgill_careers/job/Adams-Building/Senior-Entrepreneurship-Advisor_JR0000077121
1641,https://mcgill.wd3.myworkdayjobs.com/mcgill_careers/job/Duff-Medical-Bldg/Research-Associate_JR0000079870
1641,https://mcgill.wd3.myworkdayjobs.com/mcgill_careers/job/Various/Course-Lecturer-EDPE-300-760-762-OFNIE-F26_JR0000079873
1641,https://mcgill.wd3.myworkdayjobs.com/mcgill_careers/job/Sherbrooke-550/Supplementary-Posting---Teaching-Assistants--SWRK-319-002-and-SWRK-321-001--Fall-2026--School-of-Social-Work_JR0000079876
1641,https://mcgill.wd3.myworkdayjobs.com/mcgill_careers/job/Maass-Chemistry-Bldg/Research-Associate_JR0000079643
1641,https://mcgill.wd3.myworkdayjobs.com/mcgill_careers/job/Penfield-740/Research-Associate_JR0000079858
1641,https://mcgill.wd3.myworkdayjobs.com/mcgill_careers/job/Various/Office-Assistant-C_JR0000079863
1641,https://mcgill.wd3.myworkdayjobs.com/mcgill_careers/job/Education-Building/Communications-Assistant---Social-Media_JR0000079674
1641,https://mcgill.wd3.myworkdayjobs.com/mcgill_careers/job/Education-Building/Communications-Assistant---Graphic-Design_JR0000079752
1641,https://mcgill.wd3.myworkdayjobs.com/mcgill_careers/job/Education-Building/IT-Assistant-A---AV-Loan-Services_JR0000079732-1
1641,https://mcgill.wd3.myworkdayjobs.com/mcgill_careers/job/McIntyre--Medical/Research-Assistant-1_JR0000079795-1
1641,https://mcgill.wd3.myworkdayjobs.com/mcgill_careers/job/MacdonaldStewart-Bld/Cleaner--Mac-Powerhouse-_JR0000079659
1641,https://mcgill.wd3.myworkdayjobs.com/mcgill_careers/job/Burnside-Hall/IT-Assistant-B_JR0000079738
1641,https://mcgill.wd3.myworkdayjobs.com/mcgill_careers/job/McGill-College-2001/Associate-Director--Undergraduate-Medical-Admissions_JR0000079546
1641,https://mcgill.wd3.myworkdayjobs.com/mcgill_careers/job/Stewart-Biology-Bldg/Course-Technician_JR0000078212
1641,https://mcgill.wd3.myworkdayjobs.com/mcgill_careers/job/Univ-Hall-Residence/Plumber--Downtown--Plombier-Centre-Ville-_JR0000070760
1641,https://mcgill.wd3.myworkdayjobs.com/mcgill_careers/job/McGill-University-Collection-Center-MUCC/Library-Supervisor--McGill-University-Collections-Centre_JR0000079777
1641,https://mcgill.wd3.myworkdayjobs.com/mcgill_careers/job/James-Admin-Bldg/Senior-Advisor-Research-Development_JR0000078996
1641,https://mcgill.wd3.myworkdayjobs.com/mcgill_careers/job/Peel--1430/Director-of-Development--Faculties-of-Agricultural-and-Environmental-Sciences--Arts--and-Science-_JR0000079736
1641,https://mcgill.wd3.myworkdayjobs.com/mcgill_careers/job/Peel--1430/Director-of-Development--Faculties-of-Education--Law--and-the-Schulich-School-of-Music-_JR0000079774
1641,https://mcgill.wd3.myworkdayjobs.com/mcgill_careers/job/Peel--1430/Director-of-Development--Faculty-of-Engineering-and-Desautels-Faculty-of-Management-_JR0000079737
1641,https://mcgill.wd3.myworkdayjobs.com/mcgill_careers/job/McLennan-Library/Quebec-Student-Ambassador_JR0000079851
1641,https://mcgill.wd3.myworkdayjobs.com/mcgill_careers/job/McTavish-3610/Teaching-Assistant---INTD-200---Fall-2026--Supplementary-_JR0000079852
1641,https://mcgill.wd3.myworkdayjobs.com/mcgill_careers/job/Peel-3661/Graduate-Student-Research-Assistant_JR0000079562-1
1641,https://mcgill.wd3.myworkdayjobs.com/mcgill_careers/job/Peel-3647/Postdoctoral-Researcher_JR0000079617
1641,https://mcgill.wd3.myworkdayjobs.com/mcgill_careers/job/McGill-College-2001/Tenure-Track-Position--Assistant-Professor---Developmental-Psychology--Department-of-Psychology_JR0000079367
1641,https://mcgill.wd3.myworkdayjobs.com/mcgill_careers/job/Sherbrooke-680/Research-Associate_JR0000079707-1
1641,https://mcgill.wd3.myworkdayjobs.com/mcgill_careers/job/McGill-College-2001/Tenure--Track-Position--Assistant-Professor---Child-Clinical-Psychology--Department-of-Psychology_JR0000079375
1641,https://mcgill.wd3.myworkdayjobs.com/mcgill_careers/job/McConnell-Eng-Bldg/School-of-Computer-Science-Teaching-Assistant-COMP-424-Fall-2026_JR0000077240
1641,https://mcgill.wd3.myworkdayjobs.com/mcgill_careers/job/Maass-Chemistry-Bldg/Assistant-Professor--Department-of-Chemistry_JR0000078053
1641,https://mcgill.wd3.myworkdayjobs.com/mcgill_careers/job/Various/Course-Lecturer-EDEC-203-707-OFNIE-F26_JR0000079764
1641,https://mcgill.wd3.myworkdayjobs.com/mcgill_careers/job/Sherbrooke-680/Office-Assistant-C---Student-Engagement_JR0000079766
1641,https://mcgill.wd3.myworkdayjobs.com/mcgill_careers/job/Currie-Gymnasium/Technical-Specialist---Assistant-Coach-Redbirds-Basketball_JR0000079748
1641,https://mcgill.wd3.myworkdayjobs.com/mcgill_careers/job/Faculty-Club/Waiter_JR0000069598
1641,https://mcgill.wd3.myworkdayjobs.com/mcgill_careers/job/Sherbrooke-1010/Sustainability-Officer_JR0000079733
1641,https://mcgill.wd3.myworkdayjobs.com/mcgill_careers/job/Peel--1430/Associate-Director-Donor-Relations_JR0000079698
1641,https://mcgill.wd3.myworkdayjobs.com/mcgill_careers/job/Sherbrooke-680/Financial-Administrator_JR0000079551
1641,https://mcgill.wd3.myworkdayjobs.com/mcgill_careers/job/James-Admin-Bldg/Administrative-Officer_JR0000078891
1641,https://mcgill.wd3.myworkdayjobs.com/mcgill_careers/job/Various/Course-Lecturer-EDEC-344-731-761-OFNIE-F26_JR0000079749
1641,https://mcgill.wd3.myworkdayjobs.com/mcgill_careers/job/Peel-3661/Office-Assistant-C_JR0000079626-1
1641,https://mcgill.wd3.myworkdayjobs.com/mcgill_careers/job/Rutherford-Physics/Post-doctoral-researcher_JR0000079642
1641,https://mcgill.wd3.myworkdayjobs.com/mcgill_careers/job/Les-Cours-Mont-Royal/Communications-Assistant-B_JR0000079751
1641,https://mcgill.wd3.myworkdayjobs.com/mcgill_careers/job/MUHC-GLEN/Assistant-or-Associate-Professor--Clinical---Department-of-Diagnostic-Radiology--Division-of-Nuclear-Medicine--C1-260820-_JR0000079723
1641,https://mcgill.wd3.myworkdayjobs.com/mcgill_careers/job/McLennan-Library/Student-Library-Services-Assistant_JR0000079727
1641,https://mcgill.wd3.myworkdayjobs.com/mcgill_careers/job/Royal-Victoria-Hosp/Assistant-or-Associate-Professor--Clinical---Department-of-Obstetrics-and-Gynecology--Division-of-Minimally-Invasive-Gynecologic-Surgery--C1-260728-_JR0000079715
1641,https://mcgill.wd3.myworkdayjobs.com/mcgill_careers/job/McLennan-Library/Museum-Database-Assistant--AUS-Intern-_JR0000079507
1641,https://mcgill.wd3.myworkdayjobs.com/mcgill_careers/job/Bronfman-Building/Grader----FINE-482_JR0000079719-1
1641,https://mcgill.wd3.myworkdayjobs.com/mcgill_careers/job/McLennan-Library/Head-Library-Clerk_JR0000079632
1641,https://mcgill.wd3.myworkdayjobs.com/mcgill_careers/job/Adams-Building/Administrative-Coordinator_JR0000079566
1641,https://mcgill.wd3.myworkdayjobs.com/mcgill_careers/job/Bronfman-Building/Masters-Career-Coach_JR0000079493
1641,https://mcgill.wd3.myworkdayjobs.com/mcgill_careers/job/Bronfman-Building/Technical-Interview-Coach_JR0000079523
1641,https://mcgill.wd3.myworkdayjobs.com/mcgill_careers/job/Sherbrooke-680/Assistant-Professor_JR0000079402
1641,https://mcgill.wd3.myworkdayjobs.com/mcgill_careers/job/Sherbrooke-680/Administrative-Student-Affairs-Coordinator_JR0000079230
1641,https://mcgill.wd3.myworkdayjobs.com/mcgill_careers/job/Macdonald-Eng-Bldg/Administrative-Coordinator_JR0000079561-1
1641,https://mcgill.wd3.myworkdayjobs.com/mcgill_careers/job/Sherbrooke-680/Finance-Manager_JR0000079366
1641,https://mcgill.wd3.myworkdayjobs.com/mcgill_careers/job/Bishop-Mountain-Hall/Cook-s-Helper--casual-_JR0000079611
1641,https://mcgill.wd3.myworkdayjobs.com/mcgill_careers/job/Les-Cours-Mont-Royal/Donor-Experience-Officer_JR0000077850
1641,https://mcgill.wd3.myworkdayjobs.com/mcgill_careers/job/Bronfman-Building/Grader---MGCR-352--Liliya-Lyubman-_JR0000079649
1641,https://mcgill.wd3.myworkdayjobs.com/mcgill_careers/job/Bronfman-Building/Grader---MRKT-453_JR0000079646
1641,https://mcgill.wd3.myworkdayjobs.com/mcgill_careers/job/Strathcona-Music/Assistant-Professor-of-Composition_JR0000079243
1641,https://mcgill.wd3.myworkdayjobs.com/mcgill_careers/job/McLennan-Library/Associate-Dean--Library-Technology_JR0000072170
1641,https://mcgill.wd3.myworkdayjobs.com/mcgill_careers/job/Ferrier-Building/Building-Operator_JR0000079563
1641,https://mcgill.wd3.myworkdayjobs.com/mcgill_careers/job/Ferrier-Building/Plumber--Downtown-_JR0000072503
1641,https://mcgill.wd3.myworkdayjobs.com/mcgill_careers/job/Education-Building/Psychologist_JR0000074928
1641,https://mcgill.wd3.myworkdayjobs.com/mcgill_careers/job/Montreal-Neuro/Senior-Research-Software-Developer_JR0000075082
1641,https://mcgill.wd3.myworkdayjobs.com/mcgill_careers/job/Stewart-Biology-Bldg/Administrative-Officer_JR0000079491
1641,https://mcgill.wd3.myworkdayjobs.com/mcgill_careers/job/Bronfman-Building/Research-Assistant--Sustainable-Management-_JR0000079464
1641,https://mcgill.wd3.myworkdayjobs.com/mcgill_careers/job/McGill-College-2001/Dental-Hygienist_JR0000077133
1641,https://mcgill.wd3.myworkdayjobs.com/mcgill_careers/job/JGH---Jewish-General-Hosp/Assistant-Professor--Clinical---Department-of-Psychiatry--Mood-Disorders--C2-260812-_JR0000079341
1641,https://mcgill.wd3.myworkdayjobs.com/mcgill_careers/job/Sherbrooke-680/Guest-Speaker-for-Masterclass-in-Policy-Advocacy_JR0000079283-2
1641,https://mcgill.wd3.myworkdayjobs.com/mcgill_careers/job/Adams-Building/Assistant-Professor-in-Earth-and-Planetary-Sciences--Critical-Materials-for-Sustainability_JR0000078461
1641,https://mcgill.wd3.myworkdayjobs.com/mcgill_careers/job/MUHC-GLEN/Assistant-Professor--Clinical---Department-of-Surgery--Division-of-Vascular-Surgery--C1-260810-_JR0000079251-1
1641,https://mcgill.wd3.myworkdayjobs.com/mcgill_careers/job/Adams-Building/Assistant-Professor-in-Earth-and-Planetary-Sciences--Solid-Earth-Processes_JR0000078451
1641,https://mcgill.wd3.myworkdayjobs.com/mcgill_careers/job/Bronfman-Building/Hospitality-Assistant_JR0000079252
1641,https://mcgill.wd3.myworkdayjobs.com/mcgill_careers/job/3605-de-la-Montagne/Director--RUISSS-McGill_JR0000078700
1641,https://mcgill.wd3.myworkdayjobs.com/mcgill_careers/job/5100-de-Maisonneuve-West/Postdoctoral-Researcher_JR0000079245-1
1641,https://mcgill.wd3.myworkdayjobs.com/mcgill_careers/job/5858-Cote-des-Neiges/Associate-or-Full-Professor--Tenure-Track--and-Canada-Research-Chair--CRC--Tier-1--Department-of-Family-Medicine--RL--L000692-_JR0000074985
1641,https://mcgill.wd3.myworkdayjobs.com/mcgill_careers/job/Burnside-Hall/Assistant-Professor-in-Geography--Health-and-Sustainability_JR0000078552
1641,https://mcgill.wd3.myworkdayjobs.com/mcgill_careers/job/JGH---Jewish-General-Hosp/Assistant-Professor--Clinical---Department-of-Surgery--Division-of-Vascular-Surgery--C2-260729-_JR0000079169
1641,https://mcgill.wd3.myworkdayjobs.com/mcgill_careers/job/Mtl-Childrens-Hosp/Open-Rank--Clinical--and-Division-Director-of-Neonatal-Medicine-and-Follow-Up--Department-of-Pediatrics--C1-260727-_JR0000079185
1641,https://mcgill.wd3.myworkdayjobs.com/mcgill_careers/job/St-Marys-Hospital/Assistant-Professor--Clinical---Department-of-Critical-Care-Medicine--C1-260729-_JR0000079012-1
1641,https://mcgill.wd3.myworkdayjobs.com/mcgill_careers/job/Leacock-Building/Assistant-Professor_JR0000079102
1641,https://mcgill.wd3.myworkdayjobs.com/mcgill_careers/job/Burnside-Hall/Assistant-Professor-in-Atmospheric-and-Oceanic-Sciences---Oceanography---Earth-Systems_JR0000078298
1641,https://mcgill.wd3.myworkdayjobs.com/mcgill_careers/job/MUHC-GLEN/Assistant-Professor--Clinical---Department-of-Medicine--Division-of-Geriatric-Medicine--C1-260424-_JR0000075806
1641,https://mcgill.wd3.myworkdayjobs.com/mcgill_careers/job/MUHC-GLEN/Assistant-or-Associate-Professor--Clinical---Department-of-Medicine--Division-of-Geriatric-Medicine--C2-260424-_JR0000075901
1641,https://mcgill.wd3.myworkdayjobs.com/mcgill_careers/job/McLennan-Library/Open-House-Student-Ambassador_JR0000078888
1641,https://mcgill.wd3.myworkdayjobs.com/mcgill_careers/job/Bronfman-Building/Research-Assistant_JR0000079029
1641,https://mcgill.wd3.myworkdayjobs.com/mcgill_careers/job/Redpath-Library/Invigilator_JR0000067803-1
1641,https://mcgill.wd3.myworkdayjobs.com/mcgill_careers/job/Penfield-740/Postdoctoral-Researcher---hEDS-Omics-Study_JR0000078791
1641,https://mcgill.wd3.myworkdayjobs.com/mcgill_careers/job/McGill-College-2001/Assistant-Professor---Department-of-Psychology----Social-Psychology_JR0000078659
1641,https://mcgill.wd3.myworkdayjobs.com/mcgill_careers/job/Sherbrooke-680/Visiting-Professor_JR0000078021-1
1641,https://mcgill.wd3.myworkdayjobs.com/mcgill_careers/job/Leacock-Building/Assistant-Professor--International-Political-Economy_JR0000078799
1641,https://mcgill.wd3.myworkdayjobs.com/mcgill_careers/job/JGH---Jewish-General-Hosp/Assistant-Professor--Clinical---Department-of-Medicine--Division-of-Respiratory-Medicine--C2-260623-_JR0000078199
1641,https://mcgill.wd3.myworkdayjobs.com/mcgill_careers/job/Mtl-Childrens-Hosp/Assistant-or-Associate-Professor--Clinical---Department-of-Pediatrics--Division-of-General-Pediatrics--Developmental-Pediatrics--C4-240130-_JR0000062324
1641,https://mcgill.wd3.myworkdayjobs.com/mcgill_careers/job/MUHC-GLEN/Assistant-or-Associate-Professor--Clinical---Department-of-Pathology--Division-of-Gastrointestinal-and-Liver-Pathology--C1-260615-_JR0000078576
1641,https://mcgill.wd3.myworkdayjobs.com/mcgill_careers/job/Burnside-Hall/Tenure-Track-Position-in-Number-Theory-Department-of-Mathematics-and-Statistics_JR0000078430-1
1641,https://mcgill.wd3.myworkdayjobs.com/mcgill_careers/job/Bronfman-Building/Tenure-Track-Position-in-Operations-Management--Desautels-Faculty-of-Management--McGill-University_JR0000078492
1641,https://mcgill.wd3.myworkdayjobs.com/mcgill_careers/job/Bronfman-Building/Tutor---MGCR-640_JR0000078464-1
1641,https://mcgill.wd3.myworkdayjobs.com/mcgill_careers/job/Bronfman-Building/Grader---MGCR-640_JR0000078463
1641,https://mcgill.wd3.myworkdayjobs.com/mcgill_careers/job/Bronfman-Building/Grader---FINE-677_JR0000078317
1641,https://mcgill.wd3.myworkdayjobs.com/mcgill_careers/job/JGH---Jewish-General-Hosp/Assistant-or-Associate-Professor--Clinical---Department-of-Ophthalmology-and-Visual-Sciences--Glaucoma--C2-260527-_JR0000077426
1641,https://mcgill.wd3.myworkdayjobs.com/mcgill_careers/job/James-Admin-Bldg/McGill-University---Appointment-of-Vice-President--People---Culture---apply-using-link-within-text-_JR0000077563
1641,https://mcgill.wd3.myworkdayjobs.com/mcgill_careers/job/Hugessen-House/Postdoctoral-Researcher---Human-Genetics--Proteomics--and-Multi-Omics-for-Drug-Target-Discovery_JR0000076799
1641,https://mcgill.wd3.myworkdayjobs.com/mcgill_careers/job/Mtl-Childrens-Hosp/Assistant-or-Associate-Professor--Clinical---Department-of-Pediatrics--Division-of-General-Pediatrics--C3-260424-_JR0000075609
1641,https://mcgill.wd3.myworkdayjobs.com/mcgill_careers/job/Mtl-Childrens-Hosp/Assistant-or-Associate-Professor--Clinical---Department-of-Pediatrics--Division-of-Pediatric-Rheumatology--C3-260410-_JR0000075567
1641,https://mcgill.wd3.myworkdayjobs.com/mcgill_careers/job/Life-Sciences-Bldg-/Postdoctoral-Researcher---ADVANCED-BIOIMAGING-FACILITY--ABIF-_JR0000074524
1641,https://mcgill.wd3.myworkdayjobs.com/mcgill_careers/job/Various/Invigilator---SPOT-Final-Exams_JR0000074051
1641,https://mcgill.wd3.myworkdayjobs.com/mcgill_careers/job/Sherbrooke-680/Standardized-Patient---ISON_JR0000074041
1641,https://mcgill.wd3.myworkdayjobs.com/mcgill_careers/job/Sherbrooke-680/Assistant-Professor--CAS-_JR0000070839
1641,https://mcgill.wd3.myworkdayjobs.com/mcgill_careers/job/Douglas-Hosp-Burland/Assistant-Associate-Professor--Research---Single-Cell-Genomics--Department-of-Psychiatry--2-positions---C3-231215-_JR0000050127-1
1641,https://mcgill.wd3.myworkdayjobs.com/mcgill_careers/job/Bronfman-Building/Grader---ACCT-453_JR0000073037
1641,https://mcgill.wd3.myworkdayjobs.com/mcgill_careers/job/Education-Building/Research-Assistant-2_JR0000080271-1
1641,https://mcgill.wd3.myworkdayjobs.com/mcgill_careers/job/Currie-Gymnasium/Teaching-Assistant-EDKP-396-KPE-F26_JR0000076340
1641,https://mcgill.wd3.myworkdayjobs.com/mcgill_careers/job/Redpath-Library/Research-Data-Management-Specialist_JR0000080513
1641,https://mcgill.wd3.myworkdayjobs.com/mcgill_careers/job/McIntyre--Medical/Research-Assistant-2_JR0000080353
1641,https://mcgill.wd3.myworkdayjobs.com/mcgill_careers/job/Ferrier-Building/Office-Assistant-C-FAIIRK_JR0000080362-1
1641,https://mcgill.wd3.myworkdayjobs.com/mcgill_careers/job/Maass-Chemistry-Bldg/Invigilator_JR0000080467
1641,https://mcgill.wd3.myworkdayjobs.com/mcgill_careers/job/Les-Cours-Mont-Royal/Accounting-Assistant-C_JR0000080537
1641,https://mcgill.wd3.myworkdayjobs.com/mcgill_careers/job/Currie-Gymnasium/Office-Assistant---Sports-Medicine-Clinic_JR0000079152
1641,https://mcgill.wd3.myworkdayjobs.com/mcgill_careers/job/Strathcona-Music/Office-Assistant-C--Admissions---Music-_JR0000080561-1
1641,https://mcgill.wd3.myworkdayjobs.com/mcgill_careers/job/Cattle-Complex/Animal-Care-Assistant-B-5_JR0000080493
1641,https://mcgill.wd3.myworkdayjobs.com/mcgill_careers/job/Sherbrooke-680/Office-Assistant-B_JR0000080194
1641,https://mcgill.wd3.myworkdayjobs.com/mcgill_careers/job/Horticulture-Service/Field-Operations-Assistant-2_JR0000080523
1641,https://mcgill.wd3.myworkdayjobs.com/mcgill_careers/job/Horticulture-Service/Field-Operations-Assistant_JR0000080522
1641,https://mcgill.wd3.myworkdayjobs.com/mcgill_careers/job/McGill-College-2001/Communications-Assistant-C_JR0000080549
1641,https://mcgill.wd3.myworkdayjobs.com/mcgill_careers/job/Horticulture-Service/Field-Operations-Assistant_JR0000080519
1641,https://mcgill.wd3.myworkdayjobs.com/mcgill_careers/job/McGill-College-2001/Research-Assistant-2_JR0000080511
1641,https://mcgill.wd3.myworkdayjobs.com/mcgill_careers/job/Various/Course-Lecturer-EDEE-253-731-741-OFNIE-F26_JR0000079061
1641,https://mcgill.wd3.myworkdayjobs.com/mcgill_careers/job/Various/Course-Lecturer-EDPI-309-712-OFNIE-F26_JR0000080037
1641,https://mcgill.wd3.myworkdayjobs.com/mcgill_careers/job/Redpath-Library/Office-Assistant-C--Exams-Packing-Room---Non-Student_JR0000080583
1641,https://mcgill.wd3.myworkdayjobs.com/mcgill_careers/job/Res-Carrefour-Sherb/Sales-Assistant-A_JR0000080547
1641,https://mcgill.wd3.myworkdayjobs.com/mcgill_careers/job/Les-Cours-Mont-Royal/Phonathon-Callers-Fall-2026---Appelant-du-phonathon-automne-2026_JR0000078653
1641,https://mcgill.wd3.myworkdayjobs.com/mcgill_careers/job/McLennan-Library/Quebec-Student-Ambassador_JR0000080542
1641,https://mcgill.wd3.myworkdayjobs.com/mcgill_careers/job/Macdonald-Eng-Bldg/Finance-Officer_JR0000078344
1641,https://mcgill.wd3.myworkdayjobs.com/mcgill_careers/job/Sherbrooke-680/Senior-Accounts-Administrator_JR0000080408
1641,https://mcgill.wd3.myworkdayjobs.com/mcgill_careers/job/Day-ChancellorHall/Student-Events-Office-Assistant-tudiant-e----Assistant-e--au-bureau-des-vnements---SSTP---Law300_JR0000080530
1641,https://mcgill.wd3.myworkdayjobs.com/mcgill_careers/job/Redpath-Library/Communications-Assistant-B--Scribe---Proficient-in-Greek-and-English-_JR0000073841-1
1641,https://mcgill.wd3.myworkdayjobs.com/mcgill_careers/job/MUHC-GLEN/Assistant-Associate-Professor--Clinical---Department-of-Medicine--Division-of-Dermatology---2-positions----C1-260831--C2-260831-_JR0000080243
1641,https://mcgill.wd3.myworkdayjobs.com/mcgill_careers/job/Mtl-Childrens-Hosp/Assistant-or-Associate-Professor--Clinical---Department-of-Pediatric-Surgery--Division-of-Pediatric-Plastic-Surgery--C4-260424-_JR0000075607
1641,https://mcgill.wd3.myworkdayjobs.com/mcgill_careers/job/Burnside-Hall/Research-Assistant-2_JR0000079940
1641,https://mcgill.wd3.myworkdayjobs.com/mcgill_careers/job/Rutherford-Physics/Assistant-Professor-in-Astrophysics_JR0000080354
1641,https://mcgill.wd3.myworkdayjobs.com/mcgill_careers/job/Cattle-Complex/Animal-Care-Assistant-B-1_JR0000071905
1641,https://mcgill.wd3.myworkdayjobs.com/mcgill_careers/job/Leacock-Building/HIST-338---Teaching-Assistant-Fall-2026--120-hours-_JR0000080502
1641,https://mcgill.wd3.myworkdayjobs.com/mcgill_careers/job/Macdonald-Eng-Bldg/Teaching-Assistant---360---Principles-of-Manufacturing_JR0000080496
1641,https://mcgill.wd3.myworkdayjobs.com/mcgill_careers/job/Strathcona-Music/Booking-Office-Assistant-C_JR0000080332-1
1641,https://mcgill.wd3.myworkdayjobs.com/mcgill_careers/job/Cattle-Complex/Animal-Care-Assistant-B-2_JR0000080463
1641,https://mcgill.wd3.myworkdayjobs.com/mcgill_careers/job/Rutherford-Physics/Assistant-Professor---Theoretical-Biophysics_JR0000080340
1641,https://mcgill.wd3.myworkdayjobs.com/mcgill_careers/job/McLennan-Library/Admissions-Administrator_JR0000080387
1641,https://mcgill.wd3.myworkdayjobs.com/mcgill_careers/job/Education-Building/Student-Affairs-Supervisor_JR0000080393
1641,https://mcgill.wd3.myworkdayjobs.com/mcgill_careers/job/Education-Building/Student-Research-Assistant_JR0000080478
1641,https://mcgill.wd3.myworkdayjobs.com/mcgill_careers/job/Education-Building/Workshop-Facilitator_JR0000080476
1641,https://mcgill.wd3.myworkdayjobs.com/mcgill_careers/job/Various/Course-Lecturer-EDEC-289-702-OFNIE-F26_JR0000080404
1641,https://mcgill.wd3.myworkdayjobs.com/mcgill_careers/job/3605-de-la-Montagne/Communications-Assistant-C_JR0000080306
1641,https://mcgill.wd3.myworkdayjobs.com/mcgill_careers/job/Tadja-Hall/Hospitality-Assistant_JR0000080462
1641,https://mcgill.wd3.myworkdayjobs.com/mcgill_careers/job/JGH---Jewish-General-Hosp/Research-Assistant-1_JR0000080471
1641,https://mcgill.wd3.myworkdayjobs.com/mcgill_careers/job/Various/Course-Lecturer-EDEC-344-716-OFNIE-F26_JR0000078910
1641,https://mcgill.wd3.myworkdayjobs.com/mcgill_careers/job/McGill-College-2001/Invigilator---Department-of-Psychology_JR0000080296
1641,https://mcgill.wd3.myworkdayjobs.com/mcgill_careers/job/McLennan-Library/Human-Resources-Advisor_JR0000080346-1
1641,https://mcgill.wd3.myworkdayjobs.com/mcgill_careers/job/Ferrier-Building/Building-Operator_JR0000078182
1641,https://mcgill.wd3.myworkdayjobs.com/mcgill_careers/job/Gelber-Law-Library/Senior-Library-Clerk---Circulation-Services_JR0000079772
1641,https://mcgill.wd3.myworkdayjobs.com/mcgill_careers/job/Bronfman-Building/Grader---MGCR-250--Emily-Farmer-_JR0000080414-1
1641,https://mcgill.wd3.myworkdayjobs.com/mcgill_careers/job/Bronfman-Building/Tutor---MGCR-250--Emily-Farmer-_JR0000080415-1
1641,https://mcgill.wd3.myworkdayjobs.com/mcgill_careers/job/Stewart-Biology-Bldg/Grader-BIOL300_JR0000080407
1641,https://mcgill.wd3.myworkdayjobs.com/mcgill_careers/job/Bronfman-Building/Annual-Retail-Summit-Intern_JR0000080438
1641,https://mcgill.wd3.myworkdayjobs.com/mcgill_careers/job/Montreal-Neuro/Research-Assistant-2_JR0000080120
1641,https://mcgill.wd3.myworkdayjobs.com/mcgill_careers/job/Ferrier-Building/Animateurice-d-ateliers_JR0000080394
1641,https://mcgill.wd3.myworkdayjobs.com/mcgill_careers/job/Medical-Simulation/Standardized-Patient---SIM-Center_JR0000052271
1641,https://mcgill.wd3.myworkdayjobs.com/mcgill_careers/job/Bronfman-Building/Grader---MGCR-423_JR0000080431
1641,https://mcgill.wd3.myworkdayjobs.com/mcgill_careers/job/Bronfman-Building/Grader---ORGB-660_JR0000080428
1641,https://mcgill.wd3.myworkdayjobs.com/mcgill_careers/job/Bronfman-Building/Grader---ORGB-420_JR0000080427
1641,https://mcgill.wd3.myworkdayjobs.com/mcgill_careers/job/Bronfman-Building/Grader---ORGB-321_JR0000080426
1641,https://mcgill.wd3.myworkdayjobs.com/mcgill_careers/job/Bronfman-Building/Grader---INDR-294_JR0000080425
1641,https://mcgill.wd3.myworkdayjobs.com/mcgill_careers/job/Bronfman-Building/Tutor---MGCR-293--Tariq-Nizami-_JR0000080418
1641,https://mcgill.wd3.myworkdayjobs.com/mcgill_careers/job/McIntyre--Medical/Invigilator-PHAR-300-Drug-Action---Fall-2026_JR0000080409
1641,https://mcgill.wd3.myworkdayjobs.com/mcgill_careers/job/Bronfman-Building/Tutor---MGCR-222--Joy-Zhuoyue-Pang-_JR0000080413
1641,https://mcgill.wd3.myworkdayjobs.com/mcgill_careers/job/Bronfman-Building/Tutor---MGCR-222--Hollie-Bui-_JR0000080412
1641,https://mcgill.wd3.myworkdayjobs.com/mcgill_careers/job/Bronfman-Building/Grader---MGCR-222--Joy-Zhuoyue-Pang-_JR0000080411
1641,https://mcgill.wd3.myworkdayjobs.com/mcgill_careers/job/Bronfman-Building/Grader---MGCR-222--Hollie-Bui-_JR0000080410
1641,https://mcgill.wd3.myworkdayjobs.com/mcgill_careers/job/McIntyre--Medical/Invigilator-PHAR-562-Neuropharmacology---Fall-2026_JR0000080400
1641,https://mcgill.wd3.myworkdayjobs.com/mcgill_careers/job/Sherbrooke-680/Rhetoric-and-Communications-of-Public-Policy---PPOL-641_JR0000080367-1
1641,https://mcgill.wd3.myworkdayjobs.com/mcgill_careers/job/Trottier-Building/Course-Lecturer---Charg-de-cours-AERO-520_JR0000080371
1641,https://mcgill.wd3.myworkdayjobs.com/mcgill_careers/job/Montreal-Neuro/Lab-Helper-B_JR0000080342
1641,https://mcgill.wd3.myworkdayjobs.com/mcgill_careers/job/Bronfman-Building/Tutor---MGPO-362--Simon-Blanchette-_JR0000080386
1641,https://mcgill.wd3.myworkdayjobs.com/mcgill_careers/job/McGill-College-2001/Student-Research-Assistant_JR0000080300
1641,https://mcgill.wd3.myworkdayjobs.com/mcgill_careers/job/Bronfman-Building/Tutor---BUSA-465--Simon-Blanchette-_JR0000080384
1641,https://mcgill.wd3.myworkdayjobs.com/mcgill_careers/job/MacdonaldStewart-Bld/Office-Assistant-A_JR0000080309
1641,https://mcgill.wd3.myworkdayjobs.com/mcgill_careers/job/Bronfman-Building/Grader---MGCR-452--Dennis-Sakalauskas-_JR0000080381
1641,https://mcgill.wd3.myworkdayjobs.com/mcgill_careers/job/Bronfman-Building/Grader---MGCR-352--Dennis-Sakalauskas-_JR0000080380
1641,https://mcgill.wd3.myworkdayjobs.com/mcgill_careers/job/Bronfman-Building/Grader---MGCR-452--Antoinette-Scaringi-_JR0000080378
1641,https://mcgill.wd3.myworkdayjobs.com/mcgill_careers/job/Bronfman-Building/Grader---MGPO-362--Simon-Blanchette-_JR0000080376
1641,https://mcgill.wd3.myworkdayjobs.com/mcgill_careers/job/Bronfman-Building/Grader---BUSA-465--Simon-Blanchette-_JR0000080374
1641,https://mcgill.wd3.myworkdayjobs.com/mcgill_careers/job/McGill-College-2001/Student-Research-Assistant_JR0000080273
1641,https://mcgill.wd3.myworkdayjobs.com/mcgill_careers/job/Adams-Building/Course-Lecturer-AERO-410_JR0000080329-1
1641,https://mcgill.wd3.myworkdayjobs.com/mcgill_careers/job/Montreal-Neuro/Office-Assistant-C_JR0000080320
1641,https://mcgill.wd3.myworkdayjobs.com/mcgill_careers/job/Strathcona-AnatDent/Lab-Helper-A_JR0000080318
1641,https://mcgill.wd3.myworkdayjobs.com/mcgill_careers/job/McGill-College-2001/Research-Assistant-2_JR0000080275
1641,https://mcgill.wd3.myworkdayjobs.com/mcgill_careers/job/MacdonaldStewart-Bld/Research-Assistant-2_JR0000080352
1641,https://mcgill.wd3.myworkdayjobs.com/mcgill_careers/job/Sherbrooke-680/Invigilators---ISON_JR0000080344
1641,https://mcgill.wd3.myworkdayjobs.com/mcgill_careers/job/McGill-College-2001/Research-Assistant-1_JR0000080313
1641,https://mcgill.wd3.myworkdayjobs.com/mcgill_careers/job/Strathcona-AnatDent/Invigilators--ANAT-Midterm-Exams-Fall-2026_JR0000080325
1641,https://mcgill.wd3.myworkdayjobs.com/mcgill_careers/job/Bronfman-Building/Social-Media-Assistant_JR0000080365
1641,https://mcgill.wd3.myworkdayjobs.com/mcgill_careers/job/Les-Cours-Mont-Royal/Communications-Assistant-B--Email-Marketing-_JR0000080349
1641,https://mcgill.wd3.myworkdayjobs.com/mcgill_careers/job/Les-Cours-Mont-Royal/Communications-Assistant-B--Social-Media-_JR0000080348
1641,https://mcgill.wd3.myworkdayjobs.com/mcgill_careers/job/Sherbrooke-680/Accreditation-and-Quality-Improvement-Officer_JR0000080081
1641,https://mcgill.wd3.myworkdayjobs.com/mcgill_careers/job/McLennan-Library/Academic-Quality-Assurance-Manager_JR0000079908
1641,https://mcgill.wd3.myworkdayjobs.com/mcgill_careers/job/Burnside-Hall/Student-Recruitment-Officer_JR0000079982
1641,https://mcgill.wd3.myworkdayjobs.com/mcgill_careers/job/Sherbrooke-680/Administrative-Coordinator_JR0000080249
1641,https://mcgill.wd3.myworkdayjobs.com/mcgill_careers/job/Strathcona-Music/Customer-Services-Coordinator_JR0000080092
1641,https://mcgill.wd3.myworkdayjobs.com/mcgill_careers/job/McIntyre--Medical/Research-Assistant-2_JR0000080343
1641,https://mcgill.wd3.myworkdayjobs.com/mcgill_careers/job/Education-Building/Research-Associate_JR0000080312
1641,https://mcgill.wd3.myworkdayjobs.com/mcgill_careers/job/Education-Building/Research-Assistant-2_JR0000079803
1641,https://mcgill.wd3.myworkdayjobs.com/mcgill_careers/job/Rutherford-Physics/Post-doctoral-Researcer_JR0000080327
1641,https://mcgill.wd3.myworkdayjobs.com/mcgill_careers/job/Life-Sciences-Bldg-/Lab-Helper-B_JR0000080304
1641,https://mcgill.wd3.myworkdayjobs.com/mcgill_careers/job/Education-Building/Student-Research-Assistant_JR0000080034
1641,https://mcgill.wd3.myworkdayjobs.com/mcgill_careers/job/Faculty-Club/Dishwasher_JR0000069637
1641,https://mcgill.wd3.myworkdayjobs.com/mcgill_careers/job/Bishop-Mountain-Hall/General-Helper-A--Casual-_JR0000079612
1641,https://mcgill.wd3.myworkdayjobs.com/mcgill_careers/job/Sherbrooke-680/Fall-2026-Grader---ISON_JR0000079554
1641,https://mcgill.wd3.myworkdayjobs.com/mcgill_careers/job/Brown-Student-Serv/Service-Representative_JR0000080156
1641,https://mcgill.wd3.myworkdayjobs.com/mcgill_careers/job/Outaouais-Campus-McGill/Undergraduate-Student-Course-Assistant---Block-A--INDS-111----Histology-Lab_JR0000080226
1641,https://mcgill.wd3.myworkdayjobs.com/mcgill_careers/job/Outaouais-Campus-McGill/Undergraduate-Student-Course-Assistant---Block-B--INDS-112--Histology-Lab_JR0000080225
1641,https://mcgill.wd3.myworkdayjobs.com/mcgill_careers/job/Outaouais-Campus-McGill/Undergraduate-Student-Course-Assistant---Block-B--INDS-112--Anatomy-Lab_JR0000080220
1641,https://mcgill.wd3.myworkdayjobs.com/mcgill_careers/job/Laird-Hall/Communications-Assistant-A_JR0000080269
1641,https://mcgill.wd3.myworkdayjobs.com/mcgill_careers/job/McLennan-Library/Curatorial-Intern-for-Indigenous-Art--AUS-_JR0000080095
1641,https://mcgill.wd3.myworkdayjobs.com/mcgill_careers/job/Various/Course-Lecturer-EDPI-341-716-OFNIE-F26_JR0000080016
1641,https://mcgill.wd3.myworkdayjobs.com/mcgill_careers/job/MUHC-GLEN/Assistant-or-Associate-Professor--Clinical---Department-of-Medicine--Division-of-Respiratory-Medicine--Cystic-Fibrosis-and-Non-Cystic-Fibrosis-Bronchiectasis---C2-260810-_JR0000080204
1641,https://mcgill.wd3.myworkdayjobs.com/mcgill_careers/job/MUHC-GLEN/Assistant-or-Associate-Professor--Clinical---Department-of-Medicine--Division-of-Respiratory-Medicine--Chronic-Obstructive-Pulmonary-Disease--COPD---C1-260812-_JR0000080202-1
1641,https://mcgill.wd3.myworkdayjobs.com/mcgill_careers/job/Outaouais-Campus-McGill/Standardized-Patient--Performance-_JR0000070768
1641,https://mcgill.wd3.myworkdayjobs.com/mcgill_careers/job/James-Admin-Bldg/Grants---Agreements-Officer_JR0000079570-1
1641,https://mcgill.wd3.myworkdayjobs.com/mcgill_careers/job/James-Admin-Bldg/Project-Manager-Transformation-and-Process-Improvement_JR0000080104-1
1641,https://mcgill.wd3.myworkdayjobs.com/mcgill_careers/job/Sherbrooke-680/Administrative-Clerk_JR0000080109
1641,https://mcgill.wd3.myworkdayjobs.com/mcgill_careers/job/3605-de-la-Montagne/Communications-Officer_JR0000080015-1
1641,https://mcgill.wd3.myworkdayjobs.com/mcgill_careers/job/James-Admin-Bldg/Safety-Abroad-Officer_JR0000080063
1641,https://mcgill.wd3.myworkdayjobs.com/mcgill_careers/job/Education-Building/Senior-Administrative-Coordinator_JR0000080067
1641,https://mcgill.wd3.myworkdayjobs.com/mcgill_careers/job/Bronfman-Building/Grader----FINE-441_JR0000080177
1641,https://mcgill.wd3.myworkdayjobs.com/mcgill_careers/job/Bronfman-Building/Grader----MGCR-211_JR0000080176
1641,https://mcgill.wd3.myworkdayjobs.com/mcgill_careers/job/Bronfman-Building/Tutor---ACCT-455_JR0000080165
1641,https://mcgill.wd3.myworkdayjobs.com/mcgill_careers/job/Bronfman-Building/Grader----ACCT-455_JR0000080162
1641,https://mcgill.wd3.myworkdayjobs.com/mcgill_careers/job/Bronfman-Building/Grader----ACCT-361_JR0000080158
1641,https://mcgill.wd3.myworkdayjobs.com/mcgill_careers/job/Bronfman-Building/Tutor---INSY-333_JR0000080155
1641,https://mcgill.wd3.myworkdayjobs.com/mcgill_careers/job/Bronfman-Building/Tutor---ORGB-325_JR0000080147
1641,https://mcgill.wd3.myworkdayjobs.com/mcgill_careers/job/Bronfman-Building/Grader----ORGB-325_JR0000080145
1641,https://mcgill.wd3.myworkdayjobs.com/mcgill_careers/job/Bronfman-Building/Tutor---INSY-331_JR0000080144-1
1641,https://mcgill.wd3.myworkdayjobs.com/mcgill_careers/job/Bronfman-Building/Tutor---ORGB-423_JR0000080143
1641,https://mcgill.wd3.myworkdayjobs.com/mcgill_careers/job/Bronfman-Building/Grader----ORGB-423_JR0000080142
1641,https://mcgill.wd3.myworkdayjobs.com/mcgill_careers/job/Bronfman-Building/Tutor---MGCR-222_JR0000080139
1641,https://mcgill.wd3.myworkdayjobs.com/mcgill_careers/job/Bronfman-Building/Grader----MGCR-222_JR0000080138
1641,https://mcgill.wd3.myworkdayjobs.com/mcgill_careers/job/Bronfman-Building/Tutor---MGCR-222_JR0000080136
1641,https://mcgill.wd3.myworkdayjobs.com/mcgill_careers/job/Bronfman-Building/Grader----MGCR-222_JR0000080134
1641,https://mcgill.wd3.myworkdayjobs.com/mcgill_careers/job/Bronfman-Building/Tutor---MGCR-222_JR0000080133
1641,https://mcgill.wd3.myworkdayjobs.com/mcgill_careers/job/Bronfman-Building/Grader----MGCR-222_JR0000080132
1641,https://mcgill.wd3.myworkdayjobs.com/mcgill_careers/job/MacdonaldStewart-Bld/Research-Assistant-1_JR0000080622
1641,https://mcgill.wd3.myworkdayjobs.com/mcgill_careers/job/Burnside-Hall/Teaching-Assistant---MATH-326-376--F26-_JR0000080624
1641,https://mcgill.wd3.myworkdayjobs.com/mcgill_careers/job/McGill-College-2001/Office-Assistant-C_JR0000080625
1641,https://mcgill.wd3.myworkdayjobs.com/mcgill_careers/job/Various/Course-Lecturer-EDPI-441-731-741-OFNIE-F26_JR0000080264
1641,https://mcgill.wd3.myworkdayjobs.com/mcgill_careers/job/MacDonald-Harrington/Course-Lecturer---URBP-611-Data-Visualization-for-Planning_JR0000077385
1641,https://mcgill.wd3.myworkdayjobs.com/mcgill_careers/job/Leacock-Building/Assistant-Professor_JR0000080487-1
1641,https://mcgill.wd3.myworkdayjobs.com/mcgill_careers/job/Stewart-Biology-Bldg/Research-Associate_JR0000079847
1641,https://mcgill.wd3.myworkdayjobs.com/mcgill_careers/job/Royal-Victoria-Hosp/CHIEF-OF-THE-DEPARTMENT-OF-OBSTETRICS-AND-GYNECOLOGY--MCGILL-UNIVERSITY-HEALTH-CENTRE-AND-CHAIR-OF-THE-MCGILL-UNIVERSITY-DEPARTMENT-OF-OBSTETRICS-AND-GYNECOLOGY--FACULTY-OF-MEDICINE-AND-HEALTH-SCIENCES_JR0000080568
1641,https://mcgill.wd3.myworkdayjobs.com/mcgill_careers/job/Res-Carrefour-Sherb/Assistant-to-the-Senior-Director_JR0000080702
1641,https://mcgill.wd3.myworkdayjobs.com/mcgill_careers/job/Sherbrooke-680/Admissions-and-Records-Administrator_JR0000080574
1641,https://mcgill.wd3.myworkdayjobs.com/mcgill_careers/job/Mtl-Childrens-Hosp/Administrative-Coordinator_JR0000078855
1641,https://mcgill.wd3.myworkdayjobs.com/mcgill_careers/job/McLennan-Library/Student-Recruitment-Manager--Quebec-and-Virtual-_JR0000080661-1
1641,https://mcgill.wd3.myworkdayjobs.com/mcgill_careers/job/Education-Building/Course-Lecturer---CANC-621D2_JR0000080554
1641,https://mcgill.wd3.myworkdayjobs.com/mcgill_careers/job/Birks-Building/Grader---RELG-358---Fall-2026_JR0000080699-1
1641,https://mcgill.wd3.myworkdayjobs.com/mcgill_careers/job/JGH---Jewish-General-Hosp/Assistant-or-Associate-Professor--Clinical---Department-of-Medicine--Division-of-Physical-Medicine-and-Rehabilitation--C3-260911-_JR0000080632
1641,https://mcgill.wd3.myworkdayjobs.com/mcgill_careers/job/Burnside-Hall/Invigilator---MATH-242--F26-_JR0000080652
1641,https://mcgill.wd3.myworkdayjobs.com/mcgill_careers/job/Day-ChancellorHall/Student-Ambassadors-Ambassadeurs-tudiantes----AMM---EDI622_JR0000080690
1641,https://mcgill.wd3.myworkdayjobs.com/mcgill_careers/job/Bronfman-Building/Tenure-Track-Position-in-Accounting--Desautels-Faculty-of-Management--McGill-University_JR0000080360
1641,https://mcgill.wd3.myworkdayjobs.com/mcgill_careers/job/Redpath-Library/Communications-Assistant-B--Scribe-_JR0000074054-1
1641,https://mcgill.wd3.myworkdayjobs.com/mcgill_careers/job/Arts-Building/Assistant-Professor_JR0000080515
1641,https://mcgill.wd3.myworkdayjobs.com/mcgill_careers/job/Burnside-Hall/Undergraduate-Student-Course-Assistants--MATH-262--MATH-263--MATH-264--MATH-271----MATH-Helpdesk---Math---Stats-Fall-2026_JR0000079295
1641,https://mcgill.wd3.myworkdayjobs.com/mcgill_careers/job/Burnside-Hall/Graduate-Student-Assistants--200--300--400----500-level----Math---Stats-Fall-2026_JR0000079297-1
1641,https://mcgill.wd3.myworkdayjobs.com/mcgill_careers/job/Burnside-Hall/Undergraduate-Student-Course-Assistants--200--300--400----500-level---Math---Stats-Fall-2026_JR0000079292
1641,https://mcgill.wd3.myworkdayjobs.com/mcgill_careers/job/Macdonald-Eng-Bldg/Buildings-and-Research-Infrastructure-Manager_JR0000080459
1641,https://mcgill.wd3.myworkdayjobs.com/mcgill_careers/job/Adams-Building/Student-Advising-Administrator_JR0000080455
1641,https://mcgill.wd3.myworkdayjobs.com/mcgill_careers/job/McGill-College-2001/Accounting-Clerk-Secretary_JR0000080461
1641,https://mcgill.wd3.myworkdayjobs.com/mcgill_careers/job/Bronfman-Building/Program-Administrator_JR0000080557
1641,https://mcgill.wd3.myworkdayjobs.com/mcgill_careers/job/Cattle-Complex/Chief-Animal-Science-Technician_JR0000080526
1641,https://mcgill.wd3.myworkdayjobs.com/mcgill_careers/job/Bronfman-Building/Senior-Career-Coach_JR0000080594
1641,https://mcgill.wd3.myworkdayjobs.com/mcgill_careers/job/McConnell-Eng-Bldg/School-of-Computer-Science-Teaching-Assistant-COMP-310-Fall-2026_JR0000077155
1641,https://mcgill.wd3.myworkdayjobs.com/mcgill_careers/job/Burnside-Hall/Invigilator---MATH-133--F26-_JR0000080650
1641,https://mcgill.wd3.myworkdayjobs.com/mcgill_careers/job/Outaouais-Campus-McGill/Invigilator---Campus-Outaouais_JR0000080756
1641,https://mcgill.wd3.myworkdayjobs.com/mcgill_careers/job/Cattle-Complex/Animal-Care-Assistant-B-3_JR0000080698
1641,https://mcgill.wd3.myworkdayjobs.com/mcgill_careers/job/Strathcona-AnatDent/Invigilators--Department-of-Anatomy---Cell-Biology---Midterm-Exams---Fall-2026_JR0000080721
1641,https://mcgill.wd3.myworkdayjobs.com/mcgill_careers/job/Burnside-Hall/Invigilator---MATH-263--F26-_JR0000080643
1641,https://mcgill.wd3.myworkdayjobs.com/mcgill_careers/job/McLennan-Library/Invigilator_JR0000080737
1641,https://mcgill.wd3.myworkdayjobs.com/mcgill_careers/job/MUHC-GLEN/Assistant-Professor--Clinical---Department-of-Medicine--Division-of-Physical-Medicine-and-Rehabilitation--Palliative-Care--C2-260911-_JR0000080615
1641,https://mcgill.wd3.myworkdayjobs.com/mcgill_careers/job/Education-Building/Course-Lecturer-EDEC-277-760-OFNIE-F26_JR0000080682
1641,https://mcgill.wd3.myworkdayjobs.com/mcgill_careers/job/Bronfman-Building/Research-Assistant---SGI--Sustainable-Africa-_JR0000080726-1
1641,https://mcgill.wd3.myworkdayjobs.com/mcgill_careers/job/Bronfman-Building/Tenure-Track-Position-in-Strategy---Organization--Desautels-Faculty-of-Management--McGill-University_JR0000080691
1641,https://mcgill.wd3.myworkdayjobs.com/mcgill_careers/job/Education-Building/Course-Lecturer-EDEC-275-760-OFNIE-F26_JR0000080657
1641,https://mcgill.wd3.myworkdayjobs.com/mcgill_careers/job/Bronfman-Building/Innovation-for-Impact-Outreach-and-Events-Assistant_JR0000080724
1641,https://mcgill.wd3.myworkdayjobs.com/mcgill_careers/job/McGill-College-2001/Office-Assistant-C_JR0000079637
1641,https://mcgill.wd3.myworkdayjobs.com/mcgill_careers/job/Bronfman-Building/Grader---MGSC-603_JR0000080719
1641,https://mcgill.wd3.myworkdayjobs.com/mcgill_careers/job/Burnside-Hall/Post-Doctoral-Researcher_JR0000080714
1641,https://mcgill.wd3.myworkdayjobs.com/mcgill_careers/job/Various/Course-Lecturer-EDEC-262-782-OFNIE-F26_JR0000080621
1641,https://mcgill.wd3.myworkdayjobs.com/mcgill_careers/job/Various/Course-Lecturer-EDEE-283-710-OFNIE-F26_JR0000080687
1641,https://mcgill.wd3.myworkdayjobs.com/mcgill_careers/job/Brown-Student-Serv/Wellness-Access-Advisor_JR0000080611
1641,https://mcgill.wd3.myworkdayjobs.com/mcgill_careers/job/McIntyre--Medical/Invigilators----Metabolic-Biochemistry---BIOC-311---Fall-2026_JR0000080712
1641,https://mcgill.wd3.myworkdayjobs.com/mcgill_careers/job/Leacock-Building/Invigilator_JR0000080390
1641,https://mcgill.wd3.myworkdayjobs.com/mcgill_careers/job/McIntyre--Medical/Invigilator----Protein-Structure-and-Function---BIOC-450---Fall-2026_JR0000080710
1641,https://mcgill.wd3.myworkdayjobs.com/mcgill_careers/job/Strathcona-Music/Office-Assistant-C--Graduate-Studies---Schulich-_JR0000080709
1641,https://mcgill.wd3.myworkdayjobs.com/mcgill_careers/job/Sherbrooke-680/TA--Fall-2026--Applied-Health-and-Physical-Assessment-Anatomy-1-NUR1-338-001_JR0000080711
1641,https://mcgill.wd3.myworkdayjobs.com/mcgill_careers/job/Brown-Student-Serv/Associate-Director-Administration_JR0000080391
1641,https://mcgill.wd3.myworkdayjobs.com/mcgill_careers/job/Bronfman-Building/CTAQ-Research-Associate_JR0000080828
1641,https://mcgill.wd3.myworkdayjobs.com/mcgill_careers/job/McLennan-Library/Senior-Student-Ambassador_JR0000080816
1641,https://mcgill.wd3.myworkdayjobs.com/mcgill_careers/job/5858-Cote-des-Neiges/Teaching-Assistant--FALL--2026--Supplementary-posting---FMED-702--Analyzing-qualitative-data---learning-inductive-approaches_JR0000078241
1641,https://mcgill.wd3.myworkdayjobs.com/mcgill_careers/job/Macdonald-Eng-Bldg/Invigilation--FACC-300-Engineering-Economy_JR0000060725
1641,https://mcgill.wd3.myworkdayjobs.com/mcgill_careers/job/Macdonald-Eng-Bldg/Grader_JR0000080339
1641,https://mcgill.wd3.myworkdayjobs.com/mcgill_careers/job/Macdonald-Eng-Bldg/Student-Research-Assistant_JR0000080437
1641,https://mcgill.wd3.myworkdayjobs.com/mcgill_careers/job/Various/Invigilator---SPOT-Midterm-Exams_JR0000080813
1641,https://mcgill.wd3.myworkdayjobs.com/mcgill_careers/job/Macdonald-Eng-Bldg/Graders--Mechanical-Engineering----Fall-2026_JR0000080704
1641,https://mcgill.wd3.myworkdayjobs.com/mcgill_careers/job/Les-Cours-Mont-Royal/Engagement-Analyst_JR0000080490
1641,https://mcgill.wd3.myworkdayjobs.com/mcgill_careers/job/James-Admin-Bldg/Regulatory-Officer_JR0000080423
1641,https://mcgill.wd3.myworkdayjobs.com/mcgill_careers/job/Strathcona-Music/Program-Assistant--McGill-Camerata-_JR0000080793
1641,https://mcgill.wd3.myworkdayjobs.com/mcgill_careers/job/McConnell-Eng-Bldg/Grader---ECSE-534--Fall-2026-_JR0000080763
1641,https://mcgill.wd3.myworkdayjobs.com/mcgill_careers/job/McConnell-Eng-Bldg/Grader---ECSE-635--Fall-2026-_JR0000080761-1
1641,https://mcgill.wd3.myworkdayjobs.com/mcgill_careers/job/McConnell-Eng-Bldg/Grader---ECSE-682--Fall-2026-_JR0000080759
1641,https://mcgill.wd3.myworkdayjobs.com/mcgill_careers/job/McConnell-Eng-Bldg/Grader---ECSE-501--Fall-2026-_JR0000080774
1641,https://mcgill.wd3.myworkdayjobs.com/mcgill_careers/job/McConnell-Eng-Bldg/Grader---ECSE-681--Fall-2026-_JR0000080757
1641,https://mcgill.wd3.myworkdayjobs.com/mcgill_careers/job/McConnell-Eng-Bldg/Grader---ECSE-593--Fall-2026-_JR0000080753
1641,https://mcgill.wd3.myworkdayjobs.com/mcgill_careers/job/McConnell-Eng-Bldg/Grader---ECSE-500--Fall-2026-_JR0000080775
1641,https://mcgill.wd3.myworkdayjobs.com/mcgill_careers/job/McConnell-Eng-Bldg/Grader---ECSE-541--Fall-2026-_JR0000080755
1641,https://mcgill.wd3.myworkdayjobs.com/mcgill_careers/job/McConnell-Eng-Bldg/Grader---ECSE-519--Fall-2026-_JR0000080772
1641,https://mcgill.wd3.myworkdayjobs.com/mcgill_careers/job/McConnell-Eng-Bldg/Grader---ECSE-526--Fall-2026-_JR0000080765-1
1641,https://mcgill.wd3.myworkdayjobs.com/mcgill_careers/job/McConnell-Eng-Bldg/Grader---ECSE-472--Fall-2026-_JR0000080778
1641,https://mcgill.wd3.myworkdayjobs.com/mcgill_careers/job/Montreal-Neuro/Research-Associate_JR0000080567
1641,https://mcgill.wd3.myworkdayjobs.com/mcgill_careers/job/Montreal-Neuro/Research-Assistant-2_JR0000080746
1641,https://mcgill.wd3.myworkdayjobs.com/mcgill_careers/job/Brown-Student-Serv/Scholarship-Selections---Outreach-Officer_JR0000080026-1
1641,https://mcgill.wd3.myworkdayjobs.com/mcgill_careers/job/James-Admin-Bldg/Graphic-Designer_JR0000080823
1641,https://mcgill.wd3.myworkdayjobs.com/mcgill_careers/job/MUHC-GLEN/Administrative-Coordinator_JR0000078513
1641,https://mcgill.wd3.myworkdayjobs.com/mcgill_careers/job/Outaouais-Campus-McGill/Curriculum-Component-Officer_JR0000080788
1641,https://mcgill.wd3.myworkdayjobs.com/mcgill_careers/job/Currie-Gymnasium/Facilities-Attendant---Campus-Recreation_JR0000079301
1641,https://mcgill.wd3.myworkdayjobs.com/mcgill_careers/job/Sherbrooke-680/Office-Assistant-C_JR0000080859
1641,https://mcgill.wd3.myworkdayjobs.com/mcgill_careers/job/McGill-College-2001/Research-Assistant-1_JR0000080904-1
1641,https://mcgill.wd3.myworkdayjobs.com/mcgill_careers/job/Music-527-Sherbrooke/Liaison-Librarian_JR0000080903
1641,https://mcgill.wd3.myworkdayjobs.com/mcgill_careers/job/Montreal-Neuro/Clinical-Research-Coordinator_JR0000078047
1641,https://mcgill.wd3.myworkdayjobs.com/mcgill_careers/job/Cattle-Complex/Animal-Care-Assistant-B-2_JR0000080697
1641,https://mcgill.wd3.myworkdayjobs.com/mcgill_careers/job/Cattle-Complex/Animal-Care-Assistant-B_JR0000080696
1641,https://mcgill.wd3.myworkdayjobs.com/mcgill_careers/job/McConnell-Eng-Bldg/Faculty-Lecturer--Department-of-Bioengineering_JR0000080506
1641,https://mcgill.wd3.myworkdayjobs.com/mcgill_careers/job/McLennan-Library/Indigenous-Student-Ambassador_JR0000080863-1
1641,https://mcgill.wd3.myworkdayjobs.com/mcgill_careers/job/Music-527-Sherbrooke/Performer--live-CIRMMT-_JR0000080460
1641,https://mcgill.wd3.myworkdayjobs.com/mcgill_careers/job/Ferrier-Building/Building-Operator_JR0000080640
1641,https://mcgill.wd3.myworkdayjobs.com/mcgill_careers/job/Ferrier-Building/Stationary-Engine-Mechanic--Operations--2B_JR0000080741
1641,https://mcgill.wd3.myworkdayjobs.com/mcgill_careers/job/Bronfman-Building/Tenure-Track-Position-in-Finance--Desautels-Faculty-of-Management--McGill-University_JR0000080986
1641,https://mcgill.wd3.myworkdayjobs.com/mcgill_careers/job/Leacock-Building/Liaison-Officer_JR0000081018
1641,https://mcgill.wd3.myworkdayjobs.com/mcgill_careers/job/Bronfman-Building/Conferences---Special-Events-Coordinator_JR0000078796
1641,https://mcgill.wd3.myworkdayjobs.com/mcgill_careers/job/Brown-Student-Serv/Finance-Officer_JR0000080914
1641,https://mcgill.wd3.myworkdayjobs.com/mcgill_careers/job/Sherbrooke-1010/Lead-Buyer_JR0000080850
1641,https://mcgill.wd3.myworkdayjobs.com/mcgill_careers/job/Bronfman-Building/Program-Administrator_JR0000080910-1
1641,https://mcgill.wd3.myworkdayjobs.com/mcgill_careers/job/McGill-College-2001/Dental-Assistant_JR0000080941
1641,https://mcgill.wd3.myworkdayjobs.com/mcgill_careers/job/Sherbrooke-680/Student-Advising-Supervisor_JR0000080975
1641,https://mcgill.wd3.myworkdayjobs.com/mcgill_careers/job/Strathcona-Music/Office-Assistant-A--Jazz-Technician-_JR0000080855
1641,https://mcgill.wd3.myworkdayjobs.com/mcgill_careers/job/McLennan-Library/Exam-Office-Assistant_JR0000081043
1641,https://mcgill.wd3.myworkdayjobs.com/mcgill_careers/job/Raymond-Building/Assistant-Professor-in-Environment--Climate-Resilience--and-the-Arctic---Emerging-Leader-for-Impact--Chair_JR0000081013
1641,https://mcgill.wd3.myworkdayjobs.com/mcgill_careers/job/Mtl-General-Hosp/Course-Lecturer---EXSU-605-Biomedical-Research-Innovation_JR0000080922
1641,https://mcgill.wd3.myworkdayjobs.com/mcgill_careers/job/Currie-Gymnasium/Sports-Instructor_JR0000079415
1641,https://mcgill.wd3.myworkdayjobs.com/mcgill_careers/job/Pines-Cottage/Field-Operations-Assistant_JR0000081009
1641,https://mcgill.wd3.myworkdayjobs.com/mcgill_careers/job/Pines-Cottage/Office-Assistant-A_JR0000081004
1641,https://mcgill.wd3.myworkdayjobs.com/mcgill_careers/job/MacdonaldStewart-Bld/Intramural-Sports-General-Official---Mac-Campus_JR0000080826
1641,https://mcgill.wd3.myworkdayjobs.com/mcgill_careers/job/Penfield-740/Student-Research-Assistant_JR0000079403
1641,https://mcgill.wd3.myworkdayjobs.com/mcgill_careers/job/McConnell-Eng-Bldg/School-of-Computer-Science-Teaching-Assistant-COMP-302-Fall-2026_JR0000077140
1641,https://mcgill.wd3.myworkdayjobs.com/mcgill_careers/job/Ferrier-Building/Eakin-Student-Research-Intern-in-Canadian-Studies_JR0000080900
1641,https://mcgill.wd3.myworkdayjobs.com/mcgill_careers/job/McLennan-Library/Service-Representative_JR0000080953
1641,https://mcgill.wd3.myworkdayjobs.com/mcgill_careers/job/McIntyre--Medical/PHGY-209-Invigilators---Fall-2026_JR0000080973-1
1641,https://mcgill.wd3.myworkdayjobs.com/mcgill_careers/job/McIntyre--Medical/Fall-2026-Invigilators---PHGY_JR0000080976
1641,https://mcgill.wd3.myworkdayjobs.com/mcgill_careers/job/McConnell-Eng-Bldg/Tenure-Track-Faculty-Position-in-Computer-Science--Quantum-Computing_JR0000080250
1641,https://mcgill.wd3.myworkdayjobs.com/mcgill_careers/job/McConnell-Eng-Bldg/Tenure-Track-Faculty-Position-in-Computer-Science--Secure-Software-and-Computer-Systems_JR0000080728
1641,https://mcgill.wd3.myworkdayjobs.com/mcgill_careers/job/McConnell-Eng-Bldg/School-of-Computer-Science-Teaching-Assistant-COMP-558-Fall-2026_JR0000078436
1641,https://mcgill.wd3.myworkdayjobs.com/mcgill_careers/job/McIntyre--Medical/Teaching-Assistant---PHGY-212---Introductory-Physiology-1_JR0000080936
1641,https://mcgill.wd3.myworkdayjobs.com/mcgill_careers/job/Strathcona-AnatDent/Lab-Helper-B_JR0000080897
1641,https://mcgill.wd3.myworkdayjobs.com/mcgill_careers/job/Bronfman-Building/Faculty-Position-in-Operations-Management---Finance---Ranked-Contract-Academic-Staff--CAS-_JR0000079970
1641,https://mcgill.wd3.myworkdayjobs.com/mcgill_careers/job/Various/Student-Research-Assistant_JR0000080860-1
1641,https://mcgill.wd3.myworkdayjobs.com/mcgill_careers/job/Birks-Building/Grader---RELG-358---Fall-2026_JR0000080921-1
1641,https://mcgill.wd3.myworkdayjobs.com/mcgill_careers/job/Various/Casual-Research-Assistant-1_JR0000080889
1641,https://mcgill.wd3.myworkdayjobs.com/mcgill_careers/job/Various/Research-Assistant-2_JR0000080918
1641,https://mcgill.wd3.myworkdayjobs.com/mcgill_careers/job/Education-Building/Office-Assistant-C_JR0000081077-1
1641,https://mcgill.wd3.myworkdayjobs.com/mcgill_careers/job/Music-527-Sherbrooke/Audiovisual-Assistant-B--CIRMMT-_JR0000080658
1641,https://mcgill.wd3.myworkdayjobs.com/mcgill_careers/job/Sherbrooke-550/Teaching-Assistant----QLSC-600D2-Foundations-of-Quantitative-Life-Sciences---Winter-2027_JR0000081089
1641,https://mcgill.wd3.myworkdayjobs.com/mcgill_careers/job/Montreal-Neuro/Research-Technician_JR0000081005
1641,https://mcgill.wd3.myworkdayjobs.com/mcgill_careers/job/Bronfman-Building/Tenure-Track-Positions-in-Information-Systems-and-Organizational-Behaviour--Desautels-Faculty-of-Management--McGill-University_JR0000080879
1641,https://mcgill.wd3.myworkdayjobs.com/mcgill_careers/job/Sherbrooke-680/Course-Lecturer---CGMG-305_JR0000081026
1641,https://mcgill.wd3.myworkdayjobs.com/mcgill_careers/job/Sherbrooke-680/Course-Lecturer---CPAG-225_JR0000081021
1641,https://mcgill.wd3.myworkdayjobs.com/mcgill_careers/job/Sherbrooke-680/Course-Lecturer---CPAG-400_JR0000081029
1641,https://mcgill.wd3.myworkdayjobs.com/mcgill_careers/job/Sherbrooke-680/Course-Lecturer---CGMG-282_JR0000081025
1641,https://mcgill.wd3.myworkdayjobs.com/mcgill_careers/job/Sherbrooke-680/Course-Lecturer---CPRL-221_JR0000081030-1
1641,https://mcgill.wd3.myworkdayjobs.com/mcgill_careers/job/Sherbrooke-680/Course-Lecturer---CPAG-220_JR0000081023
1641,https://mcgill.wd3.myworkdayjobs.com/mcgill_careers/job/Various/Casual-Research-Assistant-1_JR0000081063
1641,https://mcgill.wd3.myworkdayjobs.com/mcgill_careers/job/Sherbrooke-1010/Administrative-Coordinator_JR0000075219
1641,https://mcgill.wd3.myworkdayjobs.com/mcgill_careers/job/McIntyre--Medical/Teaching-Assistant---Drug-Discovery-and-Development-2---PHAR-504---Winter-2027_JR0000081180
1641,https://mcgill.wd3.myworkdayjobs.com/mcgill_careers/job/Duff-Medical-Bldg/Teaching-Assistant---MIMM-314---Intermediate-Immunology-Winter-2027_JR0000080596
1641,https://mcgill.wd3.myworkdayjobs.com/mcgill_careers/job/Duff-Medical-Bldg/Teaching-Assistant---MIMM-301---Scientific-Writing-Skills-in-MIMM--Winter-2027_JR0000080593
1641,https://mcgill.wd3.myworkdayjobs.com/mcgill_careers/job/Duff-Medical-Bldg/Teaching-Assistant---Introductory-Immunology---MIMM-214---Winter-2027_JR0000080565
1641,https://mcgill.wd3.myworkdayjobs.com/mcgill_careers/job/McIntyre--Medical/Job-Posting-Title-Teaching-Assistant---Principles-of-Toxicology---PHAR-303---Winter-2027_JR0000081161
1641,https://mcgill.wd3.myworkdayjobs.com/mcgill_careers/job/Sherbrooke-680/Communications-Assistant-A_JR0000081134
1641,https://mcgill.wd3.myworkdayjobs.com/mcgill_careers/job/McIntyre--Medical/Teaching-Assistant---Drugs-and-Disease---PHAR-301---Winter-2027_JR0000081148
1641,https://mcgill.wd3.myworkdayjobs.com/mcgill_careers/job/Duff-Medical-Bldg/Course-Lecturer---BMDE-656---Medical-Device-Development-Process_JR0000081083
1641,https://mcgill.wd3.myworkdayjobs.com/mcgill_careers/job/Duff-Medical-Bldg/Course-Lecturer--BMDE-653---Patents-in-Biomedical-Engineering_JR0000081131
1641,https://mcgill.wd3.myworkdayjobs.com/mcgill_careers/job/McIntyre--Medical/Teaching-Assistant---Introduction-to-Pharmacology-2---PHAR-201---Winter-2027_JR0000081094-1
1641,https://mcgill.wd3.myworkdayjobs.com/mcgill_careers/job/Raymond-Building/Assistant-Professor-in-Regulated-Plant-Pests----Canada-Impact--Emerging-Leaders_JR0000081085
1641,https://mcgill.wd3.myworkdayjobs.com/mcgill_careers/job/McConnell-Eng-Bldg/Course-Lecturer-BIEN-267--W27_JR0000081062
1641,https://mcgill.wd3.myworkdayjobs.com/mcgill_careers/job/McConnell-Eng-Bldg/Course-Lecturer-BIEN-280-W27_JR0000081069
1641,https://mcgill.wd3.myworkdayjobs.com/mcgill_careers/job/McConnell-Eng-Bldg/Course-Lecturer-BIEN-505-W27_JR0000081012
1641,https://mcgill.wd3.myworkdayjobs.com/mcgill_careers/job/McIntyre--Medical/Invigilator_JR0000080575
1641,https://mcgill.wd3.myworkdayjobs.com/mcgill_careers/job/Maass-Chemistry-Bldg/Electronics-Technician_JR0000080944
1641,https://mcgill.wd3.myworkdayjobs.com/mcgill_careers/job/Stewart-Biology-Bldg/Lab-Helper-B_JR0000080786
1641,https://mcgill.wd3.myworkdayjobs.com/mcgill_careers/job/McLennan-Library/Invigilator_JR0000081130
1641,https://mcgill.wd3.myworkdayjobs.com/mcgill_careers/job/Strathcona-Music/Fall-2026-MR-1503-Course-Lecturer-Positions---Reserved-Postings_JR0000078721
1641,https://mcgill.wd3.myworkdayjobs.com/mcgill_careers/job/Life-Sciences-Bldg-/Student-Research-Assistant_JR0000080531-1
1641,https://mcgill.wd3.myworkdayjobs.com/mcgill_careers/job/Montreal-Neuro/Research-Associate_JR0000081052
1641,https://mcgill.wd3.myworkdayjobs.com/mcgill_careers/job/Duff-Medical-Bldg/Teaching-Assistant---MIMM-509---Inflammatory-Processes-Winter-2027_JR0000080608
1641,https://mcgill.wd3.myworkdayjobs.com/mcgill_careers/job/Duff-Medical-Bldg/Teaching-Assistant---MIMM-466---Viral-Pathogenesis-and-Host-Defenses-Winter-2027_JR0000080607
1641,https://mcgill.wd3.myworkdayjobs.com/mcgill_careers/job/Duff-Medical-Bldg/Teaching-Assistant---MIMM-413--Parasitology-Winter-2027_JR0000080606
1641,https://mcgill.wd3.myworkdayjobs.com/mcgill_careers/job/McConnell-Eng-Bldg/Grader--ECSE-396---397---496---497--F26-_JR0000081220
1641,https://mcgill.wd3.myworkdayjobs.com/mcgill_careers/job/Duff-Medical-Bldg/Teaching-Assistant---MIMM-387--The-Business-of-Science-Winter-2027_JR0000080599
1641,https://mcgill.wd3.myworkdayjobs.com/mcgill_careers/job/Duff-Medical-Bldg/Teaching-Assistant---MIMM-385----Laboratory-in-Immunology-Flow-Cytometry-Winter-2027_JR0000080598
1641,https://mcgill.wd3.myworkdayjobs.com/mcgill_careers/job/McConnell-Eng-Bldg/Grader--ECSE-458D1---ECSE-478D1--F26-_JR0000081210
1641,https://mcgill.wd3.myworkdayjobs.com/mcgill_careers/job/McIntyre--Medical/Teaching-Assistant---Advances-in-Industrial-Biotechnology---PHAR-540---Winter-2027_JR0000081208
1641,https://mcgill.wd3.myworkdayjobs.com/mcgill_careers/job/Duff-Medical-Bldg/Teaching-Assistant--MIMM-385--Laboratory-in-Immunology-Winter-2027_JR0000080597
1641,https://mcgill.wd3.myworkdayjobs.com/mcgill_careers/job/5858-Cote-des-Neiges/Research-Assistant-1_JR0000081186
1641,https://mcgill.wd3.myworkdayjobs.com/mcgill_careers/job/McConnell-Eng-Bldg/Grader---ECSE-458N2---ECSE478N2--F26-_JR0000081202
1641,https://mcgill.wd3.myworkdayjobs.com/mcgill_careers/job/McLennan-Library/Invigilator_JR0000081198
1641,https://mcgill.wd3.myworkdayjobs.com/mcgill_careers/job/Dawson-Hall/Academic-Affairs-Administrator_JR0000080580
1641,https://mcgill.wd3.myworkdayjobs.com/mcgill_careers/job/McIntyre--Medical/Teaching-Assistant---Drug-Discovery-and-Development-3---PHAR-508---Winter-2027_JR0000081193-1
1641,https://mcgill.wd3.myworkdayjobs.com/mcgill_careers/job/St-Marys-Hospital/Assistant-Professor--Clinical---Department-of-Medicine--Division-of-Respiratory-Medicine--C1-260921-_JR0000081088
1641,https://mcgill.wd3.myworkdayjobs.com/mcgill_careers/job/Brown-Student-Serv/Case-Manager-Crisis-Response_JR0000081293-1
1641,https://mcgill.wd3.myworkdayjobs.com/mcgill_careers/job/Sherbrooke-680/Instructional-Designer_JR0000081343
1641,https://mcgill.wd3.myworkdayjobs.com/mcgill_careers/job/Macdonald-Eng-Bldg/Course-Lecturer---FACC-501---Winter-2027_JR0000081490
1641,https://mcgill.wd3.myworkdayjobs.com/mcgill_careers/job/JGH---Jewish-General-Hosp/Assistant-or-Associate-Professor--Clinical---Department-of-Obstetrics-and-Gynecology--Jewish-General-Hospital--C1-260925-_JR0000081402
1641,https://mcgill.wd3.myworkdayjobs.com/mcgill_careers/job/Various/Student-Research-Assistant_JR0000081390
1641,https://mcgill.wd3.myworkdayjobs.com/mcgill_careers/job/McConnell-Eng-Bldg/Course-Lecturer---FACC-300---Winter-2027----sec-001---005_JR0000081393
1641,https://mcgill.wd3.myworkdayjobs.com/mcgill_careers/job/Davis-House/Administrative-Student-Affairs-Coordinator_JR0000078635
1641,https://mcgill.wd3.myworkdayjobs.com/mcgill_careers/job/Sherbrooke-680/Administrative-Student-Affairs-Coordinator_JR0000081217
1641,https://mcgill.wd3.myworkdayjobs.com/mcgill_careers/job/Bishop-Mountain-Hall/Counter-Person_JR0000081337
1641,https://mcgill.wd3.myworkdayjobs.com/mcgill_careers/job/McConnell-Eng-Bldg/Course-Lecturer---FACC-300---Winter-2027---sec-002---006_JR0000081445
1641,https://mcgill.wd3.myworkdayjobs.com/mcgill_careers/job/Burnside-Hall/Winter-2027-Teaching-Assistant-Postings---Mathematics---Statistics_JR0000081449-1
1641,https://mcgill.wd3.myworkdayjobs.com/mcgill_careers/job/Technical-Services-Building/Lab-Helper-B_JR0000081421
1641,https://mcgill.wd3.myworkdayjobs.com/mcgill_careers/job/McConnell-Eng-Bldg/Research-Assistant-1_JR0000081371
1641,https://mcgill.wd3.myworkdayjobs.com/mcgill_careers/job/Stewart-Biology-Bldg/Research-Associate_JR0000080924-1
1641,https://mcgill.wd3.myworkdayjobs.com/mcgill_careers/job/Macdonald-Eng-Bldg/Course-Lecturer--Winter-2027--MECH-642---Advanced-Dynamics_JR0000080947
1641,https://mcgill.wd3.myworkdayjobs.com/mcgill_careers/job/Parasitology-Bldg/Course-Lecturer---BTEC-619_JR0000081433
1641,https://mcgill.wd3.myworkdayjobs.com/mcgill_careers/job/McIntyre--Medical/Teaching-Assistant---Clinical-Mentorship---PHAR-524---Winter-2027_JR0000081442
1641,https://mcgill.wd3.myworkdayjobs.com/mcgill_careers/job/McIntyre--Medical/Teaching-Assistant---PHAR-602--Principles-of-Pharmacology----Winter-2027_JR0000081434
1641,https://mcgill.wd3.myworkdayjobs.com/mcgill_careers/job/Mtl-Childrens-Hosp/Assistant-or-Associate-Professor--Clinical---Department-of-Pediatrics--Division-of-Pediatric-Respirology--C1-260911-_JR0000080989
1641,https://mcgill.wd3.myworkdayjobs.com/mcgill_careers/job/Trottier-Building/Course-Lecturer---SEAD-530_JR0000081385
1641,https://mcgill.wd3.myworkdayjobs.com/mcgill_careers/job/Leacock-Building/Assistant-Professor--Philosophy-and-Artificial-Intelligence_JR0000081267-1
1641,https://mcgill.wd3.myworkdayjobs.com/mcgill_careers/job/McIntyre--Medical/Teaching-Assistant---Scientific-Communication-for-Pharmacologists---PHAR-610---Winter-2027_JR0000081354
1641,https://mcgill.wd3.myworkdayjobs.com/mcgill_careers/job/Macdonald-Eng-Bldg/Research-Assistant-2_JR0000081173
1641,https://mcgill.wd3.myworkdayjobs.com/mcgill_careers/job/Macdonald-Eng-Bldg/Course-Lecturer--Winter-2027--MECH-315---Intermediate-Dynamics_JR0000080833
1641,https://mcgill.wd3.myworkdayjobs.com/mcgill_careers/job/Meredith-LadyHouse/Communications-Assistant-C_JR0000081282
1641,https://mcgill.wd3.myworkdayjobs.com/mcgill_careers/job/Currie-Gymnasium/Personal-Trainer_JR0000081339
1641,https://mcgill.wd3.myworkdayjobs.com/mcgill_careers/job/Life-Sciences-Bldg-/Animal-Care-Assistant-C_JR0000081316
1641,https://mcgill.wd3.myworkdayjobs.com/mcgill_careers/job/Strathcona-AnatDent/Course-Lecturer----ANAT-316_JR0000081400
1641,https://mcgill.wd3.myworkdayjobs.com/mcgill_careers/job/Meredith-LadyHouse/Winter-2026-TA-IHSE--HSED-704_JR0000081403
1641,https://mcgill.wd3.myworkdayjobs.com/mcgill_careers/job/Sherbrooke-550/Supplementary-Posting---Course-Lecturer-SWRK-319-Intensive-Cree-Delivery_JR0000081399
1641,https://mcgill.wd3.myworkdayjobs.com/mcgill_careers/job/Various/Research-Associate_JR0000081275
1641,https://mcgill.wd3.myworkdayjobs.com/mcgill_careers/job/Redpath-Library/Course-Lecturer---McGill-Writing-Centre---Graphos-WCOM-672-Course---Fall-2026_JR0000081225
1641,https://mcgill.wd3.myworkdayjobs.com/mcgill_careers/job/Leacock-Building/Course-Lecturer---PHIL-419-001---Winter-2027_JR0000081247
1641,https://mcgill.wd3.myworkdayjobs.com/mcgill_careers/job/Leacock-Building/Course-Lecturer---PHIL-367-001---Winter-2027_JR0000081246
1641,https://mcgill.wd3.myworkdayjobs.com/mcgill_careers/job/Leacock-Building/Course-Lecturer---PHIL-354-001---Winter-2027_JR0000081245
1641,https://mcgill.wd3.myworkdayjobs.com/mcgill_careers/job/Burnside-Hall/Course-Lecturer---MATH-266-001--W27-_JR0000081374
1641,https://mcgill.wd3.myworkdayjobs.com/mcgill_careers/job/Sherbrooke-680/Administrative-Coordinator_JR0000081364
1641,https://mcgill.wd3.myworkdayjobs.com/mcgill_careers/job/Leacock-Building/Course-Lecturer---POLI-381-001---Winter-2027_JR0000081242
1641,https://mcgill.wd3.myworkdayjobs.com/mcgill_careers/job/Sherbrooke-680/Administrator_JR0000081078
1641,https://mcgill.wd3.myworkdayjobs.com/mcgill_careers/job/Bishop-Mountain-Hall/Counter-Person_JR0000081328
1641,https://mcgill.wd3.myworkdayjobs.com/mcgill_careers/job/McGill-College-2001/Dental-Hygienist_JR0000081006
1641,https://mcgill.wd3.myworkdayjobs.com/mcgill_careers/job/University-3550/Secretary_JR0000081140
1641,https://mcgill.wd3.myworkdayjobs.com/mcgill_careers/job/Leacock-Building/Course-Lecturer---ECON-208-001--Winter-2027_JR0000081232
1641,https://mcgill.wd3.myworkdayjobs.com/mcgill_careers/job/McIntyre--Medical/Teaching-Assistant---Honours-Pharmacology-Research-Project---PHAR-598-D2---Winter-2027_JR0000081345
1641,https://mcgill.wd3.myworkdayjobs.com/mcgill_careers/job/Leacock-Building/Course-Lecturer---POLI-434-001---Winter-2027_JR0000081243-1
1641,https://mcgill.wd3.myworkdayjobs.com/mcgill_careers/job/Leacock-Building/Course-Lecturer---POLI-357-001---Winter-2027_JR0000081241
1641,https://mcgill.wd3.myworkdayjobs.com/mcgill_careers/job/Leacock-Building/Course-Lecturer---POLI-346-001---Winter-2027_JR0000081239
1641,https://mcgill.wd3.myworkdayjobs.com/mcgill_careers/job/McIntyre--Medical/Teaching-Assistant---Pharmacology-Research-Project---PHAR-599-D2---Winter-2027_JR0000081327
1641,https://mcgill.wd3.myworkdayjobs.com/mcgill_careers/job/Leacock-Building/Course-Lecturer---ECON-219-001---Winter-2027_JR0000081233
1641,https://mcgill.wd3.myworkdayjobs.com/mcgill_careers/job/Montreal-Neuro/Communications-Officer_JR0000081325
1641,https://mcgill.wd3.myworkdayjobs.com/mcgill_careers/job/Leacock-Building/Course-Lecturer---ECON-333-001---Winter-2027_JR0000081237-1
1641,https://mcgill.wd3.myworkdayjobs.com/mcgill_careers/job/Leacock-Building/Course-Lecturer---ECON-326-001---Winter-2027_JR0000081236
1641,https://mcgill.wd3.myworkdayjobs.com/mcgill_careers/job/Leacock-Building/Course-Lecturer---ECON-305-001---Winter-2027_JR0000081235
1641,https://mcgill.wd3.myworkdayjobs.com/mcgill_careers/job/Leacock-Building/Course-Lecturer---ECON-225-001---Winter-2027_JR0000081234
1641,https://mcgill.wd3.myworkdayjobs.com/mcgill_careers/job/McIntyre--Medical/Teaching-Assistant---Epigenetic-Drugs-and-Targets---PHAR-565---Winter-2027_JR0000081265
1641,https://mcgill.wd3.myworkdayjobs.com/mcgill_careers/job/Royal-Victoria-Coll/Sous-Chef_JR0000081254
1641,https://mcgill.wd3.myworkdayjobs.com/mcgill_careers/job/Sherbrooke-680/Student-Affairs-Manager_JR0000080871
1641,https://mcgill.wd3.myworkdayjobs.com/mcgill_careers/job/Bishop-Mountain-Hall/Cook_JR0000081274
1641,https://mcgill.wd3.myworkdayjobs.com/mcgill_careers/job/Bishop-Mountain-Hall/General-Helper-C_JR0000081257-1
1641,https://mcgill.wd3.myworkdayjobs.com/mcgill_careers/job/Bishop-Mountain-Hall/Service-Person-C_JR0000081270
1641,https://mcgill.wd3.myworkdayjobs.com/mcgill_careers/job/McGill-College-2001/Faculty-Lecturer-General-Dentistry_JR0000080781
1641,https://mcgill.wd3.myworkdayjobs.com/mcgill_careers/job/Macdonald-Eng-Bldg/Course-Lecturer--Winter-2027--MECH-546---Finite-Element-Methods-in-Solid-Mechanics_JR0000080943
1641,https://mcgill.wd3.myworkdayjobs.com/mcgill_careers/job/Macdonald-Eng-Bldg/Course-Lecturer--Winter-2027--MECH-539----Computational-Aerodynamics_JR0000080935
1641,https://mcgill.wd3.myworkdayjobs.com/mcgill_careers/job/Macdonald-Eng-Bldg/Course-Lecturer--Winter-2027--MECH-532---Aircraft-Performance--Stability-and-Control_JR0000080928
1641,https://mcgill.wd3.myworkdayjobs.com/mcgill_careers/job/Macdonald-Eng-Bldg/Course-Lecturer--Winter-2027--MECH-513---Control-Systems_JR0000080835
1641,https://mcgill.wd3.myworkdayjobs.com/mcgill_careers/job/Macdonald-Eng-Bldg/Course-Lecturer---Winter-2027----MECH-346-Heat-Transfer_JR0000080834
1641,https://mcgill.wd3.myworkdayjobs.com/mcgill_careers/job/Raymond-Building/Course-Lecturer---NUTR-343_JR0000081116
1641,https://mcgill.wd3.myworkdayjobs.com/mcgill_careers/job/Macdonald-Eng-Bldg/Course-Lecturer-MECH-289--Winter-2027----Design-Graphics--Section-II--Civil-Engineering-section-_JR0000080832
1641,https://mcgill.wd3.myworkdayjobs.com/mcgill_careers/job/Macdonald-Eng-Bldg/Course-Lecturer--MECH-289--Winter-2027-----Design-Graphics--Section-I--Civil-Engineering-section-_JR0000080827-1
1641,https://mcgill.wd3.myworkdayjobs.com/mcgill_careers/job/Bronfman-Building/Teaching-Assistant---MGSC-372_JR0000081279
1641,https://mcgill.wd3.myworkdayjobs.com/mcgill_careers/job/Stewart-Biology-Bldg/Research-Assistant-2_JR0000080584
1641,https://mcgill.wd3.myworkdayjobs.com/mcgill_careers/job/McLennan-Library/Open-House-Student-Ambassador_JR0000081266
1641,https://mcgill.wd3.myworkdayjobs.com/mcgill_careers/job/Strathcona-Music/Audio-Visual-Assistant-C--Digital-Composition-Studios-_JR0000081224
1641,https://mcgill.wd3.myworkdayjobs.com/mcgill_careers/job/Bronfman-Building/Faculty-Position-in-Information-Systems---Ranked-Contract-Academic-Staff--CAS---Desautels-Faculty-of-Management--McGill-University_JR0000080822
1641,https://mcgill.wd3.myworkdayjobs.com/mcgill_careers/job/James-Admin-Bldg/Assistant-Vice-President--Research-Strategy-and-Services_JR0000081050
1641,https://mcgill.wd3.myworkdayjobs.com/mcgill_careers/job/Macdonald-Eng-Bldg/Course-Lecturer---CIVE-207---Solid-Mechanics---section-1_JR0000081313
1641,https://mcgill.wd3.myworkdayjobs.com/mcgill_careers/job/Macdonald-Eng-Bldg/Course-Lecturer---CIVE-418-Design-Project_JR0000081331
1641,https://mcgill.wd3.myworkdayjobs.com/mcgill_careers/job/Macdonald-Eng-Bldg/Course-Lecturer---CIVE-432-Technical-Paper_JR0000081336
1641,https://mcgill.wd3.myworkdayjobs.com/mcgill_careers/job/Macdonald-Eng-Bldg/Course-Lecturer---CIVE-207---Solid-Mechanics---section-5_JR0000081348
1641,https://mcgill.wd3.myworkdayjobs.com/mcgill_careers/job/Macdonald-Eng-Bldg/Course-Lecturer---CIVE-612-Earthquake-Resistant-Design_JR0000081346
1641,https://mcgill.wd3.myworkdayjobs.com/mcgill_careers/job/Macdonald-Eng-Bldg/Course-Lecturer---CIVE-202-Construction-Materials_JR0000081380-1
1641,https://mcgill.wd3.myworkdayjobs.com/mcgill_careers/job/Macdonald-Eng-Bldg/Course-Lecturer---CIVE-418-Design-Project-1_JR0000081351
1641,https://mcgill.wd3.myworkdayjobs.com/mcgill_careers/job/Macdonald-Eng-Bldg/Course-Lecturer---CIVE-302-Probabilistic-Systems_JR0000081622
1641,https://mcgill.wd3.myworkdayjobs.com/mcgill_careers/job/McGill-College-2001/Postdoctoral-Researcher_JR0000081624
1641,https://mcgill.wd3.myworkdayjobs.com/mcgill_careers/job/Wong-Building/Course-Lecturer--CHEE384--Materials-Engineering-_JR0000081618
1641,https://mcgill.wd3.myworkdayjobs.com/mcgill_careers/job/McIntyre--Medical/Teaching-Assistant--Winter-2027----Advanced-Strategies-in-Genetics---Genomics---BIOC-600_JR0000081586
1641,https://mcgill.wd3.myworkdayjobs.com/mcgill_careers/job/LODS-Research-Centre/Lab-Helper-B_JR0000081595
1641,https://mcgill.wd3.myworkdayjobs.com/mcgill_careers/job/McIntyre--Medical/Teaching-Assistant--Winter-2027----RNA-in-Diseases-and-Therapeutics---BIOC-505_JR0000081355
1641,https://mcgill.wd3.myworkdayjobs.com/mcgill_careers/job/McIntyre--Medical/Teaching-Assistant--Winter-2027----Biochemistry-of-Immune-Diseases---BIOC-503_JR0000081572
1641,https://mcgill.wd3.myworkdayjobs.com/mcgill_careers/job/McConnell-Eng-Bldg/Course-Lecturer---ECSE-428--Winter-2027-_JR0000081515
1641,https://mcgill.wd3.myworkdayjobs.com/mcgill_careers/job/McConnell-Eng-Bldg/Course-Lecturer---ECSE-536--Winter-2027-_JR0000081519
1641,https://mcgill.wd3.myworkdayjobs.com/mcgill_careers/job/McIntyre--Medical/Teaching-Assistant--Winter-2027----Membranes-and-Cellular-Signaling---BIOC-458_JR0000081532
1641,https://mcgill.wd3.myworkdayjobs.com/mcgill_careers/job/McIntyre--Medical/Teaching-Assistant--Winter-2027----Biophysical-Methods-in-Biochemistry---BIOC-404_JR0000081384
1641,https://mcgill.wd3.myworkdayjobs.com/mcgill_careers/job/Raymond-Building/Course-Lecturer---MICR-450_JR0000081461
1641,https://mcgill.wd3.myworkdayjobs.com/mcgill_careers/job/McIntyre--Medical/Teaching-Assistant--Winter-2027----Biochemistry-of-Macromolecules---BIOC-312_JR0000081383
1641,https://mcgill.wd3.myworkdayjobs.com/mcgill_careers/job/McIntyre--Medical/Teaching-Assistant--Winter-2027----Written-Communication-in-Biomedical-Sciences---BIOC-301_JR0000081530
1641,https://mcgill.wd3.myworkdayjobs.com/mcgill_careers/job/McIntyre--Medical/Teaching-Assistant--Winter-2027----Laboratory-Methods-in-Biochemistry-and-Molecular-Biology-1---BIOC-220--Lab-_JR0000081382
1641,https://mcgill.wd3.myworkdayjobs.com/mcgill_careers/job/McIntyre--Medical/Teaching-Assistant--Winter-2027----Molecular-Mechanisms-of-Cell-Function---BIOC-212_JR0000081344
1641,https://mcgill.wd3.myworkdayjobs.com/mcgill_careers/job/Horticulture-Service/Field-Operations-Assistant_JR0000076382
1641,https://mcgill.wd3.myworkdayjobs.com/mcgill_careers/job/Day-ChancellorHall/Student-Office-Assistant-Assistant-e--administratif-ve--tudiant-e----CD---Law310_JR0000081592-1
1641,https://mcgill.wd3.myworkdayjobs.com/mcgill_careers/job/McConnell-Eng-Bldg/Course-Lecturer---ECSE-205--Winter-2027-_JR0000081521
1641,https://mcgill.wd3.myworkdayjobs.com/mcgill_careers/job/McConnell-Eng-Bldg/Course-Lecturer---ECSE-343--Winter-2027-_JR0000081517
1641,https://mcgill.wd3.myworkdayjobs.com/mcgill_careers/job/McConnell-Eng-Bldg/Course-Lecturer---ECSE-206--Winter-2027-_JR0000081522
1641,https://mcgill.wd3.myworkdayjobs.com/mcgill_careers/job/McIntyre--Medical/Teaching-Assistant-NSCI-400D2---Neuroscience-Seminar---Winter-2027_JR0000081585
1641,https://mcgill.wd3.myworkdayjobs.com/mcgill_careers/job/Montreal-Neuro/Clinical-Research-Coordinator_JR0000081453
1641,https://mcgill.wd3.myworkdayjobs.com/mcgill_careers/job/McIntyre--Medical/Teaching-Assistant---PHGY-560---Light-Microscopy-for-the-Life-Science---Winter-2027_JR0000081579
1641,https://mcgill.wd3.myworkdayjobs.com/mcgill_careers/job/Education-Building/Student-Research-Assistant_JR0000081082
1641,https://mcgill.wd3.myworkdayjobs.com/mcgill_careers/job/McIntyre--Medical/Teaching-Assistant---PHGY-351---Research-Techniques-in-Physiology---Winter-2027_JR0000081560
1641,https://mcgill.wd3.myworkdayjobs.com/mcgill_careers/job/Day-ChancellorHall/Research-Assistant-Assistant-de-recherche---VMF-SSHRC260_JR0000081543
1641,https://mcgill.wd3.myworkdayjobs.com/mcgill_careers/job/Centennial-Centre/Invigilator_JR0000081563
1641,https://mcgill.wd3.myworkdayjobs.com/mcgill_careers/job/McIntyre--Medical/Teaching-Assistant----PHGY-213---Introductory-Physiology-Lab-2---Winter-2027_JR0000081548
1641,https://mcgill.wd3.myworkdayjobs.com/mcgill_careers/job/Horticulture-Service/Field-Operation-Assistant-5_JR0000081387
1641,https://mcgill.wd3.myworkdayjobs.com/mcgill_careers/job/Sherbrooke-1010/Access-Services-Advisor_JR0000081612-1
1641,https://mcgill.wd3.myworkdayjobs.com/mcgill_careers/job/Strathcona-Music/Office-Assistant-A--Manager-Librarian---Beethoven-Orchestra-_JR0000081688
1641,https://mcgill.wd3.myworkdayjobs.com/mcgill_careers/job/Life-Sciences-Bldg-/Research-Technician_JR0000078998
1641,https://mcgill.wd3.myworkdayjobs.com/mcgill_careers/job/MeredithChasHouse/Secretary_JR0000081171
1641,https://mcgill.wd3.myworkdayjobs.com/mcgill_careers/job/Education-Building/Course-Lecturer-EDPI-309-ONLINE-ECP-W27_JR0000081696
1641,https://mcgill.wd3.myworkdayjobs.com/mcgill_careers/job/Various/Student-Research-Assistant_JR0000081671
1641,https://mcgill.wd3.myworkdayjobs.com/mcgill_careers/job/Education-Building/Course-Lecturer-EDPI-309-ECP-W27_JR0000081691
1641,https://mcgill.wd3.myworkdayjobs.com/mcgill_careers/job/Penfield-740/Assistant-Professor--Tenure-Track--in-Biosensing--Canada-Impact--Emerging-Leaders-Program--Department-of-Biomedical-Engineering--RL-L001829_JR0000081518
1641,https://mcgill.wd3.myworkdayjobs.com/mcgill_careers/job/Education-Building/Course-Lecturer-EDPT-204-ECP-W27_JR0000081687
1641,https://mcgill.wd3.myworkdayjobs.com/mcgill_careers/job/McGill-College-2001/Research-Assistant-2_JR0000081685
1641,https://mcgill.wd3.myworkdayjobs.com/mcgill_careers/job/Education-Building/Research-Assistant-2_JR0000081092
1641,https://mcgill.wd3.myworkdayjobs.com/mcgill_careers/job/Education-Building/Course-Lecturer-EDPI-441-ECP-W27_JR0000081683
1641,https://mcgill.wd3.myworkdayjobs.com/mcgill_careers/job/Sherbrooke-680/Course-Lecturers---Department-of-Languages--Literatures--and-Cultures---Winter-2027_JR0000080694
1641,https://mcgill.wd3.myworkdayjobs.com/mcgill_careers/job/Strathcona-AnatDent/Undergraduate-Course-Assistant-ISON_JR0000081658-1
1641,https://mcgill.wd3.myworkdayjobs.com/mcgill_careers/job/Education-Building/Course-Lecturer-EDPI-442-ECP-W27_JR0000081682
1641,https://mcgill.wd3.myworkdayjobs.com/mcgill_careers/job/Education-Building/Course-Lecturer-EDEE-223-003-DISE-W27_JR0000081205
1641,https://mcgill.wd3.myworkdayjobs.com/mcgill_careers/job/Education-Building/Course-Lecturer-EDEE-223-004-005-DISE-W27_JR0000081207
1641,https://mcgill.wd3.myworkdayjobs.com/mcgill_careers/job/Education-Building/Course-Lecturer-EDEC-405-003-DISE-W27_JR0000081194-1
1641,https://mcgill.wd3.myworkdayjobs.com/mcgill_careers/job/Education-Building/Course-Lecturer-EDEC-405-002-DISE-W27_JR0000081191
1641,https://mcgill.wd3.myworkdayjobs.com/mcgill_careers/job/Education-Building/Course-Lecturer-EDEC-404-002-DISE-W27_JR0000081175
1641,https://mcgill.wd3.myworkdayjobs.com/mcgill_careers/job/Education-Building/Course-Lecturer-EDEC-404-003-DISE-W27_JR0000081178
1641,https://mcgill.wd3.myworkdayjobs.com/mcgill_careers/job/Education-Building/Course-Lecturer-EDEC-301-001-DISE-W27_JR0000081174
1641,https://mcgill.wd3.myworkdayjobs.com/mcgill_careers/job/Education-Building/Course-Lecturer-EDEC-262-002-003-DISE-W27_JR0000081172
1641,https://mcgill.wd3.myworkdayjobs.com/mcgill_careers/job/Education-Building/Course-Lecturer-EDEC-249-003-004-DISE-W27_JR0000081167
1641,https://mcgill.wd3.myworkdayjobs.com/mcgill_careers/job/Education-Building/Course-Lecturer-EDEC-262-001-DISE-W27_JR0000081168
1641,https://mcgill.wd3.myworkdayjobs.com/mcgill_careers/job/Education-Building/Course-Lecturer-EDEC-249-001-002-DISE-W27_JR0000081164
1641,https://mcgill.wd3.myworkdayjobs.com/mcgill_careers/job/Macdonald-Eng-Bldg/Research-Assistant-2_JR0000081072-1
1641,https://mcgill.wd3.myworkdayjobs.com/mcgill_careers/job/Education-Building/Course-Lecturer-EDEC-247-001-EDTL-607-002-DISE-W27_JR0000081155
1641,https://mcgill.wd3.myworkdayjobs.com/mcgill_careers/job/Education-Building/Course-Lecturer-EDEC-233-001-002-DISE-W27_JR0000081150
1641,https://mcgill.wd3.myworkdayjobs.com/mcgill_careers/job/Education-Building/Course-Lecturer-EDEC-233-003-004-DISE-W27_JR0000081154
1641,https://mcgill.wd3.myworkdayjobs.com/mcgill_careers/job/Education-Building/Course-Lecturer-EDEC-221-003-004-DISE-W27_JR0000081149
1641,https://mcgill.wd3.myworkdayjobs.com/mcgill_careers/job/Education-Building/Course-Lecturer-EDEC-203-002-DISE-W27_JR0000081144
1641,https://mcgill.wd3.myworkdayjobs.com/mcgill_careers/job/Education-Building/Course-Lecturer-EDEC-221-001-002-DISE-W27_JR0000081147
1641,https://mcgill.wd3.myworkdayjobs.com/mcgill_careers/job/Education-Building/Course-Lecturer-EDEA-496-001-DISE-W27_JR0000081137
1641,https://mcgill.wd3.myworkdayjobs.com/mcgill_careers/job/Education-Building/Course-Lecturer-EDEC-203-001-DISE-W27_JR0000081142
1641,https://mcgill.wd3.myworkdayjobs.com/mcgill_careers/job/Education-Building/Course-Lecturer-EDEA-472-001-DISE-W27_JR0000081136
1641,https://mcgill.wd3.myworkdayjobs.com/mcgill_careers/job/Education-Building/Course-Lecturer-EDEA-345-001-DISE-W27_JR0000081117
1641,https://mcgill.wd3.myworkdayjobs.com/mcgill_careers/job/Education-Building/Course-Lecturer-EDEA-407-001-EDEC-404-001-DISE-W27_JR0000081127
1641,https://mcgill.wd3.myworkdayjobs.com/mcgill_careers/job/Education-Building/Course-Lecturer-EDEA-241-001-DISE-W27_JR0000081107
1641,https://mcgill.wd3.myworkdayjobs.com/mcgill_careers/job/Education-Building/Course-Lecturer-EDEA-342-001-DISE-W27_JR0000081110-1
1641,https://mcgill.wd3.myworkdayjobs.com/mcgill_careers/job/Education-Building/Course-Lecturer-EDEA-205-001-DISE-W27_JR0000081102
1641,https://mcgill.wd3.myworkdayjobs.com/mcgill_careers/job/Education-Building/Course-Lecturer-EDEA-204-002-DISE-W27_JR0000081655
1641,https://mcgill.wd3.myworkdayjobs.com/mcgill_careers/job/Education-Building/Course-Lecturer-EDEA-204-001-DISE-W27_JR0000081095
1641,https://mcgill.wd3.myworkdayjobs.com/mcgill_careers/job/Education-Building/Course-Lecturer-EDER-600-001-002-DISE-W27_JR0000081300
1641,https://mcgill.wd3.myworkdayjobs.com/mcgill_careers/job/Education-Building/Course-Lecturer-EDER-372-001-DISE-W27_JR0000081292
1641,https://mcgill.wd3.myworkdayjobs.com/mcgill_careers/job/Education-Building/Course-Lecturer-EDER-360-002-DISE-W27_JR0000081291
1641,https://mcgill.wd3.myworkdayjobs.com/mcgill_careers/job/Education-Building/Course-Lecturer-EDER-360-001-DISE-W27_JR0000081289
1641,https://mcgill.wd3.myworkdayjobs.com/mcgill_careers/job/Education-Building/Course-Lecturer-EDPE-682-ECP-W27_JR0000081678
1641,https://mcgill.wd3.myworkdayjobs.com/mcgill_careers/job/Education-Building/Course-Lecturer-EDEM-671-030-DISE-W27_JR0000081281
1641,https://mcgill.wd3.myworkdayjobs.com/mcgill_careers/job/Various/Course-Lecturer-EDEC-300-716-OFNIE-F26_JR0000081335-1
1641,https://mcgill.wd3.myworkdayjobs.com/mcgill_careers/job/Education-Building/Course-Lecturer-EDEM-646-025-DISE-W27_JR0000081278
1641,https://mcgill.wd3.myworkdayjobs.com/mcgill_careers/job/Life-Sciences-Bldg-/Research-Associate_JR0000081673
1641,https://mcgill.wd3.myworkdayjobs.com/mcgill_careers/job/Education-Building/Course-Lecturer-EDEM-637-001-DISE-W27_JR0000081273-1
1641,https://mcgill.wd3.myworkdayjobs.com/mcgill_careers/job/Education-Building/Course-Lecturer-EDEE-332-003-DISE-W27_JR0000081269
1641,https://mcgill.wd3.myworkdayjobs.com/mcgill_careers/job/Education-Building/Course-Lecturer-EDEE-332-004-DISE-W27_JR0000081271
1641,https://mcgill.wd3.myworkdayjobs.com/mcgill_careers/job/Education-Building/Course-Lecturer-EDEE-283-004-DISE-W27_JR0000081268-1
1641,https://mcgill.wd3.myworkdayjobs.com/mcgill_careers/job/Education-Building/Course-Lecturer-EDEE-283-003-DISE-W27_JR0000081264
1641,https://mcgill.wd3.myworkdayjobs.com/mcgill_careers/job/Education-Building/Course-Lecturer-EDEE-273-004-DISE-W27_JR0000081262
1641,https://mcgill.wd3.myworkdayjobs.com/mcgill_careers/job/Education-Building/Course-Lecturer-EDEE-273-003-DISE-W27_JR0000081260
1641,https://mcgill.wd3.myworkdayjobs.com/mcgill_careers/job/Education-Building/Course-Lecturer-EDEE-273-002-DISE-W27_JR0000081255
1641,https://mcgill.wd3.myworkdayjobs.com/mcgill_careers/job/Morrice-Hall/Grader---Arabic-Language-Courses---Winter-2027_JR0000080695-1
1641,https://mcgill.wd3.myworkdayjobs.com/mcgill_careers/job/Education-Building/Course-Lecturer-EDEE-260-004-DISE-W27_JR0000081252
1641,https://mcgill.wd3.myworkdayjobs.com/mcgill_careers/job/Education-Building/Course-Lecturer-EDEE-260-003-DISE-W27_JR0000081250
1641,https://mcgill.wd3.myworkdayjobs.com/mcgill_careers/job/Education-Building/Course-Lecturer-EDEE-260-002-DISE-W27_JR0000081248
1641,https://mcgill.wd3.myworkdayjobs.com/mcgill_careers/job/Education-Building/Course-Lecturer-EDEE-253-004-DISE-W27_JR0000081218
1641,https://mcgill.wd3.myworkdayjobs.com/mcgill_careers/job/Education-Building/Course-Lecturer---EDEE-253-001-DISE-W27_JR0000081212
1641,https://mcgill.wd3.myworkdayjobs.com/mcgill_careers/job/Arts-Building/ARTH-209---Course-Lecturer---Winter-2027_JR0000081333
1641,https://mcgill.wd3.myworkdayjobs.com/mcgill_careers/job/Education-Building/Course-Lecturer-EDEE-223-002-DISE-W27_JR0000081203
1641,https://mcgill.wd3.myworkdayjobs.com/mcgill_careers/job/Education-Building/Course-Lecturer-EDEE-223-001-DISE-W27_JR0000081199-1
1641,https://mcgill.wd3.myworkdayjobs.com/mcgill_careers/job/Education-Building/Course-Lecturer-EDEC-635-001-DISE-W27_JR0000081197
1641,https://mcgill.wd3.myworkdayjobs.com/mcgill_careers/job/Education-Building/Course-Lecturer-EDEC-405-004-DISE-W27_JR0000081195
1641,https://mcgill.wd3.myworkdayjobs.com/mcgill_careers/job/Bronfman-Building/Course-Lecturer--MGCR-331-006-_JR0000080183
1641,https://mcgill.wd3.myworkdayjobs.com/mcgill_careers/job/Education-Building/Course-Lecturer-EDES-304-001-DISE-W27_JR0000081365
1641,https://mcgill.wd3.myworkdayjobs.com/mcgill_careers/job/Education-Building/Course-Lecturer-EDER-649-001-DISE-W27_JR0000081363
1641,https://mcgill.wd3.myworkdayjobs.com/mcgill_careers/job/Education-Building/Course-Lecturer-EDES-334-001-DISE-W27_JR0000081368
1641,https://mcgill.wd3.myworkdayjobs.com/mcgill_careers/job/McGill-College-2001/Course-Lecturer--GPHL-300----Department-of-Global-and-Public-Health---Winter-2027_JR0000080990
1641,https://mcgill.wd3.myworkdayjobs.com/mcgill_careers/job/McGill-College-2001/Course-Lecturer--EPIB-675----Department-of-Epidemiology--Biostatistics---Occupational-Health---Winter-2027_JR0000081001
1641,https://mcgill.wd3.myworkdayjobs.com/mcgill_careers/job/McGill-College-2001/Course-Lecturer--PPHS-613----Department-of-Epidemiology--Biostatistics---Occupational-Health---Winter-2027_JR0000080998
1641,https://mcgill.wd3.myworkdayjobs.com/mcgill_careers/job/McConnell-Eng-Bldg/Course-Lecturer---ECSE-251--Winter-2027-_JR0000081628
1641,https://mcgill.wd3.myworkdayjobs.com/mcgill_careers/job/Education-Building/Course-Lecturer-EDES-435-001-DISE-W27_JR0000081401-1
1641,https://mcgill.wd3.myworkdayjobs.com/mcgill_careers/job/Bronfman-Building/Course-Lecturer--MSUS-401-035-_JR0000080955
1641,https://mcgill.wd3.myworkdayjobs.com/mcgill_careers/job/Education-Building/Course-Lecturer-EDSL-330-001-DISE-W27_JR0000081431
1641,https://mcgill.wd3.myworkdayjobs.com/mcgill_careers/job/Bronfman-Building/Course-Lecturer--MGPO-460-001-_JR0000080932
1641,https://mcgill.wd3.myworkdayjobs.com/mcgill_careers/job/Bronfman-Building/Course-Lecturer--MGCR-423-002-_JR0000080892
1641,https://mcgill.wd3.myworkdayjobs.com/mcgill_careers/job/Bronfman-Building/Course-Lecturer--MGCR-250-009-_JR0000080881
1641,https://mcgill.wd3.myworkdayjobs.com/mcgill_careers/job/Bronfman-Building/Course-Lecturer--MGCR-250-008-_JR0000080854-1
1641,https://mcgill.wd3.myworkdayjobs.com/mcgill_careers/job/Education-Building/Course-Lecturer-EDER-639-001-DISE-W27_JR0000081353
1641,https://mcgill.wd3.myworkdayjobs.com/mcgill_careers/job/Education-Building/Course-Lecturer-EDES-353-001-002-DISE-W27_JR0000081392
1641,https://mcgill.wd3.myworkdayjobs.com/mcgill_careers/job/Education-Building/Course-Lecturer-EDER-609-001-DISE-W27_JR0000081350
1641,https://mcgill.wd3.myworkdayjobs.com/mcgill_careers/job/Strathcona-Music/Course-Lecturer-Positions--1504----Department-of-Performance---Winter-2027_JR0000080187-1
1641,https://mcgill.wd3.myworkdayjobs.com/mcgill_careers/job/Education-Building/Course-Lecturer-EDER-607-001-DISE-W27_JR0000081323
1641,https://mcgill.wd3.myworkdayjobs.com/mcgill_careers/job/Arts-Building/ENGL----Course-Lecturer---Winter-2027_JR0000081529-1
1641,https://mcgill.wd3.myworkdayjobs.com/mcgill_careers/job/Strathcona-Music/Course-Lecturer-Positions--1504----Department-of-Music-Research---Winter-2027_JR0000080185-1
1641,https://mcgill.wd3.myworkdayjobs.com/mcgill_careers/job/Education-Building/Course-Lecturer-EDES-361-001-DISE-W27_JR0000081396
1641,https://mcgill.wd3.myworkdayjobs.com/mcgill_careers/job/Education-Building/Course-Lecturer-EDES-361-002-DISE-W27_JR0000081397
1641,https://mcgill.wd3.myworkdayjobs.com/mcgill_careers/job/Bronfman-Building/Course-Lecturer--MGCR-250-007-_JR0000080825
1641,https://mcgill.wd3.myworkdayjobs.com/mcgill_careers/job/Education-Building/Course-Lecturer-EDES-434-001-DISE-W27_JR0000081398
1641,https://mcgill.wd3.myworkdayjobs.com/mcgill_careers/job/Education-Building/Course-Lecturer-EDES-453-001-DISE-W27_JR0000081404
1641,https://mcgill.wd3.myworkdayjobs.com/mcgill_careers/job/Bronfman-Building/Course-Lecturer--MGCR-250-006-_JR0000080815
1641,https://mcgill.wd3.myworkdayjobs.com/mcgill_careers/job/Education-Building/Course-Lecturer-EDES-461-001-DISE-W27_JR0000081406-1
1641,https://mcgill.wd3.myworkdayjobs.com/mcgill_careers/job/Bronfman-Building/Course-Lecturer--MGCR-250-005-_JR0000080795
1641,https://mcgill.wd3.myworkdayjobs.com/mcgill_careers/job/Education-Building/Course-Lecturer-EDPS-620-099-EDPS-622-002-DISE-W27_JR0000081417
1641,https://mcgill.wd3.myworkdayjobs.com/mcgill_careers/job/Education-Building/Course-Lecturer-EDPS-622-001-DISE-W27_JR0000081419
1641,https://mcgill.wd3.myworkdayjobs.com/mcgill_careers/job/Education-Building/Course-Lecturer-EDSL-215-001-DISE-W27_JR0000081423
1641,https://mcgill.wd3.myworkdayjobs.com/mcgill_careers/job/Education-Building/Course-Lecturer-EDSL-332-001-DISE-W27_JR0000081443
1641,https://mcgill.wd3.myworkdayjobs.com/mcgill_careers/job/Education-Building/Course-Lecturer-EDSL-412-001-DISE-W27_JR0000081462-1
1641,https://mcgill.wd3.myworkdayjobs.com/mcgill_careers/job/Education-Building/Course-Lecturer-EDSL-620-001-DISE-W27_JR0000081463
1641,https://mcgill.wd3.myworkdayjobs.com/mcgill_careers/job/McGill-College-2001/Field-Studies-and-Internship-Officer_JR0000081448
1641,https://mcgill.wd3.myworkdayjobs.com/mcgill_careers/job/Education-Building/Course-Lecturer-EDSL-640-001-DISE-W27_JR0000081466
1641,https://mcgill.wd3.myworkdayjobs.com/mcgill_careers/job/Redpath-Library/Documentation-Technician_JR0000081593
1641,https://mcgill.wd3.myworkdayjobs.com/mcgill_careers/job/McIntyre--Medical/Animal-Attendant_JR0000081477
1641,https://mcgill.wd3.myworkdayjobs.com/mcgill_careers/job/McIntyre--Medical/Animal-Attendant_JR0000081480
1641,https://mcgill.wd3.myworkdayjobs.com/mcgill_careers/job/Stewart-Biology-Bldg/Course-Lecturer-ENVR-202-Winter_JR0000081338
1641,https://mcgill.wd3.myworkdayjobs.com/mcgill_careers/job/Sherbrooke-680/Service-Center-Representative_JR0000081502-1
1641,https://mcgill.wd3.myworkdayjobs.com/mcgill_careers/job/Education-Building/Course-Lecturer-EDSL-651-001-DISE-W27_JR0000081471-1
1641,https://mcgill.wd3.myworkdayjobs.com/mcgill_careers/job/Bronfman-Building/Course-Lecturer--MGCR-250-004-_JR0000080791
1641,https://mcgill.wd3.myworkdayjobs.com/mcgill_careers/job/Education-Building/Course-Lecturer-EDTL-525-001-002-DISE-W27_JR0000081475
1641,https://mcgill.wd3.myworkdayjobs.com/mcgill_careers/job/Davis-House/MCLIU-Course-Lecturers-and-Instructors-in-SPOT--School-of-Physical-and-Occupational-Therapy----Winter-2027_JR0000081465
1641,https://mcgill.wd3.myworkdayjobs.com/mcgill_careers/job/Bronfman-Building/Course-Lecturer--MGCR-250-003-_JR0000080758
1641,https://mcgill.wd3.myworkdayjobs.com/mcgill_careers/job/Bronfman-Building/Course-Lecturer--MGCR-250-002-_JR0000080732
1641,https://mcgill.wd3.myworkdayjobs.com/mcgill_careers/job/Education-Building/Course-Lecturer-EDTL-628-001-DISE-W27_JR0000081485
1641,https://mcgill.wd3.myworkdayjobs.com/mcgill_careers/job/Bronfman-Building/Course-Lecturer--MGCR-250-001-_JR0000080708
1641,https://mcgill.wd3.myworkdayjobs.com/mcgill_careers/job/Education-Building/Course-Lecturer-EDTL-634-001-EDTL-612-001-DISE-W27_JR0000081489
1641,https://mcgill.wd3.myworkdayjobs.com/mcgill_careers/job/Bronfman-Building/Course-Lecturer-MGSC-690-025_JR0000080648
1641,https://mcgill.wd3.myworkdayjobs.com/mcgill_careers/job/Education-Building/Course-Lecturer-EDTL-626-001-DISE-W27_JR0000081479
1641,https://mcgill.wd3.myworkdayjobs.com/mcgill_careers/job/Bronfman-Building/Course-Lecturer--MGSC-403-001-_JR0000080619
1641,https://mcgill.wd3.myworkdayjobs.com/mcgill_careers/job/Bronfman-Building/Course-Lecturer--MGSC-401-001-_JR0000080602
1641,https://mcgill.wd3.myworkdayjobs.com/mcgill_careers/job/Bronfman-Building/Course-Lecturer--MGSC-373-001-_JR0000080578
1641,https://mcgill.wd3.myworkdayjobs.com/mcgill_careers/job/Education-Building/Course-Lecturer-EDTL-636-001-DISE-W27_JR0000081493
1641,https://mcgill.wd3.myworkdayjobs.com/mcgill_careers/job/Bronfman-Building/Course-Lecturer--MGCR-372-005-_JR0000080572
1641,https://mcgill.wd3.myworkdayjobs.com/mcgill_careers/job/Ferrier-Building/Course-Lecturer-INDG-400_JR0000081663
1641,https://mcgill.wd3.myworkdayjobs.com/mcgill_careers/job/Sherbrooke-680/Ingram-School-of-Nursing--Course-Lecturer---Instructor--Winter-2027-_JR0000080957
1641,https://mcgill.wd3.myworkdayjobs.com/mcgill_careers/job/Bronfman-Building/Course-Lecturer--MGCR-372-004-_JR0000080563
1641,https://mcgill.wd3.myworkdayjobs.com/mcgill_careers/job/Sherbrooke-680/Ingram-School-of-Nursing--Nurse-Practitioner-Program-Winter-2027-Postings_JR0000081151
1641,https://mcgill.wd3.myworkdayjobs.com/mcgill_careers/job/Bronfman-Building/Course-Lecturer--MGCR-372-003-_JR0000080555-1
1641,https://mcgill.wd3.myworkdayjobs.com/mcgill_careers/job/Ferrier-Building/Course-Lecturer-303_JR0000081662
1641,https://mcgill.wd3.myworkdayjobs.com/mcgill_careers/job/Sherbrooke-680/Ingram-School-of-Nursing---Clinical-Instructors---Clinical-Facilitators--Winter-2027-_JR0000081546
1641,https://mcgill.wd3.myworkdayjobs.com/mcgill_careers/job/McIntyre--Medical/Course-Lecturer---Physiology---PHGY560---Light-Microscopy-for-the-Life-Sciences_JR0000081457
1641,https://mcgill.wd3.myworkdayjobs.com/mcgill_careers/job/Bronfman-Building/Course-Lecturer--MGCR-271-004-_JR0000080540
1641,https://mcgill.wd3.myworkdayjobs.com/mcgill_careers/job/Ferrier-Building/Course-Lecturer-INDG-300_JR0000081661
1641,https://mcgill.wd3.myworkdayjobs.com/mcgill_careers/job/Life-Sciences-Bldg-/Postdoctoral-Researcher--Dr-Brown-s-Lab-_JR0000081576
1641,https://mcgill.wd3.myworkdayjobs.com/mcgill_careers/job/Bronfman-Building/Course-Lecturer--MGCR-271-003-_JR0000080525
1641,https://mcgill.wd3.myworkdayjobs.com/mcgill_careers/job/Bronfman-Building/Course-Lecturer--MGCR-271-002-_JR0000080474
1641,https://mcgill.wd3.myworkdayjobs.com/mcgill_careers/job/Bronfman-Building/Course-Lecturer--ORGB-661-076-_JR0000081395
1641,https://mcgill.wd3.myworkdayjobs.com/mcgill_careers/job/Bronfman-Building/Course-Lecturer--ORGB-661-075-_JR0000081370
1641,https://mcgill.wd3.myworkdayjobs.com/mcgill_careers/job/Bronfman-Building/Course-Lecturer--ORGB-421-001-_JR0000080445
1641,https://mcgill.wd3.myworkdayjobs.com/mcgill_careers/job/Bronfman-Building/Course-Lecturer--MGCR-222-002-_JR0000080424
1641,https://mcgill.wd3.myworkdayjobs.com/mcgill_careers/job/Ferrier-Building/Course-Lecturer-INDG-202_JR0000081659-1
1641,https://mcgill.wd3.myworkdayjobs.com/mcgill_careers/job/Leacock-Building/Assistant-Professor_JR0000081141
1641,https://mcgill.wd3.myworkdayjobs.com/mcgill_careers/job/Bronfman-Building/Course-Lecturer--MRKT-652-025-_JR0000080402
1641,https://mcgill.wd3.myworkdayjobs.com/mcgill_careers/job/Bronfman-Building/Course-Lecturer--MRKT-452-001-_JR0000080358
1641,https://mcgill.wd3.myworkdayjobs.com/mcgill_careers/job/Bronfman-Building/Course-Lecturer--MRKT-365-001-_JR0000080350
1641,https://mcgill.wd3.myworkdayjobs.com/mcgill_careers/job/Bronfman-Building/Course-Lecturer--MRKT-357-001-_JR0000080337
1641,https://mcgill.wd3.myworkdayjobs.com/mcgill_careers/job/Bronfman-Building/Course-Lecturer--MRKT-354-001-_JR0000080334
1641,https://mcgill.wd3.myworkdayjobs.com/mcgill_careers/job/Bronfman-Building/Course-Lecturer--MGCR-352-007-_JR0000080328
1641,https://mcgill.wd3.myworkdayjobs.com/mcgill_careers/job/Bronfman-Building/Course-Lecturer--MGCR-352-006-_JR0000080326
1641,https://mcgill.wd3.myworkdayjobs.com/mcgill_careers/job/Bronfman-Building/Course-Lecturer--MGCR-352-005-_JR0000080322
1641,https://mcgill.wd3.myworkdayjobs.com/mcgill_careers/job/Bronfman-Building/Course-Lecturer--MGCR-352-003-_JR0000080311
1641,https://mcgill.wd3.myworkdayjobs.com/mcgill_careers/job/Macdonald-Eng-Bldg/Course-Lecturer-BIOL305_JR0000080857
1641,https://mcgill.wd3.myworkdayjobs.com/mcgill_careers/job/Ferrier-Building/Course-Lecturer-QCST-440_JR0000081656
1641,https://mcgill.wd3.myworkdayjobs.com/mcgill_careers/job/Bronfman-Building/Course-Lecturer-BUSA-430-001_JR0000080285
1641,https://mcgill.wd3.myworkdayjobs.com/mcgill_careers/job/Bronfman-Building/Course-Lecturer--BUSA-391-001-_JR0000080106
1641,https://mcgill.wd3.myworkdayjobs.com/mcgill_careers/job/Bronfman-Building/Course-Lecturer-INSY-697-076_JR0000080174
1641,https://mcgill.wd3.myworkdayjobs.com/mcgill_careers/job/Bronfman-Building/Course-Lecturer-INSY-697-075_JR0000080151
1641,https://mcgill.wd3.myworkdayjobs.com/mcgill_careers/job/Bronfman-Building/Course-Lecturer--FINE-632-025-_JR0000080968
1641,https://mcgill.wd3.myworkdayjobs.com/mcgill_careers/job/Bronfman-Building/Course-Lecturer--FINE-482-003-_JR0000080097
1641,https://mcgill.wd3.myworkdayjobs.com/mcgill_careers/job/Bronfman-Building/Course-Lecturer--FINE-456-001-_JR0000080086
1641,https://mcgill.wd3.myworkdayjobs.com/mcgill_careers/job/Bronfman-Building/Course-Lecturer--FINE-446-001-_JR0000080070
1641,https://mcgill.wd3.myworkdayjobs.com/mcgill_careers/job/Day-ChancellorHall/ASPL-614---LAW---Winter-2027_JR0000081491
1641,https://mcgill.wd3.myworkdayjobs.com/mcgill_careers/job/Day-ChancellorHall/ASPL-639---LAW---Winter-2027_JR0000081408
1641,https://mcgill.wd3.myworkdayjobs.com/mcgill_careers/job/Day-ChancellorHall/BUS2-504---LAW---Winter-2027_JR0000081644
1641,https://mcgill.wd3.myworkdayjobs.com/mcgill_careers/job/Day-ChancellorHall/BUS2-561---LAW---Winter-2027_JR0000081494-1
1641,https://mcgill.wd3.myworkdayjobs.com/mcgill_careers/job/Arts-Building/CEF--FRSL----Charges-de-cours---Hiver-2027_JR0000081133
1641,https://mcgill.wd3.myworkdayjobs.com/mcgill_careers/job/Day-ChancellorHall/CMPL-504---LAW---Winter-2027_JR0000081625
1641,https://mcgill.wd3.myworkdayjobs.com/mcgill_careers/job/Day-ChancellorHall/CMPL-513---LAW---Winter-2027_JR0000081432
1641,https://mcgill.wd3.myworkdayjobs.com/mcgill_careers/job/Day-ChancellorHall/CMPL-524---LAW---Winter-2027_JR0000081427-1
1641,https://mcgill.wd3.myworkdayjobs.com/mcgill_careers/job/Day-ChancellorHall/CMPL-571---LAW---Winter-2027_JR0000081629
1641,https://mcgill.wd3.myworkdayjobs.com/mcgill_careers/job/Adams-Building/Course-Lecturer---Child-Development--PSYC-304-_JR0000081074
1641,https://mcgill.wd3.myworkdayjobs.com/mcgill_careers/job/McIntyre--Medical/Course-Lecturer---Hormones-and-Behaviour--PSYC-342-_JR0000081080
1641,https://mcgill.wd3.myworkdayjobs.com/mcgill_careers/job/Rutherford-Physics/Course-Lecturer---Physics---PHYS-432---Physics-of-Fluids_JR0000081283
1641,https://mcgill.wd3.myworkdayjobs.com/mcgill_careers/job/Rutherford-Physics/Course-Lecturer---Physics---PHYS-559-Advanced-Statistical-Mechanics_JR0000081211
1641,https://mcgill.wd3.myworkdayjobs.com/mcgill_careers/job/Birks-Building/Course-Lecturer---RELG-353--Gandhi--His-Life---Thought---Winter-2027_JR0000081035-1
1641,https://mcgill.wd3.myworkdayjobs.com/mcgill_careers/job/Birks-Building/Course-Lecturer---RELG-390-D2--Elementary-Biblical-Hebrew---Winter-2027_JR0000081031-1
1641,https://mcgill.wd3.myworkdayjobs.com/mcgill_careers/job/Peel-3661/Course-Lecturer---School-of-Information-Studies---Winter-2027_JR0000080649-1
1641,https://mcgill.wd3.myworkdayjobs.com/mcgill_careers/job/Leacock-Building/Course-Lecturer-ANTH-209--Anthropology-of-Religion_JR0000081196-1
1641,https://mcgill.wd3.myworkdayjobs.com/mcgill_careers/job/Leacock-Building/Course-Lecturer-ANTH-222--Legal-Anthropology_JR0000081219
1641,https://mcgill.wd3.myworkdayjobs.com/mcgill_careers/job/Leacock-Building/Course-Lecturer-ANTH-318--Globalization-and-Religion_JR0000081221
1641,https://mcgill.wd3.myworkdayjobs.com/mcgill_careers/job/Maass-Chemistry-Bldg/Course-Lecturer-ATOC-184_JR0000081552
1641,https://mcgill.wd3.myworkdayjobs.com/mcgill_careers/job/Burnside-Hall/Course-Lecturer-ATOC-357_JR0000081561
1641,https://mcgill.wd3.myworkdayjobs.com/mcgill_careers/job/Leacock-Building/Course-Lecturer-CLAS-230-D2--Introductory-Modern-Greek_JR0000081145
1641,https://mcgill.wd3.myworkdayjobs.com/mcgill_careers/job/Education-Building/Course-Lecturer-EDPC-504-ECP-W26_JR0000081647
1641,https://mcgill.wd3.myworkdayjobs.com/mcgill_careers/job/Education-Building/Course-Lecturer-EDPE-300-W27-ECP_JR0000081649
1641,https://mcgill.wd3.myworkdayjobs.com/mcgill_careers/job/Education-Building/Course-Lecturer-EDPE-304-ONLINE-ECP-W27_JR0000081650
1641,https://mcgill.wd3.myworkdayjobs.com/mcgill_careers/job/Education-Building/Course-Lecturer-EDPE-535-ECP-W27_JR0000081651
1641,https://mcgill.wd3.myworkdayjobs.com/mcgill_careers/job/Education-Building/Course-Lecturer-EDPE-670-ECP-W27_JR0000081653
1641,https://mcgill.wd3.myworkdayjobs.com/mcgill_careers/job/Adams-Building/Course-Lecturer-EPSC-355_JR0000081577-1
1641,https://mcgill.wd3.myworkdayjobs.com/mcgill_careers/job/Maass-Chemistry-Bldg/Course-Lecturer-ESYS-104_JR0000081570
1641,https://mcgill.wd3.myworkdayjobs.com/mcgill_careers/job/Raymond-Building/Course-Lecturer-FDSC-315--W27-_JR0000081514
1641,https://mcgill.wd3.myworkdayjobs.com/mcgill_careers/job/Raymond-Building/Course-Lecturer-FDSC-525--W27-_JR0000081525
1641,https://mcgill.wd3.myworkdayjobs.com/mcgill_careers/job/Harrison-House/Course-Lecturer-FMT4-023-Building-Management_JR0000081468
1641,https://mcgill.wd3.myworkdayjobs.com/mcgill_careers/job/Harrison-House/Course-Lecturer-FMTP-012-Machinery-Maintenance_JR0000081464
1641,https://mcgill.wd3.myworkdayjobs.com/mcgill_careers/job/Harrison-House/Course-Lecturer-FMTP-070--uvres-narratives-e-criture_JR0000081551
1641,https://mcgill.wd3.myworkdayjobs.com/mcgill_careers/job/Harrison-House/Course-Lecturer-FMTP-075-Langue-franaise-et-communication_JR0000081550
1641,https://mcgill.wd3.myworkdayjobs.com/mcgill_careers/job/Harrison-House/Course-Lecturer-FMTP-077-Intro-to-College-English--section-2-_JR0000081565
1641,https://mcgill.wd3.myworkdayjobs.com/mcgill_careers/job/Harrison-House/Course-Lecturer-FMTP-077-Introduction-to-College-English--secion-1-_JR0000081562
1641,https://mcgill.wd3.myworkdayjobs.com/mcgill_careers/job/Harrison-House/Course-Lecturer-FMTP-083-Literary-Themes_JR0000081545
1641,https://mcgill.wd3.myworkdayjobs.com/mcgill_careers/job/Harrison-House/Course-Lecturer-FMTP-085-Humanities-1--Knowledge_JR0000081555
1641,https://mcgill.wd3.myworkdayjobs.com/mcgill_careers/job/Harrison-House/Course-Lecturer-FMTP-087-Humanities-3--Env---Org-Issues_JR0000081559-1
1641,https://mcgill.wd3.myworkdayjobs.com/mcgill_careers/job/Harrison-House/Course-Lecturer-FMTP-091-Physical-Activity-and-Effectiveness_JR0000081568
1641,https://mcgill.wd3.myworkdayjobs.com/mcgill_careers/job/Harrison-House/Course-Lecturer-FMTP-092-Physical-Activity-and-Autonomy_JR0000081573
1641,https://mcgill.wd3.myworkdayjobs.com/mcgill_careers/job/Harrison-House/Course-Lecturer-FMTP-099-Cours-prparatoire-EUF_JR0000081574
1641,https://mcgill.wd3.myworkdayjobs.com/mcgill_careers/job/Burnside-Hall/Course-Lecturer-GEOG-325_JR0000081541
1641,https://mcgill.wd3.myworkdayjobs.com/mcgill_careers/job/McTavish-3610/Course-Lecturer-INTD-397_JR0000081606
1641,https://mcgill.wd3.myworkdayjobs.com/mcgill_careers/job/McTavish-3610/Course-Lecturer-INTD-398_JR0000081616
1641,https://mcgill.wd3.myworkdayjobs.com/mcgill_careers/job/McTavish-3610/Course-Lecturer-INTD-497_JR0000081620
1641,https://mcgill.wd3.myworkdayjobs.com/mcgill_careers/job/Leacock-Building/Course-Lecturer-JWST-220-D2--Introductory-Hebrew_JR0000080951-1
1641,https://mcgill.wd3.myworkdayjobs.com/mcgill_careers/job/Leacock-Building/Course-Lecturer-Jewish-Studies-282--Introductory-Yiddish-2_JR0000080962
1641,https://mcgill.wd3.myworkdayjobs.com/mcgill_careers/job/Leacock-Building/Course-Lecturer-Jewish-Studies-320-D2--Intermediate-Hebrew_JR0000080956
1641,https://mcgill.wd3.myworkdayjobs.com/mcgill_careers/job/Leacock-Building/Course-Lecturer-Jewish-Studies-330--Topics-in-the-Hebrew-Bible_JR0000080958
1641,https://mcgill.wd3.myworkdayjobs.com/mcgill_careers/job/Leacock-Building/Course-Lecturer-Jewish-Studies-350--Major-Jewish-Authors_JR0000080959
1641,https://mcgill.wd3.myworkdayjobs.com/mcgill_careers/job/Leacock-Building/Course-Lecturer-Jewish-Studies-381--God-and-Devil-in-Modern-Yiddish-Literature_JR0000080966
1641,https://mcgill.wd3.myworkdayjobs.com/mcgill_careers/job/Bronfman-Building/Course-Lecturer-RETL-402-085_JR0000080033
1641,https://mcgill.wd3.myworkdayjobs.com/mcgill_careers/job/Sherbrooke-550/Course-Lecturer-SWRK-326-Winter-2027_JR0000081472
1641,https://mcgill.wd3.myworkdayjobs.com/mcgill_careers/job/Sherbrooke-550/Course-Lecturer-SWRK-342-Winter-2026_JR0000081481
1641,https://mcgill.wd3.myworkdayjobs.com/mcgill_careers/job/Sherbrooke-550/Course-Lecturer-SWRK-527-Winter-2027_JR0000081499
1641,https://mcgill.wd3.myworkdayjobs.com/mcgill_careers/job/Sherbrooke-550/Course-Lecturer-SWRK-535-Winter-2027_JR0000081567
1641,https://mcgill.wd3.myworkdayjobs.com/mcgill_careers/job/Sherbrooke-550/Course-Lecturer-SWRK-610-Winter-2027_JR0000081575
1641,https://mcgill.wd3.myworkdayjobs.com/mcgill_careers/job/Sherbrooke-550/Course-Lecturer-SWRK-623-Winter-2027_JR0000081584
1641,https://mcgill.wd3.myworkdayjobs.com/mcgill_careers/job/Sherbrooke-550/Course-Lecturer-SWRK-630-Winter-2027_JR0000081589
1641,https://mcgill.wd3.myworkdayjobs.com/mcgill_careers/job/Various/Course-Lecturer-for---Anglais-Sant---program-by-Dialogue-McGill_JR0000081598
1641,https://mcgill.wd3.myworkdayjobs.com/mcgill_careers/job/Sherbrooke-680/Course-Lecturers---Department-of-East-Asian-Studies---Winter-2027_JR0000080497
1641,https://mcgill.wd3.myworkdayjobs.com/mcgill_careers/job/Penfield-1085/Course-Lecturers---Department-of-Linguistics---Winter-2027_JR0000080341
1641,https://mcgill.wd3.myworkdayjobs.com/mcgill_careers/job/Morrice-Hall/Course-Lecturers---Islamic-Studies---Winter-2027_JR0000080970-2
1641,https://mcgill.wd3.myworkdayjobs.com/mcgill_careers/job/Redpath-Library/Course-Lecturers---McGill-Writing-Centre---Winter-2027_JR0000080802
1641,https://mcgill.wd3.myworkdayjobs.com/mcgill_careers/job/Sherbrooke-550/Course-Lecturers-SWRK-344-Winter-2027_JR0000081441
1641,https://mcgill.wd3.myworkdayjobs.com/mcgill_careers/job/Sherbrooke-550/Course-Lecturers-SWRK-445-Winter-2027_JR0000081436
1641,https://mcgill.wd3.myworkdayjobs.com/mcgill_careers/job/Leacock-Building/Course-lecturer---ANTH-308_JR0000081369
1641,https://mcgill.wd3.myworkdayjobs.com/mcgill_careers/job/Leacock-Building/Course-lecturer---ANTH-322_JR0000081496-1
1641,https://mcgill.wd3.myworkdayjobs.com/mcgill_careers/job/Sherbrooke-550/Course-lecturer-SWRK-434-Winter-2027_JR0000081492
1641,https://mcgill.wd3.myworkdayjobs.com/mcgill_careers/job/Arts-Building/DLLF---Charge-de-cours---Hiver-2027_JR0000081386
1641,https://mcgill.wd3.myworkdayjobs.com/mcgill_careers/job/Arts-Building/ENGL-357---Course-Lecturer---Fall-2026_JR0000081361
1641,https://mcgill.wd3.myworkdayjobs.com/mcgill_careers/job/Harrison-House/FMTP-012-Machinery-Maintenance---welding-laboratory_JR0000081607
1641,https://mcgill.wd3.myworkdayjobs.com/mcgill_careers/job/Day-ChancellorHall/LAWG-100D2---LAW---Winter-2027_JR0000081379
1641,https://mcgill.wd3.myworkdayjobs.com/mcgill_careers/job/Day-ChancellorHall/LAWG-210---LAW---Winter-2027_JR0000081405
1641,https://mcgill.wd3.myworkdayjobs.com/mcgill_careers/job/Day-ChancellorHall/LAWG-210---LAW---Winter-2027_JR0000081640
1641,https://mcgill.wd3.myworkdayjobs.com/mcgill_careers/job/Day-ChancellorHall/LAWG-273---LAW---Winter-2027_JR0000081415
1641,https://mcgill.wd3.myworkdayjobs.com/mcgill_careers/job/Day-ChancellorHall/LAWG-415---LAW---Winter-2027_JR0000081630
1641,https://mcgill.wd3.myworkdayjobs.com/mcgill_careers/job/Day-ChancellorHall/LAWG-426---LAW---Winter-2027_JR0000081507
1641,https://mcgill.wd3.myworkdayjobs.com/mcgill_careers/job/Day-ChancellorHall/LAWG-517---LAW---Winter-2027_JR0000081643
1641,https://mcgill.wd3.myworkdayjobs.com/mcgill_careers/job/Day-ChancellorHall/LAWG-520---LAW---Winter-2027_JR0000081428
1641,https://mcgill.wd3.myworkdayjobs.com/mcgill_careers/job/Day-ChancellorHall/LAWG-530---LAW---Winter-2027_JR0000081516
1641,https://mcgill.wd3.myworkdayjobs.com/mcgill_careers/job/Day-ChancellorHall/LAWG-531---LAW---Winter-2027_JR0000081483
1641,https://mcgill.wd3.myworkdayjobs.com/mcgill_careers/job/Day-ChancellorHall/LAWG-537---LAW---Winter-2027_JR0000081533
1641,https://mcgill.wd3.myworkdayjobs.com/mcgill_careers/job/Day-ChancellorHall/LAWG-538---LAW---Winter-2027_JR0000081414
1641,https://mcgill.wd3.myworkdayjobs.com/mcgill_careers/job/Day-ChancellorHall/LAWG-561---LAW---Winter-2027_JR0000081424
1641,https://mcgill.wd3.myworkdayjobs.com/mcgill_careers/job/Day-ChancellorHall/LAWG-602---LAW---Winter-2027_JR0000081378
1641,https://mcgill.wd3.myworkdayjobs.com/mcgill_careers/job/Various/MCLIU-Instructor---Speech-Language-Pathologist--SCSD--2026-2027_JR0000077282
1641,https://mcgill.wd3.myworkdayjobs.com/mcgill_careers/job/Day-ChancellorHall/PROC-124---LAW---Winter-2027_JR0000081531
1641,https://mcgill.wd3.myworkdayjobs.com/mcgill_careers/job/Day-ChancellorHall/PRV5-483---LAW---Winter-2027_JR0000081504
1641,https://mcgill.wd3.myworkdayjobs.com/mcgill_careers/job/Day-ChancellorHall/PUB2-101D2---LAW---Winter-2027_JR0000081440
1641,https://mcgill.wd3.myworkdayjobs.com/mcgill_careers/job/Day-ChancellorHall/PUB2-400---LAW---Winter-2027_JR0000081511
1641,https://mcgill.wd3.myworkdayjobs.com/mcgill_careers/job/Day-ChancellorHall/PUB2-401---LAW---Winter-2027_JR0000081501
1641,https://mcgill.wd3.myworkdayjobs.com/mcgill_careers/job/Day-ChancellorHall/PUB2-500---LAW---Winter-2027_JR0000081498
1641,https://mcgill.wd3.myworkdayjobs.com/mcgill_careers/job/McGill-College-2001/School-of-Communications-Sciences-and-Disorders-Course-Lecturers---Instructors--Winter-2027-_JR0000080315
1641,https://mcgill.wd3.myworkdayjobs.com/mcgill_careers/job/McConnell-Eng-Bldg/School-of-Computer-Science-Course-Lecturer-COMP-189---50--Winter-2027_JR0000080528
1641,https://mcgill.wd3.myworkdayjobs.com/mcgill_careers/job/McConnell-Eng-Bldg/School-of-Computer-Science-Course-Lecturer-COMP-204-Winter-2027_JR0000080514
1641,https://mcgill.wd3.myworkdayjobs.com/mcgill_careers/job/McConnell-Eng-Bldg/School-of-Computer-Science-Course-Lecturer-COMP-208--001-Winter-2027_JR0000080516
1641,https://mcgill.wd3.myworkdayjobs.com/mcgill_careers/job/McConnell-Eng-Bldg/School-of-Computer-Science-Course-Lecturer-COMP-208--002-Winter-2027_JR0000080518
1641,https://mcgill.wd3.myworkdayjobs.com/mcgill_careers/job/McConnell-Eng-Bldg/School-of-Computer-Science-Course-Lecturer-COMP-273---50--Winter-2027_JR0000080535
1641,https://mcgill.wd3.myworkdayjobs.com/mcgill_careers/job/McConnell-Eng-Bldg/School-of-Computer-Science-Course-Lecturer-COMP-310-Winter-2027_JR0000080538
1641,https://mcgill.wd3.myworkdayjobs.com/mcgill_careers/job/McConnell-Eng-Bldg/School-of-Computer-Science-Course-Lecturer-COMP-322-Winter-2027_JR0000080520
1641,https://mcgill.wd3.myworkdayjobs.com/mcgill_careers/job/McConnell-Eng-Bldg/School-of-Computer-Science-Course-Lecturer-COMP-345-Winter-2027_JR0000080551-1
1641,https://mcgill.wd3.myworkdayjobs.com/mcgill_careers/job/McConnell-Eng-Bldg/School-of-Computer-Science-Course-Lecturer-COMP-579---50--Winter-2027_JR0000080524
1641,https://mcgill.wd3.myworkdayjobs.com/mcgill_careers/job/McConnell-Eng-Bldg/School-of-Computer-Science-Course-Lecturer-COMP-597---50--Winter-2027_JR0000080550
1641,https://mcgill.wd3.myworkdayjobs.com/mcgill_careers/job/McConnell-Eng-Bldg/Course-Lecturer---ECSE-325--Winter-2027-_JR0000081645
1641,https://mcgill.wd3.myworkdayjobs.com/mcgill_careers/job/Various/Course-Lecturer---EXMD-505_JR0000081596
1641,https://mcgill.wd3.myworkdayjobs.com/mcgill_careers/job/Wong-Building/Course-Lecturer---MIME-341-Introduction-to-Mineral-Processing--Laboratory-Section----Winter-2027_JR0000081627
1641,https://mcgill.wd3.myworkdayjobs.com/mcgill_careers/job/Education-Building/Communications-Assistant---Web-Design_JR0000081455
1641,https://mcgill.wd3.myworkdayjobs.com/mcgill_careers/job/Macdonald-Eng-Bldg/Research-Assistant-2_JR0000081588
1641,https://mcgill.wd3.myworkdayjobs.com/mcgill_careers/job/Bronfman-Building/Teaching-Assistant---ORGB-661_JR0000081831
1641,https://mcgill.wd3.myworkdayjobs.com/mcgill_careers/job/Sherbrooke-550/Course-Lecturer-CAFT-604-Winter-2027_JR0000081823
1641,https://mcgill.wd3.myworkdayjobs.com/mcgill_careers/job/Sherbrooke-680/PPOL-638-Managing-Principled-Trade-offs-in-International-Public-Policy_JR0000081789
1641,https://mcgill.wd3.myworkdayjobs.com/mcgill_careers/job/McGill-College-2001/Teaching-Assistant---HGEN-663--Beyond-the-Human-Genome-Winter-2027_JR0000081774
1641,https://mcgill.wd3.myworkdayjobs.com/mcgill_careers/job/Leacock-Building/Teaching-Assistant---HGEN-661--Population-Genetics-Winter-2027_JR0000081772
1641,https://mcgill.wd3.myworkdayjobs.com/mcgill_careers/job/Cattle-Complex/Animal-Care-Assistant-B_JR0000081549
1641,https://mcgill.wd3.myworkdayjobs.com/mcgill_careers/job/Hugessen-House/Teaching-Assistant---HGEN-400--Genetics-in-Medicine-Winter-2027_JR0000081761-1
1641,https://mcgill.wd3.myworkdayjobs.com/mcgill_careers/job/Purvis-Hall/CHAIR-OF-THE-MCGILL-UNIVERSITY-DEPARTMENT-OF-EPIDEMIOLOGY--BIOSTATISTICS--AND-OCCUPATIONAL-HEALTH_JR0000081540
1641,https://mcgill.wd3.myworkdayjobs.com/mcgill_careers/job/McIntyre--Medical/Animal-Attendant_JR0000081482
1641,https://mcgill.wd3.myworkdayjobs.com/mcgill_careers/job/McIntyre--Medical/Animal-Attendant_JR0000081488
1641,https://mcgill.wd3.myworkdayjobs.com/mcgill_careers/job/Stewart-Biology-Bldg/Research-Assistant-2_JR0000081138
1641,https://mcgill.wd3.myworkdayjobs.com/mcgill_careers/job/5858-Cote-des-Neiges/Research-Assistant-2_JR0000081679
1641,https://mcgill.wd3.myworkdayjobs.com/mcgill_careers/job/Bronfman-Building/Grader---MGCR-352--Dennis-Sakalauskas-_JR0000081737
1641,https://mcgill.wd3.myworkdayjobs.com/mcgill_careers/job/Burnside-Hall/Research-associate_JR0000081590
1641,https://mcgill.wd3.myworkdayjobs.com/mcgill_careers/job/Life-Sciences-Bldg-/Research-Associate_JR0000081705-1
1641,https://mcgill.wd3.myworkdayjobs.com/mcgill_careers/job/Currie-Gymnasium/Course-Lecturer-EDKP-350-004_JR0000081528
1641,https://mcgill.wd3.myworkdayjobs.com/mcgill_careers/job/Currie-Gymnasium/Course-Lecturer-EDKP-350-003_JR0000081527
1641,https://mcgill.wd3.myworkdayjobs.com/mcgill_careers/job/Currie-Gymnasium/Course-Lecturer-EDKP-350-002_JR0000081526
1641,https://mcgill.wd3.myworkdayjobs.com/mcgill_careers/job/Currie-Gymnasium/Course-Lecturer-EDKP-350-001_JR0000081523
1641,https://mcgill.wd3.myworkdayjobs.com/mcgill_careers/job/Currie-Gymnasium/Course-Lecturer-EDKP-302-402-KPE-W27_JR0000081372
1641,https://mcgill.wd3.myworkdayjobs.com/mcgill_careers/job/Currie-Gymnasium/Course-Lecturer---EDKP-208-KPE-W27_JR0000081362
