school_id,post_link
1858,https://ntu.wd3.myworkdayjobs.com/Careers/job/NTU-Main-Campus-Singapore/Senior-Assistant-Director--Chinese-Executive-Education-Partnerships_R00026000
1858,https://ntu.wd3.myworkdayjobs.com/Careers/job/NTU-Main-Campus-Singapore/Manager--Administrative-Support_R00025932
1858,https://ntu.wd3.myworkdayjobs.com/Careers/job/NTU-Main-Campus-Singapore/Manager--Research-Grant-Administration_R00023326
1858,https://ntu.wd3.myworkdayjobs.com/Careers/job/NTU-Main-Campus-Singapore/Senior-Assistant-Manager--EdTech-Enablement_R00025863
1858,https://ntu.wd3.myworkdayjobs.com/Careers/job/NTU-Main-Campus-Singapore/Senior-Assistant-Manager--Research-Grant-Administration_R00023325
1858,https://ntu.wd3.myworkdayjobs.com/Careers/job/NTU-Main-Campus-Singapore/Senior-Assistant-Manager-Assistant-Manager--Research-Support-_R00025244
1858,https://ntu.wd3.myworkdayjobs.com/Careers/job/NTU-Main-Campus-Singapore/Technical-Specialist--Laboratory-Management_R00025467
1858,https://ntu.wd3.myworkdayjobs.com/Careers/job/NTU-Main-Campus-Singapore/Senior-Executive--Faculty-Ops-and-Support_R00025941
1858,https://ntu.wd3.myworkdayjobs.com/Careers/job/NTU-Main-Campus-Singapore/Manager--Research-Programme-Management-_R00025812
1858,https://ntu.wd3.myworkdayjobs.com/Careers/job/NTU-Main-Campus-Singapore/Senior-Executive---Assistant-Manager--Grant-Administration_R00025886
1858,https://ntu.wd3.myworkdayjobs.com/Careers/job/NTU-Main-Campus-Singapore/Senior-Executive-Assistant-Manager--MSc-Programme_R00025779
1858,https://ntu.wd3.myworkdayjobs.com/Careers/job/NTU-Main-Campus-Singapore/Assistant-Manager--Research-and-Partnership_R00025770
1858,https://ntu.wd3.myworkdayjobs.com/Careers/job/NTU-Main-Campus-Singapore/Senior-Executive--Assistant-Manager--Research-Administration---Grants-Support--Administrative-Support-_R00023595
1858,https://ntu.wd3.myworkdayjobs.com/Careers/job/NTU-Main-Campus-Singapore/Content---Web-Management-Specialist_R00025671
1858,https://ntu.wd3.myworkdayjobs.com/Careers/job/NTU-Main-Campus-Singapore/Executive---Senior-Executive--Teaching-Lab_R00025231
1858,https://ntu.wd3.myworkdayjobs.com/Careers/job/NTU-Main-Campus-Singapore/Senior-Executive--Admin-Support_R00025193
1858,https://ntu.wd3.myworkdayjobs.com/Careers/job/NTU-Main-Campus-Singapore/Assistant-Manager--Administrative-Support_R00025728
1858,https://ntu.wd3.myworkdayjobs.com/Careers/job/NTU-Main-Campus-Singapore/Assistant-Manager--Grant-Management-_R00024908
1858,https://ntu.wd3.myworkdayjobs.com/Careers/job/NTU-Main-Campus-Singapore/Assistant-Manager--Student-Experience-and-Vibrancy_R00025385
1858,https://ntu.wd3.myworkdayjobs.com/Careers/job/NTU-Main-Campus-Singapore/Assistant-Manager--Research---Centre-Support_R00024815
1858,https://ntu.wd3.myworkdayjobs.com/Careers/job/NTU-Main-Campus-Singapore/Assistant-Manager--Semester-Exchange-Programme--Inbound-_R00024218
1858,https://ntu.wd3.myworkdayjobs.com/Careers/job/NTU-Main-Campus-Singapore/Research-Assistant--Science-of-Learning-in-Education-Centre---NIE-_R00025997-1
1858,https://ntu.wd3.myworkdayjobs.com/Careers/job/NTU-Main-Campus-Singapore/Deputy-Director--Administrations_R00024217
1858,https://ntu.wd3.myworkdayjobs.com/Careers/job/NTU-Main-Campus-Singapore/Research-Fellow--Environmental-Sciences-_R00025991
1858,https://ntu.wd3.myworkdayjobs.com/Careers/job/NTU-Main-Campus-Singapore/Senior-Assistant-Director--IT-Applications-Support_R00025992
1858,https://ntu.wd3.myworkdayjobs.com/Careers/job/NTU-Main-Campus-Singapore/Senior-Assistant-Manager--M-E-Facilities-Management_R00025735
1858,https://ntu.wd3.myworkdayjobs.com/Careers/job/NTU-Main-Campus-Singapore/Research-Fellow--Physical-Education---Sports-Science-Department---NIE-_R00024836
1858,https://ntu.wd3.myworkdayjobs.com/Careers/job/CleanTech-One/Research-Fellow--Solid-Waste-Valorization-_R00025981
1858,https://ntu.wd3.myworkdayjobs.com/Careers/job/NTU-Main-Campus-Singapore/Research-Fellow--Energy-Storage-for-SG-Grid-_R00025990
1858,https://ntu.wd3.myworkdayjobs.com/Careers/job/NTU-Main-Campus-Singapore/Executive---Public--International-and-Alumni-Relations--PIAR---NIE-_R00025971
1858,https://ntu.wd3.myworkdayjobs.com/Careers/job/NTU-Main-Campus-Singapore/Assistant-Manager--Research-Data-and-Analytics_R00025987-1
1858,https://ntu.wd3.myworkdayjobs.com/Careers/job/NTU-Main-Campus-Singapore/AI-Engineer--AIEH-_R00025989
1858,https://ntu.wd3.myworkdayjobs.com/Careers/job/NTU-Main-Campus-Singapore/Part-Time-Lecturer-in-School-of-Mechanical-and-Aerospace-Engineering_R00025988
1858,https://ntu.wd3.myworkdayjobs.com/Careers/job/NTU-Main-Campus-Singapore/Senior-Executive---Executive--Finance-Department---NIE-_R00023103
1858,https://ntu.wd3.myworkdayjobs.com/Careers/job/NTU-Main-Campus-Singapore/Counsellor_R00025258
1858,https://ntu.wd3.myworkdayjobs.com/Careers/job/NTU-Main-Campus-Singapore/Part-Time-Lecturer-in-PhD-Programme--CV7003-Engineering-Mathematics-and-Machine-Learning--CEE-_R00025986
1858,https://ntu.wd3.myworkdayjobs.com/Careers/job/NTU-Main-Campus-Singapore/Senior-Assistant-Director--Employer-Engagement_R00025984
1858,https://ntu.wd3.myworkdayjobs.com/Careers/job/NTU-Main-Campus-Singapore/Senior-Assistant-Manager-Manager-Outreach--Admissions---Scholarships_R00025985
1858,https://ntu.wd3.myworkdayjobs.com/Careers/job/NTU-Main-Campus-Singapore/Research-Associate--Plasma-Physics-for-Fusion-Energy-_R00025976
1858,https://ntu.wd3.myworkdayjobs.com/Careers/job/NTU-Main-Campus-Singapore/Senior-Executive-Executive--Finance-Department---NIE-_R00025272
1858,https://ntu.wd3.myworkdayjobs.com/Careers/job/NTU-Main-Campus-Singapore/Research-Fellow--Topological-Polaritons-_R00025904
1858,https://ntu.wd3.myworkdayjobs.com/Careers/job/NTU-Main-Campus-Singapore/Part-Time-Lecturer-in-German-Language--SoH-_R00025980-1
1858,https://ntu.wd3.myworkdayjobs.com/Careers/job/NTU-Main-Campus-Singapore/Senior-Executive--Assessment_R00025473
1858,https://ntu.wd3.myworkdayjobs.com/Careers/job/NTU-Main-Campus-Singapore/Research-Associate--Organic-Chemistry-Biomedical-Engineering-Materials-Science-_R00025975
1858,https://ntu.wd3.myworkdayjobs.com/Careers/job/NTU-Main-Campus-Singapore/Senior-Executive--Curriculum-Planning-and-Operations_R00025977
1858,https://ntu.wd3.myworkdayjobs.com/Careers/job/NTU-Main-Campus-Singapore/Manager--Finance--AISG-_R00023794
1858,https://ntu.wd3.myworkdayjobs.com/Careers/job/NTU-Novena-Campus-Singapore/Assistant-Director-Senior-Assistant-Director--Procurement-Operations_R00025854
1858,https://ntu.wd3.myworkdayjobs.com/Careers/job/NTU-Main-Campus-Singapore/Assistant-Manager--Automation-Developer_R00025974
1858,https://ntu.wd3.myworkdayjobs.com/Careers/job/NTUOne-North-Campus-Singapore/Deputy-Director--Commercial-Leasing_R00025972
1858,https://ntu.wd3.myworkdayjobs.com/Careers/job/NTU-Novena-Campus-Singapore/Research-Assistant--LKCMedicine-_R00025973-1
1858,https://ntu.wd3.myworkdayjobs.com/Careers/job/NTU-Main-Campus-Singapore/Technical-Specialist--Natural-Sciences-and-Science-Education-Department---NIE-_R00025810
1858,https://ntu.wd3.myworkdayjobs.com/Careers/job/NTU-Main-Campus-Singapore/Research-Associate-Research-Fellow--Plant-Biotechnology-and-Biochemistry-_R00023889
1858,https://ntu.wd3.myworkdayjobs.com/Careers/job/NTU-Main-Campus-Singapore/Part-Time-Lecturers--TEUP---NIE-_R00025962
1858,https://ntu.wd3.myworkdayjobs.com/Careers/job/NTU-Main-Campus-Singapore/Assistant-Manager--Faculty-Appointments_R00025795
1858,https://ntu.wd3.myworkdayjobs.com/Careers/job/NTU-Main-Campus-Singapore/Senior-Executive---Assistant-Manager--Student-Care---Pastoral-Support_R00025643
1858,https://ntu.wd3.myworkdayjobs.com/Careers/job/NTU-Main-Campus-Singapore/Senior-Assistant-Manager--Faculty-Affairs_R00025192
1858,https://ntu.wd3.myworkdayjobs.com/Careers/job/NTU-Main-Campus-Singapore/Research-Fellow--Materials-Science--Chemical-Engineering--Physics-_R00020448
1858,https://ntu.wd3.myworkdayjobs.com/Careers/job/NTU-Main-Campus-Singapore/Research-Fellow--Materials-Science--Chemical-Engineering--Physics-_R00020450
1858,https://ntu.wd3.myworkdayjobs.com/Careers/job/NTU-Main-Campus-Singapore/Research-Fellow--Civil-Engineering-Ocean-Engineering-_R00025969-1
1858,https://ntu.wd3.myworkdayjobs.com/Careers/job/NTU-Main-Campus-Singapore/Research-Fellow--Quantum-Materials-Physics-_R00025968
1858,https://ntu.wd3.myworkdayjobs.com/Careers/job/NTU-Main-Campus-Singapore/Part-Time-Lecturers--PCL---NIE-_R00025800
1858,https://ntu.wd3.myworkdayjobs.com/Careers/job/NTU-Main-Campus-Singapore/Part-Time-Lecturers--ALC---NIE-_R00025954-1
1858,https://ntu.wd3.myworkdayjobs.com/Careers/job/NTU-Main-Campus-Singapore/Part-Time-Lecturers--ELL---NIE-_R00025955
1858,https://ntu.wd3.myworkdayjobs.com/Careers/job/NTU-Main-Campus-Singapore/Part-Time-Lecturers--HSSE---NIE-_R00025956
1858,https://ntu.wd3.myworkdayjobs.com/Careers/job/NTU-Main-Campus-Singapore/Part-Time-Lecturers--LSA---NIE-_R00025957
1858,https://ntu.wd3.myworkdayjobs.com/Careers/job/NTU-Main-Campus-Singapore/Part-Time-Lecturers--GPL---NIE-_R00025964
1858,https://ntu.wd3.myworkdayjobs.com/Careers/job/NTU-Main-Campus-Singapore/Part-Time-Lecturers--MME---NIE-_R00025958
1858,https://ntu.wd3.myworkdayjobs.com/Careers/job/NTU-Main-Campus-Singapore/Part-Time-Lecturers--NSSE---NIE-_R00025959
1858,https://ntu.wd3.myworkdayjobs.com/Careers/job/NTU-Main-Campus-Singapore/Part-Time-Lecturers--PESS---NIE-_R00025960
1858,https://ntu.wd3.myworkdayjobs.com/Careers/job/NTU-Main-Campus-Singapore/Research-Assistant-Project-Officer--Animal-Movement-Ecology-_R00025967
1858,https://ntu.wd3.myworkdayjobs.com/Careers/job/NTU-Main-Campus-Singapore/Guest-Service-Officer--NEC-_R00025243
1858,https://ntu.wd3.myworkdayjobs.com/Careers/job/NTU-Main-Campus-Singapore/IT-Manager--NEC---Hospitality-Systems-_R00025002
1858,https://ntu.wd3.myworkdayjobs.com/Careers/job/NTU-Main-Campus-Singapore/Sales-Manager--Nanyang-Executive-Centre--Hospitality-_R00025366
1858,https://ntu.wd3.myworkdayjobs.com/Careers/job/NTU-Main-Campus-Singapore/Housekeeping-Manager--Nanyang-Executive-Centre--Hospitality-_R00025647
1858,https://ntu.wd3.myworkdayjobs.com/Careers/job/NTU-Main-Campus-Singapore/Research-Fellow--Integrated-Assessment-Modeling-_R00025966
1858,https://ntu.wd3.myworkdayjobs.com/Careers/job/NTU-Main-Campus-Singapore/Part-Time-Lecturer-in-Biomedical-Sciences-and-BioBusiness--SBS-_R00025965
1858,https://ntu.wd3.myworkdayjobs.com/Careers/job/NTU-Main-Campus-Singapore/Manager--Learning-Innovations--Centre-for-Innovation-in-Learning---NIE-_R00024614
1858,https://ntu.wd3.myworkdayjobs.com/Careers/job/NTU-Main-Campus-Singapore/Senior-Assistant-Manager---Deputy-Cluster-Lead--cum-Hall-Office-Lead-_R00025689-1
1858,https://ntu.wd3.myworkdayjobs.com/Careers/job/NTU-Main-Campus-Singapore/Unit-Head--Human-Resource-and-Finance--Office-for-Research--NIE-_R00025650
1858,https://ntu.wd3.myworkdayjobs.com/Careers/job/NTU-Main-Campus-Singapore/Part-Time-Lecturers--PCHD---NIE-_R00025961
1858,https://ntu.wd3.myworkdayjobs.com/Careers/job/NTU-Main-Campus-Singapore/Part-Time-Lecturers--VPA---NIE-_R00025963
1858,https://ntu.wd3.myworkdayjobs.com/Careers/job/NTU-Main-Campus-Singapore/Executive--Finance-Department---NIE-_R00022754
1858,https://ntu.wd3.myworkdayjobs.com/Careers/job/NTU-Main-Campus-Singapore/Assistant-Manager--Transition---Integration_R00025087
1858,https://ntu.wd3.myworkdayjobs.com/Careers/job/NTU-Main-Campus-Singapore/Senior-Executive--Administrative-Support_R00024956
1858,https://ntu.wd3.myworkdayjobs.com/Careers/job/NTU-Main-Campus-Singapore/Senior-Assistant-Manager--Examination_R00024107
1858,https://ntu.wd3.myworkdayjobs.com/Careers/job/NTU-Main-Campus-Singapore/Assistant-Manager--Entrepreneurship-Development-Programme_R00025330
1858,https://ntu.wd3.myworkdayjobs.com/Careers/job/NTU-Main-Campus-Singapore/Senior-Assistant-Manager--Experiential-Learning_R00024848
1858,https://ntu.wd3.myworkdayjobs.com/Careers/job/NTU-Main-Campus-Singapore/Community-Immersion-Programme---Data-Coordinator_R00025758
1858,https://ntu.wd3.myworkdayjobs.com/Careers/job/NTU-Main-Campus-Singapore/Manager--NBS-Global-Leaders_R00025874
1858,https://ntu.wd3.myworkdayjobs.com/Careers/job/NTU-Main-Campus-Singapore/Deputy-Director--Programme-Lead--GEMBA_R00025578
1858,https://ntu.wd3.myworkdayjobs.com/Careers/job/NTU-Main-Campus-Singapore/Manager--Accreditation-_R00025604-1
1858,https://ntu.wd3.myworkdayjobs.com/Careers/job/NTU-Main-Campus-Singapore/Manager--Graduate-Career-Development_R00025622
1858,https://ntu.wd3.myworkdayjobs.com/Careers/job/NTU-Main-Campus-Singapore/Senior-Assistant-Director--Public-Programmes_R00025528
1858,https://ntu.wd3.myworkdayjobs.com/Careers/job/NTU-Main-Campus-Singapore/Senior-Assistant-Manager--Marketing--Recruitment---Admissions-_R00025458
1858,https://ntu.wd3.myworkdayjobs.com/Careers/job/NTU-Main-Campus-Singapore/Director--Centre-for-African-Studies_R00025418
1858,https://ntu.wd3.myworkdayjobs.com/Careers/job/NTU-Main-Campus-Singapore/Senior-Assistant-Director--Graduate-Career-Development_R00025115
1858,https://ntu.wd3.myworkdayjobs.com/Careers/job/NTU-Main-Campus-Singapore/Assistant-Manager--Master-of-Science--MSc--Game-Design-Art-and-Technology--GDAT--_R00024991
1858,https://ntu.wd3.myworkdayjobs.com/Careers/job/NTU-Main-Campus-Singapore/Project-Manager--Science--Engineering--Business-Administration--Public-Administration-_R00025949
1858,https://ntu.wd3.myworkdayjobs.com/Careers/job/NTU-Main-Campus-Singapore/Manager--Web-Projects-and-Digital-Experience_R00025828
1858,https://ntu.wd3.myworkdayjobs.com/Careers/job/NTU-Main-Campus-Singapore/General-Manager--NEC_R00025475
1858,https://ntu.wd3.myworkdayjobs.com/Careers/job/NTU-Main-Campus-Singapore/Director--Office-of-Commercial-and-Auxiliary-Services_R00024439
1858,https://ntu.wd3.myworkdayjobs.com/Careers/job/NTU-Main-Campus-Singapore/Executive---Senior-Executive--One-stop_R00022043
1858,https://ntu.wd3.myworkdayjobs.com/Careers/job/NTU-Main-Campus-Singapore/Senior-Executive--Assistant-Manager--Procurement_R00025290
1858,https://ntu.wd3.myworkdayjobs.com/Careers/job/NTU-Main-Campus-Singapore/Assistant-Manager--Strategic-Sourcing_R00022975
1858,https://ntu.wd3.myworkdayjobs.com/Careers/job/NTU-Main-Campus-Singapore/Senior-Executive--Purchasing_R00022040
1858,https://ntu.wd3.myworkdayjobs.com/Careers/job/NTU-Main-Campus-Singapore/Senior-Executive--Purchasing_R00022041
1858,https://ntu.wd3.myworkdayjobs.com/Careers/job/NTU-Main-Campus-Singapore/Lead--Finance--R2R-_R00024966
1858,https://ntu.wd3.myworkdayjobs.com/Careers/job/NTU-Main-Campus-Singapore/Manager--Student-Experience-and-Development_R00025450
1858,https://ntu.wd3.myworkdayjobs.com/Careers/job/NTU-Main-Campus-Singapore/Senior-Executive--Student-Administration_R00025400
1858,https://ntu.wd3.myworkdayjobs.com/Careers/job/NTU-Main-Campus-Singapore/Assistant-Director--Growth-Partnership--CRM-and-Insights_R00025451
1858,https://ntu.wd3.myworkdayjobs.com/Careers/job/NTU-Main-Campus-Singapore/Senior-Assistant-Manager--Learning-Governance---Process-Excellence_R00025753
1858,https://ntu.wd3.myworkdayjobs.com/Careers/job/NTU-Novena-Campus-Singapore/Research-Assistant--Digital-Health---Full-Stack-Developer--LKCMedicine-_R00025780
1858,https://ntu.wd3.myworkdayjobs.com/Careers/job/NTU-Main-Campus-Singapore/Senior-Executive--Research---Partnership_R00024732
1858,https://ntu.wd3.myworkdayjobs.com/Careers/job/NTU-Main-Campus-Singapore/Senior-Assistant-Manager--Research-Development_R00024733
1858,https://ntu.wd3.myworkdayjobs.com/Careers/job/NTU-Main-Campus-Singapore/Assistant-Director--Part-Time-Work-Study-Degree-Programmes_R00025136
1858,https://ntu.wd3.myworkdayjobs.com/Careers/job/NTU-Main-Campus-Singapore/Senior-Executive-Assistant-Manager--Outreach--Admissions---Scholarships_R00025946
1858,https://ntu.wd3.myworkdayjobs.com/Careers/job/NTU-Main-Campus-Singapore/Senior-Executive---Assistant-Manager--Programme-Operations-_R00025947-1
1858,https://ntu.wd3.myworkdayjobs.com/Careers/job/NTU-Main-Campus-Singapore/Assistant-Manager--Student-Administration_R00023159
1858,https://ntu.wd3.myworkdayjobs.com/Careers/job/NTU-Main-Campus-Singapore/Senior-Executive--Student-Administration_R00022893
1858,https://ntu.wd3.myworkdayjobs.com/Careers/job/NTU-Main-Campus-Singapore/Project-Officer--Safe-control-and-robotics-_R00025945
1858,https://ntu.wd3.myworkdayjobs.com/Careers/job/NTU-Main-Campus-Singapore/Research-Fellow--Computer-Science-Computer-Engineering-Electronics-Engineering-AI-Machine-Learning-_R00025948
1858,https://ntu.wd3.myworkdayjobs.com/Careers/job/NTU-Main-Campus-Singapore/Research-Fellow--Carbon-materials-enhanced-concrete-_R00023981
1858,https://ntu.wd3.myworkdayjobs.com/Careers/job/NTU-Main-Campus-Singapore/Research-Associate--Material-Science---Civil-Engineering---Chemical-Engineering-_R00024553
1858,https://ntu.wd3.myworkdayjobs.com/Careers/job/NTU-Main-Campus-Singapore/Assistant-Manager--Centre-Administration---Centre-for-Health--Culture--and-Society_R00025847
1858,https://ntu.wd3.myworkdayjobs.com/Careers/job/NTU-Main-Campus-Singapore/Manager--Corporate-Services_R00024691
1858,https://ntu.wd3.myworkdayjobs.com/Careers/job/NTU-Main-Campus-Singapore/Senior-Assistant-Manager--Academic-Learning_R00017784
1858,https://ntu.wd3.myworkdayjobs.com/Careers/job/NTU-Main-Campus-Singapore/Research-Fellow--Artificial-Intelligence-_R00025938-1
1858,https://ntu.wd3.myworkdayjobs.com/Careers/job/NTU-Novena-Campus-Singapore/Assistant-Manager--Research-Administration-and-Support-Services--LKCMedicine-_R00025935
1858,https://ntu.wd3.myworkdayjobs.com/Careers/job/NTU-Main-Campus-Singapore/Senior-Librarian--Academic-Engagement_R00025942
1858,https://ntu.wd3.myworkdayjobs.com/Careers/job/NTU-Main-Campus-Singapore/Research-Engineer-II--Trust-Technologies-_R00025936
1858,https://ntu.wd3.myworkdayjobs.com/Careers/job/NTU-Main-Campus-Singapore/Research-Fellow--Econometrics-and-Machine-Learning-_R00025939
1858,https://ntu.wd3.myworkdayjobs.com/Careers/job/NTU-Main-Campus-Singapore/Research-Engineer-I--AI-Evaluation--Trust-Technologies-_R00025937
1858,https://ntu.wd3.myworkdayjobs.com/Careers/job/NTU-Main-Campus-Singapore/Research-Associate--Micro-Electromechanical-Systems--MEMS--Development-_R00025940
1858,https://ntu.wd3.myworkdayjobs.com/Careers/job/NTU-Main-Campus-Singapore/Research-Fellow--Communication--Psychology--Sociology--Social-Science-_R00025933
1858,https://ntu.wd3.myworkdayjobs.com/Careers/job/NTU-Main-Campus-Singapore/Research-Fellow--Tropical-Ecosystem-Monitoring-and-Simulations-_R00025934
1858,https://ntu.wd3.myworkdayjobs.com/Careers/job/NTU-Main-Campus-Singapore/Pre-Doctoral-Research-Assistant---Research-Associate_R00025931
1858,https://ntu.wd3.myworkdayjobs.com/Careers/job/NTU-Main-Campus-Singapore/Assistant-Manager--Senior-Assistant-Manager--Alumni-Engagement_R00025830
1858,https://ntu.wd3.myworkdayjobs.com/Careers/job/NTU-Main-Campus-Singapore/Assistant-Head-Payroll--Finance-Department---NIE-_R00025159
1858,https://ntu.wd3.myworkdayjobs.com/Careers/job/NTU-Main-Campus-Singapore/Manager--Academic-Planning---Governance_R00025645
1858,https://ntu.wd3.myworkdayjobs.com/Careers/job/NTU-Main-Campus-Singapore/Senior-Assistant-Manager--EdTech-Solutions_R00025633
1858,https://ntu.wd3.myworkdayjobs.com/Careers/job/NTU-Main-Campus-Singapore/Senior-Executive--Administrative-Support_R00025524
1858,https://ntu.wd3.myworkdayjobs.com/Careers/job/NTU-Main-Campus-Singapore/Research-Associate---Research-Engineer-II--Robotics-and-Machine-Learning-_R00025927
1858,https://ntu.wd3.myworkdayjobs.com/Careers/job/NTU-Novena-Campus-Singapore/Assistant-Professor-of-Viral-Immunity--LKCMedicine-_R00025930-1
1858,https://ntu.wd3.myworkdayjobs.com/Careers/job/NTU-Main-Campus-Singapore/Sales-Executive--Nanyang-Executive-Centre--Hospitality-_R00025929
1858,https://ntu.wd3.myworkdayjobs.com/Careers/job/NTU-Main-Campus-Singapore/Research-Fellow--Humanoid-Locomotion-_R00025922-1
1858,https://ntu.wd3.myworkdayjobs.com/Careers/job/NTU-Main-Campus-Singapore/Assistant-Manager-Senior-Executive--Shared-Services-HR-Faculty_R00025925
1858,https://ntu.wd3.myworkdayjobs.com/Careers/job/NTU-Main-Campus-Singapore/Part-Time-Lecturer-in-English--SOH-_R00025920-1
1858,https://ntu.wd3.myworkdayjobs.com/Careers/job/NTU-Main-Campus-Singapore/Senior-Executive---Assistant-Manager---Lab-Operations-and-Tech-support_R00025642
1858,https://ntu.wd3.myworkdayjobs.com/Careers/job/NTU-Main-Campus-Singapore/Senior-Executive--Chemical-Store_R00025619
1858,https://ntu.wd3.myworkdayjobs.com/Careers/job/NTU-Main-Campus-Singapore/Adjunct-Associate-Professor_R00025919-1
1858,https://ntu.wd3.myworkdayjobs.com/Careers/job/NTU-Main-Campus-Singapore/Senior-Assistant-Director---Deputy-Director--IT-Operations_R00024423
1858,https://ntu.wd3.myworkdayjobs.com/Careers/job/NTU-Main-Campus-Singapore/Counsellor_R00025660
1858,https://ntu.wd3.myworkdayjobs.com/Careers/job/NTU-Main-Campus-Singapore/Research-Assistant--Paleoseismology---Neotectonics----Levelling-Data-Investigation-_R00025914
1858,https://ntu.wd3.myworkdayjobs.com/Careers/job/NTU-Main-Campus-Singapore/Research-Fellow--Paleoseismology---Neotectonics----GNSS-Processing-and-Analysis----Seismic-Source-Characterisation----Ground-Motion-Characterisation----Geotechnics---Geophysics-_R00025911
1858,https://ntu.wd3.myworkdayjobs.com/Careers/job/NTU-Main-Campus-Singapore/Principal-Scientific-Data-Officer--Quality-Assurance---Quality-Control--Audit-_R00025910
1858,https://ntu.wd3.myworkdayjobs.com/Careers/job/NTU-Main-Campus-Singapore/Research-Associate--Paleoseismology---Neotectonics---Fault-Zone-Analysis-in-Bedrock--and-Research-Engineer-II--Seismology-_R00025913
1858,https://ntu.wd3.myworkdayjobs.com/Careers/job/NTU-Main-Campus-Singapore/Research-Fellow--Electrocatalysis-_R00025917
1858,https://ntu.wd3.myworkdayjobs.com/Careers/job/NTU-Main-Campus-Singapore/Research-Associate--Mechanical-Engineering---Bioengineering-_R00025915
1858,https://ntu.wd3.myworkdayjobs.com/Careers/job/NTU-Main-Campus-Singapore/Research-Assistant--Centre-for-Research-in-Pedagogy-and-Practice---NIE-_R00025916
1858,https://ntu.wd3.myworkdayjobs.com/Careers/job/NTU-Main-Campus-Singapore/Research-Assistant--Office-for-Research---NIE-_R00025918
1858,https://ntu.wd3.myworkdayjobs.com/Careers/job/NTU-Main-Campus-Singapore/Executive--Finance-Department---NIE-_R00024025
1858,https://ntu.wd3.myworkdayjobs.com/Careers/job/NTU-Main-Campus-Singapore/Assistant-Manager--L-OD-Operations_R00025912-1
1858,https://ntu.wd3.myworkdayjobs.com/Careers/job/NTU-Main-Campus-Singapore/Project-Officer--Project-Coordination-Event-Management-Administration-_R00025909
1858,https://ntu.wd3.myworkdayjobs.com/Careers/job/NTU-Main-Campus-Singapore/Research-Engineer-I--Trust-Technologies-_R00025908
1858,https://ntu.wd3.myworkdayjobs.com/Careers/job/NTU-Main-Campus-Singapore/Research-Engineer-I--Trust-Technologies-_R00025907
1858,https://ntu.wd3.myworkdayjobs.com/Careers/job/NTU-Main-Campus-Singapore/Lead--Student-Care_R00025906
1858,https://ntu.wd3.myworkdayjobs.com/Careers/job/NTU-Main-Campus-Singapore/Research-Assistant--Computer-Science-Computer-Engineering-Electrical-Engineering-_R00025616
1858,https://ntu.wd3.myworkdayjobs.com/Careers/job/NTU-Main-Campus-Singapore/Assistant-Manager--Space-Planning_R00025905
1858,https://ntu.wd3.myworkdayjobs.com/Careers/job/NTU-Main-Campus-Singapore/Senior-Assistant-Manager--Support-and-Care_R00025715
1858,https://ntu.wd3.myworkdayjobs.com/Careers/job/NTU-Main-Campus-Singapore/Senior---Cyber-Security-Governance-Specialist_R00025173
1858,https://ntu.wd3.myworkdayjobs.com/Careers/job/NTU-Main-Campus-Singapore/Lead--Lifelong-Learning--Academic-_R00025903
1858,https://ntu.wd3.myworkdayjobs.com/Careers/job/NTU-Main-Campus-Singapore/Senior-Librarian--Digital-Scholarship---Education_R00025634
1858,https://ntu.wd3.myworkdayjobs.com/Careers/job/NTU-Main-Campus-Singapore/Librarian---Senior-Assistant-Manager--Service-Innovation---Excellence--User-Experience---Space-Transformation-_R00025723
1858,https://ntu.wd3.myworkdayjobs.com/Careers/job/NTU-Main-Campus-Singapore/Senior-Executive--Student-Administration_R00025834
1858,https://ntu.wd3.myworkdayjobs.com/Careers/job/NTU-Main-Campus-Singapore/Assistant-Director--Academic-Matters_R00025843
1858,https://ntu.wd3.myworkdayjobs.com/Careers/job/NTU-Main-Campus-Singapore/Senior-Assistant-Manager--Programme-Management-and-Student-Administration_R00024245
1858,https://ntu.wd3.myworkdayjobs.com/Careers/job/NTU-Main-Campus-Singapore/Project-Officer--Mechanical-Engineering---Materials-Science-and-Engineering---Manufacturing-Engineering---Aerospace-Engineering-_R00025898
1858,https://ntu.wd3.myworkdayjobs.com/Careers/job/NTU-Main-Campus-Singapore/Researcher--Social-Cohesion-Research-Programme---RSIS-_R00025585
1858,https://ntu.wd3.myworkdayjobs.com/Careers/job/NTU-Main-Campus-Singapore/Research-Fellow--Biomedical-Manufacturing-_R00025897
1858,https://ntu.wd3.myworkdayjobs.com/Careers/job/NTU-Main-Campus-Singapore/Executive---Public--International-and-Alumni-Relations--PIAR--Department--NIE-_R00022757
1858,https://ntu.wd3.myworkdayjobs.com/Careers/job/NTU-Main-Campus-Singapore/Research-Assistant-Research-Associate--Computer-Science-_R00025707
1858,https://ntu.wd3.myworkdayjobs.com/Careers/job/NTU-Main-Campus-Singapore/Research-Fellow--Computer-Science-Statistics-Electronics-Engineering-_R00025896
1858,https://ntu.wd3.myworkdayjobs.com/Careers/job/NTU-Main-Campus-Singapore/Research-Fellow--Computer-Engineering-Computer-Science-Electronics-Engineering-_R00025895
1858,https://ntu.wd3.myworkdayjobs.com/Careers/job/NTU-Main-Campus-Singapore/Research-Associate--Computer-Science-Electronics-Engineering-_R00025893
1858,https://ntu.wd3.myworkdayjobs.com/Careers/job/NTU-Main-Campus-Singapore/Research-Associate--Computer-Engineering-Computer-Science-Electronics-Engineering-_R00025892
1858,https://ntu.wd3.myworkdayjobs.com/Careers/job/NTU-Main-Campus-Singapore/Research-Associate--Computer-Engineering-Computer-Science-Electronics-Engineering-_R00025891
1858,https://ntu.wd3.myworkdayjobs.com/Careers/job/NTU-Main-Campus-Singapore/Senior-Executive--Maintenance-Operations_R00025901
1858,https://ntu.wd3.myworkdayjobs.com/Careers/job/NTU-Main-Campus-Singapore/Research-Fellow--Microbiology--Bioinformatics--Computational-Biology-_R00025894
1858,https://ntu.wd3.myworkdayjobs.com/Careers/job/NTU-Main-Campus-Singapore/Research-Fellow--Civil-Engineering-_R00025888
1858,https://ntu.wd3.myworkdayjobs.com/Careers/job/NTU-Main-Campus-Singapore/Research-Associate--AI-for-Nature-Based-Climate-Solutions-_R00025899
1858,https://ntu.wd3.myworkdayjobs.com/Careers/job/NTU-Main-Campus-Singapore/Senior-Executive--MSc-Programmes_R00024834
1858,https://ntu.wd3.myworkdayjobs.com/Careers/job/NTU-Novena-Campus-Singapore/Research-Associate-Research-Fellow--Research-Institute-for-Cancer-Prevention--Screening-and-Early-Detection--LKCMedicine-_R00025889-2
1858,https://ntu.wd3.myworkdayjobs.com/Careers/job/NTU-Main-Campus-Singapore/Senior-Executive--Finance--Accounts-Receivable-_R00024812
1858,https://ntu.wd3.myworkdayjobs.com/Careers/job/NTU-Main-Campus-Singapore/Head--Strategy_R00025440
1858,https://ntu.wd3.myworkdayjobs.com/Careers/job/NTU-Main-Campus-Singapore/Senior-Executive--Faculty-Ops---Support_R00025423
1858,https://ntu.wd3.myworkdayjobs.com/Careers/job/NTU-Main-Campus-Singapore/Research-Engineer--Psychology---Neuropsychology---Cognitive-Neuroscience-_R00025882
1858,https://ntu.wd3.myworkdayjobs.com/Careers/job/NTU-Main-Campus-Singapore/Research-Assistant--Psychology---Neuropsychology---Cognitive-Neuroscience-_R00025881
1858,https://ntu.wd3.myworkdayjobs.com/Careers/job/NTU-Main-Campus-Singapore/Senior-Executive--Teaching-Assignment---Graduation-Matters_R00025591
1858,https://ntu.wd3.myworkdayjobs.com/Careers/job/NTU-Main-Campus-Singapore/AI-Engineer--Data-Infra_R00025373
1858,https://ntu.wd3.myworkdayjobs.com/Careers/job/NTU-Main-Campus-Singapore/Executive--Outreach--Industry-Partnerships-_R00025495
1858,https://ntu.wd3.myworkdayjobs.com/Careers/job/NTU-Main-Campus-Singapore/AI-Engineer--AI-Products-_R00024969
1858,https://ntu.wd3.myworkdayjobs.com/Careers/job/NTU-Main-Campus-Singapore/Assistant-Manager--Gift-Stewardship-and-Reporting_R00025339
1858,https://ntu.wd3.myworkdayjobs.com/Careers/job/NTU-Main-Campus-Singapore/AI-Safety---Governance-Engineer--SAGE-_R00025725
1858,https://ntu.wd3.myworkdayjobs.com/Careers/job/NTU-Main-Campus-Singapore/Assistant-Director--Faculty-Engagement---Value-Propositions_R00025696-1
1858,https://ntu.wd3.myworkdayjobs.com/Careers/job/NTU-Main-Campus-Singapore/Career-Coach_R00025718
1858,https://ntu.wd3.myworkdayjobs.com/Careers/job/NTU-Main-Campus-Singapore/Senior-Assistant-Director--Research_R00023946
1858,https://ntu.wd3.myworkdayjobs.com/Careers/job/NTU-Main-Campus-Singapore/AI-Engineer--Platforms_R00025364
1858,https://ntu.wd3.myworkdayjobs.com/Careers/job/NTU-Main-Campus-Singapore/Assistant-Director--Administration_R00025640
1858,https://ntu.wd3.myworkdayjobs.com/Careers/job/NTU-Main-Campus-Singapore/Senior-Assistant-Manager--Research-Management_R00025530
1858,https://ntu.wd3.myworkdayjobs.com/Careers/job/NTU-Main-Campus-Singapore/Community-Executive--AISG_R00025602
1858,https://ntu.wd3.myworkdayjobs.com/Careers/job/NTU-Main-Campus-Singapore/AI-Engineer--Evaluation-_R00024988
1858,https://ntu.wd3.myworkdayjobs.com/Careers/job/NTU-Main-Campus-Singapore/Assistant-Director-Senior-Assistant-Director--Gift-Stewardship-and-Reporting--Stewardship_R00024899
1858,https://ntu.wd3.myworkdayjobs.com/Careers/job/NTU-Main-Campus-Singapore/AI-Engineer--Dev-Ops_R00024968
1858,https://ntu.wd3.myworkdayjobs.com/Careers/job/NTU-Main-Campus-Singapore/AI-Engineer--Full-Stack_R00024983
1858,https://ntu.wd3.myworkdayjobs.com/Careers/job/NTU-Main-Campus-Singapore/Assistant-Manager--Internship_R00024396
1858,https://ntu.wd3.myworkdayjobs.com/Careers/job/NTU-Main-Campus-Singapore/Director--Operations_R00024053
1858,https://ntu.wd3.myworkdayjobs.com/Careers/job/NTU-Main-Campus-Singapore/Senior-Assistant-Director--Communications_R00024051
1858,https://ntu.wd3.myworkdayjobs.com/Careers/job/NTU-Main-Campus-Singapore/Platforms-Engineer--MLOps_R00023688
1858,https://ntu.wd3.myworkdayjobs.com/Careers/job/NTU-Main-Campus-Singapore/Education-Research-Scientist--Science-of-Learning-in-Education-Centre--SoLEC---NIE-_R00025887
1858,https://ntu.wd3.myworkdayjobs.com/Careers/job/NTU-Main-Campus-Singapore/Research-Assistant--Natural-Sciences---Science-Education-Department---NIE-_R00025826
1858,https://ntu.wd3.myworkdayjobs.com/Careers/job/NTU-Main-Campus-Singapore/Senior-Research-Fellow--Sustainable-Batteries-_R00025561
1858,https://ntu.wd3.myworkdayjobs.com/Careers/job/NTU-Main-Campus-Singapore/Research-Fellow--Mechanical-Engineering-_R00023282
1858,https://ntu.wd3.myworkdayjobs.com/Careers/job/NTU-Main-Campus-Singapore/Principal-Research-Fellow--4D-Printing-Technology-_R00025880
1858,https://ntu.wd3.myworkdayjobs.com/Careers/job/NTU-Main-Campus-Singapore/Research-Associate--Bioinformatics-and-Cancer-Genomics---LKCMedicine_R00025883-1
1858,https://ntu.wd3.myworkdayjobs.com/Careers/job/NTU-Main-Campus-Singapore/Research-Engineer-I--Trust-Technologies-_R00025885
1858,https://ntu.wd3.myworkdayjobs.com/Careers/job/NTU-Main-Campus-Singapore/Research-Engineer-I--Trust-Technologies-_R00025878
1858,https://ntu.wd3.myworkdayjobs.com/Careers/job/NTU-Novena-Campus-Singapore/Senior-Assistant-Manager--Finance--LKCMedicine-_R00025877-1
1858,https://ntu.wd3.myworkdayjobs.com/Careers/job/NTU-Novena-Campus-Singapore/Veterinarian--Animal-Research-Facility--LKCMedicine-_R00025879
1858,https://ntu.wd3.myworkdayjobs.com/Careers/job/NTU-Main-Campus-Singapore/Part-Time-Lecturer-in-the-School-of-Mechanical-and-Aerospace-Engineering--MAE-_R00025884
1858,https://ntu.wd3.myworkdayjobs.com/Careers/job/NTU-Main-Campus-Singapore/Research-Fellow--Flexible-Bioelectronics-_R00025876
1858,https://ntu.wd3.myworkdayjobs.com/Careers/job/NTU-Main-Campus-Singapore/Senior-Assistant-Manager--Data-and-Analytics_R00025570
1858,https://ntu.wd3.myworkdayjobs.com/Careers/job/NTU-Main-Campus-Singapore/Senior-Executive--Construction-Technology-and-Protective-Engineering--CTPE--Laboratory_R00025548
1858,https://ntu.wd3.myworkdayjobs.com/Careers/job/NTU-Main-Campus-Singapore/Research-Assistant--Simulation---BioMEMS-_R00025869
1858,https://ntu.wd3.myworkdayjobs.com/Careers/job/NTU-Main-Campus-Singapore/Research-Fellow--Immunology-_R00025687
1858,https://ntu.wd3.myworkdayjobs.com/Careers/job/NTU-Main-Campus-Singapore/Senior-Executive--Administrative-Support_R00025611
1858,https://ntu.wd3.myworkdayjobs.com/Careers/job/NTU-Main-Campus-Singapore/Assistant-Manager--Research---Centre-Support_R00025164
1858,https://ntu.wd3.myworkdayjobs.com/Careers/job/NTU-Main-Campus-Singapore/Assistant-Manager--IT-System---Cybersecurity-_R00023712
1858,https://ntu.wd3.myworkdayjobs.com/Careers/job/NTU-Main-Campus-Singapore/Assistant-Manager--Assessment-Operations-and-Partnerships_R00025606
1858,https://ntu.wd3.myworkdayjobs.com/Careers/job/NTU-Main-Campus-Singapore/Assistant-Director--Business-Operations--Finance--Marketing---Strategy-_R00024817
1858,https://ntu.wd3.myworkdayjobs.com/Careers/job/NTU-Main-Campus-Singapore/Research-Fellow--Synthetic-Biology---Enzyme-Design-_R00023788
1858,https://ntu.wd3.myworkdayjobs.com/Careers/job/NTU-Main-Campus-Singapore/Research-Scientist--Computer-Science-Software-Engineering-Distributed-Systems-Cloud-Computing-_R00024032
1858,https://ntu.wd3.myworkdayjobs.com/Careers/job/NTU-Main-Campus-Singapore/Project-Officer--Clinical-Trials---Translational-Research-_R00025393
1858,https://ntu.wd3.myworkdayjobs.com/Careers/job/NTU-Main-Campus-Singapore/Assistant-Manager---Senior-Executive---Lab-Operations_R00025858
1858,https://ntu.wd3.myworkdayjobs.com/Careers/job/NTU-Main-Campus-Singapore/Research-Fellow--Organic-Chemistry-_R00025861
1858,https://ntu.wd3.myworkdayjobs.com/Careers/job/NTU-Main-Campus-Singapore/Research-Fellow--Organic-Chemistry-_R00025860-1
1858,https://ntu.wd3.myworkdayjobs.com/Careers/job/NTU-Main-Campus-Singapore/Research-Fellow--Organic-Chemistry-_R00025859
1858,https://ntu.wd3.myworkdayjobs.com/Careers/job/NTU-Main-Campus-Singapore/Research-Fellow--Neuroscience---Biology---Biomedical-Sciences-_R00025851
1858,https://ntu.wd3.myworkdayjobs.com/Careers/job/NTU-Main-Campus-Singapore/Research-Fellow--Cybersecurity---Computer-Science---Information-Security---Electronic-or-Communication-Engineering-_R00025852
1858,https://ntu.wd3.myworkdayjobs.com/Careers/job/NTU-Main-Campus-Singapore/Research-Assistant--CO2-capture-_R00024445
1858,https://ntu.wd3.myworkdayjobs.com/Careers/job/NTU-Main-Campus-Singapore/Project-Manager--CO2-capture-_R00024446
1858,https://ntu.wd3.myworkdayjobs.com/Careers/job/NTU-Main-Campus-Singapore/Senior-Assistant-Director--R-R-Projects_R00025456
1858,https://ntu.wd3.myworkdayjobs.com/Careers/job/NTU-Main-Campus-Singapore/Assistant-Director--R-R-Projects_R00025811
1858,https://ntu.wd3.myworkdayjobs.com/Careers/job/NTU-Main-Campus-Singapore/Research-Fellow--Robot-Learning---Manipulation-_R00025850-1
1858,https://ntu.wd3.myworkdayjobs.com/Careers/job/NTU-Main-Campus-Singapore/Assistant-Director--Student-Development_R00025845
1858,https://ntu.wd3.myworkdayjobs.com/Careers/job/NTU-Main-Campus-Singapore/Research-Associate--Computer-Science-_R00025846
1858,https://ntu.wd3.myworkdayjobs.com/Careers/job/NTU-Main-Campus-Singapore/NIE-Overseas-Graduate-Scholarship--Mathematics---Mathematics-Education-_R00024927
1858,https://ntu.wd3.myworkdayjobs.com/Careers/job/NTU-Main-Campus-Singapore/NIE-Overseas-Graduate-Scholarship--Visual---Performing-Arts-_R00024928-1
1858,https://ntu.wd3.myworkdayjobs.com/Careers/job/NTU-Main-Campus-Singapore/NIE-Overseas-Graduate-Scholarship--Policy--Curriculum---Leadership-_R00025827-1
1858,https://ntu.wd3.myworkdayjobs.com/Careers/job/NTU-Main-Campus-Singapore/Project-Officer--Nanomaterials-_R00025836
1858,https://ntu.wd3.myworkdayjobs.com/Careers/job/NTU-Main-Campus-Singapore/Senior-Research-Fellow--Laboratory-_R00025835
1858,https://ntu.wd3.myworkdayjobs.com/Careers/job/NTU-Main-Campus-Singapore/Research-Fellow--Coral-Reef-Ecosystems-_R00025837
1858,https://ntu.wd3.myworkdayjobs.com/Careers/job/CleanTech-One/Stack-development-and-scaling-Senior-Research-Fellow--Vanadium-Redox-Flow-Battery--VRFB--_R00025842
1858,https://ntu.wd3.myworkdayjobs.com/Careers/job/CleanTech-One/Stack-Scaling-Engineer--Vanadium-Redox-Flow-Battery--VRFB--_R00025832
1858,https://ntu.wd3.myworkdayjobs.com/Careers/job/NTU-Main-Campus-Singapore/Research-Assistant--Linguistics-_R00025833
1858,https://ntu.wd3.myworkdayjobs.com/Careers/job/NTU-Main-Campus-Singapore/Research-Fellow--Cytoskeletal-Biochemistry-and-Biophysics-_R00025831
1858,https://ntu.wd3.myworkdayjobs.com/Careers/job/NTU-Main-Campus-Singapore/Deputy-Chief-Information-Officer---IT-Director_R00025388
1858,https://ntu.wd3.myworkdayjobs.com/Careers/job/NTU-Main-Campus-Singapore/Deputy-Director--Digital-Platforms---AI-Transformation_R00025343
1858,https://ntu.wd3.myworkdayjobs.com/Careers/job/NTU-Main-Campus-Singapore/Senior-Learning-Strategist---Learning-Strategist--Centre-for-Innovation-in-Learning---NIE-_R00017190
1858,https://ntu.wd3.myworkdayjobs.com/Careers/job/NTU-Main-Campus-Singapore/Part-Time-Lecturer-in-MSAE-Programme--SSS-_R00025818
1858,https://ntu.wd3.myworkdayjobs.com/Careers/job/NTU-Main-Campus-Singapore/Research-Fellow--Wearable-Robotics-and-Biomechanics-_R00025823-1
1858,https://ntu.wd3.myworkdayjobs.com/Careers/job/NTU-Main-Campus-Singapore/Research-Fellow--Molecular-Microbiology-and-Biotechnology-_R00025821
1858,https://ntu.wd3.myworkdayjobs.com/Careers/job/NTU-Main-Campus-Singapore/Research-Fellow--Centre-for-Health--Culture--and-Society-_R00025817
1858,https://ntu.wd3.myworkdayjobs.com/Careers/job/NTU-Main-Campus-Singapore/Senior-Events-Officer--RSIS-_R00025794
1858,https://ntu.wd3.myworkdayjobs.com/Careers/job/NTU-Main-Campus-Singapore/Research-Engineer-I--Engineering-and-Materials-Science-_R00025806
1858,https://ntu.wd3.myworkdayjobs.com/Careers/job/NTU-Main-Campus-Singapore/Research-Engineer-I--Engineering-and-Materials-Science-_R00025807-1
1858,https://ntu.wd3.myworkdayjobs.com/Careers/job/NTU-Main-Campus-Singapore/Project-Manager--Engineering-and-Material-Science-_R00025805
1858,https://ntu.wd3.myworkdayjobs.com/Careers/job/NTU-Main-Campus-Singapore/Project-Manager--Engineering-and-Material-Science-_R00025804
1858,https://ntu.wd3.myworkdayjobs.com/Careers/job/NTU-Main-Campus-Singapore/Research-Associate--Computer-Science-_R00025803-1
1858,https://ntu.wd3.myworkdayjobs.com/Careers/job/NTU-Main-Campus-Singapore/Research-Fellow--AI-Modelling-_R00025784
1858,https://ntu.wd3.myworkdayjobs.com/Careers/job/NTU-Main-Campus-Singapore/Research-Associate--Communication-Studies-Psychology-Social-Sciences-Education-_R00025799
1858,https://ntu.wd3.myworkdayjobs.com/Careers/job/NTU-Main-Campus-Singapore/HR-Executive--Human-Resource-Department---NIE-_R00025374
1858,https://ntu.wd3.myworkdayjobs.com/Careers/job/NTU-Main-Campus-Singapore/Research-Fellow--Communication-Studies--Psychology--Social-Sciences-Education-_R00025798
1858,https://ntu.wd3.myworkdayjobs.com/Careers/job/NTU-Main-Campus-Singapore/Research-Fellow--Geotechnics-Geophysics-_R00025769
1858,https://ntu.wd3.myworkdayjobs.com/Careers/job/NTU-Main-Campus-Singapore/XMLNAME--Early-Advert--Research-Fellow--Experimental-free-electron-driven-X-ray-nanophotonics-_R00025797
1858,https://ntu.wd3.myworkdayjobs.com/Careers/job/NTU-Main-Campus-Singapore/XMLNAME--Early-Advert--Research-Fellow--Computational-and-theoretical-modeling-of-free-electron-driven-X-ray-nanophotonics-_R00025796
1858,https://ntu.wd3.myworkdayjobs.com/Careers/job/NTU-Main-Campus-Singapore/Assistant-Manager--Assessment-Operations-and-Partnerships_R00025789
1858,https://ntu.wd3.myworkdayjobs.com/Careers/job/NTU-Main-Campus-Singapore/Research-Fellow--Embodied-AI---Dex-Hands-_R00025791
1858,https://ntu.wd3.myworkdayjobs.com/Careers/job/NTU-Main-Campus-Singapore/Research-Assistant--Forest---Urban-Ecology-_R00025790
1858,https://ntu.wd3.myworkdayjobs.com/Careers/job/NTU-Main-Campus-Singapore/Research-Analyst---Senior-Analyst---Associate-Research-Fellow--Centre-of-Excellence-for-National-Security---RSIS-_R00025792
1858,https://ntu.wd3.myworkdayjobs.com/Careers/job/NTU-Main-Campus-Singapore/Research-Assistant-Associate--LKCMedicine-_R00023476-2
1858,https://ntu.wd3.myworkdayjobs.com/Careers/job/NTU-Main-Campus-Singapore/Research-Fellow--Mechanical-Engineering-_R00025788
1858,https://ntu.wd3.myworkdayjobs.com/Careers/job/NTU-Main-Campus-Singapore/Research-Fellow--Computer-Science-_R00025787
1858,https://ntu.wd3.myworkdayjobs.com/Careers/job/NTU-Main-Campus-Singapore/Lead--Academic_R00025786
1858,https://ntu.wd3.myworkdayjobs.com/Careers/job/NTU-Main-Campus-Singapore/Research-Fellow--Embodied-AI-for-Intelligent-System-_R00025785
1858,https://ntu.wd3.myworkdayjobs.com/Careers/job/NTU-Novena-Campus-Singapore/Senior-Executive--Postgraduate---Continuing-Education-Programmes--LKCMedicine-_R00025273
1858,https://ntu.wd3.myworkdayjobs.com/Careers/job/NTU-Main-Campus-Singapore/Assistant-Manager--Lab-Operations_R00025783-1
1858,https://ntu.wd3.myworkdayjobs.com/Careers/job/NTU-Novena-Campus-Singapore/Senior-Executive--BSL3-Facility--LKCMedicine-_R00025760-1
1858,https://ntu.wd3.myworkdayjobs.com/Careers/job/NTU-Main-Campus-Singapore/Assistant-Director--Student-Community-Engagement_R00025775
1858,https://ntu.wd3.myworkdayjobs.com/Careers/job/NTU-Main-Campus-Singapore/Research-Engineer-Senior-Research-Engineer--Computer-Science---Data-Science---Information-Science---Digital-Humanities-_R00025774
1858,https://ntu.wd3.myworkdayjobs.com/Careers/job/NTU-Main-Campus-Singapore/Research-Engineer-Senior-Research-Engineer--Computer-Science---Data-Science---Information-Science---Digital-Humanities-_R00025773
1858,https://ntu.wd3.myworkdayjobs.com/Careers/job/NTU-Main-Campus-Singapore/Research-Associate--Social-Sciences---Digital-Humanities---Media-and-Communication-Studies---Cultural-Studies---Sociology-_R00025771
1858,https://ntu.wd3.myworkdayjobs.com/Careers/job/NTU-Novena-Campus-Singapore/Assistant-Manager---Research-Achievements--Impact-and-Strategic-Enhancement--LKCMedicine-_R00025256
1858,https://ntu.wd3.myworkdayjobs.com/Careers/job/NTU-Main-Campus-Singapore/Assistant-Director--Major-Gifts_R00022794
1858,https://ntu.wd3.myworkdayjobs.com/Careers/job/NTU-Main-Campus-Singapore/Assistant-Manager--Student-Engagement-and-Development--Undergraduate-Programmes-_R00024782-1
1858,https://ntu.wd3.myworkdayjobs.com/Careers/job/NTU-Main-Campus-Singapore/Senior-Counsellor---Counsellor--BEACON-_R00025492
1858,https://ntu.wd3.myworkdayjobs.com/Careers/job/NTU-Main-Campus-Singapore/Head--Administration_R00024411
1858,https://ntu.wd3.myworkdayjobs.com/Careers/job/NTU-Main-Campus-Singapore/Assistant-Manager---Senior-Executive--Alumni-Engagement_R00025554
1858,https://ntu.wd3.myworkdayjobs.com/Careers/job/NTU-Main-Campus-Singapore/Senior-Assistant-Manager---Assistant-Manager--Content-Creation_R00025522
1858,https://ntu.wd3.myworkdayjobs.com/Careers/job/NTU-Main-Campus-Singapore/Assistant-Manager---Senior-Executive--Research-Grant-Administration_R00025539
1858,https://ntu.wd3.myworkdayjobs.com/Careers/job/NTU-Main-Campus-Singapore/Assistant-Manager--International-Admissions_R00025579
1858,https://ntu.wd3.myworkdayjobs.com/Careers/job/NTU-Main-Campus-Singapore/Research-Fellow-Senior-Research-Fellow--Polymeric-Precursors-Towards-Ceramic-and-Porous-Ceramics-_R00025763
1858,https://ntu.wd3.myworkdayjobs.com/Careers/job/NTU-Main-Campus-Singapore/Librarian---Senior-Assistant-Manager--Digital-Technology-and-Analytics_R00025213
1858,https://ntu.wd3.myworkdayjobs.com/Careers/job/NTU-Main-Campus-Singapore/Research-Fellow--Coral-Microbial-Ecology-_R00025757
1858,https://ntu.wd3.myworkdayjobs.com/Careers/job/NTU-Main-Campus-Singapore/Research-Fellow--Quantum-Enhanced-Learning--Agents-and-Algorithms-_R00025754
1858,https://ntu.wd3.myworkdayjobs.com/Careers/job/NTU-Main-Campus-Singapore/Research-Fellow--Quantum-Enhanced-Learning--Agents-and-Algorithms-_R00025755
1858,https://ntu.wd3.myworkdayjobs.com/Careers/job/NTU-Novena-Campus-Singapore/Senior-Research-Fellow--LKCMedicine-_R00025756
1858,https://ntu.wd3.myworkdayjobs.com/Careers/job/NTU-Main-Campus-Singapore/Research-Associate--Computer-engineering-Computer-Science-Electronics-Engineering-_R00025752
1858,https://ntu.wd3.myworkdayjobs.com/Careers/job/NTU-Main-Campus-Singapore/Assistant-Manager--HR-Operations_R00025751-1
1858,https://ntu.wd3.myworkdayjobs.com/Careers/job/NTU-Main-Campus-Singapore/Postdoc-Research-Fellow--Electrolyte-and-materials-interfaces-for-batteries-_R00025748
1858,https://ntu.wd3.myworkdayjobs.com/Careers/job/NTU-Main-Campus-Singapore/Postdoc-Research-Fellow--New-electrochemistry-and-electrode-materials-for-next-gen-batteries-_R00025747
1858,https://ntu.wd3.myworkdayjobs.com/Careers/job/NTU-Main-Campus-Singapore/Assistant-Head--Strategic-Planning---Engagement--NIE-_R00025472
1858,https://ntu.wd3.myworkdayjobs.com/Careers/job/NTU-Main-Campus-Singapore/Research-Associate--Materials-Science---Engineering---Mechanical-Engineering---Chemical-Engineering-_R00025740
1858,https://ntu.wd3.myworkdayjobs.com/Careers/job/NTU-Main-Campus-Singapore/Research-Fellow--Computer-Vision-and-Artificial-Intelligence-_R00025739
1858,https://ntu.wd3.myworkdayjobs.com/Careers/job/NTU-Main-Campus-Singapore/Research-Fellow--Civil-Engineering-Ocean-Engineering-_R00025743
1858,https://ntu.wd3.myworkdayjobs.com/Careers/job/NTU-Main-Campus-Singapore/Senior-Assistant-Manager---Assistant-Manager--Faculty-Affairs_R00025648
1858,https://ntu.wd3.myworkdayjobs.com/Careers/job/NTU-Main-Campus-Singapore/Research-Fellow--Flexible-Electronics-_R00025737
1858,https://ntu.wd3.myworkdayjobs.com/Careers/job/NTU-Main-Campus-Singapore/Senior-Executive--Resident-Relations_R00025354
1858,https://ntu.wd3.myworkdayjobs.com/Careers/job/NTU-Novena-Campus-Singapore/Senior-Executive--Curriculum--LKCMedicine-_R00025736
1858,https://ntu.wd3.myworkdayjobs.com/Careers/job/NTU-Main-Campus-Singapore/Project-Officer--Intelligent-Manufacturing-_R00025734
1858,https://ntu.wd3.myworkdayjobs.com/Careers/job/NTU-Main-Campus-Singapore/Research-Associate-Research-Fellow--Plant-Biology-and-Molecular-Biology-_R00023891-1
1858,https://ntu.wd3.myworkdayjobs.com/Careers/job/NTU-Main-Campus-Singapore/Postdoctoral-Fellow--Mechanics-_R00025733
1858,https://ntu.wd3.myworkdayjobs.com/Careers/job/NTU-Main-Campus-Singapore/Research-Fellow--Atomic-catalysts-and-Machine-Learning-_R00025731
1858,https://ntu.wd3.myworkdayjobs.com/Careers/job/NTU-Main-Campus-Singapore/Research-Scientist--Wireless-Cellular-Security-_R00025729
1858,https://ntu.wd3.myworkdayjobs.com/Careers/job/NTU-Main-Campus-Singapore/Research-Scientist--Advanced-Diamond-Synthesis-_R00023571
1858,https://ntu.wd3.myworkdayjobs.com/Careers/job/NTU-Main-Campus-Singapore/Research-Fellow--GNSS-Processing-and-Analysis-_R00025722
1858,https://ntu.wd3.myworkdayjobs.com/Careers/job/NTU-Main-Campus-Singapore/Research-Associate--Robotics-_R00025716
1858,https://ntu.wd3.myworkdayjobs.com/Careers/job/NTU-Main-Campus-Singapore/Human-Resource-Business-Partner_R00021496
1858,https://ntu.wd3.myworkdayjobs.com/Careers/job/NTU-Main-Campus-Singapore/Senior-Assistant-Manager--Laboratory-Services_R00025713
1858,https://ntu.wd3.myworkdayjobs.com/Careers/job/NTU-Main-Campus-Singapore/Part-Time-Lecturer-in-Masters-of-Science-in-Psychology--SSS-_R00025499
1858,https://ntu.wd3.myworkdayjobs.com/Careers/job/NTU-Main-Campus-Singapore/Assistant-Director--Stakeholder-Engagement_R00024427
1858,https://ntu.wd3.myworkdayjobs.com/Careers/job/NTU-Novena-Campus-Singapore/Assistant-Manager--Research-Administration-and-Support-Services--LKCMedicine-_R00025446
1858,https://ntu.wd3.myworkdayjobs.com/Careers/job/NTU-Main-Campus-Singapore/Research-Assistant--3D-Reconstruction-_R00025701
1858,https://ntu.wd3.myworkdayjobs.com/Careers/job/NTU-Main-Campus-Singapore/Research-Fellow--IC-Design-and-academic-_R00025699
1858,https://ntu.wd3.myworkdayjobs.com/Careers/job/NTU-Main-Campus-Singapore/Research-Fellow--Analog-in-memory-computing-macros-_R00025491
1858,https://ntu.wd3.myworkdayjobs.com/Careers/job/NTU-Main-Campus-Singapore/Postdoctoral-Researcher-Fellow--Chemistry-_R00025705
1858,https://ntu.wd3.myworkdayjobs.com/Careers/job/NTU-Main-Campus-Singapore/Research-Assistant--Computer-Engineering-Computer-Science-Electronics-Engineering-_R00025702
1858,https://ntu.wd3.myworkdayjobs.com/Careers/job/NTU-Main-Campus-Singapore/Research-Fellow--Lipid-Nanoparticle-Delivery-Advanced-Imaging---Membrane-Biophysics-_R00025704
1858,https://ntu.wd3.myworkdayjobs.com/Careers/job/NTUOne-North-Campus-Singapore/Portfolio-Manager_R00025703
1858,https://ntu.wd3.myworkdayjobs.com/Careers/job/NTU-Main-Campus-Singapore/Unit-Head--Research-Support-and-Grants-Management--RSGM---Office-for-Research--NIE-_R00024794-1
1858,https://ntu.wd3.myworkdayjobs.com/Careers/job/NTU-Novena-Campus-Singapore/Associate-Assistant-Professor-of-Microbiome_R00025698-1
1858,https://ntu.wd3.myworkdayjobs.com/Careers/job/NTU-Novena-Campus-Singapore/Executive---Senior-Executive--Ecosystem-Operations---Engagement--co11ab--LKCMedicine-_R00025686-1
1858,https://ntu.wd3.myworkdayjobs.com/Careers/job/NTU-Main-Campus-Singapore/Research-Fellow--Mechanical-Engineering---Nanotechnology-_R00025695
1858,https://ntu.wd3.myworkdayjobs.com/Careers/job/NTU-Main-Campus-Singapore/Research-Associate--Mechanical-Engineering---Biomedical-Engineering---Materials-Science-_R00025693-1
1858,https://ntu.wd3.myworkdayjobs.com/Careers/job/NTU-Main-Campus-Singapore/Lab-Technician--Cleanroom---Nanofabrication-Facilities-_R00025694
1858,https://ntu.wd3.myworkdayjobs.com/Careers/job/NTU-Main-Campus-Singapore/Research-Associate--AI-based-Process-Monitoring-_R00025688
1858,https://ntu.wd3.myworkdayjobs.com/Careers/job/NTU-Main-Campus-Singapore/Research-Fellow--Light-Detection-and-Ranging--LiDAR--with-Single-Photon-Detector-_R00025029
1858,https://ntu.wd3.myworkdayjobs.com/Careers/job/NTU-Main-Campus-Singapore/Research-Assistant--Building-a-Local-AI-Personalized-assistant-for-Hand-Drawn-Animation-Artist-with-ComfyUI-_R00025674
1858,https://ntu.wd3.myworkdayjobs.com/Careers/job/NTU-Main-Campus-Singapore/Part-Time-Lecturer-in-Chinese-Linguistics--SOH-_R00025679
1858,https://ntu.wd3.myworkdayjobs.com/Careers/job/NTU-Main-Campus-Singapore/Visiting-Professor_R00025673
1858,https://ntu.wd3.myworkdayjobs.com/Careers/job/NTU-Main-Campus-Singapore/Research-Fellow--Behavioural-Research---Community-Archetype-Analysis-_R00024702
1858,https://ntu.wd3.myworkdayjobs.com/Careers/job/NTU-Main-Campus-Singapore/Assistant-Manager--Health---Safety--LKCMedicine-_R00025670
1858,https://ntu.wd3.myworkdayjobs.com/Careers/job/NTU-Main-Campus-Singapore/Research-Fellow-Senior-Research-Fellow--X-Ray-Facilities-_R00016900
1858,https://ntu.wd3.myworkdayjobs.com/Careers/job/NTU-Main-Campus-Singapore/Manager--Data-Analytics--Senior-Analyst--Applied-AI---Data-Science-_R00024761
1858,https://ntu.wd3.myworkdayjobs.com/Careers/job/NTU-Main-Campus-Singapore/Research-Fellow--Global-China-_R00025668-1
1858,https://ntu.wd3.myworkdayjobs.com/Careers/job/NTU-Main-Campus-Singapore/Postdoctoral---Research-Fellow--AI-Algorithms-_R00025666
1858,https://ntu.wd3.myworkdayjobs.com/Careers/job/NTU-Main-Campus-Singapore/Postdoctoral---Research-Fellow--AI-accelerators-_R00025667
1858,https://ntu.wd3.myworkdayjobs.com/Careers/job/NTU-Main-Campus-Singapore/Postdoctoral---Research-Fellow--Neuromorphic-Materials---Devices-_R00025665
1858,https://ntu.wd3.myworkdayjobs.com/Careers/job/NTU-Main-Campus-Singapore/Research-Scientist--Semiconductor-Laser-Diode-_R00025664
1858,https://ntu.wd3.myworkdayjobs.com/Careers/job/NTU-Main-Campus-Singapore/Research-Associate--Mechanical--Electrical--Power-engineering-_R00025657
1858,https://ntu.wd3.myworkdayjobs.com/Careers/job/NTU-Main-Campus-Singapore/Research-Fellow--Building-Energy-System-Control-_R00025656
1858,https://ntu.wd3.myworkdayjobs.com/Careers/job/NTU-Main-Campus-Singapore/Assistant-Manager--Faculty-Affairs---Admin_R00025658-1
1858,https://ntu.wd3.myworkdayjobs.com/Careers/job/NTU-Main-Campus-Singapore/Research-Associate--Tectonics----InVEST-Component-F-_R00025652
1858,https://ntu.wd3.myworkdayjobs.com/Careers/job/NTU-Main-Campus-Singapore/Adjunct-Assistant-Professor_R00025649
1858,https://ntu.wd3.myworkdayjobs.com/Careers/job/NTU-Main-Campus-Singapore/Visiting-Professor--Geophysics-and-Seismology-_R00025289
1858,https://ntu.wd3.myworkdayjobs.com/Careers/job/NTU-Main-Campus-Singapore/Senior-Technical-Specialist--Mathematics---Mathematics-Education-Department---NIE-_R00025170
1858,https://ntu.wd3.myworkdayjobs.com/Careers/job/NTUOne-North-Campus-Singapore/Senior-Assistant-Director--Legal_R00025646
1858,https://ntu.wd3.myworkdayjobs.com/Careers/job/NTU-Main-Campus-Singapore/Research-Associate---Research-Fellow--Electrical---Electronics-_R00025242
1858,https://ntu.wd3.myworkdayjobs.com/Careers/job/NTU-Main-Campus-Singapore/Senior-Executive--Grant-Support_R00023364
1858,https://ntu.wd3.myworkdayjobs.com/Careers/job/NTU-Main-Campus-Singapore/Research-Engineer-I--Computer-Science---Artificial-Intelligence---Data-Science---Electrical-Engineering-_R00025627
1858,https://ntu.wd3.myworkdayjobs.com/Careers/job/NTU-Main-Campus-Singapore/Research-Scientist--Artificial-Intelligence---Computer-Science---Machine-Learning---Natural-Language-Processing---Information-Retrieval---Data-Science-_R00025626
1858,https://ntu.wd3.myworkdayjobs.com/Careers/job/NTU-Main-Campus-Singapore/Research-Scientist--Computer-Science---Artificial-Intelligence---Machine-Learning---Natural-Language-Processing-_R00025624
1858,https://ntu.wd3.myworkdayjobs.com/Careers/job/NTU-Main-Campus-Singapore/Manager--External-Relations_R00025045
1858,https://ntu.wd3.myworkdayjobs.com/Careers/job/NTU-Main-Campus-Singapore/Senior-Executive---Assistant-Manager--Industry-and-Research-Collaborations_R00024746
1858,https://ntu.wd3.myworkdayjobs.com/Careers/job/NTU-Main-Campus-Singapore/Engagement-Manager--AISG_R00025607
1858,https://ntu.wd3.myworkdayjobs.com/Careers/job/NTU-Main-Campus-Singapore/Analyst-Programmer--Digital-Solutions-Department---NIE-_R00025587-1
1858,https://ntu.wd3.myworkdayjobs.com/Careers/job/NTU-Main-Campus-Singapore/ICT-Support-Engineer--Service-Management-Department---NIE-_R00025588
1858,https://ntu.wd3.myworkdayjobs.com/Careers/job/NTU-Main-Campus-Singapore/Research-Scientist---Fellow--Fibre-Optics-_R00025599
1858,https://ntu.wd3.myworkdayjobs.com/Careers/job/NTU-Main-Campus-Singapore/Senior-Executive-Assistant-Manager--Outreach--Admissions---Scholarships_R00024972
1858,https://ntu.wd3.myworkdayjobs.com/Careers/job/NTU-Main-Campus-Singapore/Research-Associate-Research-Fellow--Plant-Biology-and-Bioinformatics-_R00023895
1858,https://ntu.wd3.myworkdayjobs.com/Careers/job/NTU-Main-Campus-Singapore/Research-Fellow--Computational-electromagnetism-and-nanophotonics-_R00025593
1858,https://ntu.wd3.myworkdayjobs.com/Careers/job/NTU-Main-Campus-Singapore/Project-Officer--Fire-Resistant-Materials-_R00025595
1858,https://ntu.wd3.myworkdayjobs.com/Careers/job/NTU-Main-Campus-Singapore/Senior-Assistant-Manager--Finance-Planning-and-Analysis_R00025594
1858,https://ntu.wd3.myworkdayjobs.com/Careers/job/NTU-Main-Campus-Singapore/Research-Assistant-Associate--Greenhouse-Manager--Greenhouse-Management-_R00024721
1858,https://ntu.wd3.myworkdayjobs.com/Careers/job/NTU-Novena-Campus-Singapore/Senior-Medical-Librarian-Medical-Librarian--LKCMedicine-_R00024323
1858,https://ntu.wd3.myworkdayjobs.com/Careers/job/NTU-Main-Campus-Singapore/Senior-Executive-Executive--Admin---Finance--Office-for-Research---NIE-_R00024436
1858,https://ntu.wd3.myworkdayjobs.com/Careers/job/NTU-Main-Campus-Singapore/ICT-Support-Engineer--Service-Management-Department---NIE-_R00025586
1858,https://ntu.wd3.myworkdayjobs.com/Careers/job/NTU-Main-Campus-Singapore/Research-Engineer-I--Autonomous-Drone-Swarm-_R00025584-1
1858,https://ntu.wd3.myworkdayjobs.com/Careers/job/NTU-Main-Campus-Singapore/Executive--Resident-Relation_R00025174
1858,https://ntu.wd3.myworkdayjobs.com/Careers/job/NTU-Main-Campus-Singapore/Senior-Research-Scientist--Trust-Technologies-_R00025580
1858,https://ntu.wd3.myworkdayjobs.com/Careers/job/NTU-Main-Campus-Singapore/Assistant-Head--Strategic-Planning---Engagement--NIE-_R00025562
1858,https://ntu.wd3.myworkdayjobs.com/Careers/job/NTU-Main-Campus-Singapore/Research-Fellow--Digital-IC-design-and-EDA-_R00025569
1858,https://ntu.wd3.myworkdayjobs.com/Careers/job/CleanTech-One/Research-Assistant--NMPs-_R00025571
1858,https://ntu.wd3.myworkdayjobs.com/Careers/job/NTU-Main-Campus-Singapore/Project-Officer--Organic-Synthesis-Laboratory-_R00025194
1858,https://ntu.wd3.myworkdayjobs.com/Careers/job/NTU-Main-Campus-Singapore/AI-Engineer--AIEH-_R00025566
1858,https://ntu.wd3.myworkdayjobs.com/Careers/job/NTU-Main-Campus-Singapore/Research-Fellow--Civil-Engineering-_R00025565
1858,https://ntu.wd3.myworkdayjobs.com/Careers/job/NTU-Main-Campus-Singapore/Research-Associate--Horticulture-and-Plant-Physiology-_R00024028
1858,https://ntu.wd3.myworkdayjobs.com/Careers/job/NTU-Main-Campus-Singapore/Research-Fellow--Autonomous-Materials-Discovery-_R00025560
1858,https://ntu.wd3.myworkdayjobs.com/Careers/job/NTU-Main-Campus-Singapore/Senior-Learning-Strategist---Learning-Strategist--Centre-for-Innovation-in-Learning---NIE-_R00025558-1
1858,https://ntu.wd3.myworkdayjobs.com/Careers/job/NTU-Main-Campus-Singapore/Senior-Corporate-Communications-Executive--RSIS-_R00025546
1858,https://ntu.wd3.myworkdayjobs.com/Careers/job/NTU-Main-Campus-Singapore/Research-Scientist--Mechanical-Materials-Manufacturing-Engineering-_R00025538
1858,https://ntu.wd3.myworkdayjobs.com/Careers/job/NTU-Main-Campus-Singapore/Part-Time-Lecturer-in-the-School-of-Mechanical-and-Aerospace-Engineering--MAE-_R00025543
1858,https://ntu.wd3.myworkdayjobs.com/Careers/job/NTU-Main-Campus-Singapore/Research-Fellow--Waveguide-Integrated-Superconducting-Nanowire-Single-Photon-Detectors-_R00025534
1858,https://ntu.wd3.myworkdayjobs.com/Careers/job/NTU-Main-Campus-Singapore/Assistant-Manager--Human-Resource_R00025533
1858,https://ntu.wd3.myworkdayjobs.com/Careers/job/NTU-Main-Campus-Singapore/Research-Fellow---Senior-Research-Fellow--Wireless-Localization---Sensing-_R00025504
1858,https://ntu.wd3.myworkdayjobs.com/Careers/job/NTU-Main-Campus-Singapore/Senior-Assistant-Manager--Faculty-Affairs_R00022769
1858,https://ntu.wd3.myworkdayjobs.com/Careers/job/NTU-Main-Campus-Singapore/Visiting-Associate-Professor_R00025518
1858,https://ntu.wd3.myworkdayjobs.com/Careers/job/NTU-Novena-Campus-Singapore/Research-Fellow-Senior-Research-Fellow--Healthy-Aging--LKCMedicine-_R00025509-1
1858,https://ntu.wd3.myworkdayjobs.com/Careers/job/NTU-Novena-Campus-Singapore/Temporary-Senior-Executive--Learning-Technology--LKCMedicine-_R00025512
1858,https://ntu.wd3.myworkdayjobs.com/Careers/job/NTU-Main-Campus-Singapore/Research-Engineer-II--Computer-Science-Computer-Engineering-Software-Engineering-Artificial-Intelligence-Data-Science-_R00025507
1858,https://ntu.wd3.myworkdayjobs.com/Careers/job/NTU-Main-Campus-Singapore/Programme-Director--Talent-Management-_R00025506
1858,https://ntu.wd3.myworkdayjobs.com/Careers/job/NTU-Main-Campus-Singapore/Manager-Senior-Assistant-Manager--Academic-Learning_R00024778
1858,https://ntu.wd3.myworkdayjobs.com/Careers/job/NTU-Main-Campus-Singapore/Senior-Research-Fellow--Wireless-Power-Transfer-_R00025485
1858,https://ntu.wd3.myworkdayjobs.com/Careers/job/NTU-Main-Campus-Singapore/Research-Fellow--Power-System-Risk-_R00025490-1
1858,https://ntu.wd3.myworkdayjobs.com/Careers/job/NTU-Main-Campus-Singapore/Research-Fellow--Power-System-Stability-_R00025489-1
1858,https://ntu.wd3.myworkdayjobs.com/Careers/job/NTU-Main-Campus-Singapore/Research-Fellow--Integrated-Polaritonic-Devices-_R00025479
1858,https://ntu.wd3.myworkdayjobs.com/Careers/job/NTU-Main-Campus-Singapore/Research-Scientist--Satellite-Communications-_R00025480
1858,https://ntu.wd3.myworkdayjobs.com/Careers/job/NTU-Main-Campus-Singapore/Research-Scientist--Satellite-Communications-_R00025478
1858,https://ntu.wd3.myworkdayjobs.com/Careers/job/NTU-Main-Campus-Singapore/Research-Scientist--Wireless-Cellular-Security-_R00025477
1858,https://ntu.wd3.myworkdayjobs.com/Careers/job/NTU-Main-Campus-Singapore/Director--HR-Partnering_R00023646
1858,https://ntu.wd3.myworkdayjobs.com/Careers/job/NTU-Main-Campus-Singapore/Senior-Research-Fellow-Research-Fellow--Curatorial-Art-and-Cultural-Studies-Museum-Studies-Visual-Anthropology-Humanities-_R00025226
1858,https://ntu.wd3.myworkdayjobs.com/Careers/job/NTU-Main-Campus-Singapore/Senior-Executive--Administrative-Support_R00025419
1858,https://ntu.wd3.myworkdayjobs.com/Careers/job/NTU-Main-Campus-Singapore/Research-Fellow--Seismology-_R00025460
1858,https://ntu.wd3.myworkdayjobs.com/Careers/job/NTU-Main-Campus-Singapore/Research-Fellow--Seismology-_R00025459
1858,https://ntu.wd3.myworkdayjobs.com/Careers/job/NTU-Main-Campus-Singapore/Research-Associate--Psychology-_R00024589
1858,https://ntu.wd3.myworkdayjobs.com/Careers/job/NTU-Main-Campus-Singapore/Research-Associate--CLIC-_R00025445
1858,https://ntu.wd3.myworkdayjobs.com/Careers/job/NTU-Main-Campus-Singapore/Research-Fellow--Multi-Agent-Path-Planning-for-Autonomous-Drone-Operations-_R00025443
1858,https://ntu.wd3.myworkdayjobs.com/Careers/job/NTU-Main-Campus-Singapore/Research-Engineer--Structural-Finite-Element-Analysis-for-Maritime-Drone-Operations-_R00025441
1858,https://ntu.wd3.myworkdayjobs.com/Careers/job/NTU-Main-Campus-Singapore/Research-Assistant-Associate--AI-in-Medicine_R00025439-1
1858,https://ntu.wd3.myworkdayjobs.com/Careers/job/NTU-Main-Campus-Singapore/Research-Assistant-Associate--AI-in-Medicine_R00025438-2
1858,https://ntu.wd3.myworkdayjobs.com/Careers/job/NTU-Main-Campus-Singapore/Research-Fellow--Human-Factors-_R00025434
1858,https://ntu.wd3.myworkdayjobs.com/Careers/job/NTU-Main-Campus-Singapore/Research-Associate--Linguistics--Singapore-Mandarin-Usage-Dictionary--_R00025431
1858,https://ntu.wd3.myworkdayjobs.com/Careers/job/NTU-Main-Campus-Singapore/Research-Assistant--Natural-Language-Processing--Singapore-Mandarin-Usage-Dictionary--_R00025430-1
1858,https://ntu.wd3.myworkdayjobs.com/Careers/job/NTU-Main-Campus-Singapore/Research-Associate--Robotics-_R00025422
1858,https://ntu.wd3.myworkdayjobs.com/Careers/job/NTU-Main-Campus-Singapore/Assistant-Manager--Dean-s-Office-and-Global-Engagement--Office-for-Research---NIE-_R00025368
1858,https://ntu.wd3.myworkdayjobs.com/Careers/job/NTU-Main-Campus-Singapore/Assistant-Director--Infrastructure-Planning---Upgrading--M-E-_R00025086
1858,https://ntu.wd3.myworkdayjobs.com/Careers/job/NTU-Main-Campus-Singapore/Assistant-Manager--Partnerships---Engagement_R00024089
1858,https://ntu.wd3.myworkdayjobs.com/Careers/job/NTU-Main-Campus-Singapore/Research-Fellow--Math-Foundation-of-AI-_R00025397
1858,https://ntu.wd3.myworkdayjobs.com/Careers/job/NTU-Novena-Campus-Singapore/Research-Assistant-Associate--LKCMedicine-_R00025399-1
1858,https://ntu.wd3.myworkdayjobs.com/Careers/job/CleanTech-One/Programme-Director--Techno-commercial-Marketing--NTUitive-_R00025375
1858,https://ntu.wd3.myworkdayjobs.com/Careers/job/NTU-Novena-Campus-Singapore/Research-Fellow--LKCMedicine-_R00025353-1
1858,https://ntu.wd3.myworkdayjobs.com/Careers/job/NTU-Main-Campus-Singapore/Research-Fellow--Battery-Research---Electrolytes-_R00025362
1858,https://ntu.wd3.myworkdayjobs.com/Careers/job/NTU-Main-Campus-Singapore/Research-Fellow--Earth-Science-Geophysics-_R00025342
1858,https://ntu.wd3.myworkdayjobs.com/Careers/job/NTU-Main-Campus-Singapore/Research-Assistant--Quantum-Sensing-_R00024727
1858,https://ntu.wd3.myworkdayjobs.com/Careers/job/NTU-Main-Campus-Singapore/Research-Assistant--AI--Technology--Medicine-_R00025329
1858,https://ntu.wd3.myworkdayjobs.com/Careers/job/NTU-Main-Campus-Singapore/Research-Associate--Computer-Science---Computer-Engineering---Cybersecurity---Artificial-Intelligence-_R00025324
1858,https://ntu.wd3.myworkdayjobs.com/Careers/job/NTU-Main-Campus-Singapore/Research-Fellow--Computer-Science---Software-Engineering---Artificial-Intelligence-_R00025323
1858,https://ntu.wd3.myworkdayjobs.com/Careers/job/NTUGillman-Singapore/Research-Assistant--Social-Science-Arts-Humanities-_R00025249
1858,https://ntu.wd3.myworkdayjobs.com/Careers/job/NTU-Main-Campus-Singapore/Research-Fellow--Integrated-Polaritonic-Devices-_R00025314
1858,https://ntu.wd3.myworkdayjobs.com/Careers/job/NTU-Main-Campus-Singapore/Research-Fellow--Integrated-SNSPD-Detectors-_R00025315
1858,https://ntu.wd3.myworkdayjobs.com/Careers/job/NTU-Main-Campus-Singapore/Research-Fellow--Human-Factors-_R00025308
1858,https://ntu.wd3.myworkdayjobs.com/Careers/job/NTU-Main-Campus-Singapore/Research-Fellow--Quantum-Materials-Physics-_R00025309
1858,https://ntu.wd3.myworkdayjobs.com/Careers/job/NTU-Main-Campus-Singapore/Business-Systems-Specialist-Analyst--Digital-Solutions-Department---NIE-_R00023948
1858,https://ntu.wd3.myworkdayjobs.com/Careers/job/NTU-Main-Campus-Singapore/Research-Fellow--Gesture-Sign-Linguistics--Computational-Linguistics-_R00025303
1858,https://ntu.wd3.myworkdayjobs.com/Careers/job/NTU-Main-Campus-Singapore/Research-Fellow--AI-in-Medicine_R00025293-1
1858,https://ntu.wd3.myworkdayjobs.com/Careers/job/NTU-Main-Campus-Singapore/Project-Officer--Climate-Transformation-Programme--CTP--_R00025287-1
1858,https://ntu.wd3.myworkdayjobs.com/Careers/job/NTU-Main-Campus-Singapore/Research-Fellow--Electronic-Engineering--Computer-Science--Mechanical-Engineering--_R00025278
1858,https://ntu.wd3.myworkdayjobs.com/Careers/job/NTU-Main-Campus-Singapore/Research-Fellow--Advanced-power-electronics-and-energy-systems-_R00025268
1858,https://ntu.wd3.myworkdayjobs.com/Careers/job/NTU-Main-Campus-Singapore/Research-Fellow--Embodied-AI-_R00025271
1858,https://ntu.wd3.myworkdayjobs.com/Careers/job/NTU-Main-Campus-Singapore/Senior-Executive-Assistant-Manager--Content-Development---Writer--Science-Engineering-Tech-_R00025266
1858,https://ntu.wd3.myworkdayjobs.com/Careers/job/NTU-Novena-Campus-Singapore/Research-Fellow-Senior-Research-Fellow--Systems-Neuroscience-or-NeuroAI--LKCMedicine-_R00025238-1
1858,https://ntu.wd3.myworkdayjobs.com/Careers/job/NTU-Novena-Campus-Singapore/Research-Assistant-Associate--Artificial-Intelligence-Neuroscience--LKCMedicine-_R00025241-1
1858,https://ntu.wd3.myworkdayjobs.com/Careers/job/NTU-Novena-Campus-Singapore/Research-Assistant-Associate--Systems-Neuroscience--LKCMedicine-_R00025240-1
1858,https://ntu.wd3.myworkdayjobs.com/Careers/job/NTU-Novena-Campus-Singapore/Research-Assistant-Associate--Systems-Neuroscience--LKCMedicine-_R00025239-1
1858,https://ntu.wd3.myworkdayjobs.com/Careers/job/NTU-Main-Campus-Singapore/Research-Engineer-II--Semiconductor-Fabrication--Heterogeneous-Integrated-Photonics--_R00025246
1858,https://ntu.wd3.myworkdayjobs.com/Careers/job/NTU-Main-Campus-Singapore/Research-Fellow--Electrolyte-and-Materials-Interfaces-for-Batteries-_R00025235
1858,https://ntu.wd3.myworkdayjobs.com/Careers/job/NTU-Main-Campus-Singapore/Visiting-Professor_R00025232
1858,https://ntu.wd3.myworkdayjobs.com/Careers/job/NTU-Main-Campus-Singapore/Research-Assistant--Environmental-Microbiology-_R00025228
1858,https://ntu.wd3.myworkdayjobs.com/Careers/job/NTU-Main-Campus-Singapore/Research-Assistant--Environmental-Microbiology-_R00025222
1858,https://ntu.wd3.myworkdayjobs.com/Careers/job/NTU-Main-Campus-Singapore/Research-Fellow--Quantum-Photonics-_R00025225
1858,https://ntu.wd3.myworkdayjobs.com/Careers/job/NTU-Main-Campus-Singapore/Research-Fellow--MOF---6th-_R00025206
1858,https://ntu.wd3.myworkdayjobs.com/Careers/job/NTU-Main-Campus-Singapore/Research-Fellow--Photocatalysis-_R00025197
1858,https://ntu.wd3.myworkdayjobs.com/Careers/job/NTU-Main-Campus-Singapore/Assistant-Manager--Administrative-Support--NTUitive-_R00025190
1858,https://ntu.wd3.myworkdayjobs.com/Careers/job/NTU-Main-Campus-Singapore/Research-Fellow--Communication-Media-Studies-Computational-Social-Science-Information-Science-Computer-Science-Data-Science-_R00025189-1
1858,https://ntu.wd3.myworkdayjobs.com/Careers/job/NTU-Main-Campus-Singapore/Deputy-Director--Financial-Planning---Analysis_R00024755
1858,https://ntu.wd3.myworkdayjobs.com/Careers/job/NTU-Main-Campus-Singapore/Senior-IT-Security-Analyst--Information-Security-Department---NIE-_R00024901
1858,https://ntu.wd3.myworkdayjobs.com/Careers/job/NTU-Main-Campus-Singapore/Research-Associate--Computer-Science-_R00025148
1858,https://ntu.wd3.myworkdayjobs.com/Careers/job/NTU-Main-Campus-Singapore/Research-Associate--AI-for-Medicine--LKCMedicine-_R00025063
1858,https://ntu.wd3.myworkdayjobs.com/Careers/job/NTU-Main-Campus-Singapore/Research-Fellow--Civil-Engineering-_R00025158
1858,https://ntu.wd3.myworkdayjobs.com/Careers/job/NTU-Main-Campus-Singapore/Research-Fellow--Spinal-Cord-Injury-Experiments-for--Neural-Tissue-Engineering-Research-_R00023404
1858,https://ntu.wd3.myworkdayjobs.com/Careers/job/NTU-Main-Campus-Singapore/Director--Industry_R00025123
1858,https://ntu.wd3.myworkdayjobs.com/Careers/job/NTU-Main-Campus-Singapore/Project-Officer--Materials-Science---Engineering-Materials-Science-Polymer-Chemistry-Chemical-Engineering-Nanotechnology-Physics-Electrochemistry-_R00025126
1858,https://ntu.wd3.myworkdayjobs.com/Careers/job/NTU-Main-Campus-Singapore/Research-Fellow--Physical-Sciences-Engineering-_R00025119
1858,https://ntu.wd3.myworkdayjobs.com/Careers/job/NTU-Novena-Campus-Singapore/Senior-Assistant-Manager--Postgraduate---Continuing-Education-Programmes--LKCMedicine-_R00025117
1858,https://ntu.wd3.myworkdayjobs.com/Careers/job/NTU-Main-Campus-Singapore/Research-Associate--Communication-Psychology-Public-Health-Behavioral-Sciences-Social-Science-_R00025096-1
1858,https://ntu.wd3.myworkdayjobs.com/Careers/job/NTU-Main-Campus-Singapore/Research-Engineer-I--Resilient-Urbanisation---Natural-Ecosystems-_R00024870
1858,https://ntu.wd3.myworkdayjobs.com/Careers/job/NTU-Novena-Campus-Singapore/Senior-Executive--Clinical-Research-Officer--Operations---LKCMedicine-_R00025081-1
1858,https://ntu.wd3.myworkdayjobs.com/Careers/job/NTU-Novena-Campus-Singapore/Senior-Executive--Clinical-Research-Officer--Recruitment---LKCMedicine-_R00025077-1
1858,https://ntu.wd3.myworkdayjobs.com/Careers/job/NTU-Main-Campus-Singapore/Postdoctoral-Fellow--Chinese-Political-Thought-_R00025046
1858,https://ntu.wd3.myworkdayjobs.com/Careers/job/NTU-Main-Campus-Singapore/Research-Fellow--LKCMedicine-_R00025064
1858,https://ntu.wd3.myworkdayjobs.com/Careers/job/NTU-Main-Campus-Singapore/Senior-Assistant-Manager--Digital-Transformation--Academic-Services-_R00025065
1858,https://ntu.wd3.myworkdayjobs.com/Careers/job/NTU-Main-Campus-Singapore/Research-Fellow--In-Vivo-Neural-Tissue-Engineering-_R00023827
1858,https://ntu.wd3.myworkdayjobs.com/Careers/job/NTU-Main-Campus-Singapore/Research-Fellow--Quantum-Optics-and-Nanophotonics-_R00025060-1
1858,https://ntu.wd3.myworkdayjobs.com/Careers/job/NTU-Main-Campus-Singapore/Adjunct-Associate-Professor-in-Wine--Environment-and-Society_R00025047
1858,https://ntu.wd3.myworkdayjobs.com/Careers/job/NTU-Main-Campus-Singapore/Assistant-Manager--Human-Resources_R00022385
1858,https://ntu.wd3.myworkdayjobs.com/Careers/job/NTU-Main-Campus-Singapore/Research-Fellow--Semiconductor-Advanced-Packaging-_R00024649
1858,https://ntu.wd3.myworkdayjobs.com/Careers/job/CleanTech-One/Research-Engineer-II--Computer-Science---Robotics---Automation-_R00025015
1858,https://ntu.wd3.myworkdayjobs.com/Careers/job/NTU-Main-Campus-Singapore/Senior-Assistant-Manager--Operations--Business-Development-_R00024997
1858,https://ntu.wd3.myworkdayjobs.com/Careers/job/NTU-Main-Campus-Singapore/Visiting-Associate-Professor-in-Visual-Communication_R00024418
1858,https://ntu.wd3.myworkdayjobs.com/Careers/job/NTU-Main-Campus-Singapore/Hwa-Chong-International-School---Tooh-Fee-San-Distinguished-Professorship-in-Education-and-Artificial-Intelligence--NIE-NTU-_R00024911
1858,https://ntu.wd3.myworkdayjobs.com/Careers/job/NTU-Main-Campus-Singapore/Research-Fellow--Cryptography-and-or-machine-learning-interpretability-_R00024939
1858,https://ntu.wd3.myworkdayjobs.com/Careers/job/NTU-Main-Campus-Singapore/Research-Fellow--Cryptography-and-or-machine-learning-interpretability-_R00024941
1858,https://ntu.wd3.myworkdayjobs.com/Careers/job/NTU-Main-Campus-Singapore/Research-Associate--Embodied-AI-Safety-_R00024943
1858,https://ntu.wd3.myworkdayjobs.com/Careers/job/NTU-Main-Campus-Singapore/Wallenberg-NTU-Postdoctoral-Fellow_R00024924
1858,https://ntu.wd3.myworkdayjobs.com/Careers/job/NTU-Main-Campus-Singapore/Project-Officer--Material-Science--Electrochemistry-_R00024929
1858,https://ntu.wd3.myworkdayjobs.com/Careers/job/NTU-Main-Campus-Singapore/Research-Fellow--Artificial-Intelligence-_R00024918
1858,https://ntu.wd3.myworkdayjobs.com/Careers/job/NTU-Novena-Campus-Singapore/Senior-Research-Fellow--LKCMedicine-_R00024892-1
1858,https://ntu.wd3.myworkdayjobs.com/Careers/job/NTU-Main-Campus-Singapore/Research-Associate--Computer-Engineering-Computer-Science-Electronics-Engineering-_R00024913
1858,https://ntu.wd3.myworkdayjobs.com/Careers/job/NTU-Main-Campus-Singapore/IT-Security-Specialist--Information-Security-Department---NIE-_R00024898-1
1858,https://ntu.wd3.myworkdayjobs.com/Careers/job/NTU-Main-Campus-Singapore/Research-Fellow--LKCMedicine-_R00024891
1858,https://ntu.wd3.myworkdayjobs.com/Careers/job/NTU-Main-Campus-Singapore/Research-Fellow--Nanofluidics-Devices-_R00024883
1858,https://ntu.wd3.myworkdayjobs.com/Careers/job/NTU-Main-Campus-Singapore/Visting-Professor--Chinese-_R00024878
1858,https://ntu.wd3.myworkdayjobs.com/Careers/job/NTU-Main-Campus-Singapore/Research-Fellow--MOF---3rd-_R00024877
1858,https://ntu.wd3.myworkdayjobs.com/Careers/job/NTU-Main-Campus-Singapore/Research-Associate---Assistant--AI--ML-_R00024866
1858,https://ntu.wd3.myworkdayjobs.com/Careers/job/NTU-Main-Campus-Singapore/Research-Assistant--Semiconductor-Laser-Diode-_R00024835
1858,https://ntu.wd3.myworkdayjobs.com/Careers/job/CleanTech-One/Research-Fellow--Electrical-_R00023720
1858,https://ntu.wd3.myworkdayjobs.com/Careers/job/NTU-Novena-Campus-Singapore/Senior-Research-Fellow--Patient-and-Public-Involvement-and-Engagement--PPIE---LKCMedicine-_R00024819-1
1858,https://ntu.wd3.myworkdayjobs.com/Careers/job/NTU-Main-Campus-Singapore/Research-Engineer-II--Trust-Technologies-_R00024811
1858,https://ntu.wd3.myworkdayjobs.com/Careers/job/NTU-Main-Campus-Singapore/Research-Fellow--Photonics-_R00024725
1858,https://ntu.wd3.myworkdayjobs.com/Careers/job/NTU-Main-Campus-Singapore/Research-Fellow--Power-Grids-and-Markets-_R00024714
1858,https://ntu.wd3.myworkdayjobs.com/Careers/job/NTU-Main-Campus-Singapore/Research-Fellow--Main-Group-Chemistry-_R00024704
1858,https://ntu.wd3.myworkdayjobs.com/Careers/job/NTU-Main-Campus-Singapore/Research-Fellow--Photonic-Integration-_R00022824
1858,https://ntu.wd3.myworkdayjobs.com/Careers/job/NTU-Main-Campus-Singapore/Project-Officer--Engineering---Science---Computer-Science-_R00024693
1858,https://ntu.wd3.myworkdayjobs.com/Careers/job/NTU-Main-Campus-Singapore/Research-Fellow--Multi-Agent-RL-for-Autonomous-Drone-Swarm-_R00024671
1858,https://ntu.wd3.myworkdayjobs.com/Careers/job/NTU-Main-Campus-Singapore/Visiting-Associate-Professor-Position-in-Game-Design-and-Game-Studies-Ludology_R00023694
1858,https://ntu.wd3.myworkdayjobs.com/Careers/job/NTU-Main-Campus-Singapore/Research-Associate--Conductors-and-materials-interfaces-_R00024630
1858,https://ntu.wd3.myworkdayjobs.com/Careers/job/NTU-Main-Campus-Singapore/Research-Fellow--IC-Design-and-Academic-_R00024588
1858,https://ntu.wd3.myworkdayjobs.com/Careers/job/NTU-Main-Campus-Singapore/Research-Fellow--Materials-Science-Biomass-Biomaterials-_R00024613
1858,https://ntu.wd3.myworkdayjobs.com/Careers/job/NTU-Main-Campus-Singapore/Research-Assistant--Perovskite-Photovoltaics-_R00024578
1858,https://ntu.wd3.myworkdayjobs.com/Careers/job/NTU-Main-Campus-Singapore/Research-Associate--Adhesive-Bonding-Technologies--Design-and-Debonding-Instrumentation-Development-_R00024557
1858,https://ntu.wd3.myworkdayjobs.com/Careers/job/NTU-Main-Campus-Singapore/Research-Assistant-Research-Associate-Research-Fellow--Computer-Science-_R00024566-1
1858,https://ntu.wd3.myworkdayjobs.com/Careers/job/NTU-Main-Campus-Singapore/Research-Fellow--Photo-electro-catalysis-_R00021508
1858,https://ntu.wd3.myworkdayjobs.com/Careers/job/NTU-Main-Campus-Singapore/Project-Officer--Centre-for-Health--Culture--and-Society-_R00024516-1
1858,https://ntu.wd3.myworkdayjobs.com/Careers/job/NTU-Main-Campus-Singapore/Research-Fellow--2D-Ferroelectric-Materials-and-Devices-_R00024493
1858,https://ntu.wd3.myworkdayjobs.com/Careers/job/NTU-Main-Campus-Singapore/Research-Fellow--CO2-capture-_R00024450
1858,https://ntu.wd3.myworkdayjobs.com/Careers/job/NTU-Main-Campus-Singapore/Research-Fellow--CO2-capture-_R00024449
1858,https://ntu.wd3.myworkdayjobs.com/Careers/job/NTU-Main-Campus-Singapore/Research-Fellow--Quantum-Circuits-_R00024438
1858,https://ntu.wd3.myworkdayjobs.com/Careers/job/NTU-Main-Campus-Singapore/Research-Engineer--Machine-Learning-_R00022966
1858,https://ntu.wd3.myworkdayjobs.com/Careers/job/NTU-Main-Campus-Singapore/Research-Fellow--Centre-of-African-Studies--CAS--_R00024343-1
1858,https://ntu.wd3.myworkdayjobs.com/Careers/job/NTU-Main-Campus-Singapore/Research-Associate-Research-Fellow--Ecology-Biogeochemistry-Earth-Science-Soil-Science-Environmental-Science-Hydrology-Computer-Science-_R00024311
1858,https://ntu.wd3.myworkdayjobs.com/Careers/job/NTU-Main-Campus-Singapore/Part-time-Lecturer-in-History_R00013624
1858,https://ntu.wd3.myworkdayjobs.com/Careers/job/NTU-Main-Campus-Singapore/Research-Fellow-Research-Associate--Developing-AI-enabled-software-for-nature-positive-business-transformation-in-ASEAN-_R00024254-1
1858,https://ntu.wd3.myworkdayjobs.com/Careers/job/NTU-Main-Campus-Singapore/Part-Time-Lecturer-in-DD4005-Media-Art-Interdisciplinary-Seminar--Animation---Games---ADM-_R00024240-1
1858,https://ntu.wd3.myworkdayjobs.com/Careers/job/NTU-Main-Campus-Singapore/Part-Time-Lecturer-for-AP6402-Art-Tech-Collaboration--ADM-_R00024232
1858,https://ntu.wd3.myworkdayjobs.com/Careers/job/NTU-Main-Campus-Singapore/Part-Time-Lecturer-for-AP6413-Modelling-and-Animation-for-Games--ADM-_R00024236
1858,https://ntu.wd3.myworkdayjobs.com/Careers/job/NTU-Main-Campus-Singapore/Research-Associate--Embodied-AI-_R00024181
1858,https://ntu.wd3.myworkdayjobs.com/Careers/job/NTU-Main-Campus-Singapore/Research-Associate--Engineering-Electrical---Material-_R00023261
1858,https://ntu.wd3.myworkdayjobs.com/Careers/job/NTU-Main-Campus-Singapore/Research-Fellow--Experimental-Nanophotonics-and-Free-Electron-science-_R00020646
1858,https://ntu.wd3.myworkdayjobs.com/Careers/job/NTU-Main-Campus-Singapore/Research-Fellow--Nanophotonic-Scintillators-_R00023862
1858,https://ntu.wd3.myworkdayjobs.com/Careers/job/NTU-Main-Campus-Singapore/Part-Time-Lecturer-in-the-School-of-Mechanical-and-Aerospace-Engineering--MAE-_R00024151-1
1858,https://ntu.wd3.myworkdayjobs.com/Careers/job/NTU-Main-Campus-Singapore/Research-Assistant--Physical-Geography-Geology-Environmental-Science-_R00024118
1858,https://ntu.wd3.myworkdayjobs.com/Careers/job/NTU-Main-Campus-Singapore/Research-Assistant--Psychology-Education-_R00024097
1858,https://ntu.wd3.myworkdayjobs.com/Careers/job/NTU-Novena-Campus-Singapore/Research-Assistant-Associate--LKCMedicine-_R00024057-1
1858,https://ntu.wd3.myworkdayjobs.com/Careers/job/NTU-Main-Campus-Singapore/Senior-Research-Fellow--Mechanical-Engineering---Aerospace-Engineering---Applied-Physics-_R00024038
1858,https://ntu.wd3.myworkdayjobs.com/Careers/job/NTU-Main-Campus-Singapore/Research-Assistant--Quantum-Materials-Physics-_R00023914
1858,https://ntu.wd3.myworkdayjobs.com/Careers/job/CleanTech-One/Senior-Research-Scientist--Power-Electronics-in-Flow-based-Energy-Storages-_R00023601-1
1858,https://ntu.wd3.myworkdayjobs.com/Careers/job/NTU-Main-Campus-Singapore/Research-Assistant--Cryptography-and-automated-cryptanalysis-_R00017793
1858,https://ntu.wd3.myworkdayjobs.com/Careers/job/NTU-Main-Campus-Singapore/Part-Time-Project-Officer--Air-Traffic-Control-_R00023824
1858,https://ntu.wd3.myworkdayjobs.com/Careers/job/NTU-Main-Campus-Singapore/Part-time-Lecturer-in-Language-and-Communication-Centre_R00023835
1858,https://ntu.wd3.myworkdayjobs.com/Careers/job/NTU-Main-Campus-Singapore/Part-time-Lecturer-in-Language-and-Communication-Centre_R00023838
1858,https://ntu.wd3.myworkdayjobs.com/Careers/job/NTU-Main-Campus-Singapore/Research-Fellow--Experimental-Psychology-Neuroscience-_R00023822
1858,https://ntu.wd3.myworkdayjobs.com/Careers/job/NTU-Main-Campus-Singapore/Research-Fellow--Computer-Engineering-Computer-Science-Electronics-Engineering-_R00023810
1858,https://ntu.wd3.myworkdayjobs.com/Careers/job/NTU-Main-Campus-Singapore/Research-Fellow--Experimental-Psychology-Neuroscience-_R00023802
1858,https://ntu.wd3.myworkdayjobs.com/Careers/job/NTU-Main-Campus-Singapore/Research-Assistant--Psychology-_R00023799
1858,https://ntu.wd3.myworkdayjobs.com/Careers/job/NTU-Main-Campus-Singapore/Senior-Assistant-Manager---Assistant-Manager--Platforms-Engineer--MLOps_R00023666
1858,https://ntu.wd3.myworkdayjobs.com/Careers/job/NTU-Main-Campus-Singapore/Senior-Assistant-Manager---Assistant-Manager--AI-Engineer_R00023667
1858,https://ntu.wd3.myworkdayjobs.com/Careers/job/NTU-Main-Campus-Singapore/Part-Time-Lecturer-in-Masters-of-Science-in-Psychology--SSS-_R00023761
1858,https://ntu.wd3.myworkdayjobs.com/Careers/job/NTU-Main-Campus-Singapore/AI-Engineers--T-Up-Program-_R00023748
1858,https://ntu.wd3.myworkdayjobs.com/Careers/job/CleanTech-One/Research-Fellow--Mechanical-Engineering-Clean-Renewable-Energy-Building-_R00021994
1858,https://ntu.wd3.myworkdayjobs.com/Careers/job/NTU-Main-Campus-Singapore/Project-Officer--Engineering-Material-Science-_R00021435
1858,https://ntu.wd3.myworkdayjobs.com/Careers/job/NTU-Main-Campus-Singapore/Research-Associate--Materials-_R00023718
1858,https://ntu.wd3.myworkdayjobs.com/Careers/job/NTU-Main-Campus-Singapore/Research-Engineer-I--Miniaturizing-Particle-Accelerators-for-X-Ray-Generation-_R00016458
1858,https://ntu.wd3.myworkdayjobs.com/Careers/job/NTU-Main-Campus-Singapore/Assistant-Manager--Student-Administration--Care--Serve--Learn-Office-_R00022803
1858,https://ntu.wd3.myworkdayjobs.com/Careers/job/NTU-Main-Campus-Singapore/Research-Fellow--Computer-Science---Software-Engineering---Artificial-Intelligence-_R00023654
1858,https://ntu.wd3.myworkdayjobs.com/Careers/job/NTU-Main-Campus-Singapore/Research-Fellow--Physics-_R00023645
1858,https://ntu.wd3.myworkdayjobs.com/Careers/job/CleanTech-One/Senior-Research-Scientist---Power-Electronics--Power-Engineering--_R00023603
1858,https://ntu.wd3.myworkdayjobs.com/Careers/job/NTU-Main-Campus-Singapore/Senior-Assistant-Manager--Activate-Global-Fellows-SG-NTU--NTUitive-_R00023528
1858,https://ntu.wd3.myworkdayjobs.com/Careers/job/NTU-Main-Campus-Singapore/Senior-Research-Fellow--IC-Design-and-EDA-_R00023418
1858,https://ntu.wd3.myworkdayjobs.com/Careers/job/NTU-Main-Campus-Singapore/Project-Officer-Research-Fellow--Cathode-_R00023424
1858,https://ntu.wd3.myworkdayjobs.com/Careers/job/NTU-Main-Campus-Singapore/Part-Time-Lecturer-in-Care--Serve--Learn--CSL-_R00022560
1858,https://ntu.wd3.myworkdayjobs.com/Careers/job/NTU-Main-Campus-Singapore/Part-Time-Lecturer--Evergreen-_R00019127
1858,https://ntu.wd3.myworkdayjobs.com/Careers/job/NTU-Main-Campus-Singapore/Part-Time-Lecturer-in-Finance--NBS-_R00023365
1858,https://ntu.wd3.myworkdayjobs.com/Careers/job/NTU-Main-Campus-Singapore/Senior-Research-Fellow--Materials-Chemistry-and-Chemical-Engineering-_R00023315
1858,https://ntu.wd3.myworkdayjobs.com/Careers/job/NTU-Main-Campus-Singapore/Research-Scientist--Embedded---Quantum-Security-_R00023302
1858,https://ntu.wd3.myworkdayjobs.com/Careers/job/NTU-Main-Campus-Singapore/Research-Fellow--Materials-Science---Engineering---Mechanical-Engineering-_R00023287
1858,https://ntu.wd3.myworkdayjobs.com/Careers/job/NTU-Main-Campus-Singapore/Research-Fellow--Aerospace-Engineering-Transport-Mechanical-Engineering-Computer-Science-_R00023218
1858,https://ntu.wd3.myworkdayjobs.com/Careers/job/NTU-Main-Campus-Singapore/Part-time-Lecturer-for-all-areas-of-Electrical-and-Electronic-Engineering_R00022058
1858,https://ntu.wd3.myworkdayjobs.com/Careers/job/NTU-Main-Campus-Singapore/Research-Engineer-II--Aerospace-Engineering-Transport-Computer-Science-_R00023163
1858,https://ntu.wd3.myworkdayjobs.com/Careers/job/NTU-Main-Campus-Singapore/Research-Associate--Microplastics-and-Health-_R00022665
1858,https://ntu.wd3.myworkdayjobs.com/Careers/job/NTU-Main-Campus-Singapore/Research-Fellow--Musculoskeletal-Health-_R00023068
1858,https://ntu.wd3.myworkdayjobs.com/Careers/job/NTU-Main-Campus-Singapore/Research-Assistant--Communication-Studies-Social-Science-_R00023051
1858,https://ntu.wd3.myworkdayjobs.com/Careers/job/NTU-Main-Campus-Singapore/Research-Fellow--Mathematical-AI-_R00023044
1858,https://ntu.wd3.myworkdayjobs.com/Careers/job/NTU-Main-Campus-Singapore/Project-Officer-Research-Associate--Qualitative-Researcher-_R00022347
1858,https://ntu.wd3.myworkdayjobs.com/Careers/job/NTU-Main-Campus-Singapore/Research-Assistant--Membrane-and-Separation-Technology-_R00023029
1858,https://ntu.wd3.myworkdayjobs.com/Careers/job/NTU-Main-Campus-Singapore/Research-Fellow--Membrane-and-Separation-Technology-_R00023027
1858,https://ntu.wd3.myworkdayjobs.com/Careers/job/NTU-Main-Campus-Singapore/Senior-Research-Fellow--Games-Studies-Computer-Science-Interactive-Media-Digital-Arts-Education-Psychology-Media-Studies-_R00023002
1858,https://ntu.wd3.myworkdayjobs.com/Careers/job/NTU-Main-Campus-Singapore/Research-Assistant--Materials-Science-Engineering-_R00022934
1858,https://ntu.wd3.myworkdayjobs.com/Careers/job/NTU-Main-Campus-Singapore/Research-Fellow--Computer-Science-Engineering-_R00022857
1858,https://ntu.wd3.myworkdayjobs.com/Careers/job/NTU-Main-Campus-Singapore/Research-Fellow--Artificial-Intelligence-for-Life-Sciences-Applications-_R00021896
1858,https://ntu.wd3.myworkdayjobs.com/Careers/job/NTU-Main-Campus-Singapore/Part-Time-Lecturer_R00022577
1858,https://ntu.wd3.myworkdayjobs.com/Careers/job/NTU-Main-Campus-Singapore/Research-Fellow--Data-enabled-Predictive-Control-_R00022503
1858,https://ntu.wd3.myworkdayjobs.com/Careers/job/NTU-Main-Campus-Singapore/Research-Fellow--Data-enabled-Predictive-Control-_R00022504
1858,https://ntu.wd3.myworkdayjobs.com/Careers/job/NTU-Main-Campus-Singapore/Research-Fellow--Emission-Control-of-Ammonia-Combustion-_R00022483
1858,https://ntu.wd3.myworkdayjobs.com/Careers/job/NTU-Main-Campus-Singapore/Visiting-Professor_R00022257
1858,https://ntu.wd3.myworkdayjobs.com/Careers/job/CleanTech-One/Workplace-Safety-and-Health-Officer--Separation-Technologies-Applied-Research-and-Translation-Centre--NTUitive-_R00021280
1858,https://ntu.wd3.myworkdayjobs.com/Careers/job/NTU-Main-Campus-Singapore/Research-Associate--Random-Lasing-_R00022199
1858,https://ntu.wd3.myworkdayjobs.com/Careers/job/NTUOne-North-Campus-Singapore/Investment-Operations-Senior-Officer_R00022188
1858,https://ntu.wd3.myworkdayjobs.com/Careers/job/NTU-Main-Campus-Singapore/Research-Scientist--Computer-Science-Computer-Engineering-Electrical---Electronic-Engineering-_R00022165
1858,https://ntu.wd3.myworkdayjobs.com/Careers/job/NTU-Main-Campus-Singapore/Research-Scientist--Computer-Science-Computer-Engineering-Electrical---Electronic-Engineering-_R00022164
1858,https://ntu.wd3.myworkdayjobs.com/Careers/job/NTU-Main-Campus-Singapore/Research-Fellow--Electronic---Electrical-Engineering---Physics---Microelectronics-_R00022138
1858,https://ntu.wd3.myworkdayjobs.com/Careers/job/NTU-Main-Campus-Singapore/Part-Time-Lecturer-in-MSAE-Programme--SSS-_R00022064
1858,https://ntu.wd3.myworkdayjobs.com/Careers/job/NTU-Main-Campus-Singapore/Part-Time-Lecturer--Applied-Mathematics-for-Business-_R00021947
1858,https://ntu.wd3.myworkdayjobs.com/Careers/job/NTU-Main-Campus-Singapore/Research-Fellow--Computer-Engineering-Computer-Science-Electronics-Engineering-_R00021161
1858,https://ntu.wd3.myworkdayjobs.com/Careers/job/NTU-Main-Campus-Singapore/Research-Fellow--Computer-Science-_R00021906
1858,https://ntu.wd3.myworkdayjobs.com/Careers/job/NTU-Main-Campus-Singapore/Research-Associate--Computer-Vision-and-Artificial-Intelligence-_R00021905
1858,https://ntu.wd3.myworkdayjobs.com/Careers/job/NTU-Main-Campus-Singapore/Part-time-Lecturer--Sociology-_R00006004
1858,https://ntu.wd3.myworkdayjobs.com/Careers/job/NTU-Main-Campus-Singapore/Research-Assistant--Object-Detection-_R00021899
1858,https://ntu.wd3.myworkdayjobs.com/Careers/job/NTU-Main-Campus-Singapore/Research-Associate--Object-Detection--Segmentation-_R00021865-1
1858,https://ntu.wd3.myworkdayjobs.com/Careers/job/NTU-Main-Campus-Singapore/Part-Time-Lecturer--Psychology-_R00007865
1858,https://ntu.wd3.myworkdayjobs.com/Careers/job/NTU-Main-Campus-Singapore/Research-Associate--IC-Design-_R00019126
1858,https://ntu.wd3.myworkdayjobs.com/Careers/job/NTU-Main-Campus-Singapore/Research-Associate--Environment-and-Health-_R00021774
1858,https://ntu.wd3.myworkdayjobs.com/Careers/job/NTU-Main-Campus-Singapore/Asia-Creative-Writing-Programme---Call-for-Visiting-Writers_R00001393
1858,https://ntu.wd3.myworkdayjobs.com/Careers/job/NTU-Main-Campus-Singapore/Lecturer--Senior-Lecturer--School-of-Computer-Science-and-Engineering-_R00016347-1
1858,https://ntu.wd3.myworkdayjobs.com/Careers/job/NTU-Main-Campus-Singapore/Research-Engineer-II--GUI---Visualization-_R00021673
1858,https://ntu.wd3.myworkdayjobs.com/Careers/job/NTU-Main-Campus-Singapore/Research-Engineer-II--Coordination---API-_R00021671
1858,https://ntu.wd3.myworkdayjobs.com/Careers/job/NTU-Main-Campus-Singapore/Research-Associate--Computer-Engineering-Computer-Science-Electronics-Engineering-_R00021667
1858,https://ntu.wd3.myworkdayjobs.com/Careers/job/NTU-Main-Campus-Singapore/Part-Time-Lecturer-for-ADM-Course-AP6204_R00021623
1858,https://ntu.wd3.myworkdayjobs.com/Careers/job/NTU-Main-Campus-Singapore/Part-time-lecturer-for-Translation--Cultural-Heritage-and-Museum_R00021592
1858,https://ntu.wd3.myworkdayjobs.com/Careers/job/NTU-Main-Campus-Singapore/Research-Associate-Engineer-II--FPGA-Design-and-Development-_R00021553
1858,https://ntu.wd3.myworkdayjobs.com/Careers/job/NTU-Main-Campus-Singapore/Research-Fellow-Senior-Research-Fellow--Front-end-design--RTL--Scientist-for-Heterogeneous-Systems-_R00021545
1858,https://ntu.wd3.myworkdayjobs.com/Careers/job/NTU-Main-Campus-Singapore/Part-time-Lecturer--Sociology-_R00021404
1858,https://ntu.wd3.myworkdayjobs.com/Careers/job/NTU-Main-Campus-Singapore/Research-Fellow--Computer-Engineering-Computer-Science-Electronics-Engineering-_R00021370
1858,https://ntu.wd3.myworkdayjobs.com/Careers/job/NTU-Main-Campus-Singapore/Visting-Professor--Chinese-Studies-Studies-of-China-_R00019810
1858,https://ntu.wd3.myworkdayjobs.com/Careers/job/NTU-Novena-Campus-Singapore/Research-Fellow-Senior-Research-Fellow--Computer-Science-Cognitive-Neuroscience-Life-Sciences-Engineering-_R00021221
1858,https://ntu.wd3.myworkdayjobs.com/Careers/job/NTU-Main-Campus-Singapore/Research-Associate--Psychology-Sociology-Education-_R00020396
1858,https://ntu.wd3.myworkdayjobs.com/Careers/job/NTU-Main-Campus-Singapore/Project-Officer--Behavioural-Sciences-Public-Health-Communication---Psychology-_R00021177
1858,https://ntu.wd3.myworkdayjobs.com/Careers/job/NTU-Main-Campus-Singapore/Research-Fellow--Multi-UAVs-Path-Planning-_R00021150
1858,https://ntu.wd3.myworkdayjobs.com/Careers/job/NTU-Main-Campus-Singapore/Part-Time-Lecturer-in-Tamil-Language_R00021051
1858,https://ntu.wd3.myworkdayjobs.com/Careers/job/NTU-Main-Campus-Singapore/Part-Time-Lecturer-in-Danish_R00021049
1858,https://ntu.wd3.myworkdayjobs.com/Careers/job/NTU-Main-Campus-Singapore/Part-Time-Lecturer-in-Khmer-Language_R00021050
1858,https://ntu.wd3.myworkdayjobs.com/Careers/job/NTU-Main-Campus-Singapore/Part-Time-Lecturer-in-Portuguese_R00021048
1858,https://ntu.wd3.myworkdayjobs.com/Careers/job/NTU-Main-Campus-Singapore/Adjunct-Associate-Professor--NBS-_R00021022
1858,https://ntu.wd3.myworkdayjobs.com/Careers/job/NTU-Main-Campus-Singapore/Research-Associate--Communications-Psychology-Business-Administration-Public-Health-_R00017429
1858,https://ntu.wd3.myworkdayjobs.com/Careers/job/NTU-Main-Campus-Singapore/Part-time-Lecturer--School-of-Civil-and-Environmental-Engineering-_R00020729-1
1858,https://ntu.wd3.myworkdayjobs.com/Careers/job/NTU-Main-Campus-Singapore/Research-Associate--Mechanical-Engineering-Aerospace-Engineering-Applied-Physics-_R00020668
1858,https://ntu.wd3.myworkdayjobs.com/Careers/job/NTU-Main-Campus-Singapore/Part-time-Lecturer-in-Translation-and-Localisation_R00015722
1858,https://ntu.wd3.myworkdayjobs.com/Careers/job/NTU-Main-Campus-Singapore/Research-Associate-Research-Fellow--Power-Energy-Systems-and-Academic-_R00020628
1858,https://ntu.wd3.myworkdayjobs.com/Careers/job/NTU-Main-Campus-Singapore/Senior-Research-Fellow--Experimental-Quantum-Physics-_R00020592
1858,https://ntu.wd3.myworkdayjobs.com/Careers/job/NTU-Main-Campus-Singapore/Research-Associate--Geometric-Data-Science-_R00020513
1858,https://ntu.wd3.myworkdayjobs.com/Careers/job/NTU-Main-Campus-Singapore/Research-Fellow--Flow-Chemistry-_R00020427
1858,https://ntu.wd3.myworkdayjobs.com/Careers/job/NTU-Main-Campus-Singapore/Research-Associate--High-Temperature-Resistant---Miniaturized-Payload-Hardware-Design-_R00020360
1858,https://ntu.wd3.myworkdayjobs.com/Careers/job/NTU-Main-Campus-Singapore/Part-Time-Lecturer-for-Introduction-to-Museum-Studies_R00020341
1858,https://ntu.wd3.myworkdayjobs.com/Careers/job/NTU-Main-Campus-Singapore/Research-Fellow--Communication-Psychology-Sociology-Human-Computer-Interaction-Social-Science-_R00020303
1858,https://ntu.wd3.myworkdayjobs.com/Careers/job/NTU-Main-Campus-Singapore/Part-time-Lecturer--English-Literature-_R00019942
1858,https://ntu.wd3.myworkdayjobs.com/Careers/job/NTU-Main-Campus-Singapore/Research-Fellow--Perovskites-_R00019991
1858,https://ntu.wd3.myworkdayjobs.com/Careers/job/NTU-Main-Campus-Singapore/Research-Assistant--Robotics---Mechatronics-_R00019928
1858,https://ntu.wd3.myworkdayjobs.com/Careers/job/NTU-Main-Campus-Singapore/Research-Engineer-I---Research-Engineer-II--Computer-Science-Artificial-Intelligence-_R00019855
1858,https://ntu.wd3.myworkdayjobs.com/Careers/job/NTU-Main-Campus-Singapore/Senior-Research-Fellow--Low-temperature-electron-transport-measurement---Project-Officer--Experimental-Condensed-Matter-Physics-Laboratory-_R00018010-1
1858,https://ntu.wd3.myworkdayjobs.com/Careers/job/NTU-Main-Campus-Singapore/Research-Fellow--Computer-Science---Engineering-Electronic-Engineering-Applied-Mathematics-Perception-Sciences-_R00019727
1858,https://ntu.wd3.myworkdayjobs.com/Careers/job/NTU-Main-Campus-Singapore/Project-Officer--Research-Project-Administration-_R00019698
1858,https://ntu.wd3.myworkdayjobs.com/Careers/job/NTU-Main-Campus-Singapore/Research-Fellow--Biological-Physics-_R00019677
1858,https://ntu.wd3.myworkdayjobs.com/Careers/job/NTU-Main-Campus-Singapore/Research-Assistant--Communication--Psychology--Sociology--Social-Science--Information--Computer-Science-_R00016403
1858,https://ntu.wd3.myworkdayjobs.com/Careers/job/NTU-Main-Campus-Singapore/Project-Officer--Computer-Science-Electrical-Engineering-_R00019653
1858,https://ntu.wd3.myworkdayjobs.com/Careers/job/NTU-Main-Campus-Singapore/Research-Scientist--Computer-Science--Electrical-Engineering-_R00019614
1858,https://ntu.wd3.myworkdayjobs.com/Careers/job/NTU-Main-Campus-Singapore/Research-Associate--Psychology-_R00016038
1858,https://ntu.wd3.myworkdayjobs.com/Careers/job/NTU-Main-Campus-Singapore/Part-Time-Lecturer--Psychology-_R00019380
1858,https://ntu.wd3.myworkdayjobs.com/Careers/job/NTU-Main-Campus-Singapore/Senior-Research-Fellow--Polymer-Upcycling-_R00019334
1858,https://ntu.wd3.myworkdayjobs.com/Careers/job/NTU-Main-Campus-Singapore/Part-time-Lecturer-in-Linguistics_R00019324
1858,https://ntu.wd3.myworkdayjobs.com/Careers/job/NTU-Main-Campus-Singapore/Research-Associate--AI-Law-_R00015991
1858,https://ntu.wd3.myworkdayjobs.com/Careers/job/NTU-Main-Campus-Singapore/Part-time-lecturer_R00013875
1858,https://ntu.wd3.myworkdayjobs.com/Careers/job/NTU-Main-Campus-Singapore/Part-Time-Lecturer_R00018973
1858,https://ntu.wd3.myworkdayjobs.com/Careers/job/NTU-Main-Campus-Singapore/Part-Time-Lecturer_R00018924
1858,https://ntu.wd3.myworkdayjobs.com/Careers/job/NTU-Main-Campus-Singapore/Project-Officer--Materials-Science-Chemistry-Environmental-Engineering-Biology-_R00018830
1858,https://ntu.wd3.myworkdayjobs.com/Careers/job/NTU-Main-Campus-Singapore/Part-time-Lecturer-for-Translation-and-Localisation_R00018709
1858,https://ntu.wd3.myworkdayjobs.com/Careers/job/NTU-Main-Campus-Singapore/Part-time-Lecturer-for-Translation-and-Localisation_R00018711
1858,https://ntu.wd3.myworkdayjobs.com/Careers/job/NTU-Main-Campus-Singapore/Part-time-Lecturer-for-Translation-and-Localisation_R00018712
1858,https://ntu.wd3.myworkdayjobs.com/Careers/job/NTU-Main-Campus-Singapore/Part-time-Lecturer-for-Translation-and-Localisation_R00018713
1858,https://ntu.wd3.myworkdayjobs.com/Careers/job/NTU-Main-Campus-Singapore/Part-time-Lecturer-for-Translation-and-Localisation_R00018678
1858,https://ntu.wd3.myworkdayjobs.com/Careers/job/NTU-Main-Campus-Singapore/Research-Associate--Multi-Sensor-Fusion-_R00018676
1858,https://ntu.wd3.myworkdayjobs.com/Careers/job/NTU-Main-Campus-Singapore/Part-time-Lecturer-for-Translation-and-Localisation_R00018675
1858,https://ntu.wd3.myworkdayjobs.com/Careers/job/NTU-Main-Campus-Singapore/Visiting-Professor--College-of-Computing-and-Data-Science-_R00018575
1858,https://ntu.wd3.myworkdayjobs.com/Careers/job/NTU-Main-Campus-Singapore/Visiting-Professor--College-of-Computing-and-Data-Science-_R00018574-1
1858,https://ntu.wd3.myworkdayjobs.com/Careers/job/NTU-Main-Campus-Singapore/Part-Time-Lecturer_R00018562
1858,https://ntu.wd3.myworkdayjobs.com/Careers/job/NTU-Main-Campus-Singapore/Part-time-Lecturer-in-the-School-of-Mechanical-and-Aerospace-Engineering_R00018530
1858,https://ntu.wd3.myworkdayjobs.com/Careers/job/NTU-Main-Campus-Singapore/Research-Fellow--Psychology-Cognitive-Neuroscience-Education-_R00018516
1858,https://ntu.wd3.myworkdayjobs.com/Careers/job/NTU-Main-Campus-Singapore/Part-Time-Lecturer_R00018487
1858,https://ntu.wd3.myworkdayjobs.com/Careers/job/NTU-Main-Campus-Singapore/Part-Time-Lecturer_R00018480
1858,https://ntu.wd3.myworkdayjobs.com/Careers/job/NTU-Main-Campus-Singapore/Project-Officer--Electroplating-_R00018430
1858,https://ntu.wd3.myworkdayjobs.com/Careers/job/NTU-Main-Campus-Singapore/Project-Officer--Electroplating-_R00018431
1858,https://ntu.wd3.myworkdayjobs.com/Careers/job/NTU-Main-Campus-Singapore/Research-Fellow---Research-Associate---Project-Officer--Fiber-Reinforced-Composites-_R00018395
1858,https://ntu.wd3.myworkdayjobs.com/Careers/job/NTU-Main-Campus-Singapore/Research-Fellow--Blockchain-_R00018380
1858,https://ntu.wd3.myworkdayjobs.com/Careers/job/NTU-Main-Campus-Singapore/Research-Fellow--Nonlinear-Optics-and-Metrology-_R00018314
1858,https://ntu.wd3.myworkdayjobs.com/Careers/job/NTU-Main-Campus-Singapore/Part-Time-Lecturer--Minor-in-Geography-and-Urban-Studies-_R00018018-1
1858,https://ntu.wd3.myworkdayjobs.com/Careers/job/NTU-Main-Campus-Singapore/Research-Fellow--Mission-decomposition-and-Real-time-mission-planning-replanning-_R00018007
1858,https://ntu.wd3.myworkdayjobs.com/Careers/job/NTU-Main-Campus-Singapore/Part-Time-Lecturer--Psychology-_R00017363
1858,https://ntu.wd3.myworkdayjobs.com/Careers/job/NTU-Main-Campus-Singapore/Research-Fellow--Computer-Science-_R00017311
1858,https://ntu.wd3.myworkdayjobs.com/Careers/job/NTU-Main-Campus-Singapore/Manager--Finance-Business-Partnering_R00011001
1858,https://ntu.wd3.myworkdayjobs.com/Careers/job/NTU-Main-Campus-Singapore/Part-time-lecturer-for-Multimodal-and-Theatre-Translation_R00016491
1858,https://ntu.wd3.myworkdayjobs.com/Careers/job/NTU-Main-Campus-Singapore/Senior-Research-Engineer-I--Satellite-System-Hardware-_R00016505
1858,https://ntu.wd3.myworkdayjobs.com/Careers/job/NTU-Main-Campus-Singapore/Research-Assistant--Communication--Science-Communication--Psychology-_R00016459
1858,https://ntu.wd3.myworkdayjobs.com/Careers/job/NTU-Main-Campus-Singapore/Research-Associate--Mechanical-Engineering-Robotics-Mechatronics-Automation---Control-Engineering-Artificial-Intelligence--AI--_R00015865-1
1858,https://ntu.wd3.myworkdayjobs.com/Careers/job/NTU-Main-Campus-Singapore/Part-Time-Lecturer_R00015379
1858,https://ntu.wd3.myworkdayjobs.com/Careers/job/NTU-Main-Campus-Singapore/Part-Time-Lecturer_R00015260
1858,https://ntu.wd3.myworkdayjobs.com/Careers/job/NTU-Main-Campus-Singapore/Part-Time-Lecturer_R00015259
1858,https://ntu.wd3.myworkdayjobs.com/Careers/job/NTU-Main-Campus-Singapore/Part-Time-Lecturer--Evergreen---Open-_R00015131
1858,https://ntu.wd3.myworkdayjobs.com/Careers/job/NTU-Main-Campus-Singapore/Part-Time-Lecturer_R00015143
1858,https://ntu.wd3.myworkdayjobs.com/Careers/job/NTU-Main-Campus-Singapore/Part-Time-Lecturer--Psychology-_R00014909
1858,https://ntu.wd3.myworkdayjobs.com/Careers/job/NTU-Main-Campus-Singapore/Research-Assistant--Occupational-Therapy-Physio-Therapy-_R00014742
1858,https://ntu.wd3.myworkdayjobs.com/Careers/job/NTU-Main-Campus-Singapore/Part-Time-Lecturer-for-EE6506-Power-Semiconductor-Based-Converter-in-Renewable-Energy-Systems_R00014511
1858,https://ntu.wd3.myworkdayjobs.com/Careers/job/NTU-Main-Campus-Singapore/Part-time-Lecturer-in-the-School-of-Mechanical-and-Aerospace-Engineering_R00014255
1858,https://ntu.wd3.myworkdayjobs.com/Careers/job/NTU-Main-Campus-Singapore/Part-time-Lecturer_R00014211
1858,https://ntu.wd3.myworkdayjobs.com/Careers/job/NTU-Main-Campus-Singapore/Research-Assistant--Communication-Psychology-Sociology-Social-Science-_R00013705
1858,https://ntu.wd3.myworkdayjobs.com/Careers/job/NTU-Main-Campus-Singapore/Part-time-Lecturer_R00013850
1858,https://ntu.wd3.myworkdayjobs.com/Careers/job/NTU-Main-Campus-Singapore/Nanyang-Business-School-International-PhD---Postdoctoral-Scholarship--NBSIPS--2023_R00011768
1858,https://ntu.wd3.myworkdayjobs.com/Careers/job/CleanTech-One/Project-Engineer--E-IC---Separation-Technologies-Applied-Research-and-Translation-Centre--NTUitive-_R00007822-1
1858,https://ntu.wd3.myworkdayjobs.com/Careers/job/NTU-Main-Campus-Singapore/Research-Assistant--Communication-Psychology-Sociology-Social-Science-_R00010119-1
1858,https://ntu.wd3.myworkdayjobs.com/Careers/job/NTU-Main-Campus-Singapore/Adjunct-Assistant-Professor_R00012396
1858,https://ntu.wd3.myworkdayjobs.com/Careers/job/NTU-Main-Campus-Singapore/Project-Officer--Chemist-Material-Engineer-_R00012230-1
1858,https://ntu.wd3.myworkdayjobs.com/Careers/job/NTU-Main-Campus-Singapore/Research-Fellow--Chemist-Material-Engineer-_R00012232-1
1858,https://ntu.wd3.myworkdayjobs.com/Careers/job/NTU-Main-Campus-Singapore/Part-Time-Lecturer_R00011370
1858,https://ntu.wd3.myworkdayjobs.com/Careers/job/NTU-Main-Campus-Singapore/Part-Time-Lecturer_R00011229
1858,https://ntu.wd3.myworkdayjobs.com/Careers/job/NTU-Main-Campus-Singapore/Part-time-Lecturer-in-Bahasa-Indonesia_R00010560
1858,https://ntu.wd3.myworkdayjobs.com/Careers/job/NTU-Main-Campus-Singapore/Part-time-Lecturer-in-Language-and-Communication-Centre_R00011043
1858,https://ntu.wd3.myworkdayjobs.com/Careers/job/NTU-Main-Campus-Singapore/Part-time-Lecturer-in-Malay_R00011408-1
1858,https://ntu.wd3.myworkdayjobs.com/Careers/job/NTU-Main-Campus-Singapore/Part-time-Lecturer-in-Publishing_R00010595
1858,https://ntu.wd3.myworkdayjobs.com/Careers/job/NTU-Main-Campus-Singapore/Project-Officer--Engineer--Algorithm-and-Operation-Researcher-_R00010743-1
1858,https://ntu.wd3.myworkdayjobs.com/Careers/job/NTU-Main-Campus-Singapore/Research-Fellow--Electrical---Electronic-Engineering-Mechatronics-Robotics-Engineering-Mechanical-Engineering-_R00011214-1
1858,https://ntu.wd3.myworkdayjobs.com/Careers/job/NTU-Main-Campus-Singapore/Research-Fellow--High-Frequency-Active-Circuit-Design-_R00010582-1
1858,https://ntu.wd3.myworkdayjobs.com/Careers/job/NTU-Main-Campus-Singapore/Senior-Research-Engineer-I--Computer-Science-_R00010614-1
1858,https://ntu.wd3.myworkdayjobs.com/Careers/job/NTU-Main-Campus-Singapore/Senior-Research-Engineer-I--Computer-Science-_R00010619-2
1858,https://ntu.wd3.myworkdayjobs.com/Careers/job/NTU-Main-Campus-Singapore/Part-Time-Lecturer---Public-Policy-and-Global-Affairs_R00008473
1858,https://ntu.wd3.myworkdayjobs.com/Careers/job/NTU-Main-Campus-Singapore/Part-Time-Lecturer--Public-Policy-and-Global-Affairs-_R00006003
1858,https://ntu.wd3.myworkdayjobs.com/Careers/job/NTU-Main-Campus-Singapore/Part-Time-Lecturer_R00006159
1858,https://ntu.wd3.myworkdayjobs.com/Careers/job/Part-Time-Lecturer-in-Screenwriting--Creative-Writing-_R00001319
1858,https://ntu.wd3.myworkdayjobs.com/Careers/job/NTU-Main-Campus-Singapore/Part-Time-Tutors--Linguistics-and-Multilingual-Studies-_R00000625-1
