school_id,post_link
1625,https://uottawa.wd3.myworkdayjobs.com/uOttawa_External_Career_Site/job/Ottawa-ON/Assistant-Professor---Emerging-Leader-in-Arctic-governance--Indigenous-leadership--community-resilience--or-related-fields_JR38816-1
1625,https://uottawa.wd3.myworkdayjobs.com/uOttawa_External_Career_Site/job/Ottawa-ON/Cupe---Automne-2026---Assistanat-de-recherche---M-Par_JR38874
1625,https://uottawa.wd3.myworkdayjobs.com/uOttawa_External_Career_Site/job/Ottawa-ON/APTPUO-Part-Time-Professor-2027-Winter-ELG4126_JR38186
1625,https://uottawa.wd3.myworkdayjobs.com/uOttawa_External_Career_Site/job/Ottawa-ON/CUPE--Fall-2026---Teaching-Assistant---ESL-105-F100_JR38869
1625,https://uottawa.wd3.myworkdayjobs.com/uOttawa_External_Career_Site/job/Ottawa-ON/Intermediate-Analyst--Prospect-Management_JR38791
1625,https://uottawa.wd3.myworkdayjobs.com/uOttawa_External_Career_Site/job/Lees-Campus/APEUO-ATPUO-Automne-2026-NUT4502-A-enseignement-clinique--simulations-_JR38868
1625,https://uottawa.wd3.myworkdayjobs.com/uOttawa_External_Career_Site/job/Ottawa-ON/Directrice-associe-ou-directeur-associ--communications-stratgiques--services-administratifs_JR38862
1625,https://uottawa.wd3.myworkdayjobs.com/uOttawa_External_Career_Site/job/Ottawa-ON/CORR-F2026-MAT-1700-30h_JR38863-1
1625,https://uottawa.wd3.myworkdayjobs.com/uOttawa_External_Career_Site/job/Ottawa-ON/APTPUO---Automne-2026---EDU-5590---DS10--Introduction--la-recherche-en-ducation_JR38861
1625,https://uottawa.wd3.myworkdayjobs.com/uOttawa_External_Career_Site/job/Ottawa-ON/APTPUO---Automne-2026---EDU-5514---C00---Education-dans-une-perspective-autochtone_JR38859
1625,https://uottawa.wd3.myworkdayjobs.com/uOttawa_External_Career_Site/job/Ottawa-ON/Assistant-Professor---Democracy-and-Technology_JR38846
1625,https://uottawa.wd3.myworkdayjobs.com/uOttawa_External_Career_Site/job/Ottawa-ON/CUPE-F2026-RA--96H_JR38857-1
1625,https://uottawa.wd3.myworkdayjobs.com/uOttawa_External_Career_Site/job/Ottawa-ON/APTPUO---Automne-2026---GEG5505-A00_JR38083-1
1625,https://uottawa.wd3.myworkdayjobs.com/uOttawa_External_Career_Site/job/Main-Campus/Assistant-Professor---Security-and-Defence-Studies_JR38809
1625,https://uottawa.wd3.myworkdayjobs.com/uOttawa_External_Career_Site/job/Ottawa-ON/APTPUO---Fall-2026---ENG1100-EI00_JR38856
1625,https://uottawa.wd3.myworkdayjobs.com/uOttawa_External_Career_Site/job/Lees-Campus/Tenure-track-position-in-Neuromotor-Control-and-Motor-Learning_JR38826
1625,https://uottawa.wd3.myworkdayjobs.com/uOttawa_External_Career_Site/job/Smyth-Alta-Vista-General-Hospital-CHEO-Campuses/Research-Librarian--Berkman---Replacement_JR38813
1625,https://uottawa.wd3.myworkdayjobs.com/uOttawa_External_Career_Site/job/Ottawa-ON/CUPE---Automne-2026---COR---POL3771---A00_JR38854
1625,https://uottawa.wd3.myworkdayjobs.com/uOttawa_External_Career_Site/job/Ottawa-ON/APTPUO---Fall-2026---ANT5100-A00_JR38789
1625,https://uottawa.wd3.myworkdayjobs.com/uOttawa_External_Career_Site/job/Ottawa-ON/APTPUO---Fall-2026---CMN5131-8112-A00_JR35306
1625,https://uottawa.wd3.myworkdayjobs.com/uOttawa_External_Career_Site/job/Ottawa-ON/APTPUO---Automne-2026---EDU-5519---C00-DS00---Antiracismes-et-ducation_JR38853
1625,https://uottawa.wd3.myworkdayjobs.com/uOttawa_External_Career_Site/job/Ottawa-ON/Senior-Executive-Assistant-and-IT-Governance-Coordinator_JR37669
1625,https://uottawa.wd3.myworkdayjobs.com/uOttawa_External_Career_Site/job/Ottawa-ON/CUPE---Fall-2026---Research-Assistant----Katherine-Moreau---130-h_JR38851
1625,https://uottawa.wd3.myworkdayjobs.com/uOttawa_External_Career_Site/job/Ottawa-ON/Research-Assistant_JR38850
1625,https://uottawa.wd3.myworkdayjobs.com/uOttawa_External_Career_Site/job/Ottawa-ON/APTPUO-Winter-2027-BCH4172A00_JR38847
1625,https://uottawa.wd3.myworkdayjobs.com/uOttawa_External_Career_Site/job/Ottawa-ON/CUPE---Fall-2026---TA---CMN2158-B00_JR38844
1625,https://uottawa.wd3.myworkdayjobs.com/uOttawa_External_Career_Site/job/Ottawa-ON/CUPE---Fall-2026---ADM3705---Teaching-Assistant_JR38379
1625,https://uottawa.wd3.myworkdayjobs.com/uOttawa_External_Career_Site/job/Ottawa-ON/Intermediate-Specialist--Admissions_JR38742
1625,https://uottawa.wd3.myworkdayjobs.com/uOttawa_External_Career_Site/job/Ottawa-ON/CUPE-Automne-Fall-2026--AE-TA-CEG2136A_JR37407
1625,https://uottawa.wd3.myworkdayjobs.com/uOttawa_External_Career_Site/job/Ottawa-ON/CUPE-Automne-Fall-2026--AE-TA-CEG2136B_JR37408-1
1625,https://uottawa.wd3.myworkdayjobs.com/uOttawa_External_Career_Site/job/Ottawa-ON/Manager--Finance_JR38759
1625,https://uottawa.wd3.myworkdayjobs.com/uOttawa_External_Career_Site/job/Ottawa-ON/Senior-Lead-Veterinarian_JR38241
1625,https://uottawa.wd3.myworkdayjobs.com/uOttawa_External_Career_Site/job/Lees-Campus/APTPUO---Automne-2026--NSG7703-Synthse-des-connaissances-en-sciences-infirmires-et-en-sciences-de-la-sant_JR38837
1625,https://uottawa.wd3.myworkdayjobs.com/uOttawa_External_Career_Site/job/Ottawa-ON/CUPE---Fall-2026---TA---ADM4717_JR37844
1625,https://uottawa.wd3.myworkdayjobs.com/uOttawa_External_Career_Site/job/Ottawa-ON/CUPE---Fall-2025---TA---STA1391-A00-Descriptive-Statistics_JR38835
1625,https://uottawa.wd3.myworkdayjobs.com/uOttawa_External_Career_Site/job/Ottawa-ON/CUPE---Automne-2026---TA---STA1791-A00-Statistique-descriptive_JR38836
1625,https://uottawa.wd3.myworkdayjobs.com/uOttawa_External_Career_Site/job/Ottawa-ON/ATPUO---Hiver-2027---ADM3738M---Principes-de-ngociation_JR38834
1625,https://uottawa.wd3.myworkdayjobs.com/uOttawa_External_Career_Site/job/Ottawa-ON/APTPUO---Hiver-2027---CML1707-B00---Vrit--rconciliation-et-peuples-autochtones_JR38833
1625,https://uottawa.wd3.myworkdayjobs.com/uOttawa_External_Career_Site/job/Ottawa-ON/APTPUO---Hiver-2027---CML3776-M00---Responsabilit-professionnelle_JR38832
1625,https://uottawa.wd3.myworkdayjobs.com/uOttawa_External_Career_Site/job/Ottawa-ON/APTPUO---Hiver-2027---CML4514-A00---tudes-intensives---thme-choisi-en-droit---Traduction-juridique_JR38301-1
1625,https://uottawa.wd3.myworkdayjobs.com/uOttawa_External_Career_Site/job/Ottawa-ON/TA--CUPE----MIA5310-B---Fall-2026_JR38831
1625,https://uottawa.wd3.myworkdayjobs.com/uOttawa_External_Career_Site/job/Ottawa-ON/Intermediate-Interactive-Media-and-Systems-Designer_JR38817
1625,https://uottawa.wd3.myworkdayjobs.com/uOttawa_External_Career_Site/job/Ottawa-ON/Assistant-Professor-in-Mathematics-and-Statistics_JR38374
1625,https://uottawa.wd3.myworkdayjobs.com/uOttawa_External_Career_Site/job/Ottawa-ON/ATPUO---Winter-2027---ADM3353M---Introduction-to-Real-Estate-Management_JR38828
1625,https://uottawa.wd3.myworkdayjobs.com/uOttawa_External_Career_Site/job/Ottawa-ON/APTPUO-Prof-tudiant---Hiver-2027---PHI3798-A00_JR38829
1625,https://uottawa.wd3.myworkdayjobs.com/uOttawa_External_Career_Site/job/Ottawa-ON/APTPUO---Automne-2026---ENV-GEG3502-A00_JR34908
1625,https://uottawa.wd3.myworkdayjobs.com/uOttawa_External_Career_Site/job/Ottawa-ON/CUPE---PSY2514-A00----Automne-2026_JR38827
1625,https://uottawa.wd3.myworkdayjobs.com/uOttawa_External_Career_Site/job/Ottawa-ON/APTPUO---Winter-2027---GEG-ENV4104--Section-A_JR38815
1625,https://uottawa.wd3.myworkdayjobs.com/uOttawa_External_Career_Site/job/Ottawa-ON/Associate-Supervisor--Animal-Care-Operations_JR38747
1625,https://uottawa.wd3.myworkdayjobs.com/uOttawa_External_Career_Site/job/Ottawa-ON/Technician-I--Animal-Care_JR38819
1625,https://uottawa.wd3.myworkdayjobs.com/uOttawa_External_Career_Site/job/Ottawa-ON/CUPE---Fall-2026---Corrector---CHM2120C--80H_JR38823
1625,https://uottawa.wd3.myworkdayjobs.com/uOttawa_External_Career_Site/job/Ottawa-ON/CUPE---TA---Fall-2026---ART1360-A---History-of-Art-I_JR38777
1625,https://uottawa.wd3.myworkdayjobs.com/uOttawa_External_Career_Site/job/Ottawa-ON/APTPUO---Hiver-2027---APA-4518-M00---Fondements-biomcaniques-des-blessures_JR38822
1625,https://uottawa.wd3.myworkdayjobs.com/uOttawa_External_Career_Site/job/Ottawa-ON/APTPUO---Fall-2026---AHL3150-AHL3550-A00_JR38821
1625,https://uottawa.wd3.myworkdayjobs.com/uOttawa_External_Career_Site/job/Ottawa-ON/Research-Assistant_JR38820-1
1625,https://uottawa.wd3.myworkdayjobs.com/uOttawa_External_Career_Site/job/Ottawa-ON/APTPUO---Winter-2026---GEG3106-A_JR38818
1625,https://uottawa.wd3.myworkdayjobs.com/uOttawa_External_Career_Site/job/Ottawa-ON/Cupe--Automne-2026---Assistante-d-enseignement-A-Rochette_JR38814
1625,https://uottawa.wd3.myworkdayjobs.com/uOttawa_External_Career_Site/job/Ottawa-ON/CUPE---TA---Fall-2026---ART4119A---Curating-for-Contemporary-Art_JR38768
1625,https://uottawa.wd3.myworkdayjobs.com/uOttawa_External_Career_Site/job/Ottawa-ON/CUPE--TA---Fall-2026---ART2923A---Sculpture-and-Transformation_JR38775
1625,https://uottawa.wd3.myworkdayjobs.com/uOttawa_External_Career_Site/job/Ottawa-ON/CUPE--TA---Fall-2026--ART1341A---Introduction-to-Media-Arts_JR38770
1625,https://uottawa.wd3.myworkdayjobs.com/uOttawa_External_Career_Site/job/Lees-Campus/APEUO-ATPUO-Winter-2027-NUT42442-M01-2--LAB-_JR38807
1625,https://uottawa.wd3.myworkdayjobs.com/uOttawa_External_Career_Site/job/Ottawa-ON/CUPE---TA---Fall-2026----ART3953-A---Drawing-IV--Expressivity_JR38774
1625,https://uottawa.wd3.myworkdayjobs.com/uOttawa_External_Career_Site/job/Ottawa-ON/CUPE---TA---AutFall-2026---ART4987A---pratiques-professionels---professional-Practices-in-Art_JR38771
1625,https://uottawa.wd3.myworkdayjobs.com/uOttawa_External_Career_Site/job/Ottawa-ON/CUPE--TA---Fall-2026---ART3916A---Painting-and-Source_JR38776
1625,https://uottawa.wd3.myworkdayjobs.com/uOttawa_External_Career_Site/job/Ottawa-ON/CUPE---TA---Fall-2026---ART4986--1--A---B----Atelier-intensif--Intensive-studio-practice_JR38740
1625,https://uottawa.wd3.myworkdayjobs.com/uOttawa_External_Career_Site/job/Ottawa-ON/Cupe--Automne-2026---Correcteur-d-examens---L-Ricard_JR38811-1
1625,https://uottawa.wd3.myworkdayjobs.com/uOttawa_External_Career_Site/job/Ottawa-ON/Intermediate-Technician--User-Engagement---Part-Time_JR38804
1625,https://uottawa.wd3.myworkdayjobs.com/uOttawa_External_Career_Site/job/Ottawa-ON/Senior-Officer--Graduate-Studies-Administration_JR38802
1625,https://uottawa.wd3.myworkdayjobs.com/uOttawa_External_Career_Site/job/Lees-Campus/APEUO-ATPUO-Winter-2027-NUT42442-M01--LAB-_JR38806
1625,https://uottawa.wd3.myworkdayjobs.com/uOttawa_External_Career_Site/job/Ottawa-ON/Research-Assistant_JR38805
1625,https://uottawa.wd3.myworkdayjobs.com/uOttawa_External_Career_Site/job/Lees-Campus/SCFP---Automne-2026--NSG---Assistant-de-recherche---Coordonnation-du-groupe-de-discussion-francophone-PANDC-BIPOC-Automne-2026_JR38803
1625,https://uottawa.wd3.myworkdayjobs.com/uOttawa_External_Career_Site/job/Lees-Campus/CUPE---Fall-2026---NSG---Research-Assistant----Community-of-Practice-discussion-group-coordinator_JR38801
1625,https://uottawa.wd3.myworkdayjobs.com/uOttawa_External_Career_Site/job/Ottawa-ON/Intermediate-Specialist--Student-Recruitment_JR38763
1625,https://uottawa.wd3.myworkdayjobs.com/uOttawa_External_Career_Site/job/Ottawa-ON/Administrative-Assistant_JR38800
1625,https://uottawa.wd3.myworkdayjobs.com/uOttawa_External_Career_Site/job/Lees-Campus/CUPE---Fall-2026---NSG---Research-Assistant---BIPOC-Health-Sciences-Student-Group-Coordinator_JR38799
1625,https://uottawa.wd3.myworkdayjobs.com/uOttawa_External_Career_Site/job/Lees-Campus/CUPE---Fall-2026---NSG---Research-Assistant----Post-Colonial-Hub_JR38797
1625,https://uottawa.wd3.myworkdayjobs.com/uOttawa_External_Career_Site/job/Lees-Campus/CUPE---Fall-2026---NSG---Research-Assistant----Palliative-Care-and-Nursing-Ethics-Hub_JR38796
1625,https://uottawa.wd3.myworkdayjobs.com/uOttawa_External_Career_Site/job/Ottawa-ON/CUPE---Fall-2026---Research-Assistant---D-Sarro_JR38792
1625,https://uottawa.wd3.myworkdayjobs.com/uOttawa_External_Career_Site/job/Lees-Campus/APEUO-ATPUO-Hiver-2027-NUT1550-M_JR38790
1625,https://uottawa.wd3.myworkdayjobs.com/uOttawa_External_Career_Site/job/Lees-Campus/APEUO-ATPUO-Winter-2027-NUT1150-M_JR38788
1625,https://uottawa.wd3.myworkdayjobs.com/uOttawa_External_Career_Site/job/Ottawa-ON/CUPE---Fall-2026---Research-Assistant---M-Katsivela_JR38785
1625,https://uottawa.wd3.myworkdayjobs.com/uOttawa_External_Career_Site/job/Ottawa-ON/APTPUO---Winter-2027---API5136E_JR38783
1625,https://uottawa.wd3.myworkdayjobs.com/uOttawa_External_Career_Site/job/Ottawa-ON/ATPUO---Winter-2027---ADM4319M---Strategic-Management-in-Developing-and-Emerging-Economies_JR38782
1625,https://uottawa.wd3.myworkdayjobs.com/uOttawa_External_Career_Site/job/Ottawa-ON/Intermediate-Analyst--Advancement-Services_JR38751
1625,https://uottawa.wd3.myworkdayjobs.com/uOttawa_External_Career_Site/job/Ottawa-ON/Intermediate-Specialist--Academic-Avising_JR37088
1625,https://uottawa.wd3.myworkdayjobs.com/uOttawa_External_Career_Site/job/Ottawa-ON/Lead-Technical-Designer--Information-Technology_JR38735
1625,https://uottawa.wd3.myworkdayjobs.com/uOttawa_External_Career_Site/job/Ottawa-ON/Senior-Information-Officer--International-Market-Development_JR38761
1625,https://uottawa.wd3.myworkdayjobs.com/uOttawa_External_Career_Site/job/Ottawa-ON/Senior-Specialist--Communications-and-Marketing-Strategy_JR38453
1625,https://uottawa.wd3.myworkdayjobs.com/uOttawa_External_Career_Site/job/Ottawa-ON/Senior-Specialist--Communications-and-Marketing-Strategy_JR38459
1625,https://uottawa.wd3.myworkdayjobs.com/uOttawa_External_Career_Site/job/Ottawa-ON/Senior-Specialist--Communications-and-Marketing-Strategy_JR38658
1625,https://uottawa.wd3.myworkdayjobs.com/uOttawa_External_Career_Site/job/Main-Campus/ATPUO---Winter-2027---ADM4311M---Strategic-Management_JR38772
1625,https://uottawa.wd3.myworkdayjobs.com/uOttawa_External_Career_Site/job/Ottawa-ON/Assistant-Professor---in-Artificial-Intelligence-Ethics_JR38647
1625,https://uottawa.wd3.myworkdayjobs.com/uOttawa_External_Career_Site/job/Ottawa-ON/Proctor---Adapted-Exam-Centre_JR38755
1625,https://uottawa.wd3.myworkdayjobs.com/uOttawa_External_Career_Site/job/Ottawa-ON/Assistant-professor---Franco-Ontarian-and-Canadian-Francophone-Literatures_JR38660
1625,https://uottawa.wd3.myworkdayjobs.com/uOttawa_External_Career_Site/job/Ottawa-ON/TA--CUPE----SED1515-A---Fall-2026_JR38753
1625,https://uottawa.wd3.myworkdayjobs.com/uOttawa_External_Career_Site/job/Lees-Campus/APEUO---Automne-2026---ERG5741-Atteintes--la-sant-des-enfants-et-approches-d-intervention---Composante-Activit-interprofessionnelle--volet-ergothrapie--_JR38750
1625,https://uottawa.wd3.myworkdayjobs.com/uOttawa_External_Career_Site/job/Main-Campus/ATPUO---Winter-2027---ADM1370Q---Applications-of-Information-Technology-for-Business_JR38426
1625,https://uottawa.wd3.myworkdayjobs.com/uOttawa_External_Career_Site/job/Lees-Campus/APEUO---Automne-2026---ERG5741-Atteintes--la-sant-des-enfants-et-approches-d-intervention---Composante-Activit-interprofessionnelle--volet-orthophonie--_JR38749
1625,https://uottawa.wd3.myworkdayjobs.com/uOttawa_External_Career_Site/job/Lees-Campus/APEUO---Automne-2026---ERG5741-Atteintes--la-sant-des-enfants-et-approches-d-intervention---Composante-Activit-interprofessionnelle--volet-ducation--_JR38748
1625,https://uottawa.wd3.myworkdayjobs.com/uOttawa_External_Career_Site/job/Ottawa-ON/Assistant-Professor---Medieval-and-or-transregional-history--7th-16th-centuries_JR38632-1
1625,https://uottawa.wd3.myworkdayjobs.com/uOttawa_External_Career_Site/job/Lees-Campus/APEUO---Automne-2026---ERG5741-Atteintes--la-sant-des-enfants-et-approches-d-intervention---Composante-Activit-interprofessionnelle--Coordination--_JR38746
1625,https://uottawa.wd3.myworkdayjobs.com/uOttawa_External_Career_Site/job/Ottawa-ON/TA--CUPE----EMP6362-A---Fall-2026_JR38744
1625,https://uottawa.wd3.myworkdayjobs.com/uOttawa_External_Career_Site/job/Ottawa-ON/TA--CUPE----EMP5101-A---Fall-2026_JR38743
1625,https://uottawa.wd3.myworkdayjobs.com/uOttawa_External_Career_Site/job/Ottawa-ON/TA--CUPE----EMP5250-A---Fall-2026_JR38700
1625,https://uottawa.wd3.myworkdayjobs.com/uOttawa_External_Career_Site/job/Ottawa-ON/TA--CUPE----EMP5241-A---Fall-2026_JR38699
1625,https://uottawa.wd3.myworkdayjobs.com/uOttawa_External_Career_Site/job/Ottawa-ON/TA--CUPE----EMP5235-A---Fall-2026_JR38698
1625,https://uottawa.wd3.myworkdayjobs.com/uOttawa_External_Career_Site/job/Ottawa-ON/CUPE---Fall-2026---ECH2310A--TA-_JR38739
1625,https://uottawa.wd3.myworkdayjobs.com/uOttawa_External_Career_Site/job/Main-Campus/APTPUO---Hiver-2027---APA3518-M00---Loisir--sport-et-dveloppement-communautaire_JR38737
1625,https://uottawa.wd3.myworkdayjobs.com/uOttawa_External_Career_Site/job/Main-Campus/APTPUO---Winter-2027---APA-3324-M00---Techniques-and-Strategies-in-Sport_JR38734
1625,https://uottawa.wd3.myworkdayjobs.com/uOttawa_External_Career_Site/job/Lees-Campus/CUPE---Automne-2026---Assistanat-d-enseignement---REA5703-Pratiques-professionnelles-en-radaptation--Volet-ergothrapie--CUPE-Fall-2026---Teaching-Assistantship---REA5703-Pratiques-professionnelles-en-radaptation--Occupational-Therapy-component-_JR38729
1625,https://uottawa.wd3.myworkdayjobs.com/uOttawa_External_Career_Site/job/Ottawa-ON/ATPUO---Winter-2027---ADM3355M---Fintech_JR38727-1
1625,https://uottawa.wd3.myworkdayjobs.com/uOttawa_External_Career_Site/job/Main-Campus/ATPUO---Winter-2027---ADM3352N---Portfolio-Management_JR38726
1625,https://uottawa.wd3.myworkdayjobs.com/uOttawa_External_Career_Site/job/Main-Campus/ATPUO---Winter-2027---ADM3352M---Portfolio-Management_JR38725
1625,https://uottawa.wd3.myworkdayjobs.com/uOttawa_External_Career_Site/job/Main-Campus/ATPUO---Winter-2027---ADM3351M---Fixed-Income-Investments_JR38724-1
1625,https://uottawa.wd3.myworkdayjobs.com/uOttawa_External_Career_Site/job/Main-Campus/ATPUO---Hiver-2027---ADM3754M---Modlisation-financire_JR38723
1625,https://uottawa.wd3.myworkdayjobs.com/uOttawa_External_Career_Site/job/Ottawa-ON/Assistant-professor---Urban-Sustainability_JR38643-1
1625,https://uottawa.wd3.myworkdayjobs.com/uOttawa_External_Career_Site/job/Main-Campus/ATPUO---Hiver-2027---ADM3752M---Gestion-de-portefeuille_JR38722
1625,https://uottawa.wd3.myworkdayjobs.com/uOttawa_External_Career_Site/job/Main-Campus/ATPUO---Hiver-2027---ADM3746M---Prix-de-revient_JR38721
1625,https://uottawa.wd3.myworkdayjobs.com/uOttawa_External_Career_Site/job/Main-Campus/ATPUO---Hiver-2027---ADM3718N---Commerce-international_JR38720
1625,https://uottawa.wd3.myworkdayjobs.com/uOttawa_External_Career_Site/job/Main-Campus/ATPUO---Hiver-2027---ADM3718M---Commerce-international_JR38719
1625,https://uottawa.wd3.myworkdayjobs.com/uOttawa_External_Career_Site/job/Main-Campus/ATPUO---Hiver-2027---ADM3713M---Cration-d-une-nouvelle-entreprise_JR38718
1625,https://uottawa.wd3.myworkdayjobs.com/uOttawa_External_Career_Site/job/Ottawa-ON/ATPUO---Hiver-2027---ADM3702M---Gestion-de-la-chane-d-approvisionnement_JR38717
1625,https://uottawa.wd3.myworkdayjobs.com/uOttawa_External_Career_Site/job/Main-Campus/ATPUO---Winter-2027---ADM4317M---Leadership--Strategy-and-Sustainability_JR38716
1625,https://uottawa.wd3.myworkdayjobs.com/uOttawa_External_Career_Site/job/Ottawa-ON/ATPUO---Winter-2027---ADM3349A---Auditing-Theory_JR38715
1625,https://uottawa.wd3.myworkdayjobs.com/uOttawa_External_Career_Site/job/Main-Campus/ATPUO---Winter-2027---ADM3346M---Cost-Accounting_JR38713
1625,https://uottawa.wd3.myworkdayjobs.com/uOttawa_External_Career_Site/job/Ottawa-ON/ATPUO---Winter-2027---ADM3345M---Taxation-I_JR38712-1
1625,https://uottawa.wd3.myworkdayjobs.com/uOttawa_External_Career_Site/job/Main-Campus/ATPUO---Winter-2027----ADM3326M---Advertising-and-Sales-Promotion-Management_JR38711
1625,https://uottawa.wd3.myworkdayjobs.com/uOttawa_External_Career_Site/job/Main-Campus/ATPUO---Winter-2027---ADM3323M---Market-Research_JR38710
1625,https://uottawa.wd3.myworkdayjobs.com/uOttawa_External_Career_Site/job/Ottawa-ON/Assistant-Professor---Library-Science_JR38639
1625,https://uottawa.wd3.myworkdayjobs.com/uOttawa_External_Career_Site/job/Ottawa-ON/ATPUO---Winter-2027---ADM3322N---Services-Marketing_JR38709-1
1625,https://uottawa.wd3.myworkdayjobs.com/uOttawa_External_Career_Site/job/Ottawa-ON/ATPUO---Winter-2027---ADM3322M---Services-Marketing_JR38708
1625,https://uottawa.wd3.myworkdayjobs.com/uOttawa_External_Career_Site/job/Main-Campus/ATPUO---Winter-2027---ADM3318Q---International-Business_JR38707
1625,https://uottawa.wd3.myworkdayjobs.com/uOttawa_External_Career_Site/job/Main-Campus/ATPUO---Winter-2027---ADM3318M---International-Business_JR38706
1625,https://uottawa.wd3.myworkdayjobs.com/uOttawa_External_Career_Site/job/Main-Campus/ATPUO---Winter-2027---ADM3316M---Competitive-intelligence_JR38705
1625,https://uottawa.wd3.myworkdayjobs.com/uOttawa_External_Career_Site/job/Ottawa-ON/ATPUO---Winter-2027---ADM3308M---Business-Data-Mining_JR38704
1625,https://uottawa.wd3.myworkdayjobs.com/uOttawa_External_Career_Site/job/Ottawa-ON/Assistant-professor-in-Cultural-Media-Industries-and-Digital-Cultures_JR38621
1625,https://uottawa.wd3.myworkdayjobs.com/uOttawa_External_Career_Site/job/Main-Campus/ATPUO---Winter-2027---ADM3301P---Operations-Management_JR38703
1625,https://uottawa.wd3.myworkdayjobs.com/uOttawa_External_Career_Site/job/Ottawa-ON/Senior-Manager--HR-Applications-and-Support_JR38073-1
1625,https://uottawa.wd3.myworkdayjobs.com/uOttawa_External_Career_Site/job/Lees-Campus/APTPUO---Automne-2026---PHS3700_JR38697
1625,https://uottawa.wd3.myworkdayjobs.com/uOttawa_External_Career_Site/job/Main-Campus/ATPUO---Hiver-2027---ADM1501M---Gestion---Socit_JR38439
1625,https://uottawa.wd3.myworkdayjobs.com/uOttawa_External_Career_Site/job/Main-Campus/ATPUO---Hiver-2027---ADM1700M---Introduction--la-gestion_JR38440
1625,https://uottawa.wd3.myworkdayjobs.com/uOttawa_External_Career_Site/job/Main-Campus/ATPUO---Hiver-2027---ADM1740N---Comptabilit-financire_JR38441
1625,https://uottawa.wd3.myworkdayjobs.com/uOttawa_External_Career_Site/job/Main-Campus/ATPUO---Hiver-2027---ADM1740P---Comptabilit-financire_JR38442-1
1625,https://uottawa.wd3.myworkdayjobs.com/uOttawa_External_Career_Site/job/Ottawa-ON/ATPUO---Hiver-2027---ADM1770M---Applications-des-technologies-de-l-information-en-gestion_JR38443
1625,https://uottawa.wd3.myworkdayjobs.com/uOttawa_External_Career_Site/job/Ottawa-ON/ATPUO---Hiver-2027---ADM1770N---Applications-des-technologies-de-l-information-en-gestion_JR38444
1625,https://uottawa.wd3.myworkdayjobs.com/uOttawa_External_Career_Site/job/Ottawa-ON/ATPUO---Hiver-2027---ADM1770P---Applications-des-technologies-de-l-information-en-gestion_JR38445
1625,https://uottawa.wd3.myworkdayjobs.com/uOttawa_External_Career_Site/job/Main-Campus/ATPUO---Hiver-2027---ADM2702M---Analytique-de-gestion_JR38579
1625,https://uottawa.wd3.myworkdayjobs.com/uOttawa_External_Career_Site/job/Main-Campus/ATPUO---Hiver-2027---ADM2702N---Analytique-de-gestion_JR38580
1625,https://uottawa.wd3.myworkdayjobs.com/uOttawa_External_Career_Site/job/Main-Campus/ATPUO---Hiver-2027---ADM2736M---Comportement-organisationnel_JR38582
1625,https://uottawa.wd3.myworkdayjobs.com/uOttawa_External_Career_Site/job/Main-Campus/ATPUO---Hiver-2027---ADM2741M---Comptabilit-de-gestion_JR38583
1625,https://uottawa.wd3.myworkdayjobs.com/uOttawa_External_Career_Site/job/Main-Campus/ATPUO---Hiver-2027---ADM2741N---Comptabilit-de-gestion_JR38584
1625,https://uottawa.wd3.myworkdayjobs.com/uOttawa_External_Career_Site/job/Main-Campus/ATPUO---Hiver-2027---ADM2750M---Gestion-financire_JR38588
1625,https://uottawa.wd3.myworkdayjobs.com/uOttawa_External_Career_Site/job/Main-Campus/ATPUO---Hiver-2027---ADM2750P---Gestion-financire_JR38589
1625,https://uottawa.wd3.myworkdayjobs.com/uOttawa_External_Career_Site/job/Main-Campus/ATPUO---Hiver-2027---ADM2752M---Thorie-financire_JR38590
1625,https://uottawa.wd3.myworkdayjobs.com/uOttawa_External_Career_Site/job/Main-Campus/ATPUO---Hiver-2027---ADM2781M---Habilets-de-communications-d-affaires_JR38591
1625,https://uottawa.wd3.myworkdayjobs.com/uOttawa_External_Career_Site/job/Main-Campus/ATPUO---Hiver-2027---ADM4711M---Management-stratgique_JR38594
1625,https://uottawa.wd3.myworkdayjobs.com/uOttawa_External_Career_Site/job/Main-Campus/ATPUO---Hiver-2027---ADM4711P---Management-stratgique_JR38595
1625,https://uottawa.wd3.myworkdayjobs.com/uOttawa_External_Career_Site/job/Ottawa-ON/ATPUO---Hiver-2027---ADM4719M---Gestion-stratgique-dans-les-conomies-en-dveloppement-et-mergentes_JR38596-1
1625,https://uottawa.wd3.myworkdayjobs.com/uOttawa_External_Career_Site/job/Ottawa-ON/ATPUO---Hiver-2027---ADM4722M---Stratgie-du-marketing_JR38597
1625,https://uottawa.wd3.myworkdayjobs.com/uOttawa_External_Career_Site/job/Main-Campus/ATPUO---Hiver-2027---ADM4736M---Sant-et-scurit-au-travail_JR38598
1625,https://uottawa.wd3.myworkdayjobs.com/uOttawa_External_Career_Site/job/Main-Campus/ATPUO---Hiver-2027---ADM4744M---Fiscalit-II_JR38599
1625,https://uottawa.wd3.myworkdayjobs.com/uOttawa_External_Career_Site/job/Ottawa-ON/ATPUO---Hiver-2027---ADM4745M---Systmes-de-contrle-de-gestion_JR38600
1625,https://uottawa.wd3.myworkdayjobs.com/uOttawa_External_Career_Site/job/Main-Campus/ATPUO---Hiver-2027---ADM4750M---valuation-d-entreprises_JR38601-1
1625,https://uottawa.wd3.myworkdayjobs.com/uOttawa_External_Career_Site/job/Main-Campus/ATPUO---Hiver-2027---ADM4755M---Finances--thique-et-responsabilit-sociale_JR38602
1625,https://uottawa.wd3.myworkdayjobs.com/uOttawa_External_Career_Site/job/Main-Campus/ATPUO---Hiver-2027---ADM4756M---Les-placements-alternatifs-et-la-gestion-du-risque_JR38603
1625,https://uottawa.wd3.myworkdayjobs.com/uOttawa_External_Career_Site/job/Main-Campus/ATPUO---Hiver-2027---ADM4779M---Gestion-et-mise-en-place-des-technologies-Web-dans-les-organisations_JR38604
1625,https://uottawa.wd3.myworkdayjobs.com/uOttawa_External_Career_Site/job/Main-Campus/ATPUO---Hiver-2027--ADM2720P---Marketing_JR38581
1625,https://uottawa.wd3.myworkdayjobs.com/uOttawa_External_Career_Site/job/Main-Campus/ATPUO---Winter-2027----ADM4348M---Special-Topics-in-Financial-Accounting_JR38616
1625,https://uottawa.wd3.myworkdayjobs.com/uOttawa_External_Career_Site/job/Main-Campus/ATPUO---Winter-2027---ADM1300M---Introduction-to-Business_JR38412
1625,https://uottawa.wd3.myworkdayjobs.com/uOttawa_External_Career_Site/job/Ottawa-ON/ATPUO---Winter-2027---ADM1301P---Business-and-Society_JR38414
1625,https://uottawa.wd3.myworkdayjobs.com/uOttawa_External_Career_Site/job/Ottawa-ON/ATPUO---Winter-2027---ADM1301Q---Business-and-Society_JR38415
1625,https://uottawa.wd3.myworkdayjobs.com/uOttawa_External_Career_Site/job/Main-Campus/ATPUO---Winter-2027---ADM1370M---Applications-of-Information-Technology-for-Business_JR38420
1625,https://uottawa.wd3.myworkdayjobs.com/uOttawa_External_Career_Site/job/Main-Campus/ATPUO---Winter-2027---ADM1370N---Applications-of-Information-Technology-for-Business_JR38423
1625,https://uottawa.wd3.myworkdayjobs.com/uOttawa_External_Career_Site/job/Main-Campus/ATPUO---Winter-2027---ADM1370P---Applications-of-Information-Technology-for-Business_JR38425
1625,https://uottawa.wd3.myworkdayjobs.com/uOttawa_External_Career_Site/job/Main-Campus/ATPUO---Winter-2027---ADM2304P---Applications-of-Statistical-Methods-in-Business_JR38446
1625,https://uottawa.wd3.myworkdayjobs.com/uOttawa_External_Career_Site/job/Main-Campus/ATPUO---Winter-2027---ADM2313M---The-Entrepreneurial-Society_JR38447
1625,https://uottawa.wd3.myworkdayjobs.com/uOttawa_External_Career_Site/job/Ottawa-ON/ATPUO---Winter-2027---ADM2320M---Marketing_JR38448-1
1625,https://uottawa.wd3.myworkdayjobs.com/uOttawa_External_Career_Site/job/Ottawa-ON/ATPUO---Winter-2027---ADM2320N---Marketing_JR38449
1625,https://uottawa.wd3.myworkdayjobs.com/uOttawa_External_Career_Site/job/Ottawa-ON/ATPUO---Winter-2027---ADM2320P---Marketing_JR38450
1625,https://uottawa.wd3.myworkdayjobs.com/uOttawa_External_Career_Site/job/Ottawa-ON/ATPUO---Winter-2027---ADM2320Q---Marketing_JR38451
1625,https://uottawa.wd3.myworkdayjobs.com/uOttawa_External_Career_Site/job/Ottawa-ON/ATPUO---Winter-2027---ADM2336M---Organizational-Behaviour_JR38460
1625,https://uottawa.wd3.myworkdayjobs.com/uOttawa_External_Career_Site/job/Ottawa-ON/ATPUO---Winter-2027---ADM2336N---Organizational-Behaviour_JR38461
1625,https://uottawa.wd3.myworkdayjobs.com/uOttawa_External_Career_Site/job/Ottawa-ON/ATPUO---Winter-2027---ADM2336P---Organizational-Behaviour_JR38463
1625,https://uottawa.wd3.myworkdayjobs.com/uOttawa_External_Career_Site/job/Main-Campus/ATPUO---Winter-2027---ADM2350P---Financial-Management_JR38489-1
1625,https://uottawa.wd3.myworkdayjobs.com/uOttawa_External_Career_Site/job/Main-Campus/ATPUO---Winter-2027---ADM2350Q---Financial-Management_JR38490
1625,https://uottawa.wd3.myworkdayjobs.com/uOttawa_External_Career_Site/job/Main-Campus/ATPUO---Winter-2027---ADM2350R---Financial-Management_JR38492
1625,https://uottawa.wd3.myworkdayjobs.com/uOttawa_External_Career_Site/job/Main-Campus/ATPUO---Winter-2027---ADM2372M---Management-Information-Systems_JR38496
1625,https://uottawa.wd3.myworkdayjobs.com/uOttawa_External_Career_Site/job/Main-Campus/ATPUO---Winter-2027---ADM2372N---Management-Information-Systems_JR38498
1625,https://uottawa.wd3.myworkdayjobs.com/uOttawa_External_Career_Site/job/Main-Campus/ATPUO---Winter-2027---ADM2372P---Management-Information-Systems_JR38500
1625,https://uottawa.wd3.myworkdayjobs.com/uOttawa_External_Career_Site/job/Main-Campus/ATPUO---Winter-2027---ADM2381M---Business-Communication-Skills_JR38578
1625,https://uottawa.wd3.myworkdayjobs.com/uOttawa_External_Career_Site/job/Main-Campus/ATPUO---Winter-2027---ADM2742M---Comptabilit-intermediaire-I_JR38585
1625,https://uottawa.wd3.myworkdayjobs.com/uOttawa_External_Career_Site/job/Main-Campus/ATPUO---Winter-2027---ADM4326M---Digital-Marketing-Technologies_JR38605
1625,https://uottawa.wd3.myworkdayjobs.com/uOttawa_External_Career_Site/job/Ottawa-ON/ATPUO---Winter-2027---ADM4337M---Managing-Change_JR38608
1625,https://uottawa.wd3.myworkdayjobs.com/uOttawa_External_Career_Site/job/Ottawa-ON/ATPUO---Winter-2027---ADM4338M---International-Training-and-Development-for-Sustainability_JR38609
1625,https://uottawa.wd3.myworkdayjobs.com/uOttawa_External_Career_Site/job/Ottawa-ON/ATPUO---Winter-2027---ADM4344M---Taxation-II_JR38610
1625,https://uottawa.wd3.myworkdayjobs.com/uOttawa_External_Career_Site/job/Main-Campus/ATPUO---Winter-2027---ADM4346M---Auditing-in-a-Digital-Environment_JR38615
1625,https://uottawa.wd3.myworkdayjobs.com/uOttawa_External_Career_Site/job/Main-Campus/ATPUO---Winter-2027---ADM4350M---Equity-Valuation_JR38617
1625,https://uottawa.wd3.myworkdayjobs.com/uOttawa_External_Career_Site/job/Main-Campus/ATPUO---Winter-2027---ADM4350N---Equity-Valuation_JR38618
1625,https://uottawa.wd3.myworkdayjobs.com/uOttawa_External_Career_Site/job/Ottawa-ON/ATPUO---Winter-2027---ADM4352M---Advanced-Corporate-Finance_JR38619
1625,https://uottawa.wd3.myworkdayjobs.com/uOttawa_External_Career_Site/job/Main-Campus/ATPUO---Winter-2027---ADM4356M---Alternative-Investments-and-Risk-Management_JR38620
1625,https://uottawa.wd3.myworkdayjobs.com/uOttawa_External_Career_Site/job/Ottawa-ON/ATPUO---Winter-2027---ADM4377N---Digital-Enterprise-Systems-and-Strategies_JR38592
1625,https://uottawa.wd3.myworkdayjobs.com/uOttawa_External_Career_Site/job/Ottawa-ON/ATPUO---Winter-2027---ADM4396M---Seminar-in-Administration--Personal-Development-and-Leadership_JR38593-1
1625,https://uottawa.wd3.myworkdayjobs.com/uOttawa_External_Career_Site/job/Ottawa-ON/ATPUO---Winter-2027--ADM2337M---Human-Resource-Management_JR38484
1625,https://uottawa.wd3.myworkdayjobs.com/uOttawa_External_Career_Site/job/Ottawa-ON/ATPUO---Winter-2027--ADM2337N---Human-Resource-Management_JR38485
1625,https://uottawa.wd3.myworkdayjobs.com/uOttawa_External_Career_Site/job/Ottawa-ON/ATPUO---Winter-2027--ADM2337Q---Human-Resource-Management_JR38486
1625,https://uottawa.wd3.myworkdayjobs.com/uOttawa_External_Career_Site/job/Ottawa-ON/ATPUO---Winter-2027--ADM2337R---Human-Resource-Management_JR38488
1625,https://uottawa.wd3.myworkdayjobs.com/uOttawa_External_Career_Site/job/Lees-Campus/APEUO-ATPUO-Hiver-2027-NUT4541-M_JR38695-1
1625,https://uottawa.wd3.myworkdayjobs.com/uOttawa_External_Career_Site/job/Lees-Campus/APEUO-ATPUO-Hiver-2027-NUT4584-M_JR38694
1625,https://uottawa.wd3.myworkdayjobs.com/uOttawa_External_Career_Site/job/Lees-Campus/APEUO-ATPUO-Winter-2027-NUT4184-M_JR38693
1625,https://uottawa.wd3.myworkdayjobs.com/uOttawa_External_Career_Site/job/Lees-Campus/APEUO-ATPUO-Winter-2027-NUT4132-M_JR38692
1625,https://uottawa.wd3.myworkdayjobs.com/uOttawa_External_Career_Site/job/Lees-Campus/APEUO-ATPUO-Hiver-2027-NUT3702-M01--LAB-_JR38691
1625,https://uottawa.wd3.myworkdayjobs.com/uOttawa_External_Career_Site/job/Lees-Campus/APEUO-ATPUO-Hiver-2027-NUT3702-M_JR38690
1625,https://uottawa.wd3.myworkdayjobs.com/uOttawa_External_Career_Site/job/Lees-Campus/APEUO-ATPUO-Hiver-2027-NUT3541-M_JR38689
1625,https://uottawa.wd3.myworkdayjobs.com/uOttawa_External_Career_Site/job/Lees-Campus/APEUO-ATPUO--Hiver-2027-NUT3540-M01--LAB-_JR38688-1
1625,https://uottawa.wd3.myworkdayjobs.com/uOttawa_External_Career_Site/job/Lees-Campus/APEUO-ATPUO--Hiver-2027-NUT3531-M_JR38686
1625,https://uottawa.wd3.myworkdayjobs.com/uOttawa_External_Career_Site/job/Lees-Campus/APEUO-ATPUO--Hiver-2027-NUT3509-A_JR38685
1625,https://uottawa.wd3.myworkdayjobs.com/uOttawa_External_Career_Site/job/Lees-Campus/APEUO-ATPUO--Hiver-2027-NUT3508-A_JR38684
1625,https://uottawa.wd3.myworkdayjobs.com/uOttawa_External_Career_Site/job/Lees-Campus/APEUO-ATPUO--Hiver-2027-NUT3502-M_JR38683
1625,https://uottawa.wd3.myworkdayjobs.com/uOttawa_External_Career_Site/job/Lees-Campus/APEUO-ATPUO-Winter-2027-NUT3140-M01--LAB-_JR38682
1625,https://uottawa.wd3.myworkdayjobs.com/uOttawa_External_Career_Site/job/Lees-Campus/APEUO-ATPUO--Hiver-2027-NUT2731-M_JR38681
1625,https://uottawa.wd3.myworkdayjobs.com/uOttawa_External_Career_Site/job/Lees-Campus/APEUO-ATPUO-Hiver-2027-NUT2721-M_JR38680
1625,https://uottawa.wd3.myworkdayjobs.com/uOttawa_External_Career_Site/job/Lees-Campus/APEUO-ATPUO-Winter-2027-NUT2331-M_JR38679
1625,https://uottawa.wd3.myworkdayjobs.com/uOttawa_External_Career_Site/job/Lees-Campus/APEUO-ATPUO-Winter-2027-NUT2321-M_JR38678
1625,https://uottawa.wd3.myworkdayjobs.com/uOttawa_External_Career_Site/job/Ottawa-ON/CUPE---Fall-2026---TA---CMN3105-B00_JR38677
1625,https://uottawa.wd3.myworkdayjobs.com/uOttawa_External_Career_Site/job/Lees-Campus/APEUO-ATPUO-Hiver-2027-NUT1544-M03--LAB-_JR38676
1625,https://uottawa.wd3.myworkdayjobs.com/uOttawa_External_Career_Site/job/Lees-Campus/APEUO-ATPUO-Hiver-2027-NUT1544-M02--LAB-_JR38675
1625,https://uottawa.wd3.myworkdayjobs.com/uOttawa_External_Career_Site/job/Lees-Campus/APEUO-ATPUO-Hiver-2027-NUT1544-M01--LAB-_JR38674
1625,https://uottawa.wd3.myworkdayjobs.com/uOttawa_External_Career_Site/job/Lees-Campus/APEUO-ATPUO-Hiver-2027-NUT1524-M01--LAB-_JR38671-1
1625,https://uottawa.wd3.myworkdayjobs.com/uOttawa_External_Career_Site/job/Ottawa-ON/CUPE---Fall-2026---TA---MDV2100-A00_JR38673
1625,https://uottawa.wd3.myworkdayjobs.com/uOttawa_External_Career_Site/job/Ottawa-ON/Manager--Financial-Aid-and-Awards-Services_JR35204
1625,https://uottawa.wd3.myworkdayjobs.com/uOttawa_External_Career_Site/job/Lees-Campus/APEUO-ATPUO-Hiver-2027-NUT1524-M_JR38668
1625,https://uottawa.wd3.myworkdayjobs.com/uOttawa_External_Career_Site/job/Ottawa-ON/APTPUO---Hiver-2027---CMN2580-B00_JR38667
1625,https://uottawa.wd3.myworkdayjobs.com/uOttawa_External_Career_Site/job/Lees-Campus/CUPE---Automne-2026---Assistanat-d-enseignement--ERG5525--CUPE-Fall-2026---Teaching-Assistantship--ERG5525-_JR38664
1625,https://uottawa.wd3.myworkdayjobs.com/uOttawa_External_Career_Site/job/Lees-Campus/APEUO-ATPUO-Winter-2027-NUT1124-M02--LAB-_JR38665
1625,https://uottawa.wd3.myworkdayjobs.com/uOttawa_External_Career_Site/job/Lees-Campus/APEUO-ATPUO-Winter-2027-NUT1124-M01--LAB-_JR38663
1625,https://uottawa.wd3.myworkdayjobs.com/uOttawa_External_Career_Site/job/Ottawa-ON/CUPE---Automne-2026---TA---GEG5000-A00_JR38661
1625,https://uottawa.wd3.myworkdayjobs.com/uOttawa_External_Career_Site/job/Ottawa-ON/Research-Assistant_JR38659
1625,https://uottawa.wd3.myworkdayjobs.com/uOttawa_External_Career_Site/job/025-45-University/Lead-Advisor--Human-Rights-Office_JR35437
1625,https://uottawa.wd3.myworkdayjobs.com/uOttawa_External_Career_Site/job/Ottawa-ON/CUPE---Fall-2026---Research-Assistant---Y-Campagnolo_JR38645
1625,https://uottawa.wd3.myworkdayjobs.com/uOttawa_External_Career_Site/job/Ottawa-ON/Proctor---Adapted-Exam-Centre_JR38650
1625,https://uottawa.wd3.myworkdayjobs.com/uOttawa_External_Career_Site/job/Ottawa-ON/Senior-Specialist--Work-Organization_JR38638
1625,https://uottawa.wd3.myworkdayjobs.com/uOttawa_External_Career_Site/job/Ottawa-ON/Research-Assistant_JR38646
1625,https://uottawa.wd3.myworkdayjobs.com/uOttawa_External_Career_Site/job/Ottawa-ON/APTPUO---Hiver-2027---MED1602--Unit-I_JR38644
1625,https://uottawa.wd3.myworkdayjobs.com/uOttawa_External_Career_Site/job/Ottawa-ON/APTPUO---Hiver-2027---MED2602--Unit-III_JR38641-1
1625,https://uottawa.wd3.myworkdayjobs.com/uOttawa_External_Career_Site/job/Ottawa-ON/CUPE---Fall-2026---Winter-2027---MUS2191-A---B-part-1---2--Sight-Singing-and-Dictation-II--Singing_JR38637
1625,https://uottawa.wd3.myworkdayjobs.com/uOttawa_External_Career_Site/job/Ottawa-ON/CUPE---Automne-2026---Hiver-2027---MUS1591---MUS2591-A-partie-1---2--Solfge-et-dicte-musicale-I---II---Solfge_JR38634
1625,https://uottawa.wd3.myworkdayjobs.com/uOttawa_External_Career_Site/job/Ottawa-ON/CUPE---Fall-2026---Winter-2027---MUS1191-A-B-C-part-1---2--Sight-Singing-and-Dictation-I--Signing_JR38633
1625,https://uottawa.wd3.myworkdayjobs.com/uOttawa_External_Career_Site/job/Ottawa-ON/APTPUO---Winter-2027---ENG1120-MO00_JR36775
1625,https://uottawa.wd3.myworkdayjobs.com/uOttawa_External_Career_Site/job/Ottawa-ON/Assistant-de-Rechecrhe_JR38627
1625,https://uottawa.wd3.myworkdayjobs.com/uOttawa_External_Career_Site/job/Ottawa-ON/CUPE---Winter-2027---Research-Assistant---F-Larocque_JR38554
1625,https://uottawa.wd3.myworkdayjobs.com/uOttawa_External_Career_Site/job/Ottawa-ON/CUPE---Fall-2026---Research-Assistant---F-Larocque_JR38552
1625,https://uottawa.wd3.myworkdayjobs.com/uOttawa_External_Career_Site/job/Ottawa-ON/APTPUO---Fall-2026---PT-Professor--6-hour---ESL-160-F200--Teaching--Immersion---English-Refinement--TIER--Program_JR38576
1625,https://uottawa.wd3.myworkdayjobs.com/uOttawa_External_Career_Site/job/Ottawa-ON/APTPUO---Fall-2026---PT-Professor--9-hour---ESL-160-F200--Teaching--Immersion---English-Refinement--TIER--Program_JR38575
1625,https://uottawa.wd3.myworkdayjobs.com/uOttawa_External_Career_Site/job/Ottawa-ON/APTPUO---Fall-2026---PT-Professor--6-hour---ESL-160-F100--Teaching--Immersion---English-Refinement--TIER--Program_JR38573-1
1625,https://uottawa.wd3.myworkdayjobs.com/uOttawa_External_Career_Site/job/Ottawa-ON/APTPUO---Fall-2026---PT-Professor--ESL-160-F100--Teaching--Immersion---English-Refinement--TIER--Program_JR38572
1625,https://uottawa.wd3.myworkdayjobs.com/uOttawa_External_Career_Site/job/Ottawa-ON/APTPUO---Fall-2026---Part-time-Professor-English-Language-Development-Instructor---ESL-0160-F400--Student-Teaching-in-English-Program--STEP-_JR38570
1625,https://uottawa.wd3.myworkdayjobs.com/uOttawa_External_Career_Site/job/Ottawa-ON/APTPUO---Fall-2026---Part-time-Professor-TEFL-Methodology-Instructor---ESL-0160-F400--Student-Teaching-in-English-Program--STEP-_JR38569-1
1625,https://uottawa.wd3.myworkdayjobs.com/uOttawa_External_Career_Site/job/Ottawa-ON/APTPUO---Fall-2026---Part-time-Professor-English-Language-Development-Instructor---ESL-0160-F300--Student-Teaching-in-English-Program--STEP-_JR38567
1625,https://uottawa.wd3.myworkdayjobs.com/uOttawa_External_Career_Site/job/Ottawa-ON/APTPUO---Fall-2026---Part-time-Professor-TEFL-Methodology-Instructor---ESL-0160-F300--Student-Teaching-in-English-Program--STEP-_JR38566
1625,https://uottawa.wd3.myworkdayjobs.com/uOttawa_External_Career_Site/job/Ottawa-ON/ATPUO---Hiver-2027---MBA6665B00---Gestion-de-l-entreprise-offrant-des-services-professionnels_JR38531
1625,https://uottawa.wd3.myworkdayjobs.com/uOttawa_External_Career_Site/job/Ottawa-ON/ATPUO---Hiver-2027---MBA6620B00---Dveloppement-des-stratgies-de-vente-des-produits-et-services_JR38529-1
1625,https://uottawa.wd3.myworkdayjobs.com/uOttawa_External_Career_Site/job/Ottawa-ON/ATPUO---Winter-2027---MBA6299B00---Emerging-Topics-in-Digital-Transformation_JR38528
1625,https://uottawa.wd3.myworkdayjobs.com/uOttawa_External_Career_Site/job/Ottawa-ON/ATPUO---Winter-2027---MBA6254B00---Sustainable-Finance_JR38514
1625,https://uottawa.wd3.myworkdayjobs.com/uOttawa_External_Career_Site/job/Ottawa-ON/ATPUO---Winter-2027---MBA6253B00---Ethics-in-Finance_JR38512
1625,https://uottawa.wd3.myworkdayjobs.com/uOttawa_External_Career_Site/job/Main-Campus/ATPUO---Hiver-2027---MBA5680B00---Gestion-des-oprations-et-de-la-chaine-d-approvisionnement_JR38511
1625,https://uottawa.wd3.myworkdayjobs.com/uOttawa_External_Career_Site/job/Ottawa-ON/ATPUO---Hiver-2027---MBA5611B00---Gouvernance-d-entreprise-pour-le-gestionnaire-responsable_JR38510
1625,https://uottawa.wd3.myworkdayjobs.com/uOttawa_External_Career_Site/job/Ottawa-ON/ATPUO---Hiver-2027---MBA5501B00---Analyse-infrentielle-des-donnes_JR38508
1625,https://uottawa.wd3.myworkdayjobs.com/uOttawa_External_Career_Site/job/Main-Campus/ATPUO---Winter-2027---MBA5345B00---Financial-Management---Markets_JR38507
1625,https://uottawa.wd3.myworkdayjobs.com/uOttawa_External_Career_Site/job/Main-Campus/ATPUO---Winter-2027---MBA5280B00----Operations---Supply-Chain-Management_JR38504
1625,https://uottawa.wd3.myworkdayjobs.com/uOttawa_External_Career_Site/job/Ottawa-ON/ATPUO---Winter-2027---MBA5211B00---Corporate-Governance-for-the-Responsible-Manager_JR38503
1625,https://uottawa.wd3.myworkdayjobs.com/uOttawa_External_Career_Site/job/Ottawa-ON/ATPUO---Winter-2027---ADM6420C00---Digital-Marketing_JR38502
1625,https://uottawa.wd3.myworkdayjobs.com/uOttawa_External_Career_Site/job/Ottawa-ON/ATPUO---Winter-2027---ADX6214---Sustainable-Supply-Chain-Management_JR38493
1625,https://uottawa.wd3.myworkdayjobs.com/uOttawa_External_Career_Site/job/Ottawa-ON/APTPUO---Fall-2026---ASE5102_JR38427
1625,https://uottawa.wd3.myworkdayjobs.com/uOttawa_External_Career_Site/job/Ottawa-ON/APTPUO---Fall-2026---ASE5101_JR38417
1625,https://uottawa.wd3.myworkdayjobs.com/uOttawa_External_Career_Site/job/Ottawa-ON/Lifeguard_JR38421
1625,https://uottawa.wd3.myworkdayjobs.com/uOttawa_External_Career_Site/job/Ottawa-ON/APTPUO---Automne-2026---MED6533_JR38395
1625,https://uottawa.wd3.myworkdayjobs.com/uOttawa_External_Career_Site/job/Ottawa-ON/APTPUO---Printemps-t-2027---MED6505_JR38394
1625,https://uottawa.wd3.myworkdayjobs.com/uOttawa_External_Career_Site/job/Ottawa-ON/APTPUO-Hiver-2027-MUS-2768-A00---Musique-et-identits_JR35301
1625,https://uottawa.wd3.myworkdayjobs.com/uOttawa_External_Career_Site/job/Ottawa-ON/APTPUO-Winter-2027-BCH4932-G00_JR38382
1625,https://uottawa.wd3.myworkdayjobs.com/uOttawa_External_Career_Site/job/Ottawa-ON/APTPUO---Automne-2026-Hiver-2027---PED-3620-SO3-Stage-I-en-milieu-scolaire-secondaire_JR38251
1625,https://uottawa.wd3.myworkdayjobs.com/uOttawa_External_Career_Site/job/Ottawa-ON/APTPUO---Automne-2026-Hiver-2027---PED-3620-SO2-Stage-I-en-milieu-scolaire-secondaire_JR38250
1625,https://uottawa.wd3.myworkdayjobs.com/uOttawa_External_Career_Site/job/Ottawa-ON/APTPUO---Automne-2026-Hiver-2027---PED-3620-Stage-I-en-milieu-scolaire-secondaire_JR38248
1625,https://uottawa.wd3.myworkdayjobs.com/uOttawa_External_Career_Site/job/Ottawa-ON/ATPUO---Winter-2027---ADX6271---Innovation-and-Entrepreneurship---PART-2_JR38346
1625,https://uottawa.wd3.myworkdayjobs.com/uOttawa_External_Career_Site/job/Ottawa-ON/ATPUO---Winter-2027---ADX6271---Innovation-and-Entrepreneurship---PART-1_JR38343
1625,https://uottawa.wd3.myworkdayjobs.com/uOttawa_External_Career_Site/job/Ottawa-ON/ATPUO---Winter-2027---ADX6266---Negotiation-Strategies_JR38341
1625,https://uottawa.wd3.myworkdayjobs.com/uOttawa_External_Career_Site/job/Ottawa-ON/ATPUO---Winter-2027---ADX5237---Change-Management_JR38339
1625,https://uottawa.wd3.myworkdayjobs.com/uOttawa_External_Career_Site/job/Ottawa-ON/ATPUO---Winter-2027---ADX5111---Governance--Risk-and-Compliance_JR38338-1
1625,https://uottawa.wd3.myworkdayjobs.com/uOttawa_External_Career_Site/job/Ottawa-ON/ATPUO---Winter-2027---ADX5103---Artificial-Intelligence-for-Executives_JR38337
1625,https://uottawa.wd3.myworkdayjobs.com/uOttawa_External_Career_Site/job/Ottawa-ON/APTPUO---Winter-2027---HIS4720-A00-MDV4500-A00_JR38331
1625,https://uottawa.wd3.myworkdayjobs.com/uOttawa_External_Career_Site/job/Ottawa-ON/APTPUO---Winter-2027--PHI2183-B00_JR38329
1625,https://uottawa.wd3.myworkdayjobs.com/uOttawa_External_Career_Site/job/Ottawa-ON/APTPUO---Winter-2027---PHI1101-H00_JR38326
1625,https://uottawa.wd3.myworkdayjobs.com/uOttawa_External_Career_Site/job/Ottawa-ON/APTPUO---Janvier-2027---CML4507-JA00---tudes-en-droit-des-affaires---institutions-financires_JR38321
1625,https://uottawa.wd3.myworkdayjobs.com/uOttawa_External_Career_Site/job/Ottawa-ON/APTPUO---Hiver-2027---CML3723-M00---Les-assurances_JR38319
1625,https://uottawa.wd3.myworkdayjobs.com/uOttawa_External_Career_Site/job/Main-Campus/APTPUO---Winter-2027---APA3120-M00---Psychomotor-Behavior-Laboratory_JR37966
1625,https://uottawa.wd3.myworkdayjobs.com/uOttawa_External_Career_Site/job/Ottawa-ON/Professor-in-Information-Systems_JR38094
1625,https://uottawa.wd3.myworkdayjobs.com/uOttawa_External_Career_Site/job/Ottawa-ON/Replacement-Professor---Sociology-and-Anthropology_JR38076-1
1625,https://uottawa.wd3.myworkdayjobs.com/uOttawa_External_Career_Site/job/Ottawa-ON/APTPUO---CVG2507_JR7500
1625,https://uottawa.wd3.myworkdayjobs.com/uOttawa_External_Career_Site/job/Ottawa-ON/Tier-2-Canada-Research-Chair-In-Neuromuscular-Disease_JR35266
1625,https://uottawa.wd3.myworkdayjobs.com/uOttawa_External_Career_Site/job/Ottawa-ON/Professor-in-Accounting-at-the-rank-of-Assistant-or-Associate_JR37760
1625,https://uottawa.wd3.myworkdayjobs.com/uOttawa_External_Career_Site/job/Ottawa-ON/Professor-in-Accounting--open-rank-_JR37755-1
1625,https://uottawa.wd3.myworkdayjobs.com/uOttawa_External_Career_Site/job/Ottawa-ON/Professor-of-Finance-at-the-rank-of-Assistant-or-Associate-Professor_JR37683
1625,https://uottawa.wd3.myworkdayjobs.com/uOttawa_External_Career_Site/job/Province-of-Ontario/Tier-2-Canada-Research-Chair-in-Vascular-Links-to-Neurodevelopment_JR37405
1625,https://uottawa.wd3.myworkdayjobs.com/uOttawa_External_Career_Site/job/Ottawa-ON/Tier-1-Canada-Research-Chair-in-Indigenous-Community-Infrastructure---Directorship-of-the-Centre-for-Indigenous-Community-Infrastructure_JR36966
1625,https://uottawa.wd3.myworkdayjobs.com/uOttawa_External_Career_Site/job/Ottawa-ON/Tier-2-Canada-Research-Chair-in-Application-AI-Innovation-in-Public-Health_JR33417
1625,https://uottawa.wd3.myworkdayjobs.com/uOttawa_External_Career_Site/job/Lees-Campus/Assistant-Professor--Physiotherapy-Program_JR35540
1625,https://uottawa.wd3.myworkdayjobs.com/uOttawa_External_Career_Site/job/Ottawa-ON/Tenure-Track-Faculty-Position-in-Accounting_JR35304-1
1625,https://uottawa.wd3.myworkdayjobs.com/uOttawa_External_Career_Site/job/Ottawa-ON/Replacement-Professor-in-Biology_JR34663
1625,https://uottawa.wd3.myworkdayjobs.com/uOttawa_External_Career_Site/job/Ottawa-ON/Tenure-track-faculty-positions-in-financial-accounting_JR26393
1625,https://uottawa.wd3.myworkdayjobs.com/uOttawa_External_Career_Site/job/Lees-Campus/Assistant-Professor-in-Health-Science-Communication_JR28238
1625,https://uottawa.wd3.myworkdayjobs.com/uOttawa_External_Career_Site/job/Ottawa-ON/Tier-2-Canada-Research-Chair-in-Experimental-Cellular-and-Systems-Biophysics_JR30878
1625,https://uottawa.wd3.myworkdayjobs.com/uOttawa_External_Career_Site/job/Ottawa-ON/Replacement-professor-in-Earth-and-Environmental-Sciences_JR23349
1625,https://uottawa.wd3.myworkdayjobs.com/uOttawa_External_Career_Site/job/Ottawa-ON/Tenure-track-position-with-Open-Specialization_JR20039
1625,https://uottawa.wd3.myworkdayjobs.com/uOttawa_External_Career_Site/job/Ottawa-ON/CUPE-Winter-2025-CORR-50H-MAT3379A_JR19026
1625,https://uottawa.wd3.myworkdayjobs.com/uOttawa_External_Career_Site/job/Ottawa-ON/APTPUO--Winter-2024---BPS-4102-A00--Pharmaceuticals--Federal-and-International-Regulations--_JR15371
1625,https://uottawa.wd3.myworkdayjobs.com/uOttawa_External_Career_Site/job/Lees-Campus/APTPUO-PT-HSS3103C-Winter-2025_JR12331
1625,https://uottawa.wd3.myworkdayjobs.com/uOttawa_External_Career_Site/job/Ottawa-ON/Research-Librarian---ASC--Replacement-_JR39013
1625,https://uottawa.wd3.myworkdayjobs.com/uOttawa_External_Career_Site/job/Ottawa-ON/Lead-Coordinator--User-Engagement_JR39014-1
1625,https://uottawa.wd3.myworkdayjobs.com/uOttawa_External_Career_Site/job/Ottawa-ON/APTPUO--Winter-2027--BIO1131--Section-A00_JR39031
1625,https://uottawa.wd3.myworkdayjobs.com/uOttawa_External_Career_Site/job/Ottawa-ON/Intermediate-Software-Developer--Information-Technology_JR39024
1625,https://uottawa.wd3.myworkdayjobs.com/uOttawa_External_Career_Site/job/Ottawa-ON/SCFP---Automne-2026---AE---Simon-Parent--65h---EDU-4504-A00_JR39023
1625,https://uottawa.wd3.myworkdayjobs.com/uOttawa_External_Career_Site/job/Ottawa-ON/SCFP---Raffichage---Automne-2026---AE---PED3544-F210---EDUC-INCLUSIVE---SOUTIEN_JR39021
1625,https://uottawa.wd3.myworkdayjobs.com/uOttawa_External_Career_Site/job/Ottawa-ON/CUPE---automne-2026---TA---TSO2551---A00_JR39018
1625,https://uottawa.wd3.myworkdayjobs.com/uOttawa_External_Career_Site/job/Ottawa-ON/Senior-Officer--Academic-Administration_JR39016-1
1625,https://uottawa.wd3.myworkdayjobs.com/uOttawa_External_Career_Site/job/Ottawa-ON/Manager--Educational-Development-and-Digital-Learning_JR38867
1625,https://uottawa.wd3.myworkdayjobs.com/uOttawa_External_Career_Site/job/Ottawa-ON/Intermediate-Software-Developer--Information-Technology_JR38974
1625,https://uottawa.wd3.myworkdayjobs.com/uOttawa_External_Career_Site/job/Ottawa-ON/Product-Manager--Information-Technology_JR38975
1625,https://uottawa.wd3.myworkdayjobs.com/uOttawa_External_Career_Site/job/Ottawa-ON/Replacement-Professor---Director-of-the-Teacher-Education-Programs--Assistant-level-_JR38915
1625,https://uottawa.wd3.myworkdayjobs.com/uOttawa_External_Career_Site/job/Ottawa-ON/APTPUO---Hiver-2027---PED-1599-D200---CONNAIS---HABIL-FRA-CRIT-ENS_JR39008
1625,https://uottawa.wd3.myworkdayjobs.com/uOttawa_External_Career_Site/job/Ottawa-ON/APTPUO---Hiver-2027---PED-3558-D200---SCI--TECHNO--SOCIT-ET-ENV_JR39009
1625,https://uottawa.wd3.myworkdayjobs.com/uOttawa_External_Career_Site/job/Ottawa-ON/APTPUO---Hiver-2027---PED-3565-D200---PEUPLES-ET-TECHNO-AUTOCHTONES_JR39010-1
1625,https://uottawa.wd3.myworkdayjobs.com/uOttawa_External_Career_Site/job/Ottawa-ON/APTPUO---Hiver-2027---PED-3567-D100---3568-D200---GESTION-CLASSE-CYCLE-I---II_JR39011
1625,https://uottawa.wd3.myworkdayjobs.com/uOttawa_External_Career_Site/job/Ottawa-ON/APTPUO---Hiver-2027---PED-4551-D100--4552-D200---INTGRAPPRENDVPROFSEC-I---II_JR39012
1625,https://uottawa.wd3.myworkdayjobs.com/uOttawa_External_Career_Site/job/Ottawa-ON/Clinical-Manager--Student-Health-and-Wellness_JR38886-1
1625,https://uottawa.wd3.myworkdayjobs.com/uOttawa_External_Career_Site/job/Ottawa-ON/CUPE---Research-Assistant---Ruth-Kane---Fall-2026---65h_JR39005
1625,https://uottawa.wd3.myworkdayjobs.com/uOttawa_External_Career_Site/job/Ottawa-ON/Cupe---Automne-2026---Assistanat-de-recherche---J-Fathally_JR39006-1
1625,https://uottawa.wd3.myworkdayjobs.com/uOttawa_External_Career_Site/job/Ottawa-ON/CUPE---Fall-2026---COR---POL3102---F00_JR39003
1625,https://uottawa.wd3.myworkdayjobs.com/uOttawa_External_Career_Site/job/Ottawa-ON/CUPE---Automne-2026---COR---POL3502---C00_JR39002
1625,https://uottawa.wd3.myworkdayjobs.com/uOttawa_External_Career_Site/job/Ottawa-ON/Lead-Research-Advisor--Grant-Development-Services_JR38972
1625,https://uottawa.wd3.myworkdayjobs.com/uOttawa_External_Career_Site/job/Ottawa-ON/APTPUO---Winter-2027---CML2309-O00---Civil-Procedure-I_JR39001-1
1625,https://uottawa.wd3.myworkdayjobs.com/uOttawa_External_Career_Site/job/Ottawa-ON/APTPUO---Hiver-2027---POL2556---B00_JR38998
1625,https://uottawa.wd3.myworkdayjobs.com/uOttawa_External_Career_Site/job/Ottawa-ON/APTPUO---Hiver-2027---POL2508---B00_JR38997
1625,https://uottawa.wd3.myworkdayjobs.com/uOttawa_External_Career_Site/job/Ottawa-ON/CUPE---Fall-2026---TA---ENV2301-A00_JR38996
1625,https://uottawa.wd3.myworkdayjobs.com/uOttawa_External_Career_Site/job/Ottawa-ON/CUPE---Fall-2026---TA---ENV4113-Selected-Topics-in-Environmental-Issues_JR38995
1625,https://uottawa.wd3.myworkdayjobs.com/uOttawa_External_Career_Site/job/Ottawa-ON/CUPE---Fall-2026---Corrector---ENG1120_JR38994
1625,https://uottawa.wd3.myworkdayjobs.com/uOttawa_External_Career_Site/job/Ottawa-ON/Senior-Coordinator--Revue-gnrale-de-droit_JR38991-1
1625,https://uottawa.wd3.myworkdayjobs.com/uOttawa_External_Career_Site/job/Ottawa-ON/Junior-Software-Developer--Information-Technology_JR38990
1625,https://uottawa.wd3.myworkdayjobs.com/uOttawa_External_Career_Site/job/Ottawa-ON/Intermediate-Web-Developer_JR38988
1625,https://uottawa.wd3.myworkdayjobs.com/uOttawa_External_Career_Site/job/Ottawa-ON/Research-Assistant_JR38986
1625,https://uottawa.wd3.myworkdayjobs.com/uOttawa_External_Career_Site/job/Ottawa-ON/Senior-Information-Officer--Customer-Service--Financial-Aid-_JR38973
1625,https://uottawa.wd3.myworkdayjobs.com/uOttawa_External_Career_Site/job/Ottawa-ON/Director--Experiential-and-Clinical-Learning-Hub_JR38984
1625,https://uottawa.wd3.myworkdayjobs.com/uOttawa_External_Career_Site/job/Ottawa-ON/CUPE---Fall-2026--MUS3958-A---Vocal-Repertoire-I--Pianist-_JR38987
1625,https://uottawa.wd3.myworkdayjobs.com/uOttawa_External_Career_Site/job/Ottawa-ON/APTPUO--Hiver-2027--BIO2535--Section-A00_JR38983
1625,https://uottawa.wd3.myworkdayjobs.com/uOttawa_External_Career_Site/job/Ottawa-ON/Research-Assistant_JR38982
1625,https://uottawa.wd3.myworkdayjobs.com/uOttawa_External_Career_Site/job/Ottawa-ON/Supervisor--Academic-Administration_JR38913
1625,https://uottawa.wd3.myworkdayjobs.com/uOttawa_External_Career_Site/job/Ottawa-ON/Lead-Data-Administrator--Quantitative-Health-Research_JR38970
1625,https://uottawa.wd3.myworkdayjobs.com/uOttawa_External_Career_Site/job/Ottawa-ON/CUPE---Fall-2026---Research-Assistant----Tracy-Vaillancourt---130-h_JR38980
1625,https://uottawa.wd3.myworkdayjobs.com/uOttawa_External_Career_Site/job/Ottawa-ON/APTPUO---PSY2510-C00---HIVER-2027_JR37865
1625,https://uottawa.wd3.myworkdayjobs.com/uOttawa_External_Career_Site/job/Ottawa-ON/Adjointe-ou-adjoint-de-direction-II_JR38957
1625,https://uottawa.wd3.myworkdayjobs.com/uOttawa_External_Career_Site/job/Ottawa-ON/Intermediate-Administrator--Human-Resources_JR38966
1625,https://uottawa.wd3.myworkdayjobs.com/uOttawa_External_Career_Site/job/Ottawa-ON/Lead-Coordinator--Research-Administration-and-Communications_JR38936
1625,https://uottawa.wd3.myworkdayjobs.com/uOttawa_External_Career_Site/job/Lees-Campus/Senior-Advisor--Undergraduate-Program-in-Nursing_JR35294
1625,https://uottawa.wd3.myworkdayjobs.com/uOttawa_External_Career_Site/job/Ottawa-ON/APTPUO--Hiver-2027---ISI6742---Architecture-web-et-technologies_JR38916
1625,https://uottawa.wd3.myworkdayjobs.com/uOttawa_External_Career_Site/job/Ottawa-ON/APTPUO--Winter-2027--ISI-6353-Access-and-Services-to-Diverse-Populations_JR38917
1625,https://uottawa.wd3.myworkdayjobs.com/uOttawa_External_Career_Site/job/Ottawa-ON/Research-Assistant_JR38971-1
1625,https://uottawa.wd3.myworkdayjobs.com/uOttawa_External_Career_Site/job/Ottawa-ON/Research-Assistant_JR38922
1625,https://uottawa.wd3.myworkdayjobs.com/uOttawa_External_Career_Site/job/Ottawa-ON/Research-Assistant_JR38965
1625,https://uottawa.wd3.myworkdayjobs.com/uOttawa_External_Career_Site/job/Ottawa-ON/Research-Assistant_JR38964
1625,https://uottawa.wd3.myworkdayjobs.com/uOttawa_External_Career_Site/job/Ottawa-ON/CUPE---Research-Assistant---John-Ranellucci---Fall-2026---40h_JR38963-1
1625,https://uottawa.wd3.myworkdayjobs.com/uOttawa_External_Career_Site/job/Ottawa-ON/CUPE-Automne-Fall-2026--AE-TA-CEG3155A_JR38962
1625,https://uottawa.wd3.myworkdayjobs.com/uOttawa_External_Career_Site/job/Ottawa-ON/SCFP---Automne-2026---AE---Mirela-Moldoveanu---65h---EDU-7700_JR38961
1625,https://uottawa.wd3.myworkdayjobs.com/uOttawa_External_Career_Site/job/Ottawa-ON/SCFP---Automne-2026---AE---Carole-Fleuret--130h_JR38960
1625,https://uottawa.wd3.myworkdayjobs.com/uOttawa_External_Career_Site/job/Ottawa-ON/CUPE---Fall-2026---TA---ANP1111_JR38958
1625,https://uottawa.wd3.myworkdayjobs.com/uOttawa_External_Career_Site/job/Ottawa-ON/CUPE-Fall-2026-BIO3702-CRS-CORR--86H_JR38956
1625,https://uottawa.wd3.myworkdayjobs.com/uOttawa_External_Career_Site/job/Main-Campus/ATPUO---Hiver-2027---ADM4752M---Gestion-financire-avance_JR38952
1625,https://uottawa.wd3.myworkdayjobs.com/uOttawa_External_Career_Site/job/Ottawa-ON/SCFP---Automne-2026---AE---Grardine-Kamdoum---65h_JR38951
1625,https://uottawa.wd3.myworkdayjobs.com/uOttawa_External_Career_Site/job/Ottawa-ON/SCFP---Automne-2026---AE---Andr-Samson---130h_JR38950
1625,https://uottawa.wd3.myworkdayjobs.com/uOttawa_External_Career_Site/job/Ottawa-ON/CUPE---Fall-2026---TA---Eliane-Dulude---65h---EDU-5230-DA30_JR38949
1625,https://uottawa.wd3.myworkdayjobs.com/uOttawa_External_Career_Site/job/Ottawa-ON/CUPE---Fall-2026---TA---Peter-Milley---130h---EDU-5263_JR38948
1625,https://uottawa.wd3.myworkdayjobs.com/uOttawa_External_Career_Site/job/Ottawa-ON/CUPE---Fall-2026---TA-PED4125-S200---TEACH-SC-CHEM-AT-SENIOR-DIV_JR38945
1625,https://uottawa.wd3.myworkdayjobs.com/uOttawa_External_Career_Site/job/Ottawa-ON/CUPE---Fall-2026---TA---Holly-Adam---130h---EDU-5261_JR38946
1625,https://uottawa.wd3.myworkdayjobs.com/uOttawa_External_Career_Site/job/Ottawa-ON/CUPE---Fall-2026---TA---130h---Minahil-Asim_JR38943
1625,https://uottawa.wd3.myworkdayjobs.com/uOttawa_External_Career_Site/job/Ottawa-ON/ISI-6771---Apprentissage-et-Instruction_JR38938
1625,https://uottawa.wd3.myworkdayjobs.com/uOttawa_External_Career_Site/job/Ottawa-ON/APTPUO--Hiver-2027--BIO3515--Section-A00_JR38937
1625,https://uottawa.wd3.myworkdayjobs.com/uOttawa_External_Career_Site/job/Ottawa-ON/ISI-6372-Information-Literacy_JR38935
1625,https://uottawa.wd3.myworkdayjobs.com/uOttawa_External_Career_Site/job/Ottawa-ON/Senior-Specialist--HR-Business-Applications_JR38635
1625,https://uottawa.wd3.myworkdayjobs.com/uOttawa_External_Career_Site/job/Ottawa-ON/Senior-Executive-Assistant_JR38879
1625,https://uottawa.wd3.myworkdayjobs.com/uOttawa_External_Career_Site/job/Ottawa-ON/CUPE---Hiver-2027---RA---P_JR38933-1
1625,https://uottawa.wd3.myworkdayjobs.com/uOttawa_External_Career_Site/job/Ottawa-ON/CUPE---Automne-2026---RA---P_JR38930
1625,https://uottawa.wd3.myworkdayjobs.com/uOttawa_External_Career_Site/job/Ottawa-ON/Research-Assistant_JR38924
1625,https://uottawa.wd3.myworkdayjobs.com/uOttawa_External_Career_Site/job/Ottawa-ON/Research-Assistant_JR38921
1625,https://uottawa.wd3.myworkdayjobs.com/uOttawa_External_Career_Site/job/Ottawa-ON/APTPUO---Hiver-2027---ISI6713-A00_JR38912
1625,https://uottawa.wd3.myworkdayjobs.com/uOttawa_External_Career_Site/job/Ottawa-ON/APTPUO---Winter-2027---ISI6331_JR38911
1625,https://uottawa.wd3.myworkdayjobs.com/uOttawa_External_Career_Site/job/Ottawa-ON/APTPUO---Winter-2027---ISI5307-A00_JR38909-1
1625,https://uottawa.wd3.myworkdayjobs.com/uOttawa_External_Career_Site/job/Ottawa-ON/APTPUO---Hiver-2027---ISI5705-A00_JR38908
1625,https://uottawa.wd3.myworkdayjobs.com/uOttawa_External_Career_Site/job/Ottawa-ON/CUPE---Fall-2026---Corrector---ENG1320-A00_JR38905
1625,https://uottawa.wd3.myworkdayjobs.com/uOttawa_External_Career_Site/job/Ottawa-ON/Senior-Manager--Learning-Solutions_JR38872
1625,https://uottawa.wd3.myworkdayjobs.com/uOttawa_External_Career_Site/job/Ottawa-ON/ATPUO---Hiver-2027---MBA6654B00---Financement-durable_JR38883
1625,https://uottawa.wd3.myworkdayjobs.com/uOttawa_External_Career_Site/job/Ottawa-ON/ATPUO---Hiver-2027---MBA6653B00---thique-en-finance_JR38881
1625,https://uottawa.wd3.myworkdayjobs.com/uOttawa_External_Career_Site/job/Lees-Campus/APEUO-ATPUO-Automne-2026-NUT3702-A-enseignement-clinique--simulations-_JR38882
1625,https://uottawa.wd3.myworkdayjobs.com/uOttawa_External_Career_Site/job/Ottawa-ON/CUPE---Fall-2026---TA-PED3153---CONTEXT-ONT-MID---SEC-SCH_JR39046
1625,https://uottawa.wd3.myworkdayjobs.com/uOttawa_External_Career_Site/job/Ottawa-ON/Lead-Executive-Advisor--Research-Services_JR38969
1625,https://uottawa.wd3.myworkdayjobs.com/uOttawa_External_Career_Site/job/Ottawa-ON/TA--CUPE----SED2115-A---Fall-2026_JR39039
1625,https://uottawa.wd3.myworkdayjobs.com/uOttawa_External_Career_Site/job/Ottawa-ON/CUPE---Aut-2026---Assistante-de-recherche---Pr-Louise-Frappier_JR39035
1625,https://uottawa.wd3.myworkdayjobs.com/uOttawa_External_Career_Site/job/Ottawa-ON/APTPUO---Winter-2027----EDU5113-DA00---INCLUSIVE---SPECIAL-EDUCATION_JR39055
1625,https://uottawa.wd3.myworkdayjobs.com/uOttawa_External_Career_Site/job/Ottawa-ON/APTPUO---Winter-2027----EDU5113-DA10---INCLUSIVE---SPECIAL-EDUCATION_JR39057-1
1625,https://uottawa.wd3.myworkdayjobs.com/uOttawa_External_Career_Site/job/Ottawa-ON/APTPUO---Winter-2027----EDU5125-DA00---SOCIAL-EMOTIONAL-LEARNING_JR39060
1625,https://uottawa.wd3.myworkdayjobs.com/uOttawa_External_Career_Site/job/Ottawa-ON/APTPUO---Winter-2027----EDU5125-DA10---SOCIAL-EMOTIONAL-LEARNING_JR39061
1625,https://uottawa.wd3.myworkdayjobs.com/uOttawa_External_Career_Site/job/Ottawa-ON/APTPUO---Winter-2027----EDU5127-DA00---MENTORING-AND-COACHING_JR39062
1625,https://uottawa.wd3.myworkdayjobs.com/uOttawa_External_Career_Site/job/Ottawa-ON/APTPUO---Winter-2027----EDU5127-DA10---MENTORING-AND-COACHING_JR39063
1625,https://uottawa.wd3.myworkdayjobs.com/uOttawa_External_Career_Site/job/Ottawa-ON/APTPUO---Winter-2027----EDU5146-DA10---SOC--POL---CULTURAL-ISSUES_JR39064
1625,https://uottawa.wd3.myworkdayjobs.com/uOttawa_External_Career_Site/job/Ottawa-ON/APTPUO---Winter-2027----EDU5188-C00---INTEGRATION-OF-TECH-IN-EDUC_JR39067
1625,https://uottawa.wd3.myworkdayjobs.com/uOttawa_External_Career_Site/job/Ottawa-ON/APTPUO---Winter-2027----EDU5188-DA00---INTEGRATION-OF-TECH-IN-EDUC_JR39074
1625,https://uottawa.wd3.myworkdayjobs.com/uOttawa_External_Career_Site/job/Ottawa-ON/APTPUO---Winter-2027----EDU5199-DA00---SYNTHESIS-SEMINAR_JR39078
1625,https://uottawa.wd3.myworkdayjobs.com/uOttawa_External_Career_Site/job/Ottawa-ON/APTPUO---Winter-2027----EDU5199-DA10---SYNTHESIS-SEMINAR_JR39081
1625,https://uottawa.wd3.myworkdayjobs.com/uOttawa_External_Career_Site/job/Ottawa-ON/APTPUO---Winter-2027----EDU5199-DS00---SYNTHESIS-SEMINAR_JR39084-1
1625,https://uottawa.wd3.myworkdayjobs.com/uOttawa_External_Career_Site/job/Ottawa-ON/APTPUO---Student---Winter-2027----EDU5202-DA20---TEACH-STRATEG-HEALTH-PROF_JR39088-1
1625,https://uottawa.wd3.myworkdayjobs.com/uOttawa_External_Career_Site/job/Ottawa-ON/APTPUO---Student---Winter-2027----EDU5210-C00---PHILOSOPHIES-OF-EDUCATION_JR39089
1625,https://uottawa.wd3.myworkdayjobs.com/uOttawa_External_Career_Site/job/Ottawa-ON/APTPUO---Student---Winter-2027----EDU5230-DA00---LEADERSHIP-EDUC-ORGANIZATIONS_JR39090
1625,https://uottawa.wd3.myworkdayjobs.com/uOttawa_External_Career_Site/job/Ottawa-ON/APTPUO---Student---Winter-2027----EDU5232-DA00---HUMAN-RELATION-IN-EDUC-ADMIN_JR39091
1625,https://uottawa.wd3.myworkdayjobs.com/uOttawa_External_Career_Site/job/Ottawa-ON/APTPUO---Student---Winter-2027----EDU5244-DA00---BILINGUAL-MULTILINGUAL---MINOR_JR39093
1625,https://uottawa.wd3.myworkdayjobs.com/uOttawa_External_Career_Site/job/Ottawa-ON/APTPUO---Student---Winter-2027----EDU5258-DA00---INCLUSIVE-PRACT-DIVERSE-NEEDS_JR39101
1625,https://uottawa.wd3.myworkdayjobs.com/uOttawa_External_Career_Site/job/Ottawa-ON/APTPUO---Student---Winter-2027----EDU5265-C00---INTNLOF-CURRICULUM-STUDIES_JR39103
1625,https://uottawa.wd3.myworkdayjobs.com/uOttawa_External_Career_Site/job/Ottawa-ON/APTPUO---Student---Winter-2027----EDU5265-DA00---INTNLOF-CURRICULUM-STUDIES_JR39104
1625,https://uottawa.wd3.myworkdayjobs.com/uOttawa_External_Career_Site/job/Ottawa-ON/APTPUO---Student---Winter-2027----EDU5274-C00--TESTS---MEASURIN-COUNS-PSY_JR39105-1
1625,https://uottawa.wd3.myworkdayjobs.com/uOttawa_External_Career_Site/job/Ottawa-ON/APTPUO---Winter-2027----EDU-5287-DA00---EMERGING-TECH-AND--LEARNING_JR39107
1625,https://uottawa.wd3.myworkdayjobs.com/uOttawa_External_Career_Site/job/Ottawa-ON/APTPUO---Winter-2027----EDU-5299-DA00---PROGRAM-EVAL--METHODS---PRAC_JR39108
1625,https://uottawa.wd3.myworkdayjobs.com/uOttawa_External_Career_Site/job/Ottawa-ON/APTPUO---Winter-2027----EDU-5299-DA10---PROGRAM-EVAL--METHODS---PRAC_JR39109-1
1625,https://uottawa.wd3.myworkdayjobs.com/uOttawa_External_Career_Site/job/Ottawa-ON/APTPUO---Winter-2027----EDU-5299-DA20---PROGRAM-EVAL--METHODS---PRAC_JR39110
1625,https://uottawa.wd3.myworkdayjobs.com/uOttawa_External_Career_Site/job/Ottawa-ON/APTPUO---Student---Winter-2027----EDU5299-DA50---PROGRAM-EVAL--METHODS---PRAC_JR39113
1625,https://uottawa.wd3.myworkdayjobs.com/uOttawa_External_Career_Site/job/Ottawa-ON/APTPUO---Student---Winter-2027----EDU-5357-DA00---CURRENT-ISSUES-IN-MATH-EDUC_JR39114
1625,https://uottawa.wd3.myworkdayjobs.com/uOttawa_External_Career_Site/job/Ottawa-ON/APTPUO---Student---Winter-2027----EDU5385-DA00---CHILDREN-S-LIT---LEARNING_JR39115
1625,https://uottawa.wd3.myworkdayjobs.com/uOttawa_External_Career_Site/job/Ottawa-ON/APTPUO---Student---Winter-2027----EDU5465-DA00---GLOBALIZATION---COMPAR-EDUC_JR39116
1625,https://uottawa.wd3.myworkdayjobs.com/uOttawa_External_Career_Site/job/Ottawa-ON/APTPUO---Automne-2026----PDP-2687---A00----Stage-d-enseignement-II_JR39102
1625,https://uottawa.wd3.myworkdayjobs.com/uOttawa_External_Career_Site/job/Ottawa-ON/APTPUO---Automne-2026----PDP16152-A00---ENS-AUX-LVES-CCIT-PART-I---partie-2-de-3-_JR39099
1625,https://uottawa.wd3.myworkdayjobs.com/uOttawa_External_Career_Site/job/Ottawa-ON/APTPUO----Winter-2027---PDP3232-A00--MATH--PJ-SPECIALIST_JR39095-1
1625,https://uottawa.wd3.myworkdayjobs.com/uOttawa_External_Career_Site/job/Ottawa-ON/APTPUO----Winter-2027---PDP3232-B00---MATH--PJ-SPECIALIST_JR39096
1625,https://uottawa.wd3.myworkdayjobs.com/uOttawa_External_Career_Site/job/Ottawa-ON/APTPUO---Winter-2027---PDP1579-A00--MESURE---VAL-STRAT-ENSEIGN_JR39097
1625,https://uottawa.wd3.myworkdayjobs.com/uOttawa_External_Career_Site/job/Ottawa-ON/Assistanat-CUPE-Automne-2026--Centre-de-rdaction_JR39092
1625,https://uottawa.wd3.myworkdayjobs.com/uOttawa_External_Career_Site/job/Ottawa-ON/Assistanat-CUPE--Hiver-2027--Centre-de-rdaction_JR39094
1625,https://uottawa.wd3.myworkdayjobs.com/uOttawa_External_Career_Site/job/Ottawa-ON/CUPE---Assistant-e--de-recherche---Megan-Cotnam-Kappel---60h_JR39086
1625,https://uottawa.wd3.myworkdayjobs.com/uOttawa_External_Career_Site/job/Ottawa-ON/Canada-Impact--Emerging-Leader-in-Epidemiology-and-or-Applied-Health-Research_JR39027
1625,https://uottawa.wd3.myworkdayjobs.com/uOttawa_External_Career_Site/job/Ottawa-ON/APTPUO---Hiver-2027---PDP-3670-A00---DU-SPEC-SPCIALISTE_JR39083
1625,https://uottawa.wd3.myworkdayjobs.com/uOttawa_External_Career_Site/job/Ottawa-ON/APTPUO---Winter-2027---PDP-3660-A00---FRA-LANGUE-SECONDE-SPCIALISTE_JR39080
1625,https://uottawa.wd3.myworkdayjobs.com/uOttawa_External_Career_Site/job/Ottawa-ON/Canada-Impact--Emerging-Leader-in-Environmental-Geochemistry_JR39025
1625,https://uottawa.wd3.myworkdayjobs.com/uOttawa_External_Career_Site/job/Ottawa-ON/APTPUO---Winter-2027---PDP-2660-A00---Franais-langue-seconde---partie-II_JR39079
1625,https://uottawa.wd3.myworkdayjobs.com/uOttawa_External_Career_Site/job/Ottawa-ON/APTPUO---Hiver-2027---PDP-2620-A00---ducation-spcialise----partie-II_JR39077
1625,https://uottawa.wd3.myworkdayjobs.com/uOttawa_External_Career_Site/job/Ottawa-ON/APTPUO---Hiver-2027---PDP-1899-A00---SMINAIRE---ATELIER-EN-EDU_JR39073
1625,https://uottawa.wd3.myworkdayjobs.com/uOttawa_External_Career_Site/job/Ottawa-ON/APTPUO---Hiver-2027---PDP-1821-A00---SANT-D-PHYS-PR-MO-PARTIE-I_JR39071
1625,https://uottawa.wd3.myworkdayjobs.com/uOttawa_External_Career_Site/job/Ottawa-ON/APTPUO---Hiver-2027---PDP-1685-A00---TROUBLES-DU-SPECTRE-AUTISTIQUE_JR39070-1
1625,https://uottawa.wd3.myworkdayjobs.com/uOttawa_External_Career_Site/job/Ottawa-ON/APTPUO---Winter-2027---PDP1660-A00---FR-LANGUE-SEC-I_JR39069
1625,https://uottawa.wd3.myworkdayjobs.com/uOttawa_External_Career_Site/job/Ottawa-ON/APTPUO---Hiver-2027---PDP1649-A00---JARDIN-D-ENFANTS--PARTIE-I_JR39068
1625,https://uottawa.wd3.myworkdayjobs.com/uOttawa_External_Career_Site/job/Ottawa-ON/APTPUO---Hiver-2027---PDP1620-A00---DU-SPEC-I_JR39066
1625,https://uottawa.wd3.myworkdayjobs.com/uOttawa_External_Career_Site/job/Ottawa-ON/APTPUO---Hiver-2027---PDP1605-A00---Mathmatiques-7e-et-8e-annes_JR39065
1625,https://uottawa.wd3.myworkdayjobs.com/uOttawa_External_Career_Site/job/Ottawa-ON/APTPUO---Hiver-2027---PDP1502-A00---Apprentissage-et-partage-des-connaissances-intergnrationnelles_JR39059
1625,https://uottawa.wd3.myworkdayjobs.com/uOttawa_External_Career_Site/job/Ottawa-ON/Canada-Impact--Emerging-Leader-in-Experimental-Biophotonics_JR39022
1625,https://uottawa.wd3.myworkdayjobs.com/uOttawa_External_Career_Site/job/Ottawa-ON/APTPUO---Winter-2027---PDP1499-A00---SEMINAR---WORKSHOP-IN-EDUC_JR39058
1625,https://uottawa.wd3.myworkdayjobs.com/uOttawa_External_Career_Site/job/Ottawa-ON/APTPUO---Aut-Fall-2026---Hiver-Winter-2027-MUS3944-A-1-2---Musique-de-chambre-I-Chamber-Music-I_JR35999
1625,https://uottawa.wd3.myworkdayjobs.com/uOttawa_External_Career_Site/job/Ottawa-ON/CUPE---Fall-2026----RA---Lauren-Gillingham_JR39051
1625,https://uottawa.wd3.myworkdayjobs.com/uOttawa_External_Career_Site/job/Ottawa-ON/CUPE---Fall-2026---TA-PED3114-C100---TEACH-JUNIOR-DIV--PART-I_JR39050
1625,https://uottawa.wd3.myworkdayjobs.com/uOttawa_External_Career_Site/job/Ottawa-ON/CUPE---Fall-2026---TA-PED3183-I200---TEACH-HIST-AT-INTERM-DIV_JR39052
1625,https://uottawa.wd3.myworkdayjobs.com/uOttawa_External_Career_Site/job/Ottawa-ON/CUPE---Fall-2026---TA-PED3113-A100---TEACH-PRIMARY-DIV--PART-III_JR39049
1625,https://uottawa.wd3.myworkdayjobs.com/uOttawa_External_Career_Site/job/Ottawa-ON/CUPE---Fall-2026---TA-PED31511-U200---ENACT-COLLAB-PROF-PRAC--1-2-_JR39048
1625,https://uottawa.wd3.myworkdayjobs.com/uOttawa_External_Career_Site/job/Ottawa-ON/CUPE---Fall-2026---TA-PED31501-U100---BECOMING-TCHR-IN-PRAC--1-2-_JR39047
1625,https://uottawa.wd3.myworkdayjobs.com/uOttawa_External_Career_Site/job/Ottawa-ON/ATPUO---Winter-2027---ADM4344M---Taxation-II_JR39132
1625,https://uottawa.wd3.myworkdayjobs.com/uOttawa_External_Career_Site/job/Ottawa-ON/ATPUO---Winter-2027---ADM3345M---Taxation-I_JR39131
1625,https://uottawa.wd3.myworkdayjobs.com/uOttawa_External_Career_Site/job/Ottawa-ON/Specialist--Access-to-Information-and-Privacy_JR38454
1625,https://uottawa.wd3.myworkdayjobs.com/uOttawa_External_Career_Site/job/Ottawa-ON/Senior-Coordinator--Supply-Chain-Operations_JR39126-1
1625,https://uottawa.wd3.myworkdayjobs.com/uOttawa_External_Career_Site/job/Ottawa-ON/SCFP-CUPE---Fall-2026---Corrector---CRM4317-A00_JR39129
1625,https://uottawa.wd3.myworkdayjobs.com/uOttawa_External_Career_Site/job/Ottawa-ON/Technician-III--Laboratory-Support_JR39085
1625,https://uottawa.wd3.myworkdayjobs.com/uOttawa_External_Career_Site/job/Ottawa-ON/APTPUO---Fall-2026---ISI6312-A00_JR34409
1625,https://uottawa.wd3.myworkdayjobs.com/uOttawa_External_Career_Site/job/Ottawa-ON/Intermediate-Generalist--Human-Resources_JR39040
1625,https://uottawa.wd3.myworkdayjobs.com/uOttawa_External_Career_Site/job/Ottawa-ON/Intermediate-Generalist--Human-Resources_JR39042
1625,https://uottawa.wd3.myworkdayjobs.com/uOttawa_External_Career_Site/job/Ottawa-ON/Intermediate-Learning-Specialist--Academic-Accommodation_JR39098
1625,https://uottawa.wd3.myworkdayjobs.com/uOttawa_External_Career_Site/job/Ottawa-ON/Intermediate-Specialist--Research-Support_JR39032
1625,https://uottawa.wd3.myworkdayjobs.com/uOttawa_External_Career_Site/job/Ottawa-ON/Lead-Coordinator--Campus-Events_JR39045-1
1625,https://uottawa.wd3.myworkdayjobs.com/uOttawa_External_Career_Site/job/Ottawa-ON/Lead-Investigator--Protection-Services_JR39087
1625,https://uottawa.wd3.myworkdayjobs.com/uOttawa_External_Career_Site/job/Ottawa-ON/SCFP-CUPE---Fall-2026---Corrector---CRM2310-A00_JR36853
1625,https://uottawa.wd3.myworkdayjobs.com/uOttawa_External_Career_Site/job/Ottawa-ON/SCFP-CUPE---Fall-2026---Corrector---CRM2716-A00_JR39121
1625,https://uottawa.wd3.myworkdayjobs.com/uOttawa_External_Career_Site/job/Ottawa-ON/SCFP-CUPE---Fall-2026---Corrector---CRM4717-A00_JR39118
1625,https://uottawa.wd3.myworkdayjobs.com/uOttawa_External_Career_Site/job/Ottawa-ON/SCFP-CUPE---Fall-2026---TA---CRM1701-A00_JR36862
1625,https://uottawa.wd3.myworkdayjobs.com/uOttawa_External_Career_Site/job/Ottawa-ON/SCFP-CUPE---Fall-2026---TA---CRM3731-A00_JR36913-1
1625,https://uottawa.wd3.myworkdayjobs.com/uOttawa_External_Career_Site/job/Ottawa-ON/Senior-Specialist--Community-Engagement-and-Experiential-Learning_JR39044
1625,https://uottawa.wd3.myworkdayjobs.com/uOttawa_External_Career_Site/job/Ottawa-ON/Senior-Specialist--Field-Placement-and-Education_JR39041-1
1625,https://uottawa.wd3.myworkdayjobs.com/uOttawa_External_Career_Site/job/Ottawa-ON/Senior-Specialist--Program-Management_JR39054
1625,https://uottawa.wd3.myworkdayjobs.com/uOttawa_External_Career_Site/job/Ottawa-ON/CUPE---Research-Assistant---John-Ranellucci---Fall-2026-Winter-2027---260h_JR39160
1625,https://uottawa.wd3.myworkdayjobs.com/uOttawa_External_Career_Site/job/Ottawa-ON/Product-Manager--IT-Security_JR39151
1625,https://uottawa.wd3.myworkdayjobs.com/uOttawa_External_Career_Site/job/Ottawa-ON/CUPE---Fall-2026---TA---MGT5100_JR39149-1
1625,https://uottawa.wd3.myworkdayjobs.com/uOttawa_External_Career_Site/job/Ottawa-ON/APTPUO----Fall2026-Winter-2027---PDP1232-A00--MATH-PJ-PART-I_JR39146
1625,https://uottawa.wd3.myworkdayjobs.com/uOttawa_External_Career_Site/job/Ottawa-ON/CUPE---Correcteur-Correctrice---FRA2789B--Automne-2026_JR39144
1625,https://uottawa.wd3.myworkdayjobs.com/uOttawa_External_Career_Site/job/Ottawa-ON/Research-Assistant_JR39143
1625,https://uottawa.wd3.myworkdayjobs.com/uOttawa_External_Career_Site/job/Ottawa-ON/Assistant-or-Associate-Professor-in-Mathematics_JR39125
1625,https://uottawa.wd3.myworkdayjobs.com/uOttawa_External_Career_Site/job/Ottawa-ON/CUPE---Fall-2026---Corrector---ADM4743_JR39138-1
1625,https://uottawa.wd3.myworkdayjobs.com/uOttawa_External_Career_Site/job/Ottawa-ON/Adjointe-ou-adjoint--la-rdaction---Editorial-Assistant_JR39136
1625,https://uottawa.wd3.myworkdayjobs.com/uOttawa_External_Career_Site/job/Ottawa-ON/CUPE---AR---Site-Web--Dpartement-FRA---Automne-2026_JR39128
1625,https://uottawa.wd3.myworkdayjobs.com/uOttawa_External_Career_Site/job/Lees-Campus/CUPE-Automne-2026-SSP3900-TA-120h_JR39135-1
1625,https://uottawa.wd3.myworkdayjobs.com/uOttawa_External_Career_Site/job/Ottawa-ON/APTPUO---PSY3126-B00---WINTER-2027_JR39193
1625,https://uottawa.wd3.myworkdayjobs.com/uOttawa_External_Career_Site/job/Ottawa-ON/APTPUO---PSY3109-C00---WINTER-2027_JR39190
1625,https://uottawa.wd3.myworkdayjobs.com/uOttawa_External_Career_Site/job/Ottawa-ON/APTPUO---Winter-2027---PED3102-L100---SCHOOLING-AND-SOCIETY_JR39192
1625,https://uottawa.wd3.myworkdayjobs.com/uOttawa_External_Career_Site/job/Ottawa-ON/APTPUO---Winter-2027---PED3102-J100---SCHOOLING-AND-SOCIETY_JR39191-1
1625,https://uottawa.wd3.myworkdayjobs.com/uOttawa_External_Career_Site/job/Ottawa-ON/APTPUO---Winter-2027---PED3102-H100---SCHOOLING-AND-SOCIETY_JR39189
1625,https://uottawa.wd3.myworkdayjobs.com/uOttawa_External_Career_Site/job/Ottawa-ON/APTPUO---Winter-2027---PED3102-G100---SCHOOLING-AND-SOCIETY_JR39188
1625,https://uottawa.wd3.myworkdayjobs.com/uOttawa_External_Career_Site/job/Ottawa-ON/APTPUO---Winter-2027---PED3102-F100---SCHOOLING-AND-SOCIETY_JR39187
1625,https://uottawa.wd3.myworkdayjobs.com/uOttawa_External_Career_Site/job/Ottawa-ON/APTPUO---PSY2174-G00---WINTER-2027_JR39183
1625,https://uottawa.wd3.myworkdayjobs.com/uOttawa_External_Career_Site/job/Ottawa-ON/APTPUO---Winter-2027---PED3102-E100---SCHOOLING-AND-SOCIETY_JR39185-1
1625,https://uottawa.wd3.myworkdayjobs.com/uOttawa_External_Career_Site/job/Ottawa-ON/APTPUO---Winter-2027---PED3102-D100---SCHOOLING-AND-SOCIETY_JR39184
1625,https://uottawa.wd3.myworkdayjobs.com/uOttawa_External_Career_Site/job/Ottawa-ON/APTPUO---Winter-2027---PED3102-C100---SCHOOLING-AND-SOCIETY_JR39147
1625,https://uottawa.wd3.myworkdayjobs.com/uOttawa_External_Career_Site/job/Ottawa-ON/APTPUO---Winter-2027---GEG3300-B00_JR39182
1625,https://uottawa.wd3.myworkdayjobs.com/uOttawa_External_Career_Site/job/Ottawa-ON/APTPUO-tudiant---Hiver-2027---EDU-1501---A00---Introduction--l-enseignement_JR39181
1625,https://uottawa.wd3.myworkdayjobs.com/uOttawa_External_Career_Site/job/Ottawa-ON/Information-Officer--SHIFT-_JR39015
1625,https://uottawa.wd3.myworkdayjobs.com/uOttawa_External_Career_Site/job/Ottawa-ON/CUPE---Corrector---ENG1141---Fall-2026_JR39176
1625,https://uottawa.wd3.myworkdayjobs.com/uOttawa_External_Career_Site/job/Ottawa-ON/CUPE---Automne-2026---AE---CMN2573-A00_JR39169
1625,https://uottawa.wd3.myworkdayjobs.com/uOttawa_External_Career_Site/job/Ottawa-ON/CUPE---Fall-2026---TA---SRS2113-A00_JR39167
1625,https://uottawa.wd3.myworkdayjobs.com/uOttawa_External_Career_Site/job/Ottawa-ON/Intermediate-Liaison-Officer--Student-Recruitment_JR39124
1625,https://uottawa.wd3.myworkdayjobs.com/uOttawa_External_Career_Site/job/Ottawa-ON/Archivist--II_JR39162
1625,https://uottawa.wd3.myworkdayjobs.com/uOttawa_External_Career_Site/job/Ottawa-ON/CUPE---Fall-2026---HIS3305-A00_JR39166
1625,https://uottawa.wd3.myworkdayjobs.com/uOttawa_External_Career_Site/job/Ottawa-ON/CUPE---Automne-2026---HIS2551-A00_JR39164
1625,https://uottawa.wd3.myworkdayjobs.com/uOttawa_External_Career_Site/job/Ottawa-ON/CUPE---Fall-2026---HIS2376-A00_JR39163
1625,https://uottawa.wd3.myworkdayjobs.com/uOttawa_External_Career_Site/job/Ottawa-ON/Lead-Advisor--Human-Rights-Office--Sexual-Violence-Prevention-_JR39148
1625,https://uottawa.wd3.myworkdayjobs.com/uOttawa_External_Career_Site/job/Ottawa-ON/APTPUO---Hiver-2027---PED4570-F240---RECH-EDUC_JR39319
1625,https://uottawa.wd3.myworkdayjobs.com/uOttawa_External_Career_Site/job/Ottawa-ON/APTPUO---Hiver-2027---PED4570-F210---RECH-EDUC_JR39318
1625,https://uottawa.wd3.myworkdayjobs.com/uOttawa_External_Career_Site/job/Ottawa-ON/APTPUO---Hiver-2027---PED3703-K210---ENSEIGNRELIGCATHOLCYCINTER_JR39315
1625,https://uottawa.wd3.myworkdayjobs.com/uOttawa_External_Career_Site/job/Ottawa-ON/APTPUO---Hiver-2027---PED3704-K200---DUCATION-VALEUR-MILIEU-SCOL_JR39316
1625,https://uottawa.wd3.myworkdayjobs.com/uOttawa_External_Career_Site/job/Ottawa-ON/APTPUO---Hiver-2027---PED3717-I200---TECHNOLOGIE-SERVICE-ENSEIGNE_JR39317
1625,https://uottawa.wd3.myworkdayjobs.com/uOttawa_External_Career_Site/job/Ottawa-ON/APTPUO---Hiver-2027---PED3554-I120---COMPTENCES-EN-COMMUNICATION_JR39312
1625,https://uottawa.wd3.myworkdayjobs.com/uOttawa_External_Career_Site/job/Ottawa-ON/APTPUO---Hiver-2027---PED3554-OV10---COMPTENCES-EN-COMMUNICATION_JR39314
1625,https://uottawa.wd3.myworkdayjobs.com/uOttawa_External_Career_Site/job/Ottawa-ON/APTPUO---Hiver-2027---PED3554-I100---COMPTENCES-EN-COMMUNICATION_JR39310
1625,https://uottawa.wd3.myworkdayjobs.com/uOttawa_External_Career_Site/job/Ottawa-ON/APTPUO---Hiver-2027---PED3554-I110---COMPTENCES-EN-COMMUNICATION_JR39311
1625,https://uottawa.wd3.myworkdayjobs.com/uOttawa_External_Career_Site/job/Ottawa-ON/APTPUO---Hiver-2027---PED3553-I120---VAL-APPRENTIS-AU-SECONDAIRE_JR39309-1
1625,https://uottawa.wd3.myworkdayjobs.com/uOttawa_External_Career_Site/job/Ottawa-ON/APTPUO---Hiver-2027---PED3553-I100---VAL-APPRENTIS-AU-SECONDAIRE_JR39307
1625,https://uottawa.wd3.myworkdayjobs.com/uOttawa_External_Career_Site/job/Ottawa-ON/APTPUO---Hiver-2027---PED3553-I110---VAL-APPRENTIS-AU-SECONDAIRE_JR39308
1625,https://uottawa.wd3.myworkdayjobs.com/uOttawa_External_Career_Site/job/Ottawa-ON/APTPUO---Hiver-2027---PED4570---RECH-EDUC_JR39303
1625,https://uottawa.wd3.myworkdayjobs.com/uOttawa_External_Career_Site/job/Main-Campus/Histoire-du-sport-et-de-l-activit-physique-au-Canada---CUPE---Automne-2026---APA2702--LEC-_JR39281
1625,https://uottawa.wd3.myworkdayjobs.com/uOttawa_External_Career_Site/job/Ottawa-ON/APTPUO---Hiver-2027---PED3543-C100---VAL-APPRENTIS--L-LMENT_JR39305
1625,https://uottawa.wd3.myworkdayjobs.com/uOttawa_External_Career_Site/job/Ottawa-ON/APTPUO---Winter-2027---EDU-4102---A00---Equity--Diversity-and-Inclusion-in-Education_JR39301
1625,https://uottawa.wd3.myworkdayjobs.com/uOttawa_External_Career_Site/job/Ottawa-ON/APTPUO---Winter-2027---EDU-4502---A00---quit--diversit-et-inclusion-en-ducation_JR39302
1625,https://uottawa.wd3.myworkdayjobs.com/uOttawa_External_Career_Site/job/Ottawa-ON/Assistant-Professor_JR39197
1625,https://uottawa.wd3.myworkdayjobs.com/uOttawa_External_Career_Site/job/Ottawa-ON/APTPUO---Hiver-2027---PED3543-B100---VAL-APPRENTIS--L-LMENT_JR39298
1625,https://uottawa.wd3.myworkdayjobs.com/uOttawa_External_Career_Site/job/Ottawa-ON/APTPUO---Hiver-2027---PED3543-A100---VAL-APPRENTIS--L-LMENT_JR39293
1625,https://uottawa.wd3.myworkdayjobs.com/uOttawa_External_Career_Site/job/Ottawa-ON/Research-Assistant_JR39294
1625,https://uottawa.wd3.myworkdayjobs.com/uOttawa_External_Career_Site/job/Ottawa-ON/Canada-Impact--Emerging-Leader-in-Manufacturing-and-Advanced-Materials_JR39233
1625,https://uottawa.wd3.myworkdayjobs.com/uOttawa_External_Career_Site/job/Ottawa-ON/APTPUO---Winter-2027---PED4142-L200---INCLUSIVE-CLASSROOMS-PART-II_JR39297
1625,https://uottawa.wd3.myworkdayjobs.com/uOttawa_External_Career_Site/job/Ottawa-ON/APTPUO---Winter-2027---PED4142-J200---INCLUSIVE-CLASSROOMS-PART-II_JR39296
1625,https://uottawa.wd3.myworkdayjobs.com/uOttawa_External_Career_Site/job/Ottawa-ON/APTPUO---Winter-2027---PED4142-H200---INCLUSIVE-CLASSROOMS-PART-II_JR39295
1625,https://uottawa.wd3.myworkdayjobs.com/uOttawa_External_Career_Site/job/Ottawa-ON/APTPUO---Student----Winter-2027---PED4142-G200---INCLUSIVE-CLASSROOMS-PART-II_JR39292
1625,https://uottawa.wd3.myworkdayjobs.com/uOttawa_External_Career_Site/job/Ottawa-ON/APTPUO---Winter-2027---PED4142-F200---INCLUSIVE-CLASSROOMS-PART-II_JR39291
1625,https://uottawa.wd3.myworkdayjobs.com/uOttawa_External_Career_Site/job/Ottawa-ON/APTPUO---Winter-2027---PED4142-E200---INCLUSIVE-CLASSROOMS-PART-II_JR39290
1625,https://uottawa.wd3.myworkdayjobs.com/uOttawa_External_Career_Site/job/Ottawa-ON/APTPUO---Winter-2027---PED4142-D200---INCLUSIVE-CLASSROOMS-PART-II_JR39289
1625,https://uottawa.wd3.myworkdayjobs.com/uOttawa_External_Career_Site/job/Ottawa-ON/APTPUO---Winter-2027---PED4142-C200---INCLUSIVE-CLASSROOMS-PART-II_JR39288
1625,https://uottawa.wd3.myworkdayjobs.com/uOttawa_External_Career_Site/job/Ottawa-ON/APTPUO---Winter-2027---PED4142-B200---INCLUSIVE-CLASSROOMS-PART-II_JR39158
1625,https://uottawa.wd3.myworkdayjobs.com/uOttawa_External_Career_Site/job/Ottawa-ON/APTPUO---Winter-2027---PED4142-A200---INCLUSIVE-CLASSROOMS-PART-II_JR39287
1625,https://uottawa.wd3.myworkdayjobs.com/uOttawa_External_Career_Site/job/Ottawa-ON/APTPUO---Winter-2027---PED4141-J100---PLAN--IMPL---ASSMT-PART-II_JR39285-1
1625,https://uottawa.wd3.myworkdayjobs.com/uOttawa_External_Career_Site/job/Ottawa-ON/APTPUO---Winter-2027---PED4141-L100---PLAN--IMPL---ASSMT-PART-II_JR39286
1625,https://uottawa.wd3.myworkdayjobs.com/uOttawa_External_Career_Site/job/Ottawa-ON/APTPUO---Winter-2027---PED4141-H100---PLAN--IMPL---ASSMT-PART-II_JR39284
1625,https://uottawa.wd3.myworkdayjobs.com/uOttawa_External_Career_Site/job/Ottawa-ON/APTPUO---Winter-2027---PED4141-G100---PLAN--IMPL---ASSMT-PART-II_JR39283
1625,https://uottawa.wd3.myworkdayjobs.com/uOttawa_External_Career_Site/job/Ottawa-ON/APTPUO---Winter-2027---PED4141-F100---PLAN--IMPL---ASSMT-PART-II_JR39282
1625,https://uottawa.wd3.myworkdayjobs.com/uOttawa_External_Career_Site/job/Ottawa-ON/CUPE---Winter-2027---Research-Assistant---DWiseman_JR39268
1625,https://uottawa.wd3.myworkdayjobs.com/uOttawa_External_Career_Site/job/Ottawa-ON/CUPE---Fall-2026---Research-Assistant---DWiseman_JR39260-1
1625,https://uottawa.wd3.myworkdayjobs.com/uOttawa_External_Career_Site/job/Ottawa-ON/Intermediate-Technician--Audiovisual-and-Educational-Technologies_JR37668
1625,https://uottawa.wd3.myworkdayjobs.com/uOttawa_External_Career_Site/job/Ottawa-ON/APTPUO---Winter-2027---PED4141-D200---PLAN--IMPL---ASSMT-PART-II_JR39275
1625,https://uottawa.wd3.myworkdayjobs.com/uOttawa_External_Career_Site/job/Ottawa-ON/APTPUO---Winter-2027---PED4141-D100---PLAN--IMPL---ASSMT-PART-II_JR39274
1625,https://uottawa.wd3.myworkdayjobs.com/uOttawa_External_Career_Site/job/Ottawa-ON/APTPUO---Winter-2027---PED4141-C200---PLAN--IMPL---ASSMT-PART-II_JR39266
1625,https://uottawa.wd3.myworkdayjobs.com/uOttawa_External_Career_Site/job/Ottawa-ON/APTPUO---Student---Winter-2027---PED4141-C100---PLAN--IMPL---ASSMT-PART-II_JR39258
1625,https://uottawa.wd3.myworkdayjobs.com/uOttawa_External_Career_Site/job/Ottawa-ON/APTPUO---Winter-2027---PED4141-B200---PLAN--IMPL---ASSMT-PART-II_JR39257
1625,https://uottawa.wd3.myworkdayjobs.com/uOttawa_External_Career_Site/job/Ottawa-ON/APTPUO---Hiver-2027---EDU-8505---C00---Questions-contemporaines-en-ducation_JR39255
1625,https://uottawa.wd3.myworkdayjobs.com/uOttawa_External_Career_Site/job/Ottawa-ON/APTPUO---Winter-2027---PED4141-B100---PLAN--IMPL---ASSMT-PART-II_JR39256
1625,https://uottawa.wd3.myworkdayjobs.com/uOttawa_External_Career_Site/job/Ottawa-ON/APTPUO---Hiver-2027---EDU-8105---C00---Contemporary-Issues-in-Education_JR39254
1625,https://uottawa.wd3.myworkdayjobs.com/uOttawa_External_Career_Site/job/Ottawa-ON/APTPUO---Winter-2027---PED4141-A200---PLAN--IMPL---ASSMT-PART-II_JR39253
1625,https://uottawa.wd3.myworkdayjobs.com/uOttawa_External_Career_Site/job/Ottawa-ON/APTPUO---Hiver-2027---EDU-7541---DA00----Enjeux-actuels-de-la-recherche-en-didactique-des-langues-secondes_JR39252-1
1625,https://uottawa.wd3.myworkdayjobs.com/uOttawa_External_Career_Site/job/Ottawa-ON/APTPUO---Hiver-2027---EDU-7397---DS00---Development-and-Evaluation-of-Data-Collection-Instruments_JR39250
1625,https://uottawa.wd3.myworkdayjobs.com/uOttawa_External_Career_Site/job/Ottawa-ON/APTPUO---Hiver-2027---EDU-7242---DA00---Critical-Disability-Perspectives-in-Education_JR39248
1625,https://uottawa.wd3.myworkdayjobs.com/uOttawa_External_Career_Site/job/Ottawa-ON/APTPUO---Hiver-2027---EDU-7141---DA00---Current-Research-in-Second-Language-Education_JR39247
1625,https://uottawa.wd3.myworkdayjobs.com/uOttawa_External_Career_Site/job/Ottawa-ON/APTPUO---Hiver-2027---EDU-6873---DS00---Stage-en-psychologie-du-counselling-II_JR39246
1625,https://uottawa.wd3.myworkdayjobs.com/uOttawa_External_Career_Site/job/Ottawa-ON/APTPUO---Hiver-2027---EDU-6652--DA00---Littratie-et-diversit_JR39244
1625,https://uottawa.wd3.myworkdayjobs.com/uOttawa_External_Career_Site/job/Ottawa-ON/APTPUO---Hiver-2027---EDU-6532---DA00---Enseigner-en-sant--partie-2-_JR39243
1625,https://uottawa.wd3.myworkdayjobs.com/uOttawa_External_Career_Site/job/Ottawa-ON/APTPUO---Hiver-2027---EDU-6474---C100---Practicum-in-Counselling-Psychology-II_JR39242-1
1625,https://uottawa.wd3.myworkdayjobs.com/uOttawa_External_Career_Site/job/Ottawa-ON/APTPUO---Hiver-2027---EDU-6470---C00---Multicultural-Counselling_JR39241
1625,https://uottawa.wd3.myworkdayjobs.com/uOttawa_External_Career_Site/job/Ottawa-ON/APTPUO---Hiver-2027---EDU-6293---DS00---Assessment-for-Learning_JR39239
1625,https://uottawa.wd3.myworkdayjobs.com/uOttawa_External_Career_Site/job/Ottawa-ON/APTPUO---Hiver-2027---EDU-6293---DA00---Assessment-for-Learning_JR39238
1625,https://uottawa.wd3.myworkdayjobs.com/uOttawa_External_Career_Site/job/Ottawa-ON/APTPUO---Hiver-2027---EDU-6375---C00---Psychopathology-and-Assessment_JR39240-1
1625,https://uottawa.wd3.myworkdayjobs.com/uOttawa_External_Career_Site/job/Ottawa-ON/APTPUO---Winter-2027---PED4141-A100---PLAN--IMPL---ASSMT-PART-II_JR39157
1625,https://uottawa.wd3.myworkdayjobs.com/uOttawa_External_Career_Site/job/Ottawa-ON/APTPUO---Hiver-2027---EDU-6200---DA10---The-Adult-Educator--Roles-and-Behavior_JR39237
1625,https://uottawa.wd3.myworkdayjobs.com/uOttawa_External_Career_Site/job/Ottawa-ON/APTPUO---Hiver-2027---EDU-6200---DA00---The-Adult-Educator--Roles-and-Behavior_JR39236
1625,https://uottawa.wd3.myworkdayjobs.com/uOttawa_External_Career_Site/job/Ottawa-ON/APTPUO---Winter-2027---PED3160-K200---INTRO-EDUCATION-LEADERSHIP_JR39156
1625,https://uottawa.wd3.myworkdayjobs.com/uOttawa_External_Career_Site/job/Ottawa-ON/APTPUO---Winter-2027---PED3155-S200---TEACH-ACROSS-INTER-SEN-CUR_JR39155
1625,https://uottawa.wd3.myworkdayjobs.com/uOttawa_External_Career_Site/job/Ottawa-ON/APTPUO---Hiver-2027---EDU-6191---DS00---Quantitative-Research_JR39235
1625,https://uottawa.wd3.myworkdayjobs.com/uOttawa_External_Career_Site/job/Ottawa-ON/APTPUO---Hiver-2027---EDU-6146----DA00----Second-Language-Learning-Theories_JR39232-1
1625,https://uottawa.wd3.myworkdayjobs.com/uOttawa_External_Career_Site/job/Ottawa-ON/APTPUO---Hiver-2027---EDU-6146----C00----Second-Language-Learning-Theories_JR39231
1625,https://uottawa.wd3.myworkdayjobs.com/uOttawa_External_Career_Site/job/Ottawa-ON/APTPUO---Winter-2027---PED3154-I200---TEACH-INTERMEDIATE-DIVISION_JR39154
1625,https://uottawa.wd3.myworkdayjobs.com/uOttawa_External_Career_Site/job/Ottawa-ON/APTPUO---Hiver-2027---EDU-5899---DS00---Enjeux-actuels-en-valuation-des-apprentissages_JR39230
1625,https://uottawa.wd3.myworkdayjobs.com/uOttawa_External_Career_Site/job/Ottawa-ON/APTPUO---Winter-2027---PED3145-K200---KINDERGARTEN---THE-EARLY-YEARS_JR39153
1625,https://uottawa.wd3.myworkdayjobs.com/uOttawa_External_Career_Site/job/Ottawa-ON/APTPUO---Winter-2027---PED-3142-L100---INCLUSIVE-CLASSROOMS-PART-I_JR39228
1625,https://uottawa.wd3.myworkdayjobs.com/uOttawa_External_Career_Site/job/Ottawa-ON/APTPUO---Hiver-2027---EDU-5832---C00-DS00---Dveloppement-des-relations-avec-la-communaut-scolaire_JR39227
1625,https://uottawa.wd3.myworkdayjobs.com/uOttawa_External_Career_Site/job/Lees-Campus/APEUO-ATPUO-Winter-2027--NUT2125-M_JR39224
1625,https://uottawa.wd3.myworkdayjobs.com/uOttawa_External_Career_Site/job/Ottawa-ON/APTPUO---Hiver-2027---EDU-5752---C00-DS00---Enseignement-en-milieu-minoritaire-francophone_JR39226
1625,https://uottawa.wd3.myworkdayjobs.com/uOttawa_External_Career_Site/job/Ottawa-ON/APTPUO---Winter-2027---PED-3142-J100---INCLUSIVE-CLASSROOMS-PART-I_JR39225
1625,https://uottawa.wd3.myworkdayjobs.com/uOttawa_External_Career_Site/job/Ottawa-ON/APTPUO---Hiver-2027---EDU-5699---DS10---valuation-des-programmes_JR39223
1625,https://uottawa.wd3.myworkdayjobs.com/uOttawa_External_Career_Site/job/Ottawa-ON/APTPUO---Winter-2027---PED-3142-G100---INCLUSIVE-CLASSROOMS-PART-I_JR39222
1625,https://uottawa.wd3.myworkdayjobs.com/uOttawa_External_Career_Site/job/Ottawa-ON/APTPUO---Hiver-2027---EDU-5699---DS00---valuation-des-programmes_JR39220
1625,https://uottawa.wd3.myworkdayjobs.com/uOttawa_External_Career_Site/job/Ottawa-ON/APTPUO---Winter-2027---PED-3142-E100---INCLUSIVE-CLASSROOMS-PART-I_JR39221
1625,https://uottawa.wd3.myworkdayjobs.com/uOttawa_External_Career_Site/job/Lees-Campus/APEUO-ATPUO-Winter-2027-NUT-5108-M_JR39219
1625,https://uottawa.wd3.myworkdayjobs.com/uOttawa_External_Career_Site/job/Ottawa-ON/APTPUO---STUDENT---Winter-2027---PED-3142-D100---INCLUSIVE-CLASSROOMS-PART-I_JR39218
1625,https://uottawa.wd3.myworkdayjobs.com/uOttawa_External_Career_Site/job/Ottawa-ON/APTPUO---Hiver-2027---EDU-5674---DA00----Psychomtrie-et-mesure-d-valuation-en-psychologie-du-counselling_JR39217
1625,https://uottawa.wd3.myworkdayjobs.com/uOttawa_External_Career_Site/job/Lees-Campus/APEUO-ATPUO-Winter-2027-NUT-5107-M_JR39211
1625,https://uottawa.wd3.myworkdayjobs.com/uOttawa_External_Career_Site/job/Ottawa-ON/APTPUO---Hiver-2027---EDU-5671---C00----Counselling-et-psychothrapie_JR39216-1
1625,https://uottawa.wd3.myworkdayjobs.com/uOttawa_External_Career_Site/job/Ottawa-ON/APTPUO---Hiver-2027---EDU-5670---C00----thique-professionnelle-en-psychologie-du-counselling_JR39215
1625,https://uottawa.wd3.myworkdayjobs.com/uOttawa_External_Career_Site/job/Ottawa-ON/APTPUO---Hiver-2027---EDU-5602---C00-DS00----Stratgies-d-enseignement-en-sant_JR39214
1625,https://uottawa.wd3.myworkdayjobs.com/uOttawa_External_Career_Site/job/Ottawa-ON/APTPUO---Hiver-2027---EDU-5599---DA00----Sminaire-de-synthse_JR39213
1625,https://uottawa.wd3.myworkdayjobs.com/uOttawa_External_Career_Site/job/Ottawa-ON/APTPUO---Hiver-2027---EDU-5582---DA00----Modles-mdiatiss-d-enseignement_JR39210
1625,https://uottawa.wd3.myworkdayjobs.com/uOttawa_External_Career_Site/job/Ottawa-ON/APTPUO---Hiver-2027---EDU-5584---DA00----Dimensions--stratgies-et-gestion-des-apprentissages_JR39212
1625,https://uottawa.wd3.myworkdayjobs.com/uOttawa_External_Career_Site/job/Ottawa-ON/Cupe--Automne-2026---Assistanat-de-recherche--P-Cornut-StPierre_JR39208
1625,https://uottawa.wd3.myworkdayjobs.com/uOttawa_External_Career_Site/job/Ottawa-ON/APTPUO---Hiver-2027---EDU-5515---C00-DS00----Rcits-et-ducation_JR39209
1625,https://uottawa.wd3.myworkdayjobs.com/uOttawa_External_Career_Site/job/Ottawa-ON/APTPUO---Winter-2027---PED-3142-C100---INCLUSIVE-CLASSROOMS-PART-I_JR39152-1
1625,https://uottawa.wd3.myworkdayjobs.com/uOttawa_External_Career_Site/job/Ottawa-ON/Cupe---Automne-2026---Correcteur-d-examens---A-Talarico_JR39205
1625,https://uottawa.wd3.myworkdayjobs.com/uOttawa_External_Career_Site/job/Ottawa-ON/APTPUO---Winter-2027---PED3139-K200---CREATING-HEALT--SAFE-SUPP-ENV_JR39206
1625,https://uottawa.wd3.myworkdayjobs.com/uOttawa_External_Career_Site/job/Ottawa-ON/APTPUO---Winter-2027---PED-3138-L100---FIRST-NAT--INUIT---MTIS-EDU_JR39204
1625,https://uottawa.wd3.myworkdayjobs.com/uOttawa_External_Career_Site/job/Ottawa-ON/APTPUO---STUDENT---Winter-2027---PED-3138-J100---FIRST-NAT--INUIT---MTIS-EDU_JR39203
1625,https://uottawa.wd3.myworkdayjobs.com/uOttawa_External_Career_Site/job/Ottawa-ON/Cupe---Automne-2026---Correcteur-d-examens---P-Dumberry_JR39201-1
1625,https://uottawa.wd3.myworkdayjobs.com/uOttawa_External_Career_Site/job/Ottawa-ON/APTPUO---Winter-2027---PED-3138-G100---FIRST-NAT--INUIT---MTIS-EDU_JR39202
1625,https://uottawa.wd3.myworkdayjobs.com/uOttawa_External_Career_Site/job/Ottawa-ON/APTPUO---Winter-2027---PED-3138-F100---FIRST-NAT--INUIT---MTIS-EDU_JR39200
1625,https://uottawa.wd3.myworkdayjobs.com/uOttawa_External_Career_Site/job/Ottawa-ON/APTPUO---Winter-2027---PED-3138-D100---FIRST-NAT--INUIT---MTIS-EDU_JR39199
1625,https://uottawa.wd3.myworkdayjobs.com/uOttawa_External_Career_Site/job/Ottawa-ON/APTPUO---Winter-2027---PED-3138-C100---FIRST-NAT--INUIT---MTIS-EDU_JR39198
1625,https://uottawa.wd3.myworkdayjobs.com/uOttawa_External_Career_Site/job/Ottawa-ON/Intermediate-Administrator--Human-Resources-Operations_JR39195
1625,https://uottawa.wd3.myworkdayjobs.com/uOttawa_External_Career_Site/job/Ottawa-ON/APTPUO---Winter-2027---PED-3138-B100---FIRST-NAT--INUIT---MTIS-EDU_JR39196
1625,https://uottawa.wd3.myworkdayjobs.com/uOttawa_External_Career_Site/job/Ottawa-ON/APTPUO---Winter-2027---PED-3138-A100---FIRST-NAT--INUIT---MTIS-EDU_JR39150
1625,https://uottawa.wd3.myworkdayjobs.com/uOttawa_External_Career_Site/job/Ottawa-ON/APTPUO---Winter-2027---PED3132-S200---APPROACHES-TO-TEACHING-SCIENCE_JR39159
1625,https://uottawa.wd3.myworkdayjobs.com/uOttawa_External_Career_Site/job/Ottawa-ON/APTPUO---Winter-2027---PED3124-K200---EQUITY-IN-EDU-THEORY---PRACTICE_JR39194
1625,https://uottawa.wd3.myworkdayjobs.com/uOttawa_External_Career_Site/job/Ottawa-ON/APTPUO---Hiver-2027---PED4803-G100---DUCATION--LA-SEXUALIT_JR39368
1625,https://uottawa.wd3.myworkdayjobs.com/uOttawa_External_Career_Site/job/Ottawa-ON/APTPUO---Hiver-2027---PED4766-K210---ENSEIG--CONTEXTE-MINOR-PLURIT_JR39367
1625,https://uottawa.wd3.myworkdayjobs.com/uOttawa_External_Career_Site/job/Ottawa-ON/APTPUO---Hiver-2027---PED4766-K200---ENSEIG--CONTEXTE-MINOR-PLURIT_JR39363
1625,https://uottawa.wd3.myworkdayjobs.com/uOttawa_External_Career_Site/job/Ottawa-ON/APTPUO---Hiver-2027---PED4760-CC20---ENVIR-APPREN---TECH-INFO---CMN_JR39361
1625,https://uottawa.wd3.myworkdayjobs.com/uOttawa_External_Career_Site/job/Ottawa-ON/Research-Assistant_JR39360
1625,https://uottawa.wd3.myworkdayjobs.com/uOttawa_External_Career_Site/job/Ottawa-ON/APTPUO---Hiver-2027---PED4760-C200---ENVIR-APPREN---TECH-INFO---CMN_JR39359
1625,https://uottawa.wd3.myworkdayjobs.com/uOttawa_External_Career_Site/job/Ottawa-ON/CUPE---Research-Assistant---Fall2026---David-Hung---16h_JR39357
1625,https://uottawa.wd3.myworkdayjobs.com/uOttawa_External_Career_Site/job/Main-Campus/ATPUO---Winter-2027---ADM3396M---Seminar-on-Administration--Generative-AI-for-Business-Innovation_JR39347
1625,https://uottawa.wd3.myworkdayjobs.com/uOttawa_External_Career_Site/job/Ottawa-ON/APTPUO---Hiver-2027---PED4760-B200---ENVIR-APPREN---TECH-INFO---CMN_JR39348
1625,https://uottawa.wd3.myworkdayjobs.com/uOttawa_External_Career_Site/job/Ottawa-ON/APTPUO---Hiver-2027---PED4760-AA20---ENVIR-APPREN---TECH-INFO---CMN_JR39344-1
1625,https://uottawa.wd3.myworkdayjobs.com/uOttawa_External_Career_Site/job/Ottawa-ON/Research-Associate-II_JR39174
1625,https://uottawa.wd3.myworkdayjobs.com/uOttawa_External_Career_Site/job/Ottawa-ON/Manager--Research_JR39338
1625,https://uottawa.wd3.myworkdayjobs.com/uOttawa_External_Career_Site/job/Ottawa-ON/Senior-Research-Associate_JR39173
1625,https://uottawa.wd3.myworkdayjobs.com/uOttawa_External_Career_Site/job/Ottawa-ON/APTPUO---Hiver-2027---PED4760-A200---ENVIR-APPREN---TECH-INFO---CMN_JR39343-1
1625,https://uottawa.wd3.myworkdayjobs.com/uOttawa_External_Career_Site/job/Ottawa-ON/APTPUO---Hiver-2027---PED4570-OV20---RECH-EDUC_JR39339
1625,https://uottawa.wd3.myworkdayjobs.com/uOttawa_External_Career_Site/job/Ottawa-ON/APTPUO---Hiver-2027---PED4570-F270---RECH-EDUC_JR39335
1625,https://uottawa.wd3.myworkdayjobs.com/uOttawa_External_Career_Site/job/Ottawa-ON/Research-Assistant_JR39336
1625,https://uottawa.wd3.myworkdayjobs.com/uOttawa_External_Career_Site/job/Ottawa-ON/Intermediate-Specialist--Academic-Administration--Pharm-D-_JR39323
1625,https://uottawa.wd3.myworkdayjobs.com/uOttawa_External_Career_Site/job/Ottawa-ON/APTPUO---Hiver-2027---PED4570-F260---RECH-EDUC_JR39333
1625,https://uottawa.wd3.myworkdayjobs.com/uOttawa_External_Career_Site/job/Ottawa-ON/Intermediate-Coordinator--Academic-Program-Management_JR39280
1625,https://uottawa.wd3.myworkdayjobs.com/uOttawa_External_Career_Site/job/Ottawa-ON/APTPUO---Hiver-2027---PED3762-H130---DIDAC-FRANAIS-AU-CYCLE-MOYEN_JR39332
1625,https://uottawa.wd3.myworkdayjobs.com/uOttawa_External_Career_Site/job/Ottawa-ON/APTPUO---Hiver-2027---PED3756-OV10---DID-SCHUM---SOC-LMENTAIRE_JR39327
1625,https://uottawa.wd3.myworkdayjobs.com/uOttawa_External_Career_Site/job/Ottawa-ON/APTPUO---Hiver-2027---PED3762-H110---DIDAC-FRANAIS-AU-CYCLE-MOYEN_JR39330-1
1625,https://uottawa.wd3.myworkdayjobs.com/uOttawa_External_Career_Site/job/Ottawa-ON/APTPUO---Hiver-2027---PED3762-H120---DIDAC-FRANAIS-AU-CYCLE-MOYEN_JR39331
1625,https://uottawa.wd3.myworkdayjobs.com/uOttawa_External_Career_Site/job/Ottawa-ON/APTPUO---Hiver-2027---PED3756-H100---DID-SCHUM---SOC-LMENTAIRE_JR39324
1625,https://uottawa.wd3.myworkdayjobs.com/uOttawa_External_Career_Site/job/Ottawa-ON/APTPUO---Hiver-2027---PED3756-H110---DID-SCHUM---SOC-LMENTAIRE_JR39325
1625,https://uottawa.wd3.myworkdayjobs.com/uOttawa_External_Career_Site/job/Ottawa-ON/APTPUO---Hiver-2027---PED3756-H120---DID-SCHUM---SOC-LMENTAIRE_JR39326
1625,https://uottawa.wd3.myworkdayjobs.com/uOttawa_External_Career_Site/job/Ottawa-ON/APTPUO---Hiver-2027---PED4570-F250---RECH-EDUC_JR39322
1625,https://uottawa.wd3.myworkdayjobs.com/uOttawa_External_Career_Site/job/Ottawa-ON/Advisor--Procurement_JR39270
1625,https://uottawa.wd3.myworkdayjobs.com/uOttawa_External_Career_Site/job/Ottawa-ON/Intermediate-Advisor--Procurement_JR39267
1625,https://uottawa.wd3.myworkdayjobs.com/uOttawa_External_Career_Site/job/Ottawa-ON/Manager--Operations-and-Business-Development---Events_JR39259
1625,https://uottawa.wd3.myworkdayjobs.com/uOttawa_External_Career_Site/job/Ottawa-ON/Senior-Advisor--Program-Management_JR39251
1625,https://uottawa.wd3.myworkdayjobs.com/uOttawa_External_Career_Site/job/Ottawa-ON/Senior-Executive-Assistant---Governance-Coordinator_JR39261
1625,https://uottawa.wd3.myworkdayjobs.com/uOttawa_External_Career_Site/job/Ottawa-ON/Senior-Specialist--Finance-Business-Applications_JR39263-1
1625,https://uottawa.wd3.myworkdayjobs.com/uOttawa_External_Career_Site/job/Ottawa-ON/CUPE---Fall-2026---Research-Assistant---Y-Campagnolo_JR39388
1625,https://uottawa.wd3.myworkdayjobs.com/uOttawa_External_Career_Site/job/Ottawa-ON/Cupe--Automne-2026---Correcteur-d-examens--W-Newman_JR39383
1625,https://uottawa.wd3.myworkdayjobs.com/uOttawa_External_Career_Site/job/Ottawa-ON/Research-assistant---Music-Transcription-Research_JR39382
1625,https://uottawa.wd3.myworkdayjobs.com/uOttawa_External_Career_Site/job/Ottawa-ON/APTPUO--Hiver-2027--BIO3517--Section-A00_JR39380
1625,https://uottawa.wd3.myworkdayjobs.com/uOttawa_External_Career_Site/job/Lees-Campus/CUPE---Fall2026---Research-Assistant_JR39372
1625,https://uottawa.wd3.myworkdayjobs.com/uOttawa_External_Career_Site/job/Ottawa-ON/APTPUO---Hiver-2027---PED4804-G100---COLLAB-FAMILLES---COMMUNAUTS_JR39373
1625,https://uottawa.wd3.myworkdayjobs.com/uOttawa_External_Career_Site/job/Ottawa-ON/Senior-Specialist--Executive-Development_JR38201
1625,https://uottawa.wd3.myworkdayjobs.com/uOttawa_External_Career_Site/job/Ottawa-ON/APTPUO---Hiver-2027---PED3519-Y100---Socit-et-systme-scolaire-franco-ontarien_JR39396-1
1625,https://uottawa.wd3.myworkdayjobs.com/uOttawa_External_Career_Site/job/Ottawa-ON/APTPUO---Hiver-2027---PED4760-V200---Environnement-d-apprentissage-et-technologie-de-l-information-et-des-communications_JR39395
1625,https://uottawa.wd3.myworkdayjobs.com/uOttawa_External_Career_Site/job/Ottawa-ON/APTPUO---Hiver-2027---PED3764-Y100---ducation-artistique--l-lmentaire_JR39394
1625,https://uottawa.wd3.myworkdayjobs.com/uOttawa_External_Career_Site/job/Ottawa-ON/APTPUO---Hiver-2027---PED3764-X100---ducation-artistique--l-lmentaire_JR39393-1
1625,https://uottawa.wd3.myworkdayjobs.com/uOttawa_External_Career_Site/job/Ottawa-ON/APTPUO---Hiver-2027---PED3519-X100---Socit-et-systme-scolaire-franco-ontarien_JR39392
1625,https://uottawa.wd3.myworkdayjobs.com/uOttawa_External_Career_Site/job/Ottawa-ON/APTPUO---Hiver-2027---PED1599-V100---Connaissances-et-habilits-relies-au-franais-crit-en-enseignement_JR39391
1625,https://uottawa.wd3.myworkdayjobs.com/uOttawa_External_Career_Site/job/025-45-University/Laboratory-Manager--Ottawa-Health-Innovation-Hub-Incubator_JR39122
1625,https://uottawa.wd3.myworkdayjobs.com/uOttawa_External_Career_Site/job/Ottawa-ON/CUPE---Research-Assistant---Tya-Collins---Fall-2026---50h_JR39389
1625,https://uottawa.wd3.myworkdayjobs.com/uOttawa_External_Career_Site/job/Ottawa-ON/CUPE---Fall-2026---TA---SOC3304-A00_JR39440
1625,https://uottawa.wd3.myworkdayjobs.com/uOttawa_External_Career_Site/job/Advanced-Medical-Research-Centre-AMRC/Manager--Maintenance-and-Mechanical-Operations_JR39432
1625,https://uottawa.wd3.myworkdayjobs.com/uOttawa_External_Career_Site/job/Ottawa-ON/Research-Assistant_JR39433
1625,https://uottawa.wd3.myworkdayjobs.com/uOttawa_External_Career_Site/job/Lees-Campus/SCFP---Automne-2026---TA-AE---Cours-cliniques-en-sciences-infirmires_JR39431
1625,https://uottawa.wd3.myworkdayjobs.com/uOttawa_External_Career_Site/job/Ottawa-ON/Intermediate-Technician--User-Engagement---Part-Time_JR39406
1625,https://uottawa.wd3.myworkdayjobs.com/uOttawa_External_Career_Site/job/Ottawa-ON/CUPE---Research-Assistant---Timothy-Stanley---Fall-2026---65h_JR39424
1625,https://uottawa.wd3.myworkdayjobs.com/uOttawa_External_Career_Site/job/Ottawa-ON/Intermediate-Logistics-Coordinator_JR39346
1625,https://uottawa.wd3.myworkdayjobs.com/uOttawa_External_Career_Site/job/Ottawa-ON/Intermediate-Specialist--Academic-Advising_JR39300
1625,https://uottawa.wd3.myworkdayjobs.com/uOttawa_External_Career_Site/job/Ottawa-ON/Associate-Director--Facilities-Operations-and-Ancillary-Services_JR39399
1625,https://uottawa.wd3.myworkdayjobs.com/uOttawa_External_Career_Site/job/Ottawa-ON/Canada-Impact--Emerging-Leader-in-cancer-research-and-therapeutics_JR39352
1625,https://uottawa.wd3.myworkdayjobs.com/uOttawa_External_Career_Site/job/Ottawa-ON/Chief-Administrative-Officer_JR39401
1625,https://uottawa.wd3.myworkdayjobs.com/uOttawa_External_Career_Site/job/Ottawa-ON/CUPE-Automne-2026-CORR-MCG-COOP_JR39405
1625,https://uottawa.wd3.myworkdayjobs.com/uOttawa_External_Career_Site/job/Lees-Campus/Assistant-Professor---Nursing_JR39276
1625,https://uottawa.wd3.myworkdayjobs.com/uOttawa_External_Career_Site/job/Ottawa-ON/CUPE-t-Summer-2026--Correcteur-Corrector-Rapports-Coop-Reports--M-Ahmed-_JR39400
1625,https://uottawa.wd3.myworkdayjobs.com/uOttawa_External_Career_Site/job/Ottawa-ON/Administrative-Assistant_JR39379
1625,https://uottawa.wd3.myworkdayjobs.com/uOttawa_External_Career_Site/job/Ottawa-ON/Manager--Accreditation-Pharm-D-and-Graduate-Studies_JR39341
1625,https://uottawa.wd3.myworkdayjobs.com/uOttawa_External_Career_Site/job/Ottawa-ON/Spcialiste-intermdiaire--Marketing-numrique_JR39313
1625,https://uottawa.wd3.myworkdayjobs.com/uOttawa_External_Career_Site/job/Ottawa-ON/Intermediate-Specialist--Industry-Engagement-and-Development_JR39547
1625,https://uottawa.wd3.myworkdayjobs.com/uOttawa_External_Career_Site/job/Ottawa-ON/APTPUO---Winter-2027---POL2103---E00_JR39550
1625,https://uottawa.wd3.myworkdayjobs.com/uOttawa_External_Career_Site/job/Ottawa-ON/Team-Lead--Transportation_JR39523
1625,https://uottawa.wd3.myworkdayjobs.com/uOttawa_External_Career_Site/job/Ottawa-ON/Senior-Specialist--Experiential-Learning-Innovation_JR39538
1625,https://uottawa.wd3.myworkdayjobs.com/uOttawa_External_Career_Site/job/Ottawa-ON/Replacement-professor-in-Chemistry---Biomolecular-Sciences_JR39470
1625,https://uottawa.wd3.myworkdayjobs.com/uOttawa_External_Career_Site/job/Ottawa-ON/Chief-Administrative-Officer_JR39534
1625,https://uottawa.wd3.myworkdayjobs.com/uOttawa_External_Career_Site/job/Ottawa-ON/Program-Officer_JR39422-1
1625,https://uottawa.wd3.myworkdayjobs.com/uOttawa_External_Career_Site/job/Ottawa-ON/Information-Officer--Day-Evening-_JR39279
1625,https://uottawa.wd3.myworkdayjobs.com/uOttawa_External_Career_Site/job/Ottawa-ON/Administrative-Assistant-to-the-Dean_JR39526
1625,https://uottawa.wd3.myworkdayjobs.com/uOttawa_External_Career_Site/job/Ottawa-ON/CUPE---Fall-2026---TA---ENG1112-I00_JR39525
1625,https://uottawa.wd3.myworkdayjobs.com/uOttawa_External_Career_Site/job/Ottawa-ON/Senior-Advisor--Research-Contracts-and-Agreements_JR39521
1625,https://uottawa.wd3.myworkdayjobs.com/uOttawa_External_Career_Site/job/Advanced-Medical-Research-Centre-AMRC/XMLNAME-3rd-Class-Maintenance-Engineer_JR39436-1
1625,https://uottawa.wd3.myworkdayjobs.com/uOttawa_External_Career_Site/job/Ottawa-ON/APTPUO---Hiver-2027---DLS2110-A00_JR39522
1625,https://uottawa.wd3.myworkdayjobs.com/uOttawa_External_Career_Site/job/Ottawa-ON/Advisor--Procurement_JR39441
1625,https://uottawa.wd3.myworkdayjobs.com/uOttawa_External_Career_Site/job/Ottawa-ON/Lead-Specialist--Practice-Experience---Clinical-Education_JR39353
1625,https://uottawa.wd3.myworkdayjobs.com/uOttawa_External_Career_Site/job/Ottawa-ON/APTPUO---Automne-2026---FLS1512--Section-C00_JR39416
1625,https://uottawa.wd3.myworkdayjobs.com/uOttawa_External_Career_Site/job/Ottawa-ON/APTPUO---Hiver-2027---FLS-1700---A_JR39490
1625,https://uottawa.wd3.myworkdayjobs.com/uOttawa_External_Career_Site/job/Ottawa-ON/APTPUO---Hiver-2027---FLS-2581--FF00-pour-HIS-1511_JR39450
1625,https://uottawa.wd3.myworkdayjobs.com/uOttawa_External_Career_Site/job/Ottawa-ON/APTPUO---Hiver-2027---FLS-2581-AA00---BB00-pour-BIO-1541-A00_JR39447
1625,https://uottawa.wd3.myworkdayjobs.com/uOttawa_External_Career_Site/job/Ottawa-ON/APTPUO---Hiver-2027---FLS-2581-CC00-pour-CHM-1721-A00_JR39448
1625,https://uottawa.wd3.myworkdayjobs.com/uOttawa_External_Career_Site/job/Ottawa-ON/APTPUO---Hiver-2027---FLS-2581-DD00---EE00-pour-ECO-1502_JR39449-1
1625,https://uottawa.wd3.myworkdayjobs.com/uOttawa_External_Career_Site/job/Ottawa-ON/APTPUO---Hiver-2027---FLS-2581-GG00-pour-APA-1702_JR39451
1625,https://uottawa.wd3.myworkdayjobs.com/uOttawa_External_Career_Site/job/Ottawa-ON/APTPUO---Hiver-2027---FLS-2581-II00-pour-CRM-1701_JR39452
1625,https://uottawa.wd3.myworkdayjobs.com/uOttawa_External_Career_Site/job/Ottawa-ON/APTPUO---Hiver-2027---FLS-2581-JJ00-pour-SOC-1501_JR39453
1625,https://uottawa.wd3.myworkdayjobs.com/uOttawa_External_Career_Site/job/Ottawa-ON/APTPUO---Hiver-2027---FLS-2581-KK00-pour-ITI-1521_JR39454
1625,https://uottawa.wd3.myworkdayjobs.com/uOttawa_External_Career_Site/job/Ottawa-ON/APTPUO---Hiver-2027---FLS-2581-LL00-pour-POL-1501_JR39455
1625,https://uottawa.wd3.myworkdayjobs.com/uOttawa_External_Career_Site/job/Ottawa-ON/APTPUO---Hiver-2027---FLS-2581-MM00---NN00-pour-PSY-1502_JR39456
1625,https://uottawa.wd3.myworkdayjobs.com/uOttawa_External_Career_Site/job/Ottawa-ON/APTPUO---Hiver-2027---FLS-2581-OO00-pour-ADM-1701_JR39457
1625,https://uottawa.wd3.myworkdayjobs.com/uOttawa_External_Career_Site/job/Ottawa-ON/APTPUO---Hiver-2027---FLS-2581-PP00-pour-PHI-1502-B00_JR39458
1625,https://uottawa.wd3.myworkdayjobs.com/uOttawa_External_Career_Site/job/Ottawa-ON/APTPUO---Hiver-2027---FLS-2581-QQ00-pour-PSY-1501_JR39459
1625,https://uottawa.wd3.myworkdayjobs.com/uOttawa_External_Career_Site/job/Ottawa-ON/APTPUO---Hiver-2027---FLS-2581-RR00-pour-HSS-1501_JR39460
1625,https://uottawa.wd3.myworkdayjobs.com/uOttawa_External_Career_Site/job/Ottawa-ON/APTPUO---Hiver-2027---FLS-2621---MD_JR39494
1625,https://uottawa.wd3.myworkdayjobs.com/uOttawa_External_Career_Site/job/Ottawa-ON/APTPUO---Hiver-2027---FLS-2811-A_JR39492
1625,https://uottawa.wd3.myworkdayjobs.com/uOttawa_External_Career_Site/job/Ottawa-ON/APTPUO---Hiver-2027---FLS-3581-I00-pour-NSG-1572_JR39501
1625,https://uottawa.wd3.myworkdayjobs.com/uOttawa_External_Career_Site/job/Ottawa-ON/APTPUO---Hiver-2027---FLS-3581-J00-pour-PSY-2505-C00_JR39502
1625,https://uottawa.wd3.myworkdayjobs.com/uOttawa_External_Career_Site/job/Ottawa-ON/APTPUO---Hiver-2027---FLS-3581-K00-pour-POL-2508_JR39503-1
1625,https://uottawa.wd3.myworkdayjobs.com/uOttawa_External_Career_Site/job/Ottawa-ON/APTPUO---Hiver-2027---FLS-3581-L00-pour-BIO-2533_JR39504
1625,https://uottawa.wd3.myworkdayjobs.com/uOttawa_External_Career_Site/job/Ottawa-ON/APTPUO---Hiver-2027---FLS-3621---MD_JR39495
1625,https://uottawa.wd3.myworkdayjobs.com/uOttawa_External_Career_Site/job/Ottawa-ON/APTPUO---Hiver-2027---FLS-3811-A_JR39493
1625,https://uottawa.wd3.myworkdayjobs.com/uOttawa_External_Career_Site/job/Ottawa-ON/APTPUO---Hiver-2027---FLS-4011-A_JR39485
1625,https://uottawa.wd3.myworkdayjobs.com/uOttawa_External_Career_Site/job/Ottawa-ON/APTPUO---Hiver-2027---FLS1511--Section-C00_JR39413
1625,https://uottawa.wd3.myworkdayjobs.com/uOttawa_External_Career_Site/job/Ottawa-ON/APTPUO---Hiver-2027---FLS1511--Section-D00_JR39415
1625,https://uottawa.wd3.myworkdayjobs.com/uOttawa_External_Career_Site/job/Ottawa-ON/APTPUO---Hiver-2027---FLS1512--Section-D00_JR39417
1625,https://uottawa.wd3.myworkdayjobs.com/uOttawa_External_Career_Site/job/Ottawa-ON/APTPUO---Hiver-2027---FLS1513--Section-D00_JR39419
1625,https://uottawa.wd3.myworkdayjobs.com/uOttawa_External_Career_Site/job/Ottawa-ON/APTPUO---Hiver-2027---FLS1600-A_JR39463
1625,https://uottawa.wd3.myworkdayjobs.com/uOttawa_External_Career_Site/job/Ottawa-ON/APTPUO---Hiver-2027---FLS1600-B_JR39466
1625,https://uottawa.wd3.myworkdayjobs.com/uOttawa_External_Career_Site/job/Ottawa-ON/APTPUO---Hiver-2027---FLS1711-A_JR39491
1625,https://uottawa.wd3.myworkdayjobs.com/uOttawa_External_Career_Site/job/Ottawa-ON/APTPUO---Hiver-2027---FLS1811-A_JR39465
1625,https://uottawa.wd3.myworkdayjobs.com/uOttawa_External_Career_Site/job/Ottawa-ON/APTPUO---Hiver-2027---FLS1812-F_JR39497
1625,https://uottawa.wd3.myworkdayjobs.com/uOttawa_External_Career_Site/job/Ottawa-ON/APTPUO---Hiver-2027---FLS2500--Section-C00_JR39420
1625,https://uottawa.wd3.myworkdayjobs.com/uOttawa_External_Career_Site/job/Ottawa-ON/APTPUO---Hiver-2027---FLS2500--Section-D00_JR39421
1625,https://uottawa.wd3.myworkdayjobs.com/uOttawa_External_Career_Site/job/Ottawa-ON/APTPUO---Hiver-2027---FLS2511--Section-C00_JR39423
1625,https://uottawa.wd3.myworkdayjobs.com/uOttawa_External_Career_Site/job/Ottawa-ON/APTPUO---Hiver-2027---FLS2511--Section-D00_JR39425
1625,https://uottawa.wd3.myworkdayjobs.com/uOttawa_External_Career_Site/job/Ottawa-ON/APTPUO---Hiver-2027---FLS2512--Section-C00_JR39426
1625,https://uottawa.wd3.myworkdayjobs.com/uOttawa_External_Career_Site/job/Ottawa-ON/APTPUO---Hiver-2027---FLS2512--Section-D00_JR39427
1625,https://uottawa.wd3.myworkdayjobs.com/uOttawa_External_Career_Site/job/Ottawa-ON/APTPUO---Hiver-2027---FLS2521--Section-C00_JR39429
1625,https://uottawa.wd3.myworkdayjobs.com/uOttawa_External_Career_Site/job/Ottawa-ON/APTPUO---Hiver-2027---FLS2521--Section-D00_JR39443
1625,https://uottawa.wd3.myworkdayjobs.com/uOttawa_External_Career_Site/job/Ottawa-ON/APTPUO---Hiver-2027---FLS2522-C00_JR39444
1625,https://uottawa.wd3.myworkdayjobs.com/uOttawa_External_Career_Site/job/Ottawa-ON/APTPUO---Hiver-2027---FLS2601-A_JR39477
1625,https://uottawa.wd3.myworkdayjobs.com/uOttawa_External_Career_Site/job/Ottawa-ON/APTPUO---Hiver-2027---FLS2601-B_JR39479
1625,https://uottawa.wd3.myworkdayjobs.com/uOttawa_External_Career_Site/job/Ottawa-ON/APTPUO---Hiver-2027---FLS2601-MD_JR39496
1625,https://uottawa.wd3.myworkdayjobs.com/uOttawa_External_Career_Site/job/Ottawa-ON/APTPUO---Hiver-2027---FLS2621-A_JR39472
1625,https://uottawa.wd3.myworkdayjobs.com/uOttawa_External_Career_Site/job/Ottawa-ON/APTPUO---Hiver-2027---FLS2751--Section-C00_JR39461
1625,https://uottawa.wd3.myworkdayjobs.com/uOttawa_External_Career_Site/job/Ottawa-ON/APTPUO---Hiver-2027---FLS2751--Section-D00_JR39462
1625,https://uottawa.wd3.myworkdayjobs.com/uOttawa_External_Career_Site/job/Ottawa-ON/APTPUO---Hiver-2027---FLS2761--Section-A00_JR39464-1
1625,https://uottawa.wd3.myworkdayjobs.com/uOttawa_External_Career_Site/job/Ottawa-ON/APTPUO---Hiver-2027---FLS2771--Section-C00_JR39467
1625,https://uottawa.wd3.myworkdayjobs.com/uOttawa_External_Career_Site/job/Ottawa-ON/APTPUO---Hiver-2027---FLS2771--Section-D00_JR39469
1625,https://uottawa.wd3.myworkdayjobs.com/uOttawa_External_Career_Site/job/Ottawa-ON/APTPUO---Hiver-2027---FLS2772--Section-B00_JR39500
1625,https://uottawa.wd3.myworkdayjobs.com/uOttawa_External_Career_Site/job/Ottawa-ON/APTPUO---Hiver-2027---FLS2812-F_JR39498
1625,https://uottawa.wd3.myworkdayjobs.com/uOttawa_External_Career_Site/job/Ottawa-ON/APTPUO---Hiver-2027---FLS3761--Section-A00_JR39505
1625,https://uottawa.wd3.myworkdayjobs.com/uOttawa_External_Career_Site/job/Ottawa-ON/APTPUO---Hiver-2027---FLS3771--Section-B00_JR39507
1625,https://uottawa.wd3.myworkdayjobs.com/uOttawa_External_Career_Site/job/Ottawa-ON/APTPUO---Hiver-2027---FLS3771--Section-C00_JR39508
1625,https://uottawa.wd3.myworkdayjobs.com/uOttawa_External_Career_Site/job/Ottawa-ON/APTPUO---Hiver-2027---FLS3812-A_JR39481
1625,https://uottawa.wd3.myworkdayjobs.com/uOttawa_External_Career_Site/job/Ottawa-ON/APTPUO---Hiver-2027---FLS3812-B_JR39483
1625,https://uottawa.wd3.myworkdayjobs.com/uOttawa_External_Career_Site/job/Ottawa-ON/APTPUO---Hiver-2027---FLS3812-F_JR39499
1625,https://uottawa.wd3.myworkdayjobs.com/uOttawa_External_Career_Site/job/Ottawa-ON/APTPUO---Hiver-2027---FLS3841-A_JR39475
1625,https://uottawa.wd3.myworkdayjobs.com/uOttawa_External_Career_Site/job/Ottawa-ON/APTPUO---Hiver-2027---FLS4012-A_JR39488-1
1625,https://uottawa.wd3.myworkdayjobs.com/uOttawa_External_Career_Site/job/Ottawa-ON/APTPUO---Hiver-2027---FLS4791--Section-A00_JR39510
1625,https://uottawa.wd3.myworkdayjobs.com/uOttawa_External_Career_Site/job/Ottawa-ON/APTPUO---Hiver-2027--FLS1510--Section-C00_JR39411
1625,https://uottawa.wd3.myworkdayjobs.com/uOttawa_External_Career_Site/job/Ottawa-ON/APTPUO---Hiver-2027--FLS1513--Section-C00_JR39418
1625,https://uottawa.wd3.myworkdayjobs.com/uOttawa_External_Career_Site/job/Ottawa-ON/APTPUO---Hiver-2027--FLS2513--Section-B00_JR39428
1625,https://uottawa.wd3.myworkdayjobs.com/uOttawa_External_Career_Site/job/Ottawa-ON/APTPUO---Hiver-2027--FLS2522--Section-D00_JR39445-1
1625,https://uottawa.wd3.myworkdayjobs.com/uOttawa_External_Career_Site/job/Ottawa-ON/APTPUO---Winter--2027---ESL3363--Section-B00_JR39519
1625,https://uottawa.wd3.myworkdayjobs.com/uOttawa_External_Career_Site/job/Ottawa-ON/APTPUO---Winter-2027---ESL-2181-E00-for-ECO-1102_JR39515
1625,https://uottawa.wd3.myworkdayjobs.com/uOttawa_External_Career_Site/job/Ottawa-ON/APTPUO---Winter-2027---ESL-2221--A_JR39473
1625,https://uottawa.wd3.myworkdayjobs.com/uOttawa_External_Career_Site/job/Ottawa-ON/APTPUO---Winter-2027---ESL-3181-A00-for-ADM-2381_JR39518
1625,https://uottawa.wd3.myworkdayjobs.com/uOttawa_External_Career_Site/job/Ottawa-ON/APTPUO---Winter-2027---ESL1210-A_JR39468
1625,https://uottawa.wd3.myworkdayjobs.com/uOttawa_External_Career_Site/job/Ottawa-ON/APTPUO---Winter-2027---ESL1212-A_JR39471
1625,https://uottawa.wd3.myworkdayjobs.com/uOttawa_External_Career_Site/job/Ottawa-ON/APTPUO---Winter-2027---ESL2112--Section-A00_JR39511
1625,https://uottawa.wd3.myworkdayjobs.com/uOttawa_External_Career_Site/job/Ottawa-ON/APTPUO---Winter-2027---ESL2113--Section-A00_JR39512
1625,https://uottawa.wd3.myworkdayjobs.com/uOttawa_External_Career_Site/job/Ottawa-ON/APTPUO---Winter-2027---ESL2121---Section-D00_JR39513
1625,https://uottawa.wd3.myworkdayjobs.com/uOttawa_External_Career_Site/job/Ottawa-ON/APTPUO---Winter-2027---ESL2122--Section-A00_JR39514
1625,https://uottawa.wd3.myworkdayjobs.com/uOttawa_External_Career_Site/job/Ottawa-ON/APTPUO---Winter-2027---ESL2201-A_JR39478
1625,https://uottawa.wd3.myworkdayjobs.com/uOttawa_External_Career_Site/job/Ottawa-ON/APTPUO---Winter-2027---ESL2201-B_JR39480
1625,https://uottawa.wd3.myworkdayjobs.com/uOttawa_External_Career_Site/job/Ottawa-ON/APTPUO---Winter-2027---ESL2361--Section-I00_JR39516
1625,https://uottawa.wd3.myworkdayjobs.com/uOttawa_External_Career_Site/job/Ottawa-ON/APTPUO---Winter-2027---ESL2371--Section-D00_JR39517
1625,https://uottawa.wd3.myworkdayjobs.com/uOttawa_External_Career_Site/job/Ottawa-ON/APTPUO---Winter-2027---ESL3112-A_JR39482
1625,https://uottawa.wd3.myworkdayjobs.com/uOttawa_External_Career_Site/job/Ottawa-ON/APTPUO---Winter-2027---ESL3112-B_JR39484-1
1625,https://uottawa.wd3.myworkdayjobs.com/uOttawa_External_Career_Site/job/Ottawa-ON/APTPUO---Winter-2027---ESL3441-A_JR39476
1625,https://uottawa.wd3.myworkdayjobs.com/uOttawa_External_Career_Site/job/Ottawa-ON/APTPUO---Winter-2027---ESL4011-A_JR39487
1625,https://uottawa.wd3.myworkdayjobs.com/uOttawa_External_Career_Site/job/Ottawa-ON/APTPUO---Winter-2027---ESL4012-A_JR39489
1625,https://uottawa.wd3.myworkdayjobs.com/uOttawa_External_Career_Site/job/Ottawa-ON/APTPUO-Hiver-2027--FLS3773--Section-B00_JR39509
1625,https://uottawa.wd3.myworkdayjobs.com/uOttawa_External_Career_Site/job/Ottawa-ON/Intermediate-Analyst--Application-Support_JR39398
1625,https://uottawa.wd3.myworkdayjobs.com/uOttawa_External_Career_Site/job/Ottawa-ON/Intermediate-Specialist--Industry-Engagement-and-Development_JR39349
1625,https://uottawa.wd3.myworkdayjobs.com/uOttawa_External_Career_Site/job/Ottawa-ON/Manager--Finance_JR39043
1625,https://uottawa.wd3.myworkdayjobs.com/uOttawa_External_Career_Site/job/Ottawa-ON/Product-Manager--Information-Technology_JR39397-1
1625,https://uottawa.wd3.myworkdayjobs.com/uOttawa_External_Career_Site/job/Ottawa-ON/Senior-Coordinator--Advancement_JR39369
1625,https://uottawa.wd3.myworkdayjobs.com/uOttawa_External_Career_Site/job/Ottawa-ON/Senior-Coordinator--Alumni-Relations-and-Community-Partnerships_JR39273
1625,https://uottawa.wd3.myworkdayjobs.com/uOttawa_External_Career_Site/job/Ottawa-ON/Senior-Officer--Administrative-Support_JR39328
1625,https://uottawa.wd3.myworkdayjobs.com/uOttawa_External_Career_Site/job/Ottawa-ON/Supervisor--Alumni-Engagement_JR39366
1625,https://uottawa.wd3.myworkdayjobs.com/uOttawa_External_Career_Site/job/Ottawa-ON/XMLNAME--APTPUO---BMG5111-B---Winter-2027_JR39620
1625,https://uottawa.wd3.myworkdayjobs.com/uOttawa_External_Career_Site/job/Ottawa-ON/CUPE---W2027---TA---PHY4322---Biological-Physics_JR39622
1625,https://uottawa.wd3.myworkdayjobs.com/uOttawa_External_Career_Site/job/Ottawa-ON/APTPUO---BMG5109-D---Winter-2027_JR39617
1625,https://uottawa.wd3.myworkdayjobs.com/uOttawa_External_Career_Site/job/Ottawa-ON/APTPUO---BMG5109-C---Winter-2027_JR39613-1
1625,https://uottawa.wd3.myworkdayjobs.com/uOttawa_External_Career_Site/job/Ottawa-ON/APTPUO---MCG5138-J---Winter-2027_JR39610
1625,https://uottawa.wd3.myworkdayjobs.com/uOttawa_External_Career_Site/job/Ottawa-ON/APTPUO---MCG5138-H---Winter-2027_JR39604
1625,https://uottawa.wd3.myworkdayjobs.com/uOttawa_External_Career_Site/job/Ottawa-ON/APTPUO---MCG5138-F---Winter-2027_JR39600
1625,https://uottawa.wd3.myworkdayjobs.com/uOttawa_External_Career_Site/job/Ottawa-ON/APTPUO---AMM5179---Winter-2027_JR39598
1625,https://uottawa.wd3.myworkdayjobs.com/uOttawa_External_Career_Site/job/Ottawa-ON/APTPUO---AMM5168-A---Winter-2027_JR39578
1625,https://uottawa.wd3.myworkdayjobs.com/uOttawa_External_Career_Site/job/Ottawa-ON/APTPUO---AMM5119-A---Winter-2027_JR39577
1625,https://uottawa.wd3.myworkdayjobs.com/uOttawa_External_Career_Site/job/Ottawa-ON/APTPUO---MCG4150-A---Winter-2027_JR39575
1625,https://uottawa.wd3.myworkdayjobs.com/uOttawa_External_Career_Site/job/Ottawa-ON/APTPUO---MCG-4128-A---Winter-2027_JR39573
1625,https://uottawa.wd3.myworkdayjobs.com/uOttawa_External_Career_Site/job/Ottawa-ON/APTPUO---MCG-3510-A---Hiver-2027_JR39572
1625,https://uottawa.wd3.myworkdayjobs.com/uOttawa_External_Career_Site/job/Ottawa-ON/APTPUO---MCG-3110-B---Winter-2027_JR39569
1625,https://uottawa.wd3.myworkdayjobs.com/uOttawa_External_Career_Site/job/Ottawa-ON/APTPUO---MCG2142-A---Winter-2027_JR39567
1625,https://uottawa.wd3.myworkdayjobs.com/uOttawa_External_Career_Site/job/Ottawa-ON/Cupe--Automne-2026---Correcteur-d-examens---V-Caron_JR39565
1625,https://uottawa.wd3.myworkdayjobs.com/uOttawa_External_Career_Site/job/Ottawa-ON/APTPUO---GNG1105-F---Winter-2027_JR39564
1625,https://uottawa.wd3.myworkdayjobs.com/uOttawa_External_Career_Site/job/Ottawa-ON/Poste-de-professeure-adjointe-ou-de-professeur-adjoint-menant--la-permanence-en-droit-priv--droit-des-obligations-_JR39530
1625,https://uottawa.wd3.myworkdayjobs.com/uOttawa_External_Career_Site/job/Ottawa-ON/Poste-de-professeure-adjointe-ou-de-professeur-adjoint-menant--la-permanence-en-droit-public_JR39528
1625,https://uottawa.wd3.myworkdayjobs.com/uOttawa_External_Career_Site/job/Ottawa-ON/English-language-replacement-professor-position--at-the-rank-of-Assistant-Professor_JR39403
1625,https://uottawa.wd3.myworkdayjobs.com/uOttawa_External_Career_Site/job/Ottawa-ON/Cupe-CORR-W27-MAT-1730c-30h_JR39785
1625,https://uottawa.wd3.myworkdayjobs.com/uOttawa_External_Career_Site/job/Ottawa-ON/Cupe-CORR-W27-MAT-1722-35h_JR39784
1625,https://uottawa.wd3.myworkdayjobs.com/uOttawa_External_Career_Site/job/Ottawa-ON/Cupe-CORR-W27-MAT-1722a-40h_JR39783
1625,https://uottawa.wd3.myworkdayjobs.com/uOttawa_External_Career_Site/job/Ottawa-ON/Cupe-CORR-W27-MAT-1720c-40h_JR39782
1625,https://uottawa.wd3.myworkdayjobs.com/uOttawa_External_Career_Site/job/Ottawa-ON/Cupe-CORR-W27-MAT-1702a-40h_JR39781-1
1625,https://uottawa.wd3.myworkdayjobs.com/uOttawa_External_Career_Site/job/Ottawa-ON/CUPE-W2027-BIO2533-CRS-CORR-86H_JR39780-1
1625,https://uottawa.wd3.myworkdayjobs.com/uOttawa_External_Career_Site/job/Ottawa-ON/Cupe-CORR-W27-MAT-1700b-20h_JR39779
1625,https://uottawa.wd3.myworkdayjobs.com/uOttawa_External_Career_Site/job/Ottawa-ON/Cupe-CORR-W27-MAT-1395a-55h_JR39777
1625,https://uottawa.wd3.myworkdayjobs.com/uOttawa_External_Career_Site/job/Ottawa-ON/CUPE-W2027--BIO2133-LAB-CORR-86H_JR39778
1625,https://uottawa.wd3.myworkdayjobs.com/uOttawa_External_Career_Site/job/Ottawa-ON/CUPE-W2027-BIO2133-LAB-DEM-130H_JR39773
1625,https://uottawa.wd3.myworkdayjobs.com/uOttawa_External_Career_Site/job/Ottawa-ON/Cupe-CORR-W27-MAT-1341e-35h_JR39776
1625,https://uottawa.wd3.myworkdayjobs.com/uOttawa_External_Career_Site/job/Ottawa-ON/Cupe-CORR-W27-MAT-1341-42h_JR39775-1
1625,https://uottawa.wd3.myworkdayjobs.com/uOttawa_External_Career_Site/job/Ottawa-ON/Cupe-CORR-W27-MAT-1341c-55h_JR39774
1625,https://uottawa.wd3.myworkdayjobs.com/uOttawa_External_Career_Site/job/Ottawa-ON/Cupe-CORR-W27-MAT-1339b-30h_JR39772
1625,https://uottawa.wd3.myworkdayjobs.com/uOttawa_External_Career_Site/job/Ottawa-ON/CUPE-W2027-BIO2133-LAB-DEM-65H_JR39768
1625,https://uottawa.wd3.myworkdayjobs.com/uOttawa_External_Career_Site/job/Ottawa-ON/Tenure-track-faculty-position---Public-Policy_JR39609-1
1625,https://uottawa.wd3.myworkdayjobs.com/uOttawa_External_Career_Site/job/Ottawa-ON/Cupe-CORR-W27-MAT-1332e-35h_JR39771
1625,https://uottawa.wd3.myworkdayjobs.com/uOttawa_External_Career_Site/job/Ottawa-ON/Cupe-CORR-W27-MAT-1332-40h_JR39770-1
1625,https://uottawa.wd3.myworkdayjobs.com/uOttawa_External_Career_Site/job/Ottawa-ON/Cupe-CORR-W27-MAT-1330d-30h_JR39769
1625,https://uottawa.wd3.myworkdayjobs.com/uOttawa_External_Career_Site/job/Ottawa-ON/Cupe-CORR-W27-MAT-1322-30h_JR39767
1625,https://uottawa.wd3.myworkdayjobs.com/uOttawa_External_Career_Site/job/Ottawa-ON/Tenure-track-faculty-position---Public-Management_JR39607
1625,https://uottawa.wd3.myworkdayjobs.com/uOttawa_External_Career_Site/job/Ottawa-ON/Cupe-CORR-W27-MAT-1322-35h_JR39766
1625,https://uottawa.wd3.myworkdayjobs.com/uOttawa_External_Career_Site/job/Ottawa-ON/CUPE-W2027--BIO1531-TA-Corr-86H_JR39762
1625,https://uottawa.wd3.myworkdayjobs.com/uOttawa_External_Career_Site/job/Ottawa-ON/Cupe-CORR-W27-MAT-1322-40h_JR39765
1625,https://uottawa.wd3.myworkdayjobs.com/uOttawa_External_Career_Site/job/Ottawa-ON/Cupe-CORR-W27-MAT-1320-40h_JR39764
1625,https://uottawa.wd3.myworkdayjobs.com/uOttawa_External_Career_Site/job/Ottawa-ON/Cupe-CORR-W27-MAT-1302a-30h_JR39763
1625,https://uottawa.wd3.myworkdayjobs.com/uOttawa_External_Career_Site/job/Ottawa-ON/Cupe-CORR-W27-MAT-1300f-30h_JR39761
1625,https://uottawa.wd3.myworkdayjobs.com/uOttawa_External_Career_Site/job/Ottawa-ON/CUPE-W2027-BIO1131-CRS-CORR-86H_JR39756
1625,https://uottawa.wd3.myworkdayjobs.com/uOttawa_External_Career_Site/job/Ottawa-ON/Cupe-TUTOR-W27-MATHELP-130h_JR39759
1625,https://uottawa.wd3.myworkdayjobs.com/uOttawa_External_Career_Site/job/Ottawa-ON/APTPUO---Hiver-2027---EDU-5513---C00-DS00----Langues--minorits-et-inclusion_JR39758
1625,https://uottawa.wd3.myworkdayjobs.com/uOttawa_External_Career_Site/job/Ottawa-ON/Cupe-TA-W27-MAT-2125b-77h_JR39755
1625,https://uottawa.wd3.myworkdayjobs.com/uOttawa_External_Career_Site/job/Ottawa-ON/Cupe-AE-W27-MAT-1762b-85h_JR39754
1625,https://uottawa.wd3.myworkdayjobs.com/uOttawa_External_Career_Site/job/Ottawa-ON/CUPE-W2027-BIO3146-3546-Lab-Dem-130h_JR39753
1625,https://uottawa.wd3.myworkdayjobs.com/uOttawa_External_Career_Site/job/Ottawa-ON/Cupe-AE-W27-MAT-1748b-92h_JR39752
1625,https://uottawa.wd3.myworkdayjobs.com/uOttawa_External_Career_Site/job/Ottawa-ON/Tenure-track-faculty-position---Socialcultural-Anthropology_JR39563
1625,https://uottawa.wd3.myworkdayjobs.com/uOttawa_External_Career_Site/job/Ottawa-ON/CUPE--W2027-BIO3117-CRS-CORR-86H_JR39749
1625,https://uottawa.wd3.myworkdayjobs.com/uOttawa_External_Career_Site/job/Ottawa-ON/APTPUO---Hiver-2027---DCN3700-A00_JR39750
1625,https://uottawa.wd3.myworkdayjobs.com/uOttawa_External_Career_Site/job/Ottawa-ON/CUPE---Winter-2027---TA---GEO2316_JR39746
1625,https://uottawa.wd3.myworkdayjobs.com/uOttawa_External_Career_Site/job/Ottawa-ON/Cupe-AE-W27-MAT-1748a-120h_JR39751
1625,https://uottawa.wd3.myworkdayjobs.com/uOttawa_External_Career_Site/job/Ottawa-ON/CUPE-W2027-BIO3558-LABDEM-65H_JR39747
1625,https://uottawa.wd3.myworkdayjobs.com/uOttawa_External_Career_Site/job/Ottawa-ON/Cupe-AE-W27-MAT-1741d-50h_JR39748-1
1625,https://uottawa.wd3.myworkdayjobs.com/uOttawa_External_Career_Site/job/Ottawa-ON/Cupe-AE-W27-MAT-1741b-50h_JR39744
1625,https://uottawa.wd3.myworkdayjobs.com/uOttawa_External_Career_Site/job/Ottawa-ON/CUPE---Winter-2027---TA---GEO4300-GEO5193_JR39729
1625,https://uottawa.wd3.myworkdayjobs.com/uOttawa_External_Career_Site/job/Ottawa-ON/Cupe-AE-W27-MAT-1739b-50h_JR39743
1625,https://uottawa.wd3.myworkdayjobs.com/uOttawa_External_Career_Site/job/Ottawa-ON/CUPE-W2027--BIO1541-CRS-CORR-86h_JR39742
1625,https://uottawa.wd3.myworkdayjobs.com/uOttawa_External_Career_Site/job/Ottawa-ON/APRPUO--Hiver-2027--DCN2500--A00_JR39741
1625,https://uottawa.wd3.myworkdayjobs.com/uOttawa_External_Career_Site/job/Ottawa-ON/APTPUO---Hiver-2027---DCN1501-B00_JR39699
1625,https://uottawa.wd3.myworkdayjobs.com/uOttawa_External_Career_Site/job/Ottawa-ON/Cupe-AE-W27-MAT-1732b-50h_JR39740
1625,https://uottawa.wd3.myworkdayjobs.com/uOttawa_External_Career_Site/job/Ottawa-ON/Cupe-AE-W27-MAT-1732b-66h_JR39739
1625,https://uottawa.wd3.myworkdayjobs.com/uOttawa_External_Career_Site/job/Ottawa-ON/Cupe-AE-W27-MAT-1730c-50h_JR39738
1625,https://uottawa.wd3.myworkdayjobs.com/uOttawa_External_Career_Site/job/Ottawa-ON/Research-Assistant_JR39736
1625,https://uottawa.wd3.myworkdayjobs.com/uOttawa_External_Career_Site/job/Ottawa-ON/Cupe-AE-W27-MAT-1722d-50h_JR39737
1625,https://uottawa.wd3.myworkdayjobs.com/uOttawa_External_Career_Site/job/Ottawa-ON/Cupe-AE-W27-MAT-1722b-50h_JR39735
1625,https://uottawa.wd3.myworkdayjobs.com/uOttawa_External_Career_Site/job/Ottawa-ON/Cupe-AE-W27-MAT-1722a-50h_JR39734
1625,https://uottawa.wd3.myworkdayjobs.com/uOttawa_External_Career_Site/job/Ottawa-ON/Cupe-AE-W27-MAT-1720c-33h_JR39733
1625,https://uottawa.wd3.myworkdayjobs.com/uOttawa_External_Career_Site/job/Ottawa-ON/Intermediate-Medical-Office-Administrator_JR39571
1625,https://uottawa.wd3.myworkdayjobs.com/uOttawa_External_Career_Site/job/Ottawa-ON/CUPE---Winter-2027---TA---GEO4308-GEO5169_JR39732
1625,https://uottawa.wd3.myworkdayjobs.com/uOttawa_External_Career_Site/job/Ottawa-ON/Cupe-AE-W27-MAT-1720c-50h_JR39731
1625,https://uottawa.wd3.myworkdayjobs.com/uOttawa_External_Career_Site/job/Ottawa-ON/Cupe-AE-W27-MAT-1702a-50h_JR39730
1625,https://uottawa.wd3.myworkdayjobs.com/uOttawa_External_Career_Site/job/Ottawa-ON/Cupe-AE-W27-MAT-_JR39728
1625,https://uottawa.wd3.myworkdayjobs.com/uOttawa_External_Career_Site/job/Ottawa-ON/CUPE---Hiver-2027---TA---GEO3742_JR39727
1625,https://uottawa.wd3.myworkdayjobs.com/uOttawa_External_Career_Site/job/Ottawa-ON/Cupe-TA-W27-MAT-1362d-120h_JR39726-1
1625,https://uottawa.wd3.myworkdayjobs.com/uOttawa_External_Career_Site/job/Ottawa-ON/CUPE---Winter-2027---TA---GEO3342_JR39725
1625,https://uottawa.wd3.myworkdayjobs.com/uOttawa_External_Career_Site/job/Ottawa-ON/Cupe-TA-W27-MAT-1362c-50h_JR39724
1625,https://uottawa.wd3.myworkdayjobs.com/uOttawa_External_Career_Site/job/Ottawa-ON/CUPE---Winter-2027---TA---GEO3167_JR39723
1625,https://uottawa.wd3.myworkdayjobs.com/uOttawa_External_Career_Site/job/Ottawa-ON/Cupe-TA-W27-MAT-1348c-85h_JR39722
1625,https://uottawa.wd3.myworkdayjobs.com/uOttawa_External_Career_Site/job/Ottawa-ON/CUPE---Winter-2027---TA---GEO3164_JR39721
1625,https://uottawa.wd3.myworkdayjobs.com/uOttawa_External_Career_Site/job/Ottawa-ON/CUPE---Winter-2027---TA---GEO2321_JR39719
1625,https://uottawa.wd3.myworkdayjobs.com/uOttawa_External_Career_Site/job/Ottawa-ON/Cupe-TA-W27-MAT-1348b-120h_JR39720
1625,https://uottawa.wd3.myworkdayjobs.com/uOttawa_External_Career_Site/job/Ottawa-ON/CUPE---Winter-2027---TA----GEO2113_JR39718
1625,https://uottawa.wd3.myworkdayjobs.com/uOttawa_External_Career_Site/job/Ottawa-ON/CUPE---Winter-2027---TA---GEO2020_JR39717
1625,https://uottawa.wd3.myworkdayjobs.com/uOttawa_External_Career_Site/job/Ottawa-ON/Tenure-track-faculty-position---Migration--mobility-and-diaspora_JR39562
1625,https://uottawa.wd3.myworkdayjobs.com/uOttawa_External_Career_Site/job/Ottawa-ON/CUPE---Hiver-2027---TA---GEO1701_JR39715
1625,https://uottawa.wd3.myworkdayjobs.com/uOttawa_External_Career_Site/job/Ottawa-ON/CUPE-W2027-BIO2535-CRS-CORR-86H_JR39712
1625,https://uottawa.wd3.myworkdayjobs.com/uOttawa_External_Career_Site/job/Ottawa-ON/CUPE---Hiver-2027---TA---GEO1511_JR39713
1625,https://uottawa.wd3.myworkdayjobs.com/uOttawa_External_Career_Site/job/Ottawa-ON/Cupe-TA-W27-MAT-1348a-120h_JR39711
1625,https://uottawa.wd3.myworkdayjobs.com/uOttawa_External_Career_Site/job/Ottawa-ON/CUPE---Winter-2027---TA---GEO1301_JR39710
1625,https://uottawa.wd3.myworkdayjobs.com/uOttawa_External_Career_Site/job/Ottawa-ON/CUPE---Winter-2027---TA---GEO1111_JR39707-1
1625,https://uottawa.wd3.myworkdayjobs.com/uOttawa_External_Career_Site/job/Ottawa-ON/CUPE-W2027-Bio2535-Lab-Dem-130H_JR39703
1625,https://uottawa.wd3.myworkdayjobs.com/uOttawa_External_Career_Site/job/Ottawa-ON/Cupe-TA-W27-MAT-1341g-50h_JR39708
1625,https://uottawa.wd3.myworkdayjobs.com/uOttawa_External_Career_Site/job/Ottawa-ON/Cupe-TA-W27-MAT-1341e-50h_JR39706
1625,https://uottawa.wd3.myworkdayjobs.com/uOttawa_External_Career_Site/job/Ottawa-ON/CUPE---Hiver-2027---TA---EVS3502_JR39702
1625,https://uottawa.wd3.myworkdayjobs.com/uOttawa_External_Career_Site/job/Ottawa-ON/Cupe-TA-W27-MAT-1341d-50h_JR39704
1625,https://uottawa.wd3.myworkdayjobs.com/uOttawa_External_Career_Site/job/Ottawa-ON/Cupe-TA-W27-MAT-1341c-50h_JR39700
1625,https://uottawa.wd3.myworkdayjobs.com/uOttawa_External_Career_Site/job/Ottawa-ON/CUPE-W2027-Bio2535-Lab-Dem-65H_JR39698
1625,https://uottawa.wd3.myworkdayjobs.com/uOttawa_External_Career_Site/job/Ottawa-ON/CUPE---Hiver-2027---TA---EVS1501_JR39701
1625,https://uottawa.wd3.myworkdayjobs.com/uOttawa_External_Career_Site/job/Ottawa-ON/CUPE-W2027-Bio2135-TA-Lab-Dem-130H_JR39695-1
1625,https://uottawa.wd3.myworkdayjobs.com/uOttawa_External_Career_Site/job/Ottawa-ON/CUPE---Winter-2027---TA---EVS1101_JR39689
1625,https://uottawa.wd3.myworkdayjobs.com/uOttawa_External_Career_Site/job/Ottawa-ON/Cupe-TA-W27-MAT-1339b-50h_JR39696
1625,https://uottawa.wd3.myworkdayjobs.com/uOttawa_External_Career_Site/job/Ottawa-ON/Cupe-TA-W27-MAT-1332e-50h_JR39694
1625,https://uottawa.wd3.myworkdayjobs.com/uOttawa_External_Career_Site/job/Ottawa-ON/CUPE-W2027-Bio2135-Lab-Dem-65h_JR39693
1625,https://uottawa.wd3.myworkdayjobs.com/uOttawa_External_Career_Site/job/Ottawa-ON/Cupe-TA-W27-MAT-1332d-50h_JR39692
1625,https://uottawa.wd3.myworkdayjobs.com/uOttawa_External_Career_Site/job/Ottawa-ON/Cupe-TA-W27-MAT-1332c-50h_JR39691
1625,https://uottawa.wd3.myworkdayjobs.com/uOttawa_External_Career_Site/job/Ottawa-ON/CUPE-W2027--CRS-TA-BIO3760-3360-130h_JR39688
1625,https://uottawa.wd3.myworkdayjobs.com/uOttawa_External_Career_Site/job/Ottawa-ON/Cupe-TA-W27-MAT-1332b-50h_JR39690
1625,https://uottawa.wd3.myworkdayjobs.com/uOttawa_External_Career_Site/job/Ottawa-ON/Cupe-TA-W27-MAT-1330d-50h_JR39686-1
1625,https://uottawa.wd3.myworkdayjobs.com/uOttawa_External_Career_Site/job/Ottawa-ON/CUPE-W2027-TA-LAB-DEM-BIO3760-130h_JR39683
1625,https://uottawa.wd3.myworkdayjobs.com/uOttawa_External_Career_Site/job/Ottawa-ON/Cupe-TA-W27-MAT-1322g-50h_JR39684
1625,https://uottawa.wd3.myworkdayjobs.com/uOttawa_External_Career_Site/job/Ottawa-ON/Cupe-TA-W27-MAT-1322f-50h_JR39682
1625,https://uottawa.wd3.myworkdayjobs.com/uOttawa_External_Career_Site/job/Ottawa-ON/CUPE---S2027---TA---PHY2323---Electricity-and-Magnetism---DGD-and-Correction_JR39671
1625,https://uottawa.wd3.myworkdayjobs.com/uOttawa_External_Career_Site/job/Ottawa-ON/CUPE---S2027---TA---PHY1122---Fundamentals-of-Physics-II---DGD-Tutorial-Grading---Correcting---130h-65h_JR39681
1625,https://uottawa.wd3.myworkdayjobs.com/uOttawa_External_Career_Site/job/Ottawa-ON/Cupe-TA-W27-MAT-1322e-50h_JR39680
1625,https://uottawa.wd3.myworkdayjobs.com/uOttawa_External_Career_Site/job/Ottawa-ON/CUPE---S2027---TA---PHY1321---Principles-of-Physics-I---DGD-Tutorial-Grading---Correcting---130h-65h_JR39679
1625,https://uottawa.wd3.myworkdayjobs.com/uOttawa_External_Career_Site/job/Ottawa-ON/Cupe-TA-W27-MAT-1322c-50h_JR39676
1625,https://uottawa.wd3.myworkdayjobs.com/uOttawa_External_Career_Site/job/Ottawa-ON/CUPE---S2027---TA---PHY1322---Principles-of-Physics-II---DGD-Tutorial-Grading---Correcting---130h-65h_JR39678
1625,https://uottawa.wd3.myworkdayjobs.com/uOttawa_External_Career_Site/job/Ottawa-ON/Open-Educational-Resources-Librarian_JR39574
1625,https://uottawa.wd3.myworkdayjobs.com/uOttawa_External_Career_Site/job/Ottawa-ON/Cupe-TA-W27-MAT-1322b-50h_JR39675
1625,https://uottawa.wd3.myworkdayjobs.com/uOttawa_External_Career_Site/job/Ottawa-ON/Cupe-TA-W27-MAT-1322b-33h_JR39674
1625,https://uottawa.wd3.myworkdayjobs.com/uOttawa_External_Career_Site/job/Ottawa-ON/Cupe-TA-W27-MAT-1322a-50h_JR39673
1625,https://uottawa.wd3.myworkdayjobs.com/uOttawa_External_Career_Site/job/Ottawa-ON/CUPE-W2027--BIO3551-3151-LAB-CORR-86H_JR39672
1625,https://uottawa.wd3.myworkdayjobs.com/uOttawa_External_Career_Site/job/Ottawa-ON/CUPE---Winter2027---TA---LAB-65HR---CHM4354_JR39658-1
1625,https://uottawa.wd3.myworkdayjobs.com/uOttawa_External_Career_Site/job/Ottawa-ON/Cupe-TA-W27-MAT-1320e-50h_JR39670
1625,https://uottawa.wd3.myworkdayjobs.com/uOttawa_External_Career_Site/job/Ottawa-ON/CUPE---S2027---TA---First-Year-Laboratories---Physics---43-hours_JR39669
1625,https://uottawa.wd3.myworkdayjobs.com/uOttawa_External_Career_Site/job/Ottawa-ON/Cupe-TA-W27-MAT-1320d-50h_JR39668
1625,https://uottawa.wd3.myworkdayjobs.com/uOttawa_External_Career_Site/job/Ottawa-ON/CUPE---S2027---TA---First-Year-Laboratories---Physics---87-hours_JR39667
1625,https://uottawa.wd3.myworkdayjobs.com/uOttawa_External_Career_Site/job/Ottawa-ON/CUPE-W2027--BIO3551-LAB-DEM-130H_JR39663
1625,https://uottawa.wd3.myworkdayjobs.com/uOttawa_External_Career_Site/job/Ottawa-ON/CUPE---S2027---TA---PHY1XXX---First-Year-Laboratories_JR39665
1625,https://uottawa.wd3.myworkdayjobs.com/uOttawa_External_Career_Site/job/Ottawa-ON/Cupe-TA-W27-MAT-1302a-50h_JR39664
1625,https://uottawa.wd3.myworkdayjobs.com/uOttawa_External_Career_Site/job/Ottawa-ON/Cupe-TA-W27-MAT-1300f-50h_JR39662
1625,https://uottawa.wd3.myworkdayjobs.com/uOttawa_External_Career_Site/job/Ottawa-ON/CUPE-W2027-BIO3151-LAB-DEM-130H_JR39661
1625,https://uottawa.wd3.myworkdayjobs.com/uOttawa_External_Career_Site/job/Ottawa-ON/CUPE---Winter2027---TA---LAB-65HR---CHM4754_JR39660
1625,https://uottawa.wd3.myworkdayjobs.com/uOttawa_External_Career_Site/job/Smyth-Alta-Vista-General-Hospital-CHEO-Campuses/Veterinary-Technician--Animal-Care_JR39430
1625,https://uottawa.wd3.myworkdayjobs.com/uOttawa_External_Career_Site/job/Ottawa-ON/CUPE---Winter2027---TA---LAB-130HR---CHM3373_JR39657-1
1625,https://uottawa.wd3.myworkdayjobs.com/uOttawa_External_Career_Site/job/Ottawa-ON/CUPE---Winter2027---TA---LAB-130HR---CHM3526_JR39656
1625,https://uottawa.wd3.myworkdayjobs.com/uOttawa_External_Career_Site/job/Ottawa-ON/CUPE---Winter2027---TA---LAB-130HR---CHM3126_JR39655
1625,https://uottawa.wd3.myworkdayjobs.com/uOttawa_External_Career_Site/job/Ottawa-ON/CUPE---Winter2027---TA---LAB-65HR---CHM2754_JR39654
1625,https://uottawa.wd3.myworkdayjobs.com/uOttawa_External_Career_Site/job/Ottawa-ON/CUPE---Winter2027---TA---LAB-65HR---CHM2730_JR39653
1625,https://uottawa.wd3.myworkdayjobs.com/uOttawa_External_Career_Site/job/Ottawa-ON/CUPE---Winter2027---TA---LAB-65HR---CHM2354_JR39652
1625,https://uottawa.wd3.myworkdayjobs.com/uOttawa_External_Career_Site/job/Ottawa-ON/CUPE---Winter2027---DGD-65H---CHM2354_JR39651
1625,https://uottawa.wd3.myworkdayjobs.com/uOttawa_External_Career_Site/job/Ottawa-ON/CUPE---Winter2027---TA---LAB-65HR---CHM2330_JR39650-1
1625,https://uottawa.wd3.myworkdayjobs.com/uOttawa_External_Career_Site/job/Ottawa-ON/CUPE---Winter2027---Corrector---CHM2330_JR39649
1625,https://uottawa.wd3.myworkdayjobs.com/uOttawa_External_Career_Site/job/Ottawa-ON/CUPE-Winter2027---TA-65H---CHM2330_JR39648
1625,https://uottawa.wd3.myworkdayjobs.com/uOttawa_External_Career_Site/job/Ottawa-ON/CUPE---Winter2027---TA-65HR---CHM2311_JR39647
1625,https://uottawa.wd3.myworkdayjobs.com/uOttawa_External_Career_Site/job/Ottawa-ON/CUPE---Winter2027---TA---TUT-LAB-65HR---CHM1721_JR39646
1625,https://uottawa.wd3.myworkdayjobs.com/uOttawa_External_Career_Site/job/Ottawa-ON/CUPE---Winter2027---TA---LAB-150HR---CHM1721_JR39645
1625,https://uottawa.wd3.myworkdayjobs.com/uOttawa_External_Career_Site/job/Ottawa-ON/CUPE---Winter2027---TA---LAB-75HR---CHM1721_JR39644
1625,https://uottawa.wd3.myworkdayjobs.com/uOttawa_External_Career_Site/job/Ottawa-ON/CUPE---Winter2026---CORRECTOR-80HR---CHM1721B_JR39643
1625,https://uottawa.wd3.myworkdayjobs.com/uOttawa_External_Career_Site/job/Ottawa-ON/CUPE---Winter2027---TA---DGD-65HR---CHM1721B_JR39642
1625,https://uottawa.wd3.myworkdayjobs.com/uOttawa_External_Career_Site/job/Ottawa-ON/CUPE---Winter2027---CORRECTOR-80HR---CHM1721A_JR39641
1625,https://uottawa.wd3.myworkdayjobs.com/uOttawa_External_Career_Site/job/Ottawa-ON/CUPE---Winter2027---TA---DGD-65HR---CHM1721A_JR39640
1625,https://uottawa.wd3.myworkdayjobs.com/uOttawa_External_Career_Site/job/Ottawa-ON/CUPE---Winter2027---TA---TUT-LAB-65HR---CHM1321_JR39639
1625,https://uottawa.wd3.myworkdayjobs.com/uOttawa_External_Career_Site/job/Ottawa-ON/CUPE---Winter2027---TA---LAB-150HR---CHM1321_JR39638-1
1625,https://uottawa.wd3.myworkdayjobs.com/uOttawa_External_Career_Site/job/Ottawa-ON/CUPE---Winter20276---TA---LAB-75HR---CHM1321_JR39637
1625,https://uottawa.wd3.myworkdayjobs.com/uOttawa_External_Career_Site/job/Ottawa-ON/CUPE---TA---Winter2027---CORRECTOR-80HR---CHM1321D_JR39636
1625,https://uottawa.wd3.myworkdayjobs.com/uOttawa_External_Career_Site/job/Ottawa-ON/CUPE---Winter2027---TA---DGD-65HR---CHM1321D_JR39635
1625,https://uottawa.wd3.myworkdayjobs.com/uOttawa_External_Career_Site/job/Ottawa-ON/CUPE---TA---Winter2027---CORRECTOR-80HR---CHM1321C_JR39634
1625,https://uottawa.wd3.myworkdayjobs.com/uOttawa_External_Career_Site/job/Ottawa-ON/CUPE---Winter2027---TA---DGD-65HR---CHM1321C_JR39633
1625,https://uottawa.wd3.myworkdayjobs.com/uOttawa_External_Career_Site/job/Ottawa-ON/CUPE---Winter2027---TA---CORRECTOR-80HR---CHM1321B_JR39632
1625,https://uottawa.wd3.myworkdayjobs.com/uOttawa_External_Career_Site/job/Ottawa-ON/CUPE---Winter2027---TA---DGD-65HR---CHM1321B_JR39631
1625,https://uottawa.wd3.myworkdayjobs.com/uOttawa_External_Career_Site/job/Ottawa-ON/CUPE---Winter2027---TA---CORRECTOR-80HR---CHM1321A_JR39630
1625,https://uottawa.wd3.myworkdayjobs.com/uOttawa_External_Career_Site/job/Ottawa-ON/CUPE---Winter2027---TA---DGD-65HR---CHM1321A_JR39629
1625,https://uottawa.wd3.myworkdayjobs.com/uOttawa_External_Career_Site/job/Ottawa-ON/CUPE---Winter2027---RA---CHM-NMR_JR39628-1
1625,https://uottawa.wd3.myworkdayjobs.com/uOttawa_External_Career_Site/job/Ottawa-ON/CUPE---Winter2027---TA-LAB-65H---CHMXXXX_JR39627
1625,https://uottawa.wd3.myworkdayjobs.com/uOttawa_External_Career_Site/job/Ottawa-ON/CUPE---Winter2027---Tutor-CHMHC_JR39626
1625,https://uottawa.wd3.myworkdayjobs.com/uOttawa_External_Career_Site/job/Ottawa-ON/CUPE---Winter2027---Tutor-CHMHC_JR39625
1625,https://uottawa.wd3.myworkdayjobs.com/uOttawa_External_Career_Site/job/Ottawa-ON/CUPE---Winter-2027---Proctor-SCIXXXX_JR39624-1
1625,https://uottawa.wd3.myworkdayjobs.com/uOttawa_External_Career_Site/job/Ottawa-ON/Academic-Assistant_JR39549
1625,https://uottawa.wd3.myworkdayjobs.com/uOttawa_External_Career_Site/job/Ottawa-ON/Administrative-Assistant_JR39548
1625,https://uottawa.wd3.myworkdayjobs.com/uOttawa_External_Career_Site/job/Ottawa-ON/CUPE----H2027---PHY2761---Physique-moderne---Laboratoire--CUPE---W2027---PHY2361-Modern-Physics---Laboratory_JR39603
1625,https://uottawa.wd3.myworkdayjobs.com/uOttawa_External_Career_Site/job/Ottawa-ON/CUPE---H2027---AE---PHY1512---Introduction--la-physique-numrique_JR39576
1625,https://uottawa.wd3.myworkdayjobs.com/uOttawa_External_Career_Site/job/Ottawa-ON/CUPE---H2027---PHY2504---Laboratoire---Introduction--la-thorie-aux-circuits-lectroniques----CUPE---W2027---PHY2104----Laboratory---Introduction-to-Circuits-Theory-Electronics_JR39601
1625,https://uottawa.wd3.myworkdayjobs.com/uOttawa_External_Career_Site/job/Ottawa-ON/CUPE---H2027---PHY3904---Laboratoire-de-physique-et-de-physique-applique-II----CUPE---W2027---PHY3904---Physics-and-Applied-Physics-Laboratory-II_JR39606
1625,https://uottawa.wd3.myworkdayjobs.com/uOttawa_External_Career_Site/job/Ottawa-ON/CUPE---W2027----TA---PHY1XXX---First-Year-Laboratories_JR39579
1625,https://uottawa.wd3.myworkdayjobs.com/uOttawa_External_Career_Site/job/Ottawa-ON/CUPE---W2027---PHY2104---Introduction-to-Circuits-Theory-Electronics_JR39587
1625,https://uottawa.wd3.myworkdayjobs.com/uOttawa_External_Career_Site/job/Ottawa-ON/CUPE---W2027---PHY3320---Electromagnetic-Theory_JR39608
1625,https://uottawa.wd3.myworkdayjobs.com/uOttawa_External_Career_Site/job/Ottawa-ON/CUPE---W2027---PHY3355---Statistical-Thermodynamics_JR39612
1625,https://uottawa.wd3.myworkdayjobs.com/uOttawa_External_Career_Site/job/Ottawa-ON/CUPE---W2027---TA---PHY1112---Introduction-to-Computational-Physics_JR39570
1625,https://uottawa.wd3.myworkdayjobs.com/uOttawa_External_Career_Site/job/Ottawa-ON/CUPE---W2027---TA---PHY1122A---Fundamentals-of-Physics-for-Engineers---DGD-Tutorial-Grading---Correcting---130h-65h_JR39557
1625,https://uottawa.wd3.myworkdayjobs.com/uOttawa_External_Career_Site/job/Ottawa-ON/CUPE---W2027---TA---PHY1124---Fundamentals-of-Physics-II---In-Class-Demonstrations_JR39556
1625,https://uottawa.wd3.myworkdayjobs.com/uOttawa_External_Career_Site/job/Ottawa-ON/CUPE---W2027---TA---PHY1124---Fundamentals-of-Physics-for-Engineers---DGD-Tutorial-Grading---Correcting---130h_JR39532
1625,https://uottawa.wd3.myworkdayjobs.com/uOttawa_External_Career_Site/job/Ottawa-ON/CUPE---W2027---TA---PHY1124---Fundamentals-of-Physics-for-Engineers---In-Class-Demonstrations_JR39553
1625,https://uottawa.wd3.myworkdayjobs.com/uOttawa_External_Career_Site/job/Ottawa-ON/CUPE---W2027---TA---PHY1322---Principles-of-Physics-II---DGD-Tutorial-Grading---Correcting---130h-65h_JR39558
1625,https://uottawa.wd3.myworkdayjobs.com/uOttawa_External_Career_Site/job/Ottawa-ON/CUPE---W2027---TA---PHY2323---Electricity-and-Magnetism---DGD-and-Correction---130h-65h_JR39588
1625,https://uottawa.wd3.myworkdayjobs.com/uOttawa_External_Career_Site/job/Ottawa-ON/CUPE---W2027---TA---PHY2325---Physics-in-Biology_JR39591
1625,https://uottawa.wd3.myworkdayjobs.com/uOttawa_External_Career_Site/job/Ottawa-ON/CUPE---W2027---TA---PHY2361---Modern-Physics_JR39590
1625,https://uottawa.wd3.myworkdayjobs.com/uOttawa_External_Career_Site/job/Ottawa-ON/CUPE---W2027---TA---PHY2390---Astronomy_JR39593
1625,https://uottawa.wd3.myworkdayjobs.com/uOttawa_External_Career_Site/job/Ottawa-ON/CUPE---W2027---TA---PHY4140---Computational-Physics_JR39618
1625,https://uottawa.wd3.myworkdayjobs.com/uOttawa_External_Career_Site/job/Ottawa-ON/CUPE---W2027---TA---PHY4346---General-Relativity_JR39621
1625,https://uottawa.wd3.myworkdayjobs.com/uOttawa_External_Career_Site/job/Ottawa-ON/CUPE---W2027---TA---PHY4370---Quantum-Mechanics-I_JR39619
1625,https://uottawa.wd3.myworkdayjobs.com/uOttawa_External_Career_Site/job/Ottawa-ON/CUPE---W2027---TA---PHY4375---Atomic--Molecular-and-Optical-Physics_JR39623-1
1625,https://uottawa.wd3.myworkdayjobs.com/uOttawa_External_Career_Site/job/Ottawa-ON/CUPE--W2027-BIO2135--Crs-Corr-86H_JR39592
1625,https://uottawa.wd3.myworkdayjobs.com/uOttawa_External_Career_Site/job/Ottawa-ON/CUPE-F2026-BIO1550-TA-LAB-DEM-65H_JR39377
1625,https://uottawa.wd3.myworkdayjobs.com/uOttawa_External_Career_Site/job/Ottawa-ON/CUPE-W2026-BIO-3102-CRS-CORR-86H_JR39554-1
1625,https://uottawa.wd3.myworkdayjobs.com/uOttawa_External_Career_Site/job/Ottawa-ON/CUPE-W2026-BIO3750-CRS-CORR-86H_JR39356
1625,https://uottawa.wd3.myworkdayjobs.com/uOttawa_External_Career_Site/job/Ottawa-ON/CUPE-W2026-LAB-TA-BIM4316-130h_JR39582
1625,https://uottawa.wd3.myworkdayjobs.com/uOttawa_External_Career_Site/job/Ottawa-ON/CUPE-W2027--BIO-BIM4009-TA-Coord-65h_JR39364
1625,https://uottawa.wd3.myworkdayjobs.com/uOttawa_External_Career_Site/job/Ottawa-ON/CUPE-W2027--BIO4158-BIO-5158--LAB-DEM-130h_JR39533
1625,https://uottawa.wd3.myworkdayjobs.com/uOttawa_External_Career_Site/job/Ottawa-ON/CUPE-W2027-BIO-4120-TA-CRS-65H_JR39580
1625,https://uottawa.wd3.myworkdayjobs.com/uOttawa_External_Career_Site/job/Ottawa-ON/CUPE-W2027-BIO1141-CRS-CORR-86H_JR39545
1625,https://uottawa.wd3.myworkdayjobs.com/uOttawa_External_Career_Site/job/Ottawa-ON/CUPE-W2027-BIO1150-TA-LAB-DEM-130H_JR39371
1625,https://uottawa.wd3.myworkdayjobs.com/uOttawa_External_Career_Site/job/Ottawa-ON/CUPE-W2027-BIO1150-TA-LAB-DEM-65H_JR39374
1625,https://uottawa.wd3.myworkdayjobs.com/uOttawa_External_Career_Site/job/Ottawa-ON/CUPE-W2027-BIO1150-TA-Lab-Corr-86-H_JR39375-1
1625,https://uottawa.wd3.myworkdayjobs.com/uOttawa_External_Career_Site/job/Ottawa-ON/CUPE-W2027-BIO1300-TA-CRS-65H_JR39586
1625,https://uottawa.wd3.myworkdayjobs.com/uOttawa_External_Career_Site/job/Ottawa-ON/CUPE-W2027-BIO1550--TA-LAB-DEM-130h_JR39378
1625,https://uottawa.wd3.myworkdayjobs.com/uOttawa_External_Career_Site/job/Ottawa-ON/CUPE-W2027-BIO1550-LAB-CORR-86h_JR39376
1625,https://uottawa.wd3.myworkdayjobs.com/uOttawa_External_Career_Site/job/Ottawa-ON/CUPE-W2027-BIO1x41--BIO2133-CRS-TA---Exam-hand-back--65h_JR39543-1
1625,https://uottawa.wd3.myworkdayjobs.com/uOttawa_External_Career_Site/job/Ottawa-ON/CUPE-W2027-BIO2133-CRS-CORR-86H_JR39546
1625,https://uottawa.wd3.myworkdayjobs.com/uOttawa_External_Career_Site/job/Ottawa-ON/CUPE-W2027-BIO3303-CRS-CORR-86H_JR39602
1625,https://uottawa.wd3.myworkdayjobs.com/uOttawa_External_Career_Site/job/Ottawa-ON/CUPE-W2027-BIO3303-CRS-TA-65H_JR39611
1625,https://uottawa.wd3.myworkdayjobs.com/uOttawa_External_Career_Site/job/Ottawa-ON/CUPE-W2027-BIO3303-TA-CRS-65H_JR39615
1625,https://uottawa.wd3.myworkdayjobs.com/uOttawa_External_Career_Site/job/Ottawa-ON/CUPE-W2027-BIO3350--TA-CRS-65H_JR39355
1625,https://uottawa.wd3.myworkdayjobs.com/uOttawa_External_Career_Site/job/Ottawa-ON/CUPE-W2027-BIO4175--TA-CRS-65H_JR39350
1625,https://uottawa.wd3.myworkdayjobs.com/uOttawa_External_Career_Site/job/Ottawa-ON/CUPE-W2027-Bio3576-CRS-CORR-86H_JR39362-1
1625,https://uottawa.wd3.myworkdayjobs.com/uOttawa_External_Career_Site/job/Ottawa-ON/CUPE-W2027-CRS-CORR-Bio-Bim-4921-86h_JR39342
1625,https://uottawa.wd3.myworkdayjobs.com/uOttawa_External_Career_Site/job/Ottawa-ON/CUPE-W2027-TA-CRS-BIO4127-65h_JR39540
1625,https://uottawa.wd3.myworkdayjobs.com/uOttawa_External_Career_Site/job/Ottawa-ON/CUPE-W2027-TA-LAB-DEM-BIO3710-65h_JR39552
1625,https://uottawa.wd3.myworkdayjobs.com/uOttawa_External_Career_Site/job/Ottawa-ON/Electrotechnician_JR38925
1625,https://uottawa.wd3.myworkdayjobs.com/uOttawa_External_Career_Site/job/Ottawa-ON/Intermediate-Specialist--Academic-Advising_JR39329
1625,https://uottawa.wd3.myworkdayjobs.com/uOttawa_External_Career_Site/job/Ottawa-ON/SCFP---H2027---AE---PHY1122---Principes-fondamentaux-de-physique-II---DGD---Correction-et-notation---130-h---65-h_JR39581-1
1625,https://uottawa.wd3.myworkdayjobs.com/uOttawa_External_Career_Site/job/Ottawa-ON/SCFP---H2027---AE---PHY1524---Principes-de-physique-pour-ingnieurs---DGD---Correction-et-notation---130-h---65-h_JR39583
1625,https://uottawa.wd3.myworkdayjobs.com/uOttawa_External_Career_Site/job/Ottawa-ON/SCFP---H2027---AE---PHY1722---Principes-de-physique-II---DGD---Correction-et-notation---130-h---65-h_JR39584
1625,https://uottawa.wd3.myworkdayjobs.com/uOttawa_External_Career_Site/job/Ottawa-ON/SCFP---H2027---AE---PHY1XXX---Laboratoires-de-premire-anne_JR39585
1625,https://uottawa.wd3.myworkdayjobs.com/uOttawa_External_Career_Site/job/Ottawa-ON/SCFP---H2027---AE---PHY2723---lectricit-et-magntisme---130-h---65-h_JR39594
1625,https://uottawa.wd3.myworkdayjobs.com/uOttawa_External_Career_Site/job/Ottawa-ON/SCFP---H2027---AE---PHY2725---Biologie-et-la-physique---130-h---65-h_JR39596
1625,https://uottawa.wd3.myworkdayjobs.com/uOttawa_External_Career_Site/job/Ottawa-ON/SCFP---H2027---AE---PHY2761---Physique-moderne_JR39597
1625,https://uottawa.wd3.myworkdayjobs.com/uOttawa_External_Career_Site/job/Ottawa-ON/SCFP---H2027---AE---PHY2790---Astronomie_JR39599
1625,https://uottawa.wd3.myworkdayjobs.com/uOttawa_External_Career_Site/job/Ottawa-ON/SCFP---H2027---AE---PHY3720---Thorie-lectromagtique_JR39614
1625,https://uottawa.wd3.myworkdayjobs.com/uOttawa_External_Career_Site/job/Ottawa-ON/SCFP---H2027---AE---PHY3755---Thermodynamique-statistique_JR39616
1625,https://uottawa.wd3.myworkdayjobs.com/uOttawa_External_Career_Site/job/Ottawa-ON/Senior-Coordinator--Academic-Administration_JR39337
1625,https://uottawa.wd3.myworkdayjobs.com/uOttawa_External_Career_Site/job/Ottawa-ON/Senior-Officer--Academic-Administration_JR39486-1
1625,https://uottawa.wd3.myworkdayjobs.com/uOttawa_External_Career_Site/job/Ottawa-ON/Senior-Psychotherapist--Varsity-Mental-Health-and-Performance_JR38860
